PlanKey,PlanID,IssuerKey,StateKey,MarketSegment,PlanType,PlanOfferingType,MetalLevel,SourceSheet,SourceExcelRow,SourceFileName,SourceFileSHA256
1,10046HI0020003,1,7,Individual,PPO,SADP,High,Transparency 2026 - Ind SADP,4,Transparency_in_Coverage_PUF.xlsx,27379dc76590027b0e6d21d736331f87376f0ac87810d68e9f7cca555eef4b1f
2,10046HI0020006,1,7,Individual,PPO,SADP,Low,Transparency 2026 - Ind SADP,5,Transparency_in_Coverage_PUF.xlsx,27379dc76590027b0e6d21d736331f87376f0ac87810d68e9f7cca555eef4b1f
3,10046HI0020007,1,7,Individual,PPO,SADP,High,Transparency 2026 - Ind SADP,6,Transparency_in_Coverage_PUF.xlsx,27379dc76590027b0e6d21d736331f87376f0ac87810d68e9f7cca555eef4b1f
4,10046HI0020008,1,7,Individual,PPO,SADP,Low,Transparency 2026 - Ind SADP,7,Transparency_in_Coverage_PUF.xlsx,27379dc76590027b0e6d21d736331f87376f0ac87810d68e9f7cca555eef4b1f
5,10091OR0720001,2,22,Individual,PPO,SADP,High,Transparency 2026 - Ind SADP,8,Transparency_in_Coverage_PUF.xlsx,27379dc76590027b0e6d21d736331f87376f0ac87810d68e9f7cca555eef4b1f
6,10091OR0720002,2,22,Individual,PPO,SADP,High,Transparency 2026 - Ind SADP,9,Transparency_in_Coverage_PUF.xlsx,27379dc76590027b0e6d21d736331f87376f0ac87810d68e9f7cca555eef4b1f
7,10091OR0720004,2,22,Individual,PPO,SADP,High,Transparency 2026 - Ind SADP,10,Transparency_in_Coverage_PUF.xlsx,27379dc76590027b0e6d21d736331f87376f0ac87810d68e9f7cca555eef4b1f
8,10091OR0770001,2,22,Individual,EPO,QHP,Bronze,Transparency 2026 - Ind QHP,4,Transparency_in_Coverage_PUF.xlsx,27379dc76590027b0e6d21d736331f87376f0ac87810d68e9f7cca555eef4b1f
9,10091OR0770002,2,22,Individual,EPO,QHP,Bronze,Transparency 2026 - Ind QHP,5,Transparency_in_Coverage_PUF.xlsx,27379dc76590027b0e6d21d736331f87376f0ac87810d68e9f7cca555eef4b1f
10,10091OR0770003,2,22,Individual,EPO,QHP,Bronze,Transparency 2026 - Ind QHP,6,Transparency_in_Coverage_PUF.xlsx,27379dc76590027b0e6d21d736331f87376f0ac87810d68e9f7cca555eef4b1f
11,10091OR0770004,2,22,Individual,EPO,QHP,Silver,Transparency 2026 - Ind QHP,7,Transparency_in_Coverage_PUF.xlsx,27379dc76590027b0e6d21d736331f87376f0ac87810d68e9f7cca555eef4b1f
12,10091OR0770005,2,22,Individual,EPO,QHP,Silver,Transparency 2026 - Ind QHP,8,Transparency_in_Coverage_PUF.xlsx,27379dc76590027b0e6d21d736331f87376f0ac87810d68e9f7cca555eef4b1f
13,10091OR0770006,2,22,Individual,EPO,QHP,Silver,Transparency 2026 - Ind QHP,9,Transparency_in_Coverage_PUF.xlsx,27379dc76590027b0e6d21d736331f87376f0ac87810d68e9f7cca555eef4b1f
14,10091OR0770007,2,22,Individual,EPO,QHP,Gold,Transparency 2026 - Ind QHP,10,Transparency_in_Coverage_PUF.xlsx,27379dc76590027b0e6d21d736331f87376f0ac87810d68e9f7cca555eef4b1f
15,10091OR0780001,2,22,Individual,EPO,QHP,Gold,Transparency 2026 - Ind QHP,11,Transparency_in_Coverage_PUF.xlsx,27379dc76590027b0e6d21d736331f87376f0ac87810d68e9f7cca555eef4b1f
16,10091OR0780002,2,22,Individual,EPO,QHP,Gold,Transparency 2026 - Ind QHP,12,Transparency_in_Coverage_PUF.xlsx,27379dc76590027b0e6d21d736331f87376f0ac87810d68e9f7cca555eef4b1f
17,11269WY0070004,3,30,Individual,PPO,QHP,Bronze,Transparency 2026 - Ind QHP,13,Transparency_in_Coverage_PUF.xlsx,27379dc76590027b0e6d21d736331f87376f0ac87810d68e9f7cca555eef4b1f
18,11269WY0070013,3,30,Individual,PPO,QHP,Gold,Transparency 2026 - Ind QHP,14,Transparency_in_Coverage_PUF.xlsx,27379dc76590027b0e6d21d736331f87376f0ac87810d68e9f7cca555eef4b1f
19,11269WY0070014,3,30,Individual,PPO,QHP,Silver,Transparency 2026 - Ind QHP,15,Transparency_in_Coverage_PUF.xlsx,27379dc76590027b0e6d21d736331f87376f0ac87810d68e9f7cca555eef4b1f
20,11269WY0070016,3,30,Individual,PPO,QHP,Silver,Transparency 2026 - Ind QHP,16,Transparency_in_Coverage_PUF.xlsx,27379dc76590027b0e6d21d736331f87376f0ac87810d68e9f7cca555eef4b1f
21,11269WY0070025,3,30,Individual,PPO,QHP,Gold,Transparency 2026 - Ind QHP,17,Transparency_in_Coverage_PUF.xlsx,27379dc76590027b0e6d21d736331f87376f0ac87810d68e9f7cca555eef4b1f
22,11269WY0070026,3,30,Individual,PPO,QHP,Bronze,Transparency 2026 - Ind QHP,18,Transparency_in_Coverage_PUF.xlsx,27379dc76590027b0e6d21d736331f87376f0ac87810d68e9f7cca555eef4b1f
23,11269WY0170016,3,30,Individual,PPO,QHP,Silver,Transparency 2026 - Ind QHP,19,Transparency_in_Coverage_PUF.xlsx,27379dc76590027b0e6d21d736331f87376f0ac87810d68e9f7cca555eef4b1f
24,11269WY0170017,3,30,Individual,PPO,QHP,Gold,Transparency 2026 - Ind QHP,20,Transparency_in_Coverage_PUF.xlsx,27379dc76590027b0e6d21d736331f87376f0ac87810d68e9f7cca555eef4b1f
25,11269WY0170018,3,30,Individual,PPO,QHP,Silver,Transparency 2026 - Ind QHP,21,Transparency_in_Coverage_PUF.xlsx,27379dc76590027b0e6d21d736331f87376f0ac87810d68e9f7cca555eef4b1f
26,11269WY0170020,3,30,Individual,PPO,QHP,Bronze,Transparency 2026 - Ind QHP,22,Transparency_in_Coverage_PUF.xlsx,27379dc76590027b0e6d21d736331f87376f0ac87810d68e9f7cca555eef4b1f
27,11269WY0170021,3,30,Individual,PPO,QHP,Silver,Transparency 2026 - Ind QHP,23,Transparency_in_Coverage_PUF.xlsx,27379dc76590027b0e6d21d736331f87376f0ac87810d68e9f7cca555eef4b1f
28,11324MS0020003,4,14,Individual,PPO,SADP,High,Transparency 2026 - Ind SADP,11,Transparency_in_Coverage_PUF.xlsx,27379dc76590027b0e6d21d736331f87376f0ac87810d68e9f7cca555eef4b1f
29,11324MS0020006,4,14,Individual,PPO,SADP,Low,Transparency 2026 - Ind SADP,12,Transparency_in_Coverage_PUF.xlsx,27379dc76590027b0e6d21d736331f87376f0ac87810d68e9f7cca555eef4b1f
30,11324MS0020007,4,14,Individual,PPO,SADP,High,Transparency 2026 - Ind SADP,13,Transparency_in_Coverage_PUF.xlsx,27379dc76590027b0e6d21d736331f87376f0ac87810d68e9f7cca555eef4b1f
31,11324MS0020008,4,14,Individual,PPO,SADP,Low,Transparency 2026 - Ind SADP,14,Transparency_in_Coverage_PUF.xlsx,27379dc76590027b0e6d21d736331f87376f0ac87810d68e9f7cca555eef4b1f
32,11339KS0010007,5,10,Individual,PPO,SADP,Low,Transparency 2026 - Ind SADP,15,Transparency_in_Coverage_PUF.xlsx,27379dc76590027b0e6d21d736331f87376f0ac87810d68e9f7cca555eef4b1f
33,11339KS0010008,5,10,Individual,PPO,SADP,High,Transparency 2026 - Ind SADP,16,Transparency_in_Coverage_PUF.xlsx,27379dc76590027b0e6d21d736331f87376f0ac87810d68e9f7cca555eef4b1f
34,11512NC0060002,6,16,Individual,PPO,QHP,Silver,Transparency 2026 - Ind QHP,24,Transparency_in_Coverage_PUF.xlsx,27379dc76590027b0e6d21d736331f87376f0ac87810d68e9f7cca555eef4b1f
35,11512NC0060004,6,16,Individual,PPO,QHP,Bronze,Transparency 2026 - Ind QHP,25,Transparency_in_Coverage_PUF.xlsx,27379dc76590027b0e6d21d736331f87376f0ac87810d68e9f7cca555eef4b1f
36,11512NC0060018,6,16,Individual,PPO,QHP,Gold,Transparency 2026 - Ind QHP,26,Transparency_in_Coverage_PUF.xlsx,27379dc76590027b0e6d21d736331f87376f0ac87810d68e9f7cca555eef4b1f
37,11512NC0060028,6,16,Individual,PPO,QHP,Silver,Transparency 2026 - Ind QHP,27,Transparency_in_Coverage_PUF.xlsx,27379dc76590027b0e6d21d736331f87376f0ac87810d68e9f7cca555eef4b1f
38,11512NC0060031,6,16,Individual,PPO,QHP,Bronze,Transparency 2026 - Ind QHP,28,Transparency_in_Coverage_PUF.xlsx,27379dc76590027b0e6d21d736331f87376f0ac87810d68e9f7cca555eef4b1f
39,11512NC0060050,6,16,Individual,PPO,QHP,Gold,Transparency 2026 - Ind QHP,29,Transparency_in_Coverage_PUF.xlsx,27379dc76590027b0e6d21d736331f87376f0ac87810d68e9f7cca555eef4b1f
40,11512NC0060051,6,16,Individual,PPO,QHP,Silver,Transparency 2026 - Ind QHP,30,Transparency_in_Coverage_PUF.xlsx,27379dc76590027b0e6d21d736331f87376f0ac87810d68e9f7cca555eef4b1f
41,11512NC0060052,6,16,Individual,PPO,QHP,Bronze,Transparency 2026 - Ind QHP,31,Transparency_in_Coverage_PUF.xlsx,27379dc76590027b0e6d21d736331f87376f0ac87810d68e9f7cca555eef4b1f
42,11512NC0060059,6,16,Individual,PPO,QHP,Bronze,Transparency 2026 - Ind QHP,32,Transparency_in_Coverage_PUF.xlsx,27379dc76590027b0e6d21d736331f87376f0ac87810d68e9f7cca555eef4b1f
43,11512NC0100009,6,16,Individual,POS,QHP,Gold,Transparency 2026 - Ind QHP,33,Transparency_in_Coverage_PUF.xlsx,27379dc76590027b0e6d21d736331f87376f0ac87810d68e9f7cca555eef4b1f
44,11512NC0100011,6,16,Individual,POS,QHP,Silver,Transparency 2026 - Ind QHP,34,Transparency_in_Coverage_PUF.xlsx,27379dc76590027b0e6d21d736331f87376f0ac87810d68e9f7cca555eef4b1f
45,11512NC0100012,6,16,Individual,POS,QHP,Bronze,Transparency 2026 - Ind QHP,35,Transparency_in_Coverage_PUF.xlsx,27379dc76590027b0e6d21d736331f87376f0ac87810d68e9f7cca555eef4b1f
46,11512NC0100034,6,16,Individual,POS,QHP,Gold,Transparency 2026 - Ind QHP,36,Transparency_in_Coverage_PUF.xlsx,27379dc76590027b0e6d21d736331f87376f0ac87810d68e9f7cca555eef4b1f
47,11512NC0100044,6,16,Individual,POS,QHP,Silver,Transparency 2026 - Ind QHP,37,Transparency_in_Coverage_PUF.xlsx,27379dc76590027b0e6d21d736331f87376f0ac87810d68e9f7cca555eef4b1f
48,11512NC0100054,6,16,Individual,POS,QHP,Bronze,Transparency 2026 - Ind QHP,38,Transparency_in_Coverage_PUF.xlsx,27379dc76590027b0e6d21d736331f87376f0ac87810d68e9f7cca555eef4b1f
49,11512NC0100064,6,16,Individual,POS,QHP,Silver,Transparency 2026 - Ind QHP,39,Transparency_in_Coverage_PUF.xlsx,27379dc76590027b0e6d21d736331f87376f0ac87810d68e9f7cca555eef4b1f
50,11512NC0100065,6,16,Individual,POS,QHP,Silver,Transparency 2026 - Ind QHP,40,Transparency_in_Coverage_PUF.xlsx,27379dc76590027b0e6d21d736331f87376f0ac87810d68e9f7cca555eef4b1f
51,11512NC0100070,6,16,Individual,POS,QHP,Bronze,Transparency 2026 - Ind QHP,41,Transparency_in_Coverage_PUF.xlsx,27379dc76590027b0e6d21d736331f87376f0ac87810d68e9f7cca555eef4b1f
52,11512NC0100071,6,16,Individual,POS,QHP,Bronze,Transparency 2026 - Ind QHP,42,Transparency_in_Coverage_PUF.xlsx,27379dc76590027b0e6d21d736331f87376f0ac87810d68e9f7cca555eef4b1f
53,11512NC0100072,6,16,Individual,POS,QHP,Gold,Transparency 2026 - Ind QHP,43,Transparency_in_Coverage_PUF.xlsx,27379dc76590027b0e6d21d736331f87376f0ac87810d68e9f7cca555eef4b1f
54,11512NC0100073,6,16,Individual,POS,QHP,Silver,Transparency 2026 - Ind QHP,44,Transparency_in_Coverage_PUF.xlsx,27379dc76590027b0e6d21d736331f87376f0ac87810d68e9f7cca555eef4b1f
55,11512NC0100074,6,16,Individual,POS,QHP,Bronze,Transparency 2026 - Ind QHP,45,Transparency_in_Coverage_PUF.xlsx,27379dc76590027b0e6d21d736331f87376f0ac87810d68e9f7cca555eef4b1f
56,11512NC0100075,6,16,Individual,POS,QHP,Gold,Transparency 2026 - Ind QHP,46,Transparency_in_Coverage_PUF.xlsx,27379dc76590027b0e6d21d736331f87376f0ac87810d68e9f7cca555eef4b1f
57,11512NC0100076,6,16,Individual,POS,QHP,Silver,Transparency 2026 - Ind QHP,47,Transparency_in_Coverage_PUF.xlsx,27379dc76590027b0e6d21d736331f87376f0ac87810d68e9f7cca555eef4b1f
58,11512NC0100077,6,16,Individual,POS,QHP,Bronze,Transparency 2026 - Ind QHP,48,Transparency_in_Coverage_PUF.xlsx,27379dc76590027b0e6d21d736331f87376f0ac87810d68e9f7cca555eef4b1f
59,11512NC0100079,6,16,Individual,POS,QHP,Bronze,Transparency 2026 - Ind QHP,49,Transparency_in_Coverage_PUF.xlsx,27379dc76590027b0e6d21d736331f87376f0ac87810d68e9f7cca555eef4b1f
60,11512NC0100080,6,16,Individual,POS,QHP,Bronze,Transparency 2026 - Ind QHP,50,Transparency_in_Coverage_PUF.xlsx,27379dc76590027b0e6d21d736331f87376f0ac87810d68e9f7cca555eef4b1f
61,11512NC0390001,6,16,Individual,EPO,QHP,Gold,Transparency 2026 - Ind QHP,51,Transparency_in_Coverage_PUF.xlsx,27379dc76590027b0e6d21d736331f87376f0ac87810d68e9f7cca555eef4b1f
62,11512NC0390002,6,16,Individual,EPO,QHP,Gold,Transparency 2026 - Ind QHP,52,Transparency_in_Coverage_PUF.xlsx,27379dc76590027b0e6d21d736331f87376f0ac87810d68e9f7cca555eef4b1f
63,11512NC0390003,6,16,Individual,EPO,QHP,Gold,Transparency 2026 - Ind QHP,53,Transparency_in_Coverage_PUF.xlsx,27379dc76590027b0e6d21d736331f87376f0ac87810d68e9f7cca555eef4b1f
64,11512NC0390004,6,16,Individual,EPO,QHP,Gold,Transparency 2026 - Ind QHP,54,Transparency_in_Coverage_PUF.xlsx,27379dc76590027b0e6d21d736331f87376f0ac87810d68e9f7cca555eef4b1f
65,11512NC0390005,6,16,Individual,EPO,QHP,Gold,Transparency 2026 - Ind QHP,55,Transparency_in_Coverage_PUF.xlsx,27379dc76590027b0e6d21d736331f87376f0ac87810d68e9f7cca555eef4b1f
66,11512NC0390006,6,16,Individual,EPO,QHP,Gold,Transparency 2026 - Ind QHP,56,Transparency_in_Coverage_PUF.xlsx,27379dc76590027b0e6d21d736331f87376f0ac87810d68e9f7cca555eef4b1f
67,11512NC0390013,6,16,Individual,EPO,QHP,Silver,Transparency 2026 - Ind QHP,57,Transparency_in_Coverage_PUF.xlsx,27379dc76590027b0e6d21d736331f87376f0ac87810d68e9f7cca555eef4b1f
68,11512NC0390014,6,16,Individual,EPO,QHP,Silver,Transparency 2026 - Ind QHP,58,Transparency_in_Coverage_PUF.xlsx,27379dc76590027b0e6d21d736331f87376f0ac87810d68e9f7cca555eef4b1f
69,11512NC0390015,6,16,Individual,EPO,QHP,Silver,Transparency 2026 - Ind QHP,59,Transparency_in_Coverage_PUF.xlsx,27379dc76590027b0e6d21d736331f87376f0ac87810d68e9f7cca555eef4b1f
70,11512NC0390022,6,16,Individual,EPO,QHP,Silver,Transparency 2026 - Ind QHP,60,Transparency_in_Coverage_PUF.xlsx,27379dc76590027b0e6d21d736331f87376f0ac87810d68e9f7cca555eef4b1f
71,11512NC0390023,6,16,Individual,EPO,QHP,Silver,Transparency 2026 - Ind QHP,61,Transparency_in_Coverage_PUF.xlsx,27379dc76590027b0e6d21d736331f87376f0ac87810d68e9f7cca555eef4b1f
72,11512NC0390024,6,16,Individual,EPO,QHP,Silver,Transparency 2026 - Ind QHP,62,Transparency_in_Coverage_PUF.xlsx,27379dc76590027b0e6d21d736331f87376f0ac87810d68e9f7cca555eef4b1f
73,11512NC0390025,6,16,Individual,EPO,QHP,Silver,Transparency 2026 - Ind QHP,63,Transparency_in_Coverage_PUF.xlsx,27379dc76590027b0e6d21d736331f87376f0ac87810d68e9f7cca555eef4b1f
74,11512NC0390026,6,16,Individual,EPO,QHP,Silver,Transparency 2026 - Ind QHP,64,Transparency_in_Coverage_PUF.xlsx,27379dc76590027b0e6d21d736331f87376f0ac87810d68e9f7cca555eef4b1f
75,11512NC0390027,6,16,Individual,EPO,QHP,Silver,Transparency 2026 - Ind QHP,65,Transparency_in_Coverage_PUF.xlsx,27379dc76590027b0e6d21d736331f87376f0ac87810d68e9f7cca555eef4b1f
76,11512NC0390028,6,16,Individual,EPO,QHP,Bronze,Transparency 2026 - Ind QHP,66,Transparency_in_Coverage_PUF.xlsx,27379dc76590027b0e6d21d736331f87376f0ac87810d68e9f7cca555eef4b1f
77,11512NC0390029,6,16,Individual,EPO,QHP,Bronze,Transparency 2026 - Ind QHP,67,Transparency_in_Coverage_PUF.xlsx,27379dc76590027b0e6d21d736331f87376f0ac87810d68e9f7cca555eef4b1f
78,11512NC0390030,6,16,Individual,EPO,QHP,Bronze,Transparency 2026 - Ind QHP,68,Transparency_in_Coverage_PUF.xlsx,27379dc76590027b0e6d21d736331f87376f0ac87810d68e9f7cca555eef4b1f
79,11512NC0390031,6,16,Individual,EPO,QHP,Bronze,Transparency 2026 - Ind QHP,69,Transparency_in_Coverage_PUF.xlsx,27379dc76590027b0e6d21d736331f87376f0ac87810d68e9f7cca555eef4b1f
80,11512NC0390032,6,16,Individual,EPO,QHP,Bronze,Transparency 2026 - Ind QHP,70,Transparency_in_Coverage_PUF.xlsx,27379dc76590027b0e6d21d736331f87376f0ac87810d68e9f7cca555eef4b1f
81,11512NC0390033,6,16,Individual,EPO,QHP,Bronze,Transparency 2026 - Ind QHP,71,Transparency_in_Coverage_PUF.xlsx,27379dc76590027b0e6d21d736331f87376f0ac87810d68e9f7cca555eef4b1f
82,11512NC0390034,6,16,Individual,EPO,QHP,Bronze,Transparency 2026 - Ind QHP,72,Transparency_in_Coverage_PUF.xlsx,27379dc76590027b0e6d21d736331f87376f0ac87810d68e9f7cca555eef4b1f
83,11512NC0390035,6,16,Individual,EPO,QHP,Bronze,Transparency 2026 - Ind QHP,73,Transparency_in_Coverage_PUF.xlsx,27379dc76590027b0e6d21d736331f87376f0ac87810d68e9f7cca555eef4b1f
84,11512NC0390036,6,16,Individual,EPO,QHP,Bronze,Transparency 2026 - Ind QHP,74,Transparency_in_Coverage_PUF.xlsx,27379dc76590027b0e6d21d736331f87376f0ac87810d68e9f7cca555eef4b1f
85,11512NC0390046,6,16,Individual,EPO,QHP,Bronze,Transparency 2026 - Ind QHP,75,Transparency_in_Coverage_PUF.xlsx,27379dc76590027b0e6d21d736331f87376f0ac87810d68e9f7cca555eef4b1f
86,11512NC0390047,6,16,Individual,EPO,QHP,Bronze,Transparency 2026 - Ind QHP,76,Transparency_in_Coverage_PUF.xlsx,27379dc76590027b0e6d21d736331f87376f0ac87810d68e9f7cca555eef4b1f
87,11512NC0390048,6,16,Individual,EPO,QHP,Bronze,Transparency 2026 - Ind QHP,77,Transparency_in_Coverage_PUF.xlsx,27379dc76590027b0e6d21d736331f87376f0ac87810d68e9f7cca555eef4b1f
88,11512NC0400001,6,16,Individual,EPO,QHP,Gold,Transparency 2026 - Ind QHP,78,Transparency_in_Coverage_PUF.xlsx,27379dc76590027b0e6d21d736331f87376f0ac87810d68e9f7cca555eef4b1f
89,11512NC0400002,6,16,Individual,EPO,QHP,Gold,Transparency 2026 - Ind QHP,79,Transparency_in_Coverage_PUF.xlsx,27379dc76590027b0e6d21d736331f87376f0ac87810d68e9f7cca555eef4b1f
90,11512NC0400003,6,16,Individual,EPO,QHP,Gold,Transparency 2026 - Ind QHP,80,Transparency_in_Coverage_PUF.xlsx,27379dc76590027b0e6d21d736331f87376f0ac87810d68e9f7cca555eef4b1f
91,11512NC0400004,6,16,Individual,EPO,QHP,Gold,Transparency 2026 - Ind QHP,81,Transparency_in_Coverage_PUF.xlsx,27379dc76590027b0e6d21d736331f87376f0ac87810d68e9f7cca555eef4b1f
92,11512NC0400009,6,16,Individual,EPO,QHP,Silver,Transparency 2026 - Ind QHP,82,Transparency_in_Coverage_PUF.xlsx,27379dc76590027b0e6d21d736331f87376f0ac87810d68e9f7cca555eef4b1f
93,11512NC0400010,6,16,Individual,EPO,QHP,Silver,Transparency 2026 - Ind QHP,83,Transparency_in_Coverage_PUF.xlsx,27379dc76590027b0e6d21d736331f87376f0ac87810d68e9f7cca555eef4b1f
94,11512NC0400017,6,16,Individual,EPO,QHP,Silver,Transparency 2026 - Ind QHP,84,Transparency_in_Coverage_PUF.xlsx,27379dc76590027b0e6d21d736331f87376f0ac87810d68e9f7cca555eef4b1f
95,11512NC0400018,6,16,Individual,EPO,QHP,Silver,Transparency 2026 - Ind QHP,85,Transparency_in_Coverage_PUF.xlsx,27379dc76590027b0e6d21d736331f87376f0ac87810d68e9f7cca555eef4b1f
96,11512NC0400021,6,16,Individual,EPO,QHP,Bronze,Transparency 2026 - Ind QHP,86,Transparency_in_Coverage_PUF.xlsx,27379dc76590027b0e6d21d736331f87376f0ac87810d68e9f7cca555eef4b1f
97,11512NC0400022,6,16,Individual,EPO,QHP,Bronze,Transparency 2026 - Ind QHP,87,Transparency_in_Coverage_PUF.xlsx,27379dc76590027b0e6d21d736331f87376f0ac87810d68e9f7cca555eef4b1f
98,11512NC0400023,6,16,Individual,EPO,QHP,Bronze,Transparency 2026 - Ind QHP,88,Transparency_in_Coverage_PUF.xlsx,27379dc76590027b0e6d21d736331f87376f0ac87810d68e9f7cca555eef4b1f
99,11512NC0400024,6,16,Individual,EPO,QHP,Bronze,Transparency 2026 - Ind QHP,89,Transparency_in_Coverage_PUF.xlsx,27379dc76590027b0e6d21d736331f87376f0ac87810d68e9f7cca555eef4b1f
100,11512NC0410001,6,16,Individual,EPO,QHP,Gold,Transparency 2026 - Ind QHP,90,Transparency_in_Coverage_PUF.xlsx,27379dc76590027b0e6d21d736331f87376f0ac87810d68e9f7cca555eef4b1f
101,11512NC0410002,6,16,Individual,EPO,QHP,Gold,Transparency 2026 - Ind QHP,91,Transparency_in_Coverage_PUF.xlsx,27379dc76590027b0e6d21d736331f87376f0ac87810d68e9f7cca555eef4b1f
102,11512NC0410005,6,16,Individual,EPO,QHP,Silver,Transparency 2026 - Ind QHP,92,Transparency_in_Coverage_PUF.xlsx,27379dc76590027b0e6d21d736331f87376f0ac87810d68e9f7cca555eef4b1f
103,11512NC0410008,6,16,Individual,EPO,QHP,Silver,Transparency 2026 - Ind QHP,93,Transparency_in_Coverage_PUF.xlsx,27379dc76590027b0e6d21d736331f87376f0ac87810d68e9f7cca555eef4b1f
104,11512NC0410009,6,16,Individual,EPO,QHP,Bronze,Transparency 2026 - Ind QHP,94,Transparency_in_Coverage_PUF.xlsx,27379dc76590027b0e6d21d736331f87376f0ac87810d68e9f7cca555eef4b1f
105,11512NC0410010,6,16,Individual,EPO,QHP,Silver,Transparency 2026 - Ind QHP,95,Transparency_in_Coverage_PUF.xlsx,27379dc76590027b0e6d21d736331f87376f0ac87810d68e9f7cca555eef4b1f
106,11512NC0410011,6,16,Individual,EPO,QHP,Bronze,Transparency 2026 - Ind QHP,96,Transparency_in_Coverage_PUF.xlsx,27379dc76590027b0e6d21d736331f87376f0ac87810d68e9f7cca555eef4b1f
107,11512NC0410012,6,16,Individual,EPO,QHP,Bronze,Transparency 2026 - Ind QHP,97,Transparency_in_Coverage_PUF.xlsx,27379dc76590027b0e6d21d736331f87376f0ac87810d68e9f7cca555eef4b1f
108,11512NC0410016,6,16,Individual,EPO,QHP,Gold,Transparency 2026 - Ind QHP,98,Transparency_in_Coverage_PUF.xlsx,27379dc76590027b0e6d21d736331f87376f0ac87810d68e9f7cca555eef4b1f
109,11512NC0410017,6,16,Individual,EPO,QHP,Gold,Transparency 2026 - Ind QHP,99,Transparency_in_Coverage_PUF.xlsx,27379dc76590027b0e6d21d736331f87376f0ac87810d68e9f7cca555eef4b1f
110,11512NC0410018,6,16,Individual,EPO,QHP,Gold,Transparency 2026 - Ind QHP,100,Transparency_in_Coverage_PUF.xlsx,27379dc76590027b0e6d21d736331f87376f0ac87810d68e9f7cca555eef4b1f
111,11512NC0410019,6,16,Individual,EPO,QHP,Gold,Transparency 2026 - Ind QHP,101,Transparency_in_Coverage_PUF.xlsx,27379dc76590027b0e6d21d736331f87376f0ac87810d68e9f7cca555eef4b1f
112,11512NC0410020,6,16,Individual,EPO,QHP,Gold,Transparency 2026 - Ind QHP,102,Transparency_in_Coverage_PUF.xlsx,27379dc76590027b0e6d21d736331f87376f0ac87810d68e9f7cca555eef4b1f
113,11512NC0410021,6,16,Individual,EPO,QHP,Gold,Transparency 2026 - Ind QHP,103,Transparency_in_Coverage_PUF.xlsx,27379dc76590027b0e6d21d736331f87376f0ac87810d68e9f7cca555eef4b1f
114,11512NC0410022,6,16,Individual,EPO,QHP,Gold,Transparency 2026 - Ind QHP,104,Transparency_in_Coverage_PUF.xlsx,27379dc76590027b0e6d21d736331f87376f0ac87810d68e9f7cca555eef4b1f
115,11512NC0410023,6,16,Individual,EPO,QHP,Gold,Transparency 2026 - Ind QHP,105,Transparency_in_Coverage_PUF.xlsx,27379dc76590027b0e6d21d736331f87376f0ac87810d68e9f7cca555eef4b1f
116,11512NC0410024,6,16,Individual,EPO,QHP,Silver,Transparency 2026 - Ind QHP,106,Transparency_in_Coverage_PUF.xlsx,27379dc76590027b0e6d21d736331f87376f0ac87810d68e9f7cca555eef4b1f
117,11512NC0410027,6,16,Individual,EPO,QHP,Silver,Transparency 2026 - Ind QHP,107,Transparency_in_Coverage_PUF.xlsx,27379dc76590027b0e6d21d736331f87376f0ac87810d68e9f7cca555eef4b1f
118,11512NC0410028,6,16,Individual,EPO,QHP,Silver,Transparency 2026 - Ind QHP,108,Transparency_in_Coverage_PUF.xlsx,27379dc76590027b0e6d21d736331f87376f0ac87810d68e9f7cca555eef4b1f
119,11512NC0410029,6,16,Individual,EPO,QHP,Silver,Transparency 2026 - Ind QHP,109,Transparency_in_Coverage_PUF.xlsx,27379dc76590027b0e6d21d736331f87376f0ac87810d68e9f7cca555eef4b1f
120,11512NC0410030,6,16,Individual,EPO,QHP,Silver,Transparency 2026 - Ind QHP,110,Transparency_in_Coverage_PUF.xlsx,27379dc76590027b0e6d21d736331f87376f0ac87810d68e9f7cca555eef4b1f
121,11512NC0410039,6,16,Individual,EPO,QHP,Silver,Transparency 2026 - Ind QHP,111,Transparency_in_Coverage_PUF.xlsx,27379dc76590027b0e6d21d736331f87376f0ac87810d68e9f7cca555eef4b1f
122,11512NC0410040,6,16,Individual,EPO,QHP,Silver,Transparency 2026 - Ind QHP,112,Transparency_in_Coverage_PUF.xlsx,27379dc76590027b0e6d21d736331f87376f0ac87810d68e9f7cca555eef4b1f
123,11512NC0410041,6,16,Individual,EPO,QHP,Silver,Transparency 2026 - Ind QHP,113,Transparency_in_Coverage_PUF.xlsx,27379dc76590027b0e6d21d736331f87376f0ac87810d68e9f7cca555eef4b1f
124,11512NC0410042,6,16,Individual,EPO,QHP,Silver,Transparency 2026 - Ind QHP,114,Transparency_in_Coverage_PUF.xlsx,27379dc76590027b0e6d21d736331f87376f0ac87810d68e9f7cca555eef4b1f
125,11512NC0410045,6,16,Individual,EPO,QHP,Bronze,Transparency 2026 - Ind QHP,115,Transparency_in_Coverage_PUF.xlsx,27379dc76590027b0e6d21d736331f87376f0ac87810d68e9f7cca555eef4b1f
126,11512NC0410046,6,16,Individual,EPO,QHP,Bronze,Transparency 2026 - Ind QHP,116,Transparency_in_Coverage_PUF.xlsx,27379dc76590027b0e6d21d736331f87376f0ac87810d68e9f7cca555eef4b1f
127,11512NC0410047,6,16,Individual,EPO,QHP,Bronze,Transparency 2026 - Ind QHP,117,Transparency_in_Coverage_PUF.xlsx,27379dc76590027b0e6d21d736331f87376f0ac87810d68e9f7cca555eef4b1f
128,11512NC0410048,6,16,Individual,EPO,QHP,Bronze,Transparency 2026 - Ind QHP,118,Transparency_in_Coverage_PUF.xlsx,27379dc76590027b0e6d21d736331f87376f0ac87810d68e9f7cca555eef4b1f
129,11512NC0410049,6,16,Individual,EPO,QHP,Bronze,Transparency 2026 - Ind QHP,119,Transparency_in_Coverage_PUF.xlsx,27379dc76590027b0e6d21d736331f87376f0ac87810d68e9f7cca555eef4b1f
130,11512NC0410050,6,16,Individual,EPO,QHP,Bronze,Transparency 2026 - Ind QHP,120,Transparency_in_Coverage_PUF.xlsx,27379dc76590027b0e6d21d736331f87376f0ac87810d68e9f7cca555eef4b1f
131,11512NC0410051,6,16,Individual,EPO,QHP,Bronze,Transparency 2026 - Ind QHP,121,Transparency_in_Coverage_PUF.xlsx,27379dc76590027b0e6d21d736331f87376f0ac87810d68e9f7cca555eef4b1f
132,11512NC0410055,6,16,Individual,EPO,QHP,Bronze,Transparency 2026 - Ind QHP,122,Transparency_in_Coverage_PUF.xlsx,27379dc76590027b0e6d21d736331f87376f0ac87810d68e9f7cca555eef4b1f
133,11512NC0410056,6,16,Individual,EPO,QHP,Bronze,Transparency 2026 - Ind QHP,123,Transparency_in_Coverage_PUF.xlsx,27379dc76590027b0e6d21d736331f87376f0ac87810d68e9f7cca555eef4b1f
134,11512NC0410061,6,16,Individual,EPO,QHP,Bronze,Transparency 2026 - Ind QHP,124,Transparency_in_Coverage_PUF.xlsx,27379dc76590027b0e6d21d736331f87376f0ac87810d68e9f7cca555eef4b1f
135,11512NC0410064,6,16,Individual,EPO,QHP,Bronze,Transparency 2026 - Ind QHP,125,Transparency_in_Coverage_PUF.xlsx,27379dc76590027b0e6d21d736331f87376f0ac87810d68e9f7cca555eef4b1f
136,11512NC0430001,6,16,Individual,HMO,QHP,Gold,Transparency 2026 - Ind QHP,126,Transparency_in_Coverage_PUF.xlsx,27379dc76590027b0e6d21d736331f87376f0ac87810d68e9f7cca555eef4b1f
137,11512NC0430002,6,16,Individual,HMO,QHP,Silver,Transparency 2026 - Ind QHP,127,Transparency_in_Coverage_PUF.xlsx,27379dc76590027b0e6d21d736331f87376f0ac87810d68e9f7cca555eef4b1f
138,11512NC0430003,6,16,Individual,HMO,QHP,Bronze,Transparency 2026 - Ind QHP,128,Transparency_in_Coverage_PUF.xlsx,27379dc76590027b0e6d21d736331f87376f0ac87810d68e9f7cca555eef4b1f
139,11512NC0430004,6,16,Individual,HMO,QHP,Gold,Transparency 2026 - Ind QHP,129,Transparency_in_Coverage_PUF.xlsx,27379dc76590027b0e6d21d736331f87376f0ac87810d68e9f7cca555eef4b1f
140,11512NC0430005,6,16,Individual,HMO,QHP,Silver,Transparency 2026 - Ind QHP,130,Transparency_in_Coverage_PUF.xlsx,27379dc76590027b0e6d21d736331f87376f0ac87810d68e9f7cca555eef4b1f
141,11512NC0430007,6,16,Individual,HMO,QHP,Silver,Transparency 2026 - Ind QHP,131,Transparency_in_Coverage_PUF.xlsx,27379dc76590027b0e6d21d736331f87376f0ac87810d68e9f7cca555eef4b1f
142,11512NC0430008,6,16,Individual,HMO,QHP,Bronze,Transparency 2026 - Ind QHP,132,Transparency_in_Coverage_PUF.xlsx,27379dc76590027b0e6d21d736331f87376f0ac87810d68e9f7cca555eef4b1f
143,11512NC0430009,6,16,Individual,HMO,QHP,Bronze,Transparency 2026 - Ind QHP,133,Transparency_in_Coverage_PUF.xlsx,27379dc76590027b0e6d21d736331f87376f0ac87810d68e9f7cca555eef4b1f
144,11512NC0430010,6,16,Individual,HMO,QHP,Bronze,Transparency 2026 - Ind QHP,134,Transparency_in_Coverage_PUF.xlsx,27379dc76590027b0e6d21d736331f87376f0ac87810d68e9f7cca555eef4b1f
145,11512NC0440001,6,16,Individual,EPO,QHP,Gold,Transparency 2026 - Ind QHP,135,Transparency_in_Coverage_PUF.xlsx,27379dc76590027b0e6d21d736331f87376f0ac87810d68e9f7cca555eef4b1f
146,11512NC0440002,6,16,Individual,EPO,QHP,Gold,Transparency 2026 - Ind QHP,136,Transparency_in_Coverage_PUF.xlsx,27379dc76590027b0e6d21d736331f87376f0ac87810d68e9f7cca555eef4b1f
147,11512NC0440003,6,16,Individual,EPO,QHP,Silver,Transparency 2026 - Ind QHP,137,Transparency_in_Coverage_PUF.xlsx,27379dc76590027b0e6d21d736331f87376f0ac87810d68e9f7cca555eef4b1f
148,11512NC0440005,6,16,Individual,EPO,QHP,Silver,Transparency 2026 - Ind QHP,138,Transparency_in_Coverage_PUF.xlsx,27379dc76590027b0e6d21d736331f87376f0ac87810d68e9f7cca555eef4b1f
149,11512NC0440006,6,16,Individual,EPO,QHP,Bronze,Transparency 2026 - Ind QHP,139,Transparency_in_Coverage_PUF.xlsx,27379dc76590027b0e6d21d736331f87376f0ac87810d68e9f7cca555eef4b1f
150,11512NC0440007,6,16,Individual,EPO,QHP,Bronze,Transparency 2026 - Ind QHP,140,Transparency_in_Coverage_PUF.xlsx,27379dc76590027b0e6d21d736331f87376f0ac87810d68e9f7cca555eef4b1f
151,11718TX0140016,7,26,Individual,HMO,QHP,Bronze,Transparency 2026 - Ind QHP,141,Transparency_in_Coverage_PUF.xlsx,27379dc76590027b0e6d21d736331f87376f0ac87810d68e9f7cca555eef4b1f
152,11718TX0140018,7,26,Individual,HMO,QHP,Bronze,Transparency 2026 - Ind QHP,142,Transparency_in_Coverage_PUF.xlsx,27379dc76590027b0e6d21d736331f87376f0ac87810d68e9f7cca555eef4b1f
153,11718TX0140019,7,26,Individual,HMO,QHP,Silver,Transparency 2026 - Ind QHP,143,Transparency_in_Coverage_PUF.xlsx,27379dc76590027b0e6d21d736331f87376f0ac87810d68e9f7cca555eef4b1f
154,11718TX0140020,7,26,Individual,HMO,QHP,Silver,Transparency 2026 - Ind QHP,144,Transparency_in_Coverage_PUF.xlsx,27379dc76590027b0e6d21d736331f87376f0ac87810d68e9f7cca555eef4b1f
155,11718TX0140021,7,26,Individual,HMO,QHP,Gold,Transparency 2026 - Ind QHP,145,Transparency_in_Coverage_PUF.xlsx,27379dc76590027b0e6d21d736331f87376f0ac87810d68e9f7cca555eef4b1f
156,11718TX0140022,7,26,Individual,HMO,QHP,Gold,Transparency 2026 - Ind QHP,146,Transparency_in_Coverage_PUF.xlsx,27379dc76590027b0e6d21d736331f87376f0ac87810d68e9f7cca555eef4b1f
157,11904LA0010011,8,11,Individual,PPO,SADP,High,Transparency 2026 - Ind SADP,17,Transparency_in_Coverage_PUF.xlsx,27379dc76590027b0e6d21d736331f87376f0ac87810d68e9f7cca555eef4b1f
158,11904LA0010012,8,11,Individual,PPO,SADP,High,Transparency 2026 - Ind SADP,18,Transparency_in_Coverage_PUF.xlsx,27379dc76590027b0e6d21d736331f87376f0ac87810d68e9f7cca555eef4b1f
159,11904LA0010013,8,11,Individual,PPO,SADP,Low,Transparency 2026 - Ind SADP,19,Transparency_in_Coverage_PUF.xlsx,27379dc76590027b0e6d21d736331f87376f0ac87810d68e9f7cca555eef4b1f
160,12303AZ0010001,9,4,Individual,PPO,SADP,High,Transparency 2026 - Ind SADP,20,Transparency_in_Coverage_PUF.xlsx,27379dc76590027b0e6d21d736331f87376f0ac87810d68e9f7cca555eef4b1f
161,12303AZ0010003,9,4,Individual,PPO,SADP,High,Transparency 2026 - Ind SADP,21,Transparency_in_Coverage_PUF.xlsx,27379dc76590027b0e6d21d736331f87376f0ac87810d68e9f7cca555eef4b1f
162,12303AZ0010004,9,4,Individual,PPO,SADP,Low,Transparency 2026 - Ind SADP,22,Transparency_in_Coverage_PUF.xlsx,27379dc76590027b0e6d21d736331f87376f0ac87810d68e9f7cca555eef4b1f
163,12513OK0010001,10,21,Individual,PPO,SADP,Low,Transparency 2026 - Ind SADP,23,Transparency_in_Coverage_PUF.xlsx,27379dc76590027b0e6d21d736331f87376f0ac87810d68e9f7cca555eef4b1f
164,12513OK0020001,10,21,Individual,PPO,SADP,High,Transparency 2026 - Ind SADP,24,Transparency_in_Coverage_PUF.xlsx,27379dc76590027b0e6d21d736331f87376f0ac87810d68e9f7cca555eef4b1f
165,12513OK0050001,10,21,Individual,PPO,SADP,Low,Transparency 2026 - Ind SADP,25,Transparency_in_Coverage_PUF.xlsx,27379dc76590027b0e6d21d736331f87376f0ac87810d68e9f7cca555eef4b1f
166,12538AL0020003,11,2,Individual,PPO,SADP,High,Transparency 2026 - Ind SADP,26,Transparency_in_Coverage_PUF.xlsx,27379dc76590027b0e6d21d736331f87376f0ac87810d68e9f7cca555eef4b1f
167,12538AL0020006,11,2,Individual,PPO,SADP,Low,Transparency 2026 - Ind SADP,27,Transparency_in_Coverage_PUF.xlsx,27379dc76590027b0e6d21d736331f87376f0ac87810d68e9f7cca555eef4b1f
168,12538AL0020007,11,2,Individual,PPO,SADP,High,Transparency 2026 - Ind SADP,28,Transparency_in_Coverage_PUF.xlsx,27379dc76590027b0e6d21d736331f87376f0ac87810d68e9f7cca555eef4b1f
169,12538AL0020008,11,2,Individual,PPO,SADP,Low,Transparency 2026 - Ind SADP,29,Transparency_in_Coverage_PUF.xlsx,27379dc76590027b0e6d21d736331f87376f0ac87810d68e9f7cca555eef4b1f
170,12846TX0270005,12,26,Individual,PPO,SADP,Low,Transparency 2026 - Ind SADP,30,Transparency_in_Coverage_PUF.xlsx,27379dc76590027b0e6d21d736331f87376f0ac87810d68e9f7cca555eef4b1f
171,12846TX0280005,12,26,Individual,PPO,SADP,Low,Transparency 2026 - Ind SADP,31,Transparency_in_Coverage_PUF.xlsx,27379dc76590027b0e6d21d736331f87376f0ac87810d68e9f7cca555eef4b1f
172,12846TX0290006,12,26,Individual,PPO,SADP,Low,Transparency 2026 - Ind SADP,32,Transparency_in_Coverage_PUF.xlsx,27379dc76590027b0e6d21d736331f87376f0ac87810d68e9f7cca555eef4b1f
173,12846TX0300004,12,26,Individual,PPO,SADP,Low,Transparency 2026 - Ind SADP,33,Transparency_in_Coverage_PUF.xlsx,27379dc76590027b0e6d21d736331f87376f0ac87810d68e9f7cca555eef4b1f
174,13219NH0010001,13,19,Individual,HMO,QHP,Gold,Transparency 2026 - Ind QHP,147,Transparency_in_Coverage_PUF.xlsx,27379dc76590027b0e6d21d736331f87376f0ac87810d68e9f7cca555eef4b1f
175,13219NH0010002,13,19,Individual,HMO,QHP,Silver,Transparency 2026 - Ind QHP,148,Transparency_in_Coverage_PUF.xlsx,27379dc76590027b0e6d21d736331f87376f0ac87810d68e9f7cca555eef4b1f
176,13219NH0010003,13,19,Individual,HMO,QHP,Silver,Transparency 2026 - Ind QHP,149,Transparency_in_Coverage_PUF.xlsx,27379dc76590027b0e6d21d736331f87376f0ac87810d68e9f7cca555eef4b1f
177,13219NH0010004,13,19,Individual,HMO,QHP,Silver,Transparency 2026 - Ind QHP,150,Transparency_in_Coverage_PUF.xlsx,27379dc76590027b0e6d21d736331f87376f0ac87810d68e9f7cca555eef4b1f
178,13219NH0010005,13,19,Individual,HMO,QHP,Bronze,Transparency 2026 - Ind QHP,151,Transparency_in_Coverage_PUF.xlsx,27379dc76590027b0e6d21d736331f87376f0ac87810d68e9f7cca555eef4b1f
179,13219NH0010006,13,19,Individual,HMO,QHP,Bronze,Transparency 2026 - Ind QHP,152,Transparency_in_Coverage_PUF.xlsx,27379dc76590027b0e6d21d736331f87376f0ac87810d68e9f7cca555eef4b1f
180,13219NH0010007,13,19,Individual,HMO,QHP,Bronze,Transparency 2026 - Ind QHP,153,Transparency_in_Coverage_PUF.xlsx,27379dc76590027b0e6d21d736331f87376f0ac87810d68e9f7cca555eef4b1f
181,13262AR0230002,14,3,Individual,POS,QHP,Silver,Transparency 2026 - Ind QHP,154,Transparency_in_Coverage_PUF.xlsx,27379dc76590027b0e6d21d736331f87376f0ac87810d68e9f7cca555eef4b1f
182,13262AR0230004,14,3,Individual,POS,QHP,Gold,Transparency 2026 - Ind QHP,155,Transparency_in_Coverage_PUF.xlsx,27379dc76590027b0e6d21d736331f87376f0ac87810d68e9f7cca555eef4b1f
183,13262AR0230005,14,3,Individual,POS,QHP,Silver,Transparency 2026 - Ind QHP,156,Transparency_in_Coverage_PUF.xlsx,27379dc76590027b0e6d21d736331f87376f0ac87810d68e9f7cca555eef4b1f
184,13262AR0230006,14,3,Individual,POS,QHP,Bronze,Transparency 2026 - Ind QHP,157,Transparency_in_Coverage_PUF.xlsx,27379dc76590027b0e6d21d736331f87376f0ac87810d68e9f7cca555eef4b1f
185,13262AR0230007,14,3,Individual,POS,QHP,Bronze,Transparency 2026 - Ind QHP,158,Transparency_in_Coverage_PUF.xlsx,27379dc76590027b0e6d21d736331f87376f0ac87810d68e9f7cca555eef4b1f
186,13262AR0230009,14,3,Individual,POS,QHP,Gold,Transparency 2026 - Ind QHP,159,Transparency_in_Coverage_PUF.xlsx,27379dc76590027b0e6d21d736331f87376f0ac87810d68e9f7cca555eef4b1f
187,13262AR0230010,14,3,Individual,POS,QHP,Platinum,Transparency 2026 - Ind QHP,160,Transparency_in_Coverage_PUF.xlsx,27379dc76590027b0e6d21d736331f87376f0ac87810d68e9f7cca555eef4b1f
188,13262AR0230011,14,3,Individual,POS,QHP,Platinum,Transparency 2026 - Ind QHP,161,Transparency_in_Coverage_PUF.xlsx,27379dc76590027b0e6d21d736331f87376f0ac87810d68e9f7cca555eef4b1f
189,13484NE0090001,15,18,Individual,EPO,QHP,Bronze,Transparency 2026 - Ind QHP,162,Transparency_in_Coverage_PUF.xlsx,27379dc76590027b0e6d21d736331f87376f0ac87810d68e9f7cca555eef4b1f
190,13484NE0090002,15,18,Individual,EPO,QHP,Gold,Transparency 2026 - Ind QHP,163,Transparency_in_Coverage_PUF.xlsx,27379dc76590027b0e6d21d736331f87376f0ac87810d68e9f7cca555eef4b1f
191,13484NE0090004,15,18,Individual,EPO,QHP,Silver,Transparency 2026 - Ind QHP,164,Transparency_in_Coverage_PUF.xlsx,27379dc76590027b0e6d21d736331f87376f0ac87810d68e9f7cca555eef4b1f
192,13484NE0090005,15,18,Individual,EPO,QHP,Gold,Transparency 2026 - Ind QHP,165,Transparency_in_Coverage_PUF.xlsx,27379dc76590027b0e6d21d736331f87376f0ac87810d68e9f7cca555eef4b1f
193,13484NE0090006,15,18,Individual,EPO,QHP,Gold,Transparency 2026 - Ind QHP,166,Transparency_in_Coverage_PUF.xlsx,27379dc76590027b0e6d21d736331f87376f0ac87810d68e9f7cca555eef4b1f
194,13484NE0090007,15,18,Individual,EPO,QHP,Bronze,Transparency 2026 - Ind QHP,167,Transparency_in_Coverage_PUF.xlsx,27379dc76590027b0e6d21d736331f87376f0ac87810d68e9f7cca555eef4b1f
195,13484NE0090008,15,18,Individual,EPO,QHP,Bronze,Transparency 2026 - Ind QHP,168,Transparency_in_Coverage_PUF.xlsx,27379dc76590027b0e6d21d736331f87376f0ac87810d68e9f7cca555eef4b1f
196,13484NE0090009,15,18,Individual,EPO,QHP,Silver,Transparency 2026 - Ind QHP,169,Transparency_in_Coverage_PUF.xlsx,27379dc76590027b0e6d21d736331f87376f0ac87810d68e9f7cca555eef4b1f
197,13484NE0090010,15,18,Individual,EPO,QHP,Silver,Transparency 2026 - Ind QHP,170,Transparency_in_Coverage_PUF.xlsx,27379dc76590027b0e6d21d736331f87376f0ac87810d68e9f7cca555eef4b1f
198,13484NE0100001,15,18,Individual,EPO,QHP,Bronze,Transparency 2026 - Ind QHP,171,Transparency_in_Coverage_PUF.xlsx,27379dc76590027b0e6d21d736331f87376f0ac87810d68e9f7cca555eef4b1f
199,13484NE0100002,15,18,Individual,EPO,QHP,Gold,Transparency 2026 - Ind QHP,172,Transparency_in_Coverage_PUF.xlsx,27379dc76590027b0e6d21d736331f87376f0ac87810d68e9f7cca555eef4b1f
200,13484NE0100004,15,18,Individual,EPO,QHP,Silver,Transparency 2026 - Ind QHP,173,Transparency_in_Coverage_PUF.xlsx,27379dc76590027b0e6d21d736331f87376f0ac87810d68e9f7cca555eef4b1f
201,13484NE0100005,15,18,Individual,EPO,QHP,Gold,Transparency 2026 - Ind QHP,174,Transparency_in_Coverage_PUF.xlsx,27379dc76590027b0e6d21d736331f87376f0ac87810d68e9f7cca555eef4b1f
202,13484NE0100006,15,18,Individual,EPO,QHP,Gold,Transparency 2026 - Ind QHP,175,Transparency_in_Coverage_PUF.xlsx,27379dc76590027b0e6d21d736331f87376f0ac87810d68e9f7cca555eef4b1f
203,13484NE0100007,15,18,Individual,EPO,QHP,Bronze,Transparency 2026 - Ind QHP,176,Transparency_in_Coverage_PUF.xlsx,27379dc76590027b0e6d21d736331f87376f0ac87810d68e9f7cca555eef4b1f
204,13484NE0100008,15,18,Individual,EPO,QHP,Bronze,Transparency 2026 - Ind QHP,177,Transparency_in_Coverage_PUF.xlsx,27379dc76590027b0e6d21d736331f87376f0ac87810d68e9f7cca555eef4b1f
205,13484NE0100009,15,18,Individual,EPO,QHP,Silver,Transparency 2026 - Ind QHP,178,Transparency_in_Coverage_PUF.xlsx,27379dc76590027b0e6d21d736331f87376f0ac87810d68e9f7cca555eef4b1f
206,13591NC0010002,16,16,Individual,HMO,QHP,Bronze,Transparency 2026 - Ind QHP,179,Transparency_in_Coverage_PUF.xlsx,27379dc76590027b0e6d21d736331f87376f0ac87810d68e9f7cca555eef4b1f
207,13591NC0010005,16,16,Individual,HMO,QHP,Silver,Transparency 2026 - Ind QHP,180,Transparency_in_Coverage_PUF.xlsx,27379dc76590027b0e6d21d736331f87376f0ac87810d68e9f7cca555eef4b1f
208,13591NC0010006,16,16,Individual,HMO,QHP,Silver,Transparency 2026 - Ind QHP,181,Transparency_in_Coverage_PUF.xlsx,27379dc76590027b0e6d21d736331f87376f0ac87810d68e9f7cca555eef4b1f
209,13591NC0010009,16,16,Individual,HMO,QHP,Gold,Transparency 2026 - Ind QHP,182,Transparency_in_Coverage_PUF.xlsx,27379dc76590027b0e6d21d736331f87376f0ac87810d68e9f7cca555eef4b1f
210,13591NC0010010,16,16,Individual,HMO,QHP,Silver,Transparency 2026 - Ind QHP,183,Transparency_in_Coverage_PUF.xlsx,27379dc76590027b0e6d21d736331f87376f0ac87810d68e9f7cca555eef4b1f
211,13591NC0010011,16,16,Individual,HMO,QHP,Gold,Transparency 2026 - Ind QHP,184,Transparency_in_Coverage_PUF.xlsx,27379dc76590027b0e6d21d736331f87376f0ac87810d68e9f7cca555eef4b1f
212,13591NC0010012,16,16,Individual,HMO,QHP,Gold,Transparency 2026 - Ind QHP,185,Transparency_in_Coverage_PUF.xlsx,27379dc76590027b0e6d21d736331f87376f0ac87810d68e9f7cca555eef4b1f
213,13591NC0010013,16,16,Individual,HMO,QHP,Gold,Transparency 2026 - Ind QHP,186,Transparency_in_Coverage_PUF.xlsx,27379dc76590027b0e6d21d736331f87376f0ac87810d68e9f7cca555eef4b1f
214,13591NC0010014,16,16,Individual,HMO,QHP,Silver,Transparency 2026 - Ind QHP,187,Transparency_in_Coverage_PUF.xlsx,27379dc76590027b0e6d21d736331f87376f0ac87810d68e9f7cca555eef4b1f
215,13591NC0010015,16,16,Individual,HMO,QHP,Silver,Transparency 2026 - Ind QHP,188,Transparency_in_Coverage_PUF.xlsx,27379dc76590027b0e6d21d736331f87376f0ac87810d68e9f7cca555eef4b1f
216,13591NC0010021,16,16,Individual,HMO,QHP,Bronze,Transparency 2026 - Ind QHP,189,Transparency_in_Coverage_PUF.xlsx,27379dc76590027b0e6d21d736331f87376f0ac87810d68e9f7cca555eef4b1f
217,13591NC0020002,16,16,Individual,HMO,QHP,Bronze,Transparency 2026 - Ind QHP,190,Transparency_in_Coverage_PUF.xlsx,27379dc76590027b0e6d21d736331f87376f0ac87810d68e9f7cca555eef4b1f
218,13591NC0020005,16,16,Individual,HMO,QHP,Silver,Transparency 2026 - Ind QHP,191,Transparency_in_Coverage_PUF.xlsx,27379dc76590027b0e6d21d736331f87376f0ac87810d68e9f7cca555eef4b1f
219,13591NC0020006,16,16,Individual,HMO,QHP,Silver,Transparency 2026 - Ind QHP,192,Transparency_in_Coverage_PUF.xlsx,27379dc76590027b0e6d21d736331f87376f0ac87810d68e9f7cca555eef4b1f
220,13591NC0020009,16,16,Individual,HMO,QHP,Gold,Transparency 2026 - Ind QHP,193,Transparency_in_Coverage_PUF.xlsx,27379dc76590027b0e6d21d736331f87376f0ac87810d68e9f7cca555eef4b1f
221,13591NC0020010,16,16,Individual,HMO,QHP,Silver,Transparency 2026 - Ind QHP,194,Transparency_in_Coverage_PUF.xlsx,27379dc76590027b0e6d21d736331f87376f0ac87810d68e9f7cca555eef4b1f
222,13591NC0020011,16,16,Individual,HMO,QHP,Gold,Transparency 2026 - Ind QHP,195,Transparency_in_Coverage_PUF.xlsx,27379dc76590027b0e6d21d736331f87376f0ac87810d68e9f7cca555eef4b1f
223,13591NC0020012,16,16,Individual,HMO,QHP,Gold,Transparency 2026 - Ind QHP,196,Transparency_in_Coverage_PUF.xlsx,27379dc76590027b0e6d21d736331f87376f0ac87810d68e9f7cca555eef4b1f
224,13591NC0020013,16,16,Individual,HMO,QHP,Gold,Transparency 2026 - Ind QHP,197,Transparency_in_Coverage_PUF.xlsx,27379dc76590027b0e6d21d736331f87376f0ac87810d68e9f7cca555eef4b1f
225,13591NC0020014,16,16,Individual,HMO,QHP,Silver,Transparency 2026 - Ind QHP,198,Transparency_in_Coverage_PUF.xlsx,27379dc76590027b0e6d21d736331f87376f0ac87810d68e9f7cca555eef4b1f
226,13591NC0020021,16,16,Individual,HMO,QHP,Bronze,Transparency 2026 - Ind QHP,199,Transparency_in_Coverage_PUF.xlsx,27379dc76590027b0e6d21d736331f87376f0ac87810d68e9f7cca555eef4b1f
227,13711OK0040003,17,21,Individual,PPO,SADP,Low,Transparency 2026 - Ind SADP,34,Transparency_in_Coverage_PUF.xlsx,27379dc76590027b0e6d21d736331f87376f0ac87810d68e9f7cca555eef4b1f
228,13711OK0050002,17,21,Individual,PPO,SADP,Low,Transparency 2026 - Ind SADP,35,Transparency_in_Coverage_PUF.xlsx,27379dc76590027b0e6d21d736331f87376f0ac87810d68e9f7cca555eef4b1f
229,13711OK0100001,17,21,Individual,PPO,SADP,Low,Transparency 2026 - Ind SADP,36,Transparency_in_Coverage_PUF.xlsx,27379dc76590027b0e6d21d736331f87376f0ac87810d68e9f7cca555eef4b1f
230,13877AZ0070005,18,4,Individual,HMO,QHP,Bronze,Transparency 2026 - Ind QHP,200,Transparency_in_Coverage_PUF.xlsx,27379dc76590027b0e6d21d736331f87376f0ac87810d68e9f7cca555eef4b1f
231,13877AZ0070008,18,4,Individual,HMO,QHP,Silver,Transparency 2026 - Ind QHP,201,Transparency_in_Coverage_PUF.xlsx,27379dc76590027b0e6d21d736331f87376f0ac87810d68e9f7cca555eef4b1f
232,13877AZ0070011,18,4,Individual,HMO,QHP,Catastrophic,Transparency 2026 - Ind QHP,202,Transparency_in_Coverage_PUF.xlsx,27379dc76590027b0e6d21d736331f87376f0ac87810d68e9f7cca555eef4b1f
233,13877AZ0070013,18,4,Individual,HMO,QHP,Gold,Transparency 2026 - Ind QHP,203,Transparency_in_Coverage_PUF.xlsx,27379dc76590027b0e6d21d736331f87376f0ac87810d68e9f7cca555eef4b1f
234,13877AZ0070025,18,4,Individual,HMO,QHP,Silver,Transparency 2026 - Ind QHP,204,Transparency_in_Coverage_PUF.xlsx,27379dc76590027b0e6d21d736331f87376f0ac87810d68e9f7cca555eef4b1f
235,13877AZ0070030,18,4,Individual,HMO,QHP,Silver,Transparency 2026 - Ind QHP,205,Transparency_in_Coverage_PUF.xlsx,27379dc76590027b0e6d21d736331f87376f0ac87810d68e9f7cca555eef4b1f
236,13877AZ0070050,18,4,Individual,HMO,QHP,Bronze,Transparency 2026 - Ind QHP,206,Transparency_in_Coverage_PUF.xlsx,27379dc76590027b0e6d21d736331f87376f0ac87810d68e9f7cca555eef4b1f
237,13877AZ0070052,18,4,Individual,HMO,QHP,Silver,Transparency 2026 - Ind QHP,207,Transparency_in_Coverage_PUF.xlsx,27379dc76590027b0e6d21d736331f87376f0ac87810d68e9f7cca555eef4b1f
238,13877AZ0070053,18,4,Individual,HMO,QHP,Gold,Transparency 2026 - Ind QHP,208,Transparency_in_Coverage_PUF.xlsx,27379dc76590027b0e6d21d736331f87376f0ac87810d68e9f7cca555eef4b1f
239,13877AZ0070056,18,4,Individual,HMO,QHP,Bronze,Transparency 2026 - Ind QHP,209,Transparency_in_Coverage_PUF.xlsx,27379dc76590027b0e6d21d736331f87376f0ac87810d68e9f7cca555eef4b1f
240,13877AZ0070057,18,4,Individual,HMO,QHP,Bronze,Transparency 2026 - Ind QHP,210,Transparency_in_Coverage_PUF.xlsx,27379dc76590027b0e6d21d736331f87376f0ac87810d68e9f7cca555eef4b1f
241,13877AZ0070058,18,4,Individual,HMO,QHP,Bronze,Transparency 2026 - Ind QHP,211,Transparency_in_Coverage_PUF.xlsx,27379dc76590027b0e6d21d736331f87376f0ac87810d68e9f7cca555eef4b1f
242,13877AZ0070060,18,4,Individual,HMO,QHP,Silver,Transparency 2026 - Ind QHP,212,Transparency_in_Coverage_PUF.xlsx,27379dc76590027b0e6d21d736331f87376f0ac87810d68e9f7cca555eef4b1f
243,13877AZ0070063,18,4,Individual,HMO,QHP,Silver,Transparency 2026 - Ind QHP,213,Transparency_in_Coverage_PUF.xlsx,27379dc76590027b0e6d21d736331f87376f0ac87810d68e9f7cca555eef4b1f
244,13877AZ0070064,18,4,Individual,HMO,QHP,Silver,Transparency 2026 - Ind QHP,214,Transparency_in_Coverage_PUF.xlsx,27379dc76590027b0e6d21d736331f87376f0ac87810d68e9f7cca555eef4b1f
245,13877AZ0070068,18,4,Individual,HMO,QHP,Gold,Transparency 2026 - Ind QHP,215,Transparency_in_Coverage_PUF.xlsx,27379dc76590027b0e6d21d736331f87376f0ac87810d68e9f7cca555eef4b1f
246,13877AZ0070072,18,4,Individual,HMO,QHP,Bronze,Transparency 2026 - Ind QHP,216,Transparency_in_Coverage_PUF.xlsx,27379dc76590027b0e6d21d736331f87376f0ac87810d68e9f7cca555eef4b1f
247,13877AZ0070073,18,4,Individual,HMO,QHP,Gold,Transparency 2026 - Ind QHP,217,Transparency_in_Coverage_PUF.xlsx,27379dc76590027b0e6d21d736331f87376f0ac87810d68e9f7cca555eef4b1f
248,13887FL0010001,19,6,Individual,HMO,QHP,Gold,Transparency 2026 - Ind QHP,218,Transparency_in_Coverage_PUF.xlsx,27379dc76590027b0e6d21d736331f87376f0ac87810d68e9f7cca555eef4b1f
249,13887FL0010002,19,6,Individual,HMO,QHP,Silver,Transparency 2026 - Ind QHP,219,Transparency_in_Coverage_PUF.xlsx,27379dc76590027b0e6d21d736331f87376f0ac87810d68e9f7cca555eef4b1f
250,13887FL0010003,19,6,Individual,HMO,QHP,Bronze,Transparency 2026 - Ind QHP,220,Transparency_in_Coverage_PUF.xlsx,27379dc76590027b0e6d21d736331f87376f0ac87810d68e9f7cca555eef4b1f
251,13887FL0010004,19,6,Individual,HMO,QHP,Silver,Transparency 2026 - Ind QHP,221,Transparency_in_Coverage_PUF.xlsx,27379dc76590027b0e6d21d736331f87376f0ac87810d68e9f7cca555eef4b1f
252,13887FL0010005,19,6,Individual,HMO,QHP,Silver,Transparency 2026 - Ind QHP,222,Transparency_in_Coverage_PUF.xlsx,27379dc76590027b0e6d21d736331f87376f0ac87810d68e9f7cca555eef4b1f
253,14002TN0400222,20,25,Individual,EPO,QHP,Gold,Transparency 2026 - Ind QHP,223,Transparency_in_Coverage_PUF.xlsx,27379dc76590027b0e6d21d736331f87376f0ac87810d68e9f7cca555eef4b1f
254,14002TN0400223,20,25,Individual,EPO,QHP,Gold,Transparency 2026 - Ind QHP,224,Transparency_in_Coverage_PUF.xlsx,27379dc76590027b0e6d21d736331f87376f0ac87810d68e9f7cca555eef4b1f
255,14002TN0400224,20,25,Individual,EPO,QHP,Gold,Transparency 2026 - Ind QHP,225,Transparency_in_Coverage_PUF.xlsx,27379dc76590027b0e6d21d736331f87376f0ac87810d68e9f7cca555eef4b1f
256,14002TN0400225,20,25,Individual,EPO,QHP,Gold,Transparency 2026 - Ind QHP,226,Transparency_in_Coverage_PUF.xlsx,27379dc76590027b0e6d21d736331f87376f0ac87810d68e9f7cca555eef4b1f
257,14002TN0400226,20,25,Individual,EPO,QHP,Gold,Transparency 2026 - Ind QHP,227,Transparency_in_Coverage_PUF.xlsx,27379dc76590027b0e6d21d736331f87376f0ac87810d68e9f7cca555eef4b1f
258,14002TN0400227,20,25,Individual,EPO,QHP,Gold,Transparency 2026 - Ind QHP,228,Transparency_in_Coverage_PUF.xlsx,27379dc76590027b0e6d21d736331f87376f0ac87810d68e9f7cca555eef4b1f
259,14002TN0400228,20,25,Individual,EPO,QHP,Gold,Transparency 2026 - Ind QHP,229,Transparency_in_Coverage_PUF.xlsx,27379dc76590027b0e6d21d736331f87376f0ac87810d68e9f7cca555eef4b1f
260,14002TN0400229,20,25,Individual,EPO,QHP,Gold,Transparency 2026 - Ind QHP,230,Transparency_in_Coverage_PUF.xlsx,27379dc76590027b0e6d21d736331f87376f0ac87810d68e9f7cca555eef4b1f
261,14002TN0400234,20,25,Individual,EPO,QHP,Gold,Transparency 2026 - Ind QHP,231,Transparency_in_Coverage_PUF.xlsx,27379dc76590027b0e6d21d736331f87376f0ac87810d68e9f7cca555eef4b1f
262,14002TN0400235,20,25,Individual,EPO,QHP,Gold,Transparency 2026 - Ind QHP,232,Transparency_in_Coverage_PUF.xlsx,27379dc76590027b0e6d21d736331f87376f0ac87810d68e9f7cca555eef4b1f
263,14002TN0400239,20,25,Individual,EPO,QHP,Bronze,Transparency 2026 - Ind QHP,233,Transparency_in_Coverage_PUF.xlsx,27379dc76590027b0e6d21d736331f87376f0ac87810d68e9f7cca555eef4b1f
264,14002TN0400240,20,25,Individual,EPO,QHP,Bronze,Transparency 2026 - Ind QHP,234,Transparency_in_Coverage_PUF.xlsx,27379dc76590027b0e6d21d736331f87376f0ac87810d68e9f7cca555eef4b1f
265,14002TN0400241,20,25,Individual,EPO,QHP,Bronze,Transparency 2026 - Ind QHP,235,Transparency_in_Coverage_PUF.xlsx,27379dc76590027b0e6d21d736331f87376f0ac87810d68e9f7cca555eef4b1f
266,14002TN0400242,20,25,Individual,EPO,QHP,Bronze,Transparency 2026 - Ind QHP,236,Transparency_in_Coverage_PUF.xlsx,27379dc76590027b0e6d21d736331f87376f0ac87810d68e9f7cca555eef4b1f
267,14002TN0400243,20,25,Individual,EPO,QHP,Bronze,Transparency 2026 - Ind QHP,237,Transparency_in_Coverage_PUF.xlsx,27379dc76590027b0e6d21d736331f87376f0ac87810d68e9f7cca555eef4b1f
268,14002TN0400244,20,25,Individual,EPO,QHP,Bronze,Transparency 2026 - Ind QHP,238,Transparency_in_Coverage_PUF.xlsx,27379dc76590027b0e6d21d736331f87376f0ac87810d68e9f7cca555eef4b1f
269,14002TN0400245,20,25,Individual,EPO,QHP,Bronze,Transparency 2026 - Ind QHP,239,Transparency_in_Coverage_PUF.xlsx,27379dc76590027b0e6d21d736331f87376f0ac87810d68e9f7cca555eef4b1f
270,14002TN0400246,20,25,Individual,EPO,QHP,Bronze,Transparency 2026 - Ind QHP,240,Transparency_in_Coverage_PUF.xlsx,27379dc76590027b0e6d21d736331f87376f0ac87810d68e9f7cca555eef4b1f
271,14002TN0400247,20,25,Individual,EPO,QHP,Bronze,Transparency 2026 - Ind QHP,241,Transparency_in_Coverage_PUF.xlsx,27379dc76590027b0e6d21d736331f87376f0ac87810d68e9f7cca555eef4b1f
272,14002TN0400248,20,25,Individual,EPO,QHP,Bronze,Transparency 2026 - Ind QHP,242,Transparency_in_Coverage_PUF.xlsx,27379dc76590027b0e6d21d736331f87376f0ac87810d68e9f7cca555eef4b1f
273,14002TN0400253,20,25,Individual,EPO,QHP,Bronze,Transparency 2026 - Ind QHP,243,Transparency_in_Coverage_PUF.xlsx,27379dc76590027b0e6d21d736331f87376f0ac87810d68e9f7cca555eef4b1f
274,14002TN0400254,20,25,Individual,EPO,QHP,Bronze,Transparency 2026 - Ind QHP,244,Transparency_in_Coverage_PUF.xlsx,27379dc76590027b0e6d21d736331f87376f0ac87810d68e9f7cca555eef4b1f
275,14002TN0400257,20,25,Individual,EPO,QHP,Silver,Transparency 2026 - Ind QHP,245,Transparency_in_Coverage_PUF.xlsx,27379dc76590027b0e6d21d736331f87376f0ac87810d68e9f7cca555eef4b1f
276,14002TN0400258,20,25,Individual,EPO,QHP,Silver,Transparency 2026 - Ind QHP,246,Transparency_in_Coverage_PUF.xlsx,27379dc76590027b0e6d21d736331f87376f0ac87810d68e9f7cca555eef4b1f
277,14002TN0400259,20,25,Individual,EPO,QHP,Silver,Transparency 2026 - Ind QHP,247,Transparency_in_Coverage_PUF.xlsx,27379dc76590027b0e6d21d736331f87376f0ac87810d68e9f7cca555eef4b1f
278,14002TN0400260,20,25,Individual,EPO,QHP,Silver,Transparency 2026 - Ind QHP,248,Transparency_in_Coverage_PUF.xlsx,27379dc76590027b0e6d21d736331f87376f0ac87810d68e9f7cca555eef4b1f
279,14002TN0400261,20,25,Individual,EPO,QHP,Silver,Transparency 2026 - Ind QHP,249,Transparency_in_Coverage_PUF.xlsx,27379dc76590027b0e6d21d736331f87376f0ac87810d68e9f7cca555eef4b1f
280,14002TN0400262,20,25,Individual,EPO,QHP,Silver,Transparency 2026 - Ind QHP,250,Transparency_in_Coverage_PUF.xlsx,27379dc76590027b0e6d21d736331f87376f0ac87810d68e9f7cca555eef4b1f
281,14002TN0400263,20,25,Individual,EPO,QHP,Silver,Transparency 2026 - Ind QHP,251,Transparency_in_Coverage_PUF.xlsx,27379dc76590027b0e6d21d736331f87376f0ac87810d68e9f7cca555eef4b1f
282,14002TN0400264,20,25,Individual,EPO,QHP,Silver,Transparency 2026 - Ind QHP,252,Transparency_in_Coverage_PUF.xlsx,27379dc76590027b0e6d21d736331f87376f0ac87810d68e9f7cca555eef4b1f
283,14002TN0400269,20,25,Individual,EPO,QHP,Silver,Transparency 2026 - Ind QHP,253,Transparency_in_Coverage_PUF.xlsx,27379dc76590027b0e6d21d736331f87376f0ac87810d68e9f7cca555eef4b1f
284,14002TN0400270,20,25,Individual,EPO,QHP,Silver,Transparency 2026 - Ind QHP,254,Transparency_in_Coverage_PUF.xlsx,27379dc76590027b0e6d21d736331f87376f0ac87810d68e9f7cca555eef4b1f
285,14002TN0400287,20,25,Individual,EPO,QHP,Bronze,Transparency 2026 - Ind QHP,255,Transparency_in_Coverage_PUF.xlsx,27379dc76590027b0e6d21d736331f87376f0ac87810d68e9f7cca555eef4b1f
286,14002TN0400288,20,25,Individual,EPO,QHP,Bronze,Transparency 2026 - Ind QHP,256,Transparency_in_Coverage_PUF.xlsx,27379dc76590027b0e6d21d736331f87376f0ac87810d68e9f7cca555eef4b1f
287,14002TN0400293,20,25,Individual,EPO,QHP,Silver,Transparency 2026 - Ind QHP,257,Transparency_in_Coverage_PUF.xlsx,27379dc76590027b0e6d21d736331f87376f0ac87810d68e9f7cca555eef4b1f
288,14002TN0400294,20,25,Individual,EPO,QHP,Silver,Transparency 2026 - Ind QHP,258,Transparency_in_Coverage_PUF.xlsx,27379dc76590027b0e6d21d736331f87376f0ac87810d68e9f7cca555eef4b1f
289,14002TN0400297,20,25,Individual,EPO,QHP,Gold,Transparency 2026 - Ind QHP,259,Transparency_in_Coverage_PUF.xlsx,27379dc76590027b0e6d21d736331f87376f0ac87810d68e9f7cca555eef4b1f
290,14002TN0400303,20,25,Individual,EPO,QHP,Bronze,Transparency 2026 - Ind QHP,260,Transparency_in_Coverage_PUF.xlsx,27379dc76590027b0e6d21d736331f87376f0ac87810d68e9f7cca555eef4b1f
291,14002TN0400304,20,25,Individual,EPO,QHP,Bronze,Transparency 2026 - Ind QHP,261,Transparency_in_Coverage_PUF.xlsx,27379dc76590027b0e6d21d736331f87376f0ac87810d68e9f7cca555eef4b1f
292,14002TN0400305,20,25,Individual,EPO,QHP,Bronze,Transparency 2026 - Ind QHP,262,Transparency_in_Coverage_PUF.xlsx,27379dc76590027b0e6d21d736331f87376f0ac87810d68e9f7cca555eef4b1f
293,14002TN0400306,20,25,Individual,EPO,QHP,Bronze,Transparency 2026 - Ind QHP,263,Transparency_in_Coverage_PUF.xlsx,27379dc76590027b0e6d21d736331f87376f0ac87810d68e9f7cca555eef4b1f
294,14002TN0400307,20,25,Individual,EPO,QHP,Bronze,Transparency 2026 - Ind QHP,264,Transparency_in_Coverage_PUF.xlsx,27379dc76590027b0e6d21d736331f87376f0ac87810d68e9f7cca555eef4b1f
295,14002TN0400308,20,25,Individual,EPO,QHP,Bronze,Transparency 2026 - Ind QHP,265,Transparency_in_Coverage_PUF.xlsx,27379dc76590027b0e6d21d736331f87376f0ac87810d68e9f7cca555eef4b1f
296,14002TN0400311,20,25,Individual,EPO,QHP,Bronze,Transparency 2026 - Ind QHP,266,Transparency_in_Coverage_PUF.xlsx,27379dc76590027b0e6d21d736331f87376f0ac87810d68e9f7cca555eef4b1f
297,14002TN0400312,20,25,Individual,EPO,QHP,Bronze,Transparency 2026 - Ind QHP,267,Transparency_in_Coverage_PUF.xlsx,27379dc76590027b0e6d21d736331f87376f0ac87810d68e9f7cca555eef4b1f
298,14002TN0400313,20,25,Individual,EPO,QHP,Bronze,Transparency 2026 - Ind QHP,268,Transparency_in_Coverage_PUF.xlsx,27379dc76590027b0e6d21d736331f87376f0ac87810d68e9f7cca555eef4b1f
299,14002TN0400314,20,25,Individual,EPO,QHP,Bronze,Transparency 2026 - Ind QHP,269,Transparency_in_Coverage_PUF.xlsx,27379dc76590027b0e6d21d736331f87376f0ac87810d68e9f7cca555eef4b1f
300,14002TN0400315,20,25,Individual,EPO,QHP,Bronze,Transparency 2026 - Ind QHP,270,Transparency_in_Coverage_PUF.xlsx,27379dc76590027b0e6d21d736331f87376f0ac87810d68e9f7cca555eef4b1f
301,14002TN0400316,20,25,Individual,EPO,QHP,Bronze,Transparency 2026 - Ind QHP,271,Transparency_in_Coverage_PUF.xlsx,27379dc76590027b0e6d21d736331f87376f0ac87810d68e9f7cca555eef4b1f
302,14002TN0400331,20,25,Individual,EPO,QHP,Silver,Transparency 2026 - Ind QHP,272,Transparency_in_Coverage_PUF.xlsx,27379dc76590027b0e6d21d736331f87376f0ac87810d68e9f7cca555eef4b1f
303,14002TN0400332,20,25,Individual,EPO,QHP,Silver,Transparency 2026 - Ind QHP,273,Transparency_in_Coverage_PUF.xlsx,27379dc76590027b0e6d21d736331f87376f0ac87810d68e9f7cca555eef4b1f
304,14002TN0400333,20,25,Individual,EPO,QHP,Silver,Transparency 2026 - Ind QHP,274,Transparency_in_Coverage_PUF.xlsx,27379dc76590027b0e6d21d736331f87376f0ac87810d68e9f7cca555eef4b1f
305,14002TN0400334,20,25,Individual,EPO,QHP,Silver,Transparency 2026 - Ind QHP,275,Transparency_in_Coverage_PUF.xlsx,27379dc76590027b0e6d21d736331f87376f0ac87810d68e9f7cca555eef4b1f
306,14002TN0400335,20,25,Individual,EPO,QHP,Silver,Transparency 2026 - Ind QHP,276,Transparency_in_Coverage_PUF.xlsx,27379dc76590027b0e6d21d736331f87376f0ac87810d68e9f7cca555eef4b1f
307,14002TN0400336,20,25,Individual,EPO,QHP,Silver,Transparency 2026 - Ind QHP,277,Transparency_in_Coverage_PUF.xlsx,27379dc76590027b0e6d21d736331f87376f0ac87810d68e9f7cca555eef4b1f
308,14002TN0400339,20,25,Individual,EPO,QHP,Silver,Transparency 2026 - Ind QHP,278,Transparency_in_Coverage_PUF.xlsx,27379dc76590027b0e6d21d736331f87376f0ac87810d68e9f7cca555eef4b1f
309,14002TN0400340,20,25,Individual,EPO,QHP,Silver,Transparency 2026 - Ind QHP,279,Transparency_in_Coverage_PUF.xlsx,27379dc76590027b0e6d21d736331f87376f0ac87810d68e9f7cca555eef4b1f
310,14002TN0400341,20,25,Individual,EPO,QHP,Silver,Transparency 2026 - Ind QHP,280,Transparency_in_Coverage_PUF.xlsx,27379dc76590027b0e6d21d736331f87376f0ac87810d68e9f7cca555eef4b1f
311,14002TN0400342,20,25,Individual,EPO,QHP,Silver,Transparency 2026 - Ind QHP,281,Transparency_in_Coverage_PUF.xlsx,27379dc76590027b0e6d21d736331f87376f0ac87810d68e9f7cca555eef4b1f
312,14002TN0400356,20,25,Individual,EPO,QHP,Gold,Transparency 2026 - Ind QHP,282,Transparency_in_Coverage_PUF.xlsx,27379dc76590027b0e6d21d736331f87376f0ac87810d68e9f7cca555eef4b1f
313,14002TN0400357,20,25,Individual,EPO,QHP,Gold,Transparency 2026 - Ind QHP,283,Transparency_in_Coverage_PUF.xlsx,27379dc76590027b0e6d21d736331f87376f0ac87810d68e9f7cca555eef4b1f
314,14002TN0400358,20,25,Individual,EPO,QHP,Gold,Transparency 2026 - Ind QHP,284,Transparency_in_Coverage_PUF.xlsx,27379dc76590027b0e6d21d736331f87376f0ac87810d68e9f7cca555eef4b1f
315,14002TN0400373,20,25,Individual,EPO,QHP,Bronze,Transparency 2026 - Ind QHP,285,Transparency_in_Coverage_PUF.xlsx,27379dc76590027b0e6d21d736331f87376f0ac87810d68e9f7cca555eef4b1f
316,14002TN0400374,20,25,Individual,EPO,QHP,Bronze,Transparency 2026 - Ind QHP,286,Transparency_in_Coverage_PUF.xlsx,27379dc76590027b0e6d21d736331f87376f0ac87810d68e9f7cca555eef4b1f
317,14002TN0400375,20,25,Individual,EPO,QHP,Bronze,Transparency 2026 - Ind QHP,287,Transparency_in_Coverage_PUF.xlsx,27379dc76590027b0e6d21d736331f87376f0ac87810d68e9f7cca555eef4b1f
318,14002TN0400376,20,25,Individual,EPO,QHP,Bronze,Transparency 2026 - Ind QHP,288,Transparency_in_Coverage_PUF.xlsx,27379dc76590027b0e6d21d736331f87376f0ac87810d68e9f7cca555eef4b1f
319,14002TN0400383,20,25,Individual,EPO,QHP,Bronze,Transparency 2026 - Ind QHP,289,Transparency_in_Coverage_PUF.xlsx,27379dc76590027b0e6d21d736331f87376f0ac87810d68e9f7cca555eef4b1f
320,14002TN0400384,20,25,Individual,EPO,QHP,Bronze,Transparency 2026 - Ind QHP,290,Transparency_in_Coverage_PUF.xlsx,27379dc76590027b0e6d21d736331f87376f0ac87810d68e9f7cca555eef4b1f
321,14002TN0400385,20,25,Individual,EPO,QHP,Bronze,Transparency 2026 - Ind QHP,291,Transparency_in_Coverage_PUF.xlsx,27379dc76590027b0e6d21d736331f87376f0ac87810d68e9f7cca555eef4b1f
322,14002TN0400386,20,25,Individual,EPO,QHP,Bronze,Transparency 2026 - Ind QHP,292,Transparency_in_Coverage_PUF.xlsx,27379dc76590027b0e6d21d736331f87376f0ac87810d68e9f7cca555eef4b1f
323,14002TN0400387,20,25,Individual,EPO,QHP,Bronze,Transparency 2026 - Ind QHP,293,Transparency_in_Coverage_PUF.xlsx,27379dc76590027b0e6d21d736331f87376f0ac87810d68e9f7cca555eef4b1f
324,14002TN0400388,20,25,Individual,EPO,QHP,Bronze,Transparency 2026 - Ind QHP,294,Transparency_in_Coverage_PUF.xlsx,27379dc76590027b0e6d21d736331f87376f0ac87810d68e9f7cca555eef4b1f
325,14002TN0400389,20,25,Individual,EPO,QHP,Bronze,Transparency 2026 - Ind QHP,295,Transparency_in_Coverage_PUF.xlsx,27379dc76590027b0e6d21d736331f87376f0ac87810d68e9f7cca555eef4b1f
326,14002TN0400390,20,25,Individual,EPO,QHP,Bronze,Transparency 2026 - Ind QHP,296,Transparency_in_Coverage_PUF.xlsx,27379dc76590027b0e6d21d736331f87376f0ac87810d68e9f7cca555eef4b1f
327,14002TN0400391,20,25,Individual,EPO,QHP,Bronze,Transparency 2026 - Ind QHP,297,Transparency_in_Coverage_PUF.xlsx,27379dc76590027b0e6d21d736331f87376f0ac87810d68e9f7cca555eef4b1f
328,14002TN0400392,20,25,Individual,EPO,QHP,Bronze,Transparency 2026 - Ind QHP,298,Transparency_in_Coverage_PUF.xlsx,27379dc76590027b0e6d21d736331f87376f0ac87810d68e9f7cca555eef4b1f
329,14002TN0400419,20,25,Individual,EPO,QHP,Silver,Transparency 2026 - Ind QHP,299,Transparency_in_Coverage_PUF.xlsx,27379dc76590027b0e6d21d736331f87376f0ac87810d68e9f7cca555eef4b1f
330,14002TN0400420,20,25,Individual,EPO,QHP,Silver,Transparency 2026 - Ind QHP,300,Transparency_in_Coverage_PUF.xlsx,27379dc76590027b0e6d21d736331f87376f0ac87810d68e9f7cca555eef4b1f
331,14002TN0400427,20,25,Individual,EPO,QHP,Silver,Transparency 2026 - Ind QHP,301,Transparency_in_Coverage_PUF.xlsx,27379dc76590027b0e6d21d736331f87376f0ac87810d68e9f7cca555eef4b1f
332,14002TN0400428,20,25,Individual,EPO,QHP,Silver,Transparency 2026 - Ind QHP,302,Transparency_in_Coverage_PUF.xlsx,27379dc76590027b0e6d21d736331f87376f0ac87810d68e9f7cca555eef4b1f
333,14002TN0400429,20,25,Individual,EPO,QHP,Silver,Transparency 2026 - Ind QHP,303,Transparency_in_Coverage_PUF.xlsx,27379dc76590027b0e6d21d736331f87376f0ac87810d68e9f7cca555eef4b1f
334,14002TN0400430,20,25,Individual,EPO,QHP,Silver,Transparency 2026 - Ind QHP,304,Transparency_in_Coverage_PUF.xlsx,27379dc76590027b0e6d21d736331f87376f0ac87810d68e9f7cca555eef4b1f
335,14002TN0400437,20,25,Individual,EPO,QHP,Silver,Transparency 2026 - Ind QHP,305,Transparency_in_Coverage_PUF.xlsx,27379dc76590027b0e6d21d736331f87376f0ac87810d68e9f7cca555eef4b1f
336,14002TN0400438,20,25,Individual,EPO,QHP,Silver,Transparency 2026 - Ind QHP,306,Transparency_in_Coverage_PUF.xlsx,27379dc76590027b0e6d21d736331f87376f0ac87810d68e9f7cca555eef4b1f
337,14002TN0400439,20,25,Individual,EPO,QHP,Silver,Transparency 2026 - Ind QHP,307,Transparency_in_Coverage_PUF.xlsx,27379dc76590027b0e6d21d736331f87376f0ac87810d68e9f7cca555eef4b1f
338,14002TN0400440,20,25,Individual,EPO,QHP,Silver,Transparency 2026 - Ind QHP,308,Transparency_in_Coverage_PUF.xlsx,27379dc76590027b0e6d21d736331f87376f0ac87810d68e9f7cca555eef4b1f
339,14002TN0400441,20,25,Individual,EPO,QHP,Silver,Transparency 2026 - Ind QHP,309,Transparency_in_Coverage_PUF.xlsx,27379dc76590027b0e6d21d736331f87376f0ac87810d68e9f7cca555eef4b1f
340,14002TN0400442,20,25,Individual,EPO,QHP,Silver,Transparency 2026 - Ind QHP,310,Transparency_in_Coverage_PUF.xlsx,27379dc76590027b0e6d21d736331f87376f0ac87810d68e9f7cca555eef4b1f
341,14002TN0400443,20,25,Individual,EPO,QHP,Silver,Transparency 2026 - Ind QHP,311,Transparency_in_Coverage_PUF.xlsx,27379dc76590027b0e6d21d736331f87376f0ac87810d68e9f7cca555eef4b1f
342,14002TN0400444,20,25,Individual,EPO,QHP,Silver,Transparency 2026 - Ind QHP,312,Transparency_in_Coverage_PUF.xlsx,27379dc76590027b0e6d21d736331f87376f0ac87810d68e9f7cca555eef4b1f
343,14002TN0400445,20,25,Individual,EPO,QHP,Silver,Transparency 2026 - Ind QHP,313,Transparency_in_Coverage_PUF.xlsx,27379dc76590027b0e6d21d736331f87376f0ac87810d68e9f7cca555eef4b1f
344,14002TN0400446,20,25,Individual,EPO,QHP,Silver,Transparency 2026 - Ind QHP,314,Transparency_in_Coverage_PUF.xlsx,27379dc76590027b0e6d21d736331f87376f0ac87810d68e9f7cca555eef4b1f
345,14002TN0400447,20,25,Individual,EPO,QHP,Silver,Transparency 2026 - Ind QHP,315,Transparency_in_Coverage_PUF.xlsx,27379dc76590027b0e6d21d736331f87376f0ac87810d68e9f7cca555eef4b1f
346,14002TN0400448,20,25,Individual,EPO,QHP,Silver,Transparency 2026 - Ind QHP,316,Transparency_in_Coverage_PUF.xlsx,27379dc76590027b0e6d21d736331f87376f0ac87810d68e9f7cca555eef4b1f
347,14002TN0400473,20,25,Individual,EPO,QHP,Gold,Transparency 2026 - Ind QHP,317,Transparency_in_Coverage_PUF.xlsx,27379dc76590027b0e6d21d736331f87376f0ac87810d68e9f7cca555eef4b1f
348,14002TN0400474,20,25,Individual,EPO,QHP,Gold,Transparency 2026 - Ind QHP,318,Transparency_in_Coverage_PUF.xlsx,27379dc76590027b0e6d21d736331f87376f0ac87810d68e9f7cca555eef4b1f
349,14948UT0040003,21,27,Individual,HMO,SADP,Low,Transparency 2026 - Ind SADP,37,Transparency_in_Coverage_PUF.xlsx,27379dc76590027b0e6d21d736331f87376f0ac87810d68e9f7cca555eef4b1f
350,14948UT0040004,21,27,Individual,HMO,SADP,High,Transparency 2026 - Ind SADP,38,Transparency_in_Coverage_PUF.xlsx,27379dc76590027b0e6d21d736331f87376f0ac87810d68e9f7cca555eef4b1f
351,15560MI0350001,22,12,Individual,PPO,QHP,Catastrophic,Transparency 2026 - Ind QHP,319,Transparency_in_Coverage_PUF.xlsx,27379dc76590027b0e6d21d736331f87376f0ac87810d68e9f7cca555eef4b1f
352,15560MI0350002,22,12,Individual,PPO,QHP,Bronze,Transparency 2026 - Ind QHP,320,Transparency_in_Coverage_PUF.xlsx,27379dc76590027b0e6d21d736331f87376f0ac87810d68e9f7cca555eef4b1f
353,15560MI0350003,22,12,Individual,PPO,QHP,Silver,Transparency 2026 - Ind QHP,321,Transparency_in_Coverage_PUF.xlsx,27379dc76590027b0e6d21d736331f87376f0ac87810d68e9f7cca555eef4b1f
354,15560MI0350004,22,12,Individual,PPO,QHP,Gold,Transparency 2026 - Ind QHP,322,Transparency_in_Coverage_PUF.xlsx,27379dc76590027b0e6d21d736331f87376f0ac87810d68e9f7cca555eef4b1f
355,15560MI0350005,22,12,Individual,PPO,QHP,Bronze,Transparency 2026 - Ind QHP,323,Transparency_in_Coverage_PUF.xlsx,27379dc76590027b0e6d21d736331f87376f0ac87810d68e9f7cca555eef4b1f
356,15560MI0350006,22,12,Individual,PPO,QHP,Silver,Transparency 2026 - Ind QHP,324,Transparency_in_Coverage_PUF.xlsx,27379dc76590027b0e6d21d736331f87376f0ac87810d68e9f7cca555eef4b1f
357,15560MI0710001,22,12,Individual,PPO,SADP,Low,Transparency 2026 - Ind SADP,39,Transparency_in_Coverage_PUF.xlsx,27379dc76590027b0e6d21d736331f87376f0ac87810d68e9f7cca555eef4b1f
358,15560MI0720001,22,12,Individual,PPO,SADP,Low,Transparency 2026 - Ind SADP,40,Transparency_in_Coverage_PUF.xlsx,27379dc76590027b0e6d21d736331f87376f0ac87810d68e9f7cca555eef4b1f
359,15560MI0720002,22,12,Individual,PPO,SADP,High,Transparency 2026 - Ind SADP,41,Transparency_in_Coverage_PUF.xlsx,27379dc76590027b0e6d21d736331f87376f0ac87810d68e9f7cca555eef4b1f
360,15560MI0720003,22,12,Individual,PPO,SADP,High,Transparency 2026 - Ind SADP,42,Transparency_in_Coverage_PUF.xlsx,27379dc76590027b0e6d21d736331f87376f0ac87810d68e9f7cca555eef4b1f
361,15560MI0730001,22,12,Individual,EPO,SADP,Low,Transparency 2026 - Ind SADP,43,Transparency_in_Coverage_PUF.xlsx,27379dc76590027b0e6d21d736331f87376f0ac87810d68e9f7cca555eef4b1f
362,15560MI0740001,22,12,Individual,PPO,SADP,Low,Transparency 2026 - Ind SADP,44,Transparency_in_Coverage_PUF.xlsx,27379dc76590027b0e6d21d736331f87376f0ac87810d68e9f7cca555eef4b1f
363,15560MI1120001,22,12,Individual,PPO,QHP,Bronze,Transparency 2026 - Ind QHP,325,Transparency_in_Coverage_PUF.xlsx,27379dc76590027b0e6d21d736331f87376f0ac87810d68e9f7cca555eef4b1f
364,15560MI1130001,22,12,Individual,PPO,QHP,Silver,Transparency 2026 - Ind QHP,326,Transparency_in_Coverage_PUF.xlsx,27379dc76590027b0e6d21d736331f87376f0ac87810d68e9f7cca555eef4b1f
365,15560MI1130002,22,12,Individual,PPO,QHP,Gold,Transparency 2026 - Ind QHP,327,Transparency_in_Coverage_PUF.xlsx,27379dc76590027b0e6d21d736331f87376f0ac87810d68e9f7cca555eef4b1f
366,15676MI0020001,23,12,Individual,PPO,SADP,Low,Transparency 2026 - Ind SADP,45,Transparency_in_Coverage_PUF.xlsx,27379dc76590027b0e6d21d736331f87376f0ac87810d68e9f7cca555eef4b1f
367,15676MI0020002,23,12,Individual,PPO,SADP,High,Transparency 2026 - Ind SADP,46,Transparency_in_Coverage_PUF.xlsx,27379dc76590027b0e6d21d736331f87376f0ac87810d68e9f7cca555eef4b1f
368,15676MI0020003,23,12,Individual,PPO,SADP,Low,Transparency 2026 - Ind SADP,47,Transparency_in_Coverage_PUF.xlsx,27379dc76590027b0e6d21d736331f87376f0ac87810d68e9f7cca555eef4b1f
369,15676MI0020004,23,12,Individual,PPO,SADP,Low,Transparency 2026 - Ind SADP,48,Transparency_in_Coverage_PUF.xlsx,27379dc76590027b0e6d21d736331f87376f0ac87810d68e9f7cca555eef4b1f
370,15676MI0020005,23,12,Individual,PPO,SADP,Low,Transparency 2026 - Ind SADP,49,Transparency_in_Coverage_PUF.xlsx,27379dc76590027b0e6d21d736331f87376f0ac87810d68e9f7cca555eef4b1f
371,15676MI0020006,23,12,Individual,PPO,SADP,High,Transparency 2026 - Ind SADP,50,Transparency_in_Coverage_PUF.xlsx,27379dc76590027b0e6d21d736331f87376f0ac87810d68e9f7cca555eef4b1f
372,15833FL0120007,24,6,Individual,HMO,SADP,Low,Transparency 2026 - Ind SADP,51,Transparency_in_Coverage_PUF.xlsx,27379dc76590027b0e6d21d736331f87376f0ac87810d68e9f7cca555eef4b1f
373,15833FL0130005,24,6,Individual,PPO,SADP,Low,Transparency 2026 - Ind SADP,52,Transparency_in_Coverage_PUF.xlsx,27379dc76590027b0e6d21d736331f87376f0ac87810d68e9f7cca555eef4b1f
374,15833FL0140005,24,6,Individual,PPO,SADP,Low,Transparency 2026 - Ind SADP,53,Transparency_in_Coverage_PUF.xlsx,27379dc76590027b0e6d21d736331f87376f0ac87810d68e9f7cca555eef4b1f
375,15833FL0150005,24,6,Individual,PPO,SADP,Low,Transparency 2026 - Ind SADP,54,Transparency_in_Coverage_PUF.xlsx,27379dc76590027b0e6d21d736331f87376f0ac87810d68e9f7cca555eef4b1f
376,15833FL0160005,24,6,Individual,PPO,SADP,Low,Transparency 2026 - Ind SADP,55,Transparency_in_Coverage_PUF.xlsx,27379dc76590027b0e6d21d736331f87376f0ac87810d68e9f7cca555eef4b1f
377,15980FL0160003,25,6,Individual,PPO,SADP,Low,Transparency 2026 - Ind SADP,56,Transparency_in_Coverage_PUF.xlsx,27379dc76590027b0e6d21d736331f87376f0ac87810d68e9f7cca555eef4b1f
378,15980FL0160004,25,6,Individual,PPO,SADP,High,Transparency 2026 - Ind SADP,57,Transparency_in_Coverage_PUF.xlsx,27379dc76590027b0e6d21d736331f87376f0ac87810d68e9f7cca555eef4b1f
379,15980FL0160005,25,6,Individual,PPO,SADP,Low,Transparency 2026 - Ind SADP,58,Transparency_in_Coverage_PUF.xlsx,27379dc76590027b0e6d21d736331f87376f0ac87810d68e9f7cca555eef4b1f
380,16842FL0120001,26,6,Individual,EPO,QHP,Bronze,Transparency 2026 - Ind QHP,328,Transparency_in_Coverage_PUF.xlsx,27379dc76590027b0e6d21d736331f87376f0ac87810d68e9f7cca555eef4b1f
381,16842FL0120033,26,6,Individual,EPO,QHP,Silver,Transparency 2026 - Ind QHP,329,Transparency_in_Coverage_PUF.xlsx,27379dc76590027b0e6d21d736331f87376f0ac87810d68e9f7cca555eef4b1f
382,16842FL0120062,26,6,Individual,EPO,QHP,Platinum,Transparency 2026 - Ind QHP,330,Transparency_in_Coverage_PUF.xlsx,27379dc76590027b0e6d21d736331f87376f0ac87810d68e9f7cca555eef4b1f
383,16842FL0120068,26,6,Individual,EPO,QHP,Bronze,Transparency 2026 - Ind QHP,331,Transparency_in_Coverage_PUF.xlsx,27379dc76590027b0e6d21d736331f87376f0ac87810d68e9f7cca555eef4b1f
384,16842FL0120070,26,6,Individual,EPO,QHP,Platinum,Transparency 2026 - Ind QHP,332,Transparency_in_Coverage_PUF.xlsx,27379dc76590027b0e6d21d736331f87376f0ac87810d68e9f7cca555eef4b1f
385,16842FL0120072,26,6,Individual,EPO,QHP,Silver,Transparency 2026 - Ind QHP,333,Transparency_in_Coverage_PUF.xlsx,27379dc76590027b0e6d21d736331f87376f0ac87810d68e9f7cca555eef4b1f
386,16842FL0120076,26,6,Individual,EPO,QHP,Gold,Transparency 2026 - Ind QHP,334,Transparency_in_Coverage_PUF.xlsx,27379dc76590027b0e6d21d736331f87376f0ac87810d68e9f7cca555eef4b1f
387,16842FL0120078,26,6,Individual,EPO,QHP,Bronze,Transparency 2026 - Ind QHP,335,Transparency_in_Coverage_PUF.xlsx,27379dc76590027b0e6d21d736331f87376f0ac87810d68e9f7cca555eef4b1f
388,16842FL0120086,26,6,Individual,EPO,QHP,Gold,Transparency 2026 - Ind QHP,336,Transparency_in_Coverage_PUF.xlsx,27379dc76590027b0e6d21d736331f87376f0ac87810d68e9f7cca555eef4b1f
389,16842FL0120091,26,6,Individual,EPO,QHP,Bronze,Transparency 2026 - Ind QHP,337,Transparency_in_Coverage_PUF.xlsx,27379dc76590027b0e6d21d736331f87376f0ac87810d68e9f7cca555eef4b1f
390,16842FL0120093,26,6,Individual,EPO,QHP,Bronze,Transparency 2026 - Ind QHP,338,Transparency_in_Coverage_PUF.xlsx,27379dc76590027b0e6d21d736331f87376f0ac87810d68e9f7cca555eef4b1f
391,16842FL0120094,26,6,Individual,EPO,QHP,Silver,Transparency 2026 - Ind QHP,339,Transparency_in_Coverage_PUF.xlsx,27379dc76590027b0e6d21d736331f87376f0ac87810d68e9f7cca555eef4b1f
392,16842FL0120095,26,6,Individual,EPO,QHP,Gold,Transparency 2026 - Ind QHP,340,Transparency_in_Coverage_PUF.xlsx,27379dc76590027b0e6d21d736331f87376f0ac87810d68e9f7cca555eef4b1f
393,16842FL0120096,26,6,Individual,EPO,QHP,Platinum,Transparency 2026 - Ind QHP,341,Transparency_in_Coverage_PUF.xlsx,27379dc76590027b0e6d21d736331f87376f0ac87810d68e9f7cca555eef4b1f
394,16842FL0260003,26,6,Individual,PPO,QHP,Silver,Transparency 2026 - Ind QHP,342,Transparency_in_Coverage_PUF.xlsx,27379dc76590027b0e6d21d736331f87376f0ac87810d68e9f7cca555eef4b1f
395,16842FL0260004,26,6,Individual,PPO,QHP,Bronze,Transparency 2026 - Ind QHP,343,Transparency_in_Coverage_PUF.xlsx,27379dc76590027b0e6d21d736331f87376f0ac87810d68e9f7cca555eef4b1f
396,16842FL0260005,26,6,Individual,PPO,QHP,Platinum,Transparency 2026 - Ind QHP,344,Transparency_in_Coverage_PUF.xlsx,27379dc76590027b0e6d21d736331f87376f0ac87810d68e9f7cca555eef4b1f
397,16842FL0260006,26,6,Individual,PPO,QHP,Bronze,Transparency 2026 - Ind QHP,345,Transparency_in_Coverage_PUF.xlsx,27379dc76590027b0e6d21d736331f87376f0ac87810d68e9f7cca555eef4b1f
398,16842FL0260007,26,6,Individual,PPO,QHP,Silver,Transparency 2026 - Ind QHP,346,Transparency_in_Coverage_PUF.xlsx,27379dc76590027b0e6d21d736331f87376f0ac87810d68e9f7cca555eef4b1f
399,16842FL0260008,26,6,Individual,PPO,QHP,Platinum,Transparency 2026 - Ind QHP,347,Transparency_in_Coverage_PUF.xlsx,27379dc76590027b0e6d21d736331f87376f0ac87810d68e9f7cca555eef4b1f
400,16842FL0260009,26,6,Individual,PPO,QHP,Gold,Transparency 2026 - Ind QHP,348,Transparency_in_Coverage_PUF.xlsx,27379dc76590027b0e6d21d736331f87376f0ac87810d68e9f7cca555eef4b1f
401,16842FL0260010,26,6,Individual,PPO,QHP,Bronze,Transparency 2026 - Ind QHP,349,Transparency_in_Coverage_PUF.xlsx,27379dc76590027b0e6d21d736331f87376f0ac87810d68e9f7cca555eef4b1f
402,16842FL0260012,26,6,Individual,PPO,QHP,Gold,Transparency 2026 - Ind QHP,350,Transparency_in_Coverage_PUF.xlsx,27379dc76590027b0e6d21d736331f87376f0ac87810d68e9f7cca555eef4b1f
403,16842FL0260017,26,6,Individual,PPO,QHP,Bronze,Transparency 2026 - Ind QHP,351,Transparency_in_Coverage_PUF.xlsx,27379dc76590027b0e6d21d736331f87376f0ac87810d68e9f7cca555eef4b1f
404,16842FL0260018,26,6,Individual,PPO,QHP,Bronze,Transparency 2026 - Ind QHP,352,Transparency_in_Coverage_PUF.xlsx,27379dc76590027b0e6d21d736331f87376f0ac87810d68e9f7cca555eef4b1f
405,16842FL0260019,26,6,Individual,PPO,QHP,Silver,Transparency 2026 - Ind QHP,353,Transparency_in_Coverage_PUF.xlsx,27379dc76590027b0e6d21d736331f87376f0ac87810d68e9f7cca555eef4b1f
406,16842FL0260020,26,6,Individual,PPO,QHP,Gold,Transparency 2026 - Ind QHP,354,Transparency_in_Coverage_PUF.xlsx,27379dc76590027b0e6d21d736331f87376f0ac87810d68e9f7cca555eef4b1f
407,16842FL0260021,26,6,Individual,PPO,QHP,Platinum,Transparency 2026 - Ind QHP,355,Transparency_in_Coverage_PUF.xlsx,27379dc76590027b0e6d21d736331f87376f0ac87810d68e9f7cca555eef4b1f
408,16842FL0310001,26,6,Individual,EPO,QHP,Gold,Transparency 2026 - Ind QHP,356,Transparency_in_Coverage_PUF.xlsx,27379dc76590027b0e6d21d736331f87376f0ac87810d68e9f7cca555eef4b1f
409,16842FL0310004,26,6,Individual,EPO,QHP,Silver,Transparency 2026 - Ind QHP,357,Transparency_in_Coverage_PUF.xlsx,27379dc76590027b0e6d21d736331f87376f0ac87810d68e9f7cca555eef4b1f
410,16842FL0310014,26,6,Individual,EPO,QHP,Bronze,Transparency 2026 - Ind QHP,358,Transparency_in_Coverage_PUF.xlsx,27379dc76590027b0e6d21d736331f87376f0ac87810d68e9f7cca555eef4b1f
411,16842FL0320004,26,6,Individual,EPO,QHP,Silver,Transparency 2026 - Ind QHP,359,Transparency_in_Coverage_PUF.xlsx,27379dc76590027b0e6d21d736331f87376f0ac87810d68e9f7cca555eef4b1f
412,16842FL0320014,26,6,Individual,EPO,QHP,Bronze,Transparency 2026 - Ind QHP,360,Transparency_in_Coverage_PUF.xlsx,27379dc76590027b0e6d21d736331f87376f0ac87810d68e9f7cca555eef4b1f
413,16845IN0010001,27,9,Individual,PPO,SADP,Low,Transparency 2026 - Ind SADP,59,Transparency_in_Coverage_PUF.xlsx,27379dc76590027b0e6d21d736331f87376f0ac87810d68e9f7cca555eef4b1f
414,16845IN0010002,27,9,Individual,PPO,SADP,High,Transparency 2026 - Ind SADP,60,Transparency_in_Coverage_PUF.xlsx,27379dc76590027b0e6d21d736331f87376f0ac87810d68e9f7cca555eef4b1f
415,16845IN0010003,27,9,Individual,PPO,SADP,Low,Transparency 2026 - Ind SADP,61,Transparency_in_Coverage_PUF.xlsx,27379dc76590027b0e6d21d736331f87376f0ac87810d68e9f7cca555eef4b1f
416,16845IN0010004,27,9,Individual,PPO,SADP,Low,Transparency 2026 - Ind SADP,62,Transparency_in_Coverage_PUF.xlsx,27379dc76590027b0e6d21d736331f87376f0ac87810d68e9f7cca555eef4b1f
417,16845IN0010005,27,9,Individual,PPO,SADP,Low,Transparency 2026 - Ind SADP,63,Transparency_in_Coverage_PUF.xlsx,27379dc76590027b0e6d21d736331f87376f0ac87810d68e9f7cca555eef4b1f
418,16845IN0010006,27,9,Individual,PPO,SADP,High,Transparency 2026 - Ind SADP,64,Transparency_in_Coverage_PUF.xlsx,27379dc76590027b0e6d21d736331f87376f0ac87810d68e9f7cca555eef4b1f
419,17091AL0010001,28,2,Individual,EPO,QHP,Bronze,Transparency 2026 - Ind QHP,361,Transparency_in_Coverage_PUF.xlsx,27379dc76590027b0e6d21d736331f87376f0ac87810d68e9f7cca555eef4b1f
420,17091AL0010002,28,2,Individual,EPO,QHP,Bronze,Transparency 2026 - Ind QHP,362,Transparency_in_Coverage_PUF.xlsx,27379dc76590027b0e6d21d736331f87376f0ac87810d68e9f7cca555eef4b1f
421,17091AL0010003,28,2,Individual,EPO,QHP,Bronze,Transparency 2026 - Ind QHP,363,Transparency_in_Coverage_PUF.xlsx,27379dc76590027b0e6d21d736331f87376f0ac87810d68e9f7cca555eef4b1f
422,17091AL0010004,28,2,Individual,EPO,QHP,Bronze,Transparency 2026 - Ind QHP,364,Transparency_in_Coverage_PUF.xlsx,27379dc76590027b0e6d21d736331f87376f0ac87810d68e9f7cca555eef4b1f
423,17091AL0010005,28,2,Individual,EPO,QHP,Silver,Transparency 2026 - Ind QHP,365,Transparency_in_Coverage_PUF.xlsx,27379dc76590027b0e6d21d736331f87376f0ac87810d68e9f7cca555eef4b1f
424,17091AL0010006,28,2,Individual,EPO,QHP,Silver,Transparency 2026 - Ind QHP,366,Transparency_in_Coverage_PUF.xlsx,27379dc76590027b0e6d21d736331f87376f0ac87810d68e9f7cca555eef4b1f
425,17091AL0010007,28,2,Individual,EPO,QHP,Silver,Transparency 2026 - Ind QHP,367,Transparency_in_Coverage_PUF.xlsx,27379dc76590027b0e6d21d736331f87376f0ac87810d68e9f7cca555eef4b1f
426,17091AL0010008,28,2,Individual,EPO,QHP,Gold,Transparency 2026 - Ind QHP,368,Transparency_in_Coverage_PUF.xlsx,27379dc76590027b0e6d21d736331f87376f0ac87810d68e9f7cca555eef4b1f
427,17091AL0010009,28,2,Individual,EPO,QHP,Gold,Transparency 2026 - Ind QHP,369,Transparency_in_Coverage_PUF.xlsx,27379dc76590027b0e6d21d736331f87376f0ac87810d68e9f7cca555eef4b1f
428,17121FL0020003,29,6,Individual,PPO,SADP,High,Transparency 2026 - Ind SADP,65,Transparency_in_Coverage_PUF.xlsx,27379dc76590027b0e6d21d736331f87376f0ac87810d68e9f7cca555eef4b1f
429,17121FL0020006,29,6,Individual,PPO,SADP,Low,Transparency 2026 - Ind SADP,66,Transparency_in_Coverage_PUF.xlsx,27379dc76590027b0e6d21d736331f87376f0ac87810d68e9f7cca555eef4b1f
430,17121FL0020007,29,6,Individual,PPO,SADP,High,Transparency 2026 - Ind SADP,67,Transparency_in_Coverage_PUF.xlsx,27379dc76590027b0e6d21d736331f87376f0ac87810d68e9f7cca555eef4b1f
431,17121FL0020008,29,6,Individual,PPO,SADP,Low,Transparency 2026 - Ind SADP,68,Transparency_in_Coverage_PUF.xlsx,27379dc76590027b0e6d21d736331f87376f0ac87810d68e9f7cca555eef4b1f
432,17414NC0010004,30,16,Individual,HMO,QHP,Bronze,Transparency 2026 - Ind QHP,370,Transparency_in_Coverage_PUF.xlsx,27379dc76590027b0e6d21d736331f87376f0ac87810d68e9f7cca555eef4b1f
433,17414NC0010007,30,16,Individual,HMO,QHP,Bronze,Transparency 2026 - Ind QHP,371,Transparency_in_Coverage_PUF.xlsx,27379dc76590027b0e6d21d736331f87376f0ac87810d68e9f7cca555eef4b1f
434,17414NC0010008,30,16,Individual,HMO,QHP,Silver,Transparency 2026 - Ind QHP,372,Transparency_in_Coverage_PUF.xlsx,27379dc76590027b0e6d21d736331f87376f0ac87810d68e9f7cca555eef4b1f
435,17414NC0010009,30,16,Individual,HMO,QHP,Gold,Transparency 2026 - Ind QHP,373,Transparency_in_Coverage_PUF.xlsx,27379dc76590027b0e6d21d736331f87376f0ac87810d68e9f7cca555eef4b1f
436,17414NC0010011,30,16,Individual,HMO,QHP,Bronze,Transparency 2026 - Ind QHP,374,Transparency_in_Coverage_PUF.xlsx,27379dc76590027b0e6d21d736331f87376f0ac87810d68e9f7cca555eef4b1f
437,17414NC0010012,30,16,Individual,HMO,QHP,Silver,Transparency 2026 - Ind QHP,375,Transparency_in_Coverage_PUF.xlsx,27379dc76590027b0e6d21d736331f87376f0ac87810d68e9f7cca555eef4b1f
438,17414NC0010013,30,16,Individual,HMO,QHP,Silver,Transparency 2026 - Ind QHP,376,Transparency_in_Coverage_PUF.xlsx,27379dc76590027b0e6d21d736331f87376f0ac87810d68e9f7cca555eef4b1f
439,17414NC0010014,30,16,Individual,HMO,QHP,Gold,Transparency 2026 - Ind QHP,377,Transparency_in_Coverage_PUF.xlsx,27379dc76590027b0e6d21d736331f87376f0ac87810d68e9f7cca555eef4b1f
440,17454AZ0080005,31,4,Individual,PPO,SADP,Low,Transparency 2026 - Ind SADP,69,Transparency_in_Coverage_PUF.xlsx,27379dc76590027b0e6d21d736331f87376f0ac87810d68e9f7cca555eef4b1f
441,17454AZ0090005,31,4,Individual,PPO,SADP,Low,Transparency 2026 - Ind SADP,70,Transparency_in_Coverage_PUF.xlsx,27379dc76590027b0e6d21d736331f87376f0ac87810d68e9f7cca555eef4b1f
442,17454AZ0100005,31,4,Individual,PPO,SADP,Low,Transparency 2026 - Ind SADP,71,Transparency_in_Coverage_PUF.xlsx,27379dc76590027b0e6d21d736331f87376f0ac87810d68e9f7cca555eef4b1f
443,17454AZ0110004,31,4,Individual,PPO,SADP,Low,Transparency 2026 - Ind SADP,72,Transparency_in_Coverage_PUF.xlsx,27379dc76590027b0e6d21d736331f87376f0ac87810d68e9f7cca555eef4b1f
444,17540AL0130005,32,2,Individual,PPO,SADP,Low,Transparency 2026 - Ind SADP,73,Transparency_in_Coverage_PUF.xlsx,27379dc76590027b0e6d21d736331f87376f0ac87810d68e9f7cca555eef4b1f
445,17540AL0140005,32,2,Individual,PPO,SADP,Low,Transparency 2026 - Ind SADP,74,Transparency_in_Coverage_PUF.xlsx,27379dc76590027b0e6d21d736331f87376f0ac87810d68e9f7cca555eef4b1f
446,17540AL0150005,32,2,Individual,PPO,SADP,Low,Transparency 2026 - Ind SADP,75,Transparency_in_Coverage_PUF.xlsx,27379dc76590027b0e6d21d736331f87376f0ac87810d68e9f7cca555eef4b1f
447,17575IN0860003,33,9,Individual,PPO,SADP,Low,Transparency 2026 - Ind SADP,76,Transparency_in_Coverage_PUF.xlsx,27379dc76590027b0e6d21d736331f87376f0ac87810d68e9f7cca555eef4b1f
448,17575IN0860004,33,9,Individual,PPO,SADP,High,Transparency 2026 - Ind SADP,77,Transparency_in_Coverage_PUF.xlsx,27379dc76590027b0e6d21d736331f87376f0ac87810d68e9f7cca555eef4b1f
449,17575IN0860005,33,9,Individual,PPO,SADP,Low,Transparency 2026 - Ind SADP,78,Transparency_in_Coverage_PUF.xlsx,27379dc76590027b0e6d21d736331f87376f0ac87810d68e9f7cca555eef4b1f
450,17575IN0860006,33,9,Individual,PPO,SADP,Low,Transparency 2026 - Ind SADP,79,Transparency_in_Coverage_PUF.xlsx,27379dc76590027b0e6d21d736331f87376f0ac87810d68e9f7cca555eef4b1f
451,17575IN0990001,33,9,Individual,HMO,QHP,Silver,Transparency 2026 - Ind QHP,378,Transparency_in_Coverage_PUF.xlsx,27379dc76590027b0e6d21d736331f87376f0ac87810d68e9f7cca555eef4b1f
452,17575IN0990002,33,9,Individual,HMO,QHP,Silver,Transparency 2026 - Ind QHP,379,Transparency_in_Coverage_PUF.xlsx,27379dc76590027b0e6d21d736331f87376f0ac87810d68e9f7cca555eef4b1f
453,17575IN0990003,33,9,Individual,HMO,QHP,Silver,Transparency 2026 - Ind QHP,380,Transparency_in_Coverage_PUF.xlsx,27379dc76590027b0e6d21d736331f87376f0ac87810d68e9f7cca555eef4b1f
454,17575IN0990004,33,9,Individual,HMO,QHP,Catastrophic,Transparency 2026 - Ind QHP,381,Transparency_in_Coverage_PUF.xlsx,27379dc76590027b0e6d21d736331f87376f0ac87810d68e9f7cca555eef4b1f
455,17575IN0990005,33,9,Individual,HMO,QHP,Silver,Transparency 2026 - Ind QHP,382,Transparency_in_Coverage_PUF.xlsx,27379dc76590027b0e6d21d736331f87376f0ac87810d68e9f7cca555eef4b1f
456,17575IN0990006,33,9,Individual,HMO,QHP,Gold,Transparency 2026 - Ind QHP,383,Transparency_in_Coverage_PUF.xlsx,27379dc76590027b0e6d21d736331f87376f0ac87810d68e9f7cca555eef4b1f
457,17575IN0990007,33,9,Individual,HMO,QHP,Bronze,Transparency 2026 - Ind QHP,384,Transparency_in_Coverage_PUF.xlsx,27379dc76590027b0e6d21d736331f87376f0ac87810d68e9f7cca555eef4b1f
458,17575IN0990008,33,9,Individual,HMO,QHP,Bronze,Transparency 2026 - Ind QHP,385,Transparency_in_Coverage_PUF.xlsx,27379dc76590027b0e6d21d736331f87376f0ac87810d68e9f7cca555eef4b1f
459,17575IN0990009,33,9,Individual,HMO,QHP,Bronze,Transparency 2026 - Ind QHP,386,Transparency_in_Coverage_PUF.xlsx,27379dc76590027b0e6d21d736331f87376f0ac87810d68e9f7cca555eef4b1f
460,17575IN0990010,33,9,Individual,HMO,QHP,Bronze,Transparency 2026 - Ind QHP,387,Transparency_in_Coverage_PUF.xlsx,27379dc76590027b0e6d21d736331f87376f0ac87810d68e9f7cca555eef4b1f
461,17575IN0990011,33,9,Individual,HMO,QHP,Bronze,Transparency 2026 - Ind QHP,388,Transparency_in_Coverage_PUF.xlsx,27379dc76590027b0e6d21d736331f87376f0ac87810d68e9f7cca555eef4b1f
462,17575IN0990012,33,9,Individual,HMO,QHP,Gold,Transparency 2026 - Ind QHP,389,Transparency_in_Coverage_PUF.xlsx,27379dc76590027b0e6d21d736331f87376f0ac87810d68e9f7cca555eef4b1f
463,17575IN0990013,33,9,Individual,HMO,QHP,Silver,Transparency 2026 - Ind QHP,390,Transparency_in_Coverage_PUF.xlsx,27379dc76590027b0e6d21d736331f87376f0ac87810d68e9f7cca555eef4b1f
464,17575IN1000001,33,9,Individual,POS,QHP,Bronze,Transparency 2026 - Ind QHP,391,Transparency_in_Coverage_PUF.xlsx,27379dc76590027b0e6d21d736331f87376f0ac87810d68e9f7cca555eef4b1f
465,17575IN1000002,33,9,Individual,POS,QHP,Bronze,Transparency 2026 - Ind QHP,392,Transparency_in_Coverage_PUF.xlsx,27379dc76590027b0e6d21d736331f87376f0ac87810d68e9f7cca555eef4b1f
466,17933TX0010006,34,26,Individual,EPO,QHP,Bronze,Transparency 2026 - Ind QHP,393,Transparency_in_Coverage_PUF.xlsx,27379dc76590027b0e6d21d736331f87376f0ac87810d68e9f7cca555eef4b1f
467,17933TX0010007,34,26,Individual,EPO,QHP,Bronze,Transparency 2026 - Ind QHP,394,Transparency_in_Coverage_PUF.xlsx,27379dc76590027b0e6d21d736331f87376f0ac87810d68e9f7cca555eef4b1f
468,17933TX0010008,34,26,Individual,EPO,QHP,Silver,Transparency 2026 - Ind QHP,395,Transparency_in_Coverage_PUF.xlsx,27379dc76590027b0e6d21d736331f87376f0ac87810d68e9f7cca555eef4b1f
469,17933TX0010009,34,26,Individual,EPO,QHP,Gold,Transparency 2026 - Ind QHP,396,Transparency_in_Coverage_PUF.xlsx,27379dc76590027b0e6d21d736331f87376f0ac87810d68e9f7cca555eef4b1f
470,17933TX0010010,34,26,Individual,EPO,QHP,Bronze,Transparency 2026 - Ind QHP,397,Transparency_in_Coverage_PUF.xlsx,27379dc76590027b0e6d21d736331f87376f0ac87810d68e9f7cca555eef4b1f
471,18167UT0010001,35,27,Individual,HMO,QHP,Gold,Transparency 2026 - Ind QHP,398,Transparency_in_Coverage_PUF.xlsx,27379dc76590027b0e6d21d736331f87376f0ac87810d68e9f7cca555eef4b1f
472,18167UT0010002,35,27,Individual,HMO,QHP,Silver,Transparency 2026 - Ind QHP,399,Transparency_in_Coverage_PUF.xlsx,27379dc76590027b0e6d21d736331f87376f0ac87810d68e9f7cca555eef4b1f
473,18167UT0010008,35,27,Individual,HMO,QHP,Gold,Transparency 2026 - Ind QHP,400,Transparency_in_Coverage_PUF.xlsx,27379dc76590027b0e6d21d736331f87376f0ac87810d68e9f7cca555eef4b1f
474,18167UT0010009,35,27,Individual,HMO,QHP,Silver,Transparency 2026 - Ind QHP,401,Transparency_in_Coverage_PUF.xlsx,27379dc76590027b0e6d21d736331f87376f0ac87810d68e9f7cca555eef4b1f
475,18167UT0010010,35,27,Individual,HMO,QHP,Silver,Transparency 2026 - Ind QHP,402,Transparency_in_Coverage_PUF.xlsx,27379dc76590027b0e6d21d736331f87376f0ac87810d68e9f7cca555eef4b1f
476,18167UT0040002,35,27,Individual,HMO,QHP,Silver,Transparency 2026 - Ind QHP,403,Transparency_in_Coverage_PUF.xlsx,27379dc76590027b0e6d21d736331f87376f0ac87810d68e9f7cca555eef4b1f
477,18167UT0060001,35,27,Individual,HMO,QHP,Gold,Transparency 2026 - Ind QHP,404,Transparency_in_Coverage_PUF.xlsx,27379dc76590027b0e6d21d736331f87376f0ac87810d68e9f7cca555eef4b1f
478,18167UT0060002,35,27,Individual,HMO,QHP,Silver,Transparency 2026 - Ind QHP,405,Transparency_in_Coverage_PUF.xlsx,27379dc76590027b0e6d21d736331f87376f0ac87810d68e9f7cca555eef4b1f
479,18350HI0880001,36,7,Individual,PPO,QHP,Platinum,Transparency 2026 - Ind QHP,406,Transparency_in_Coverage_PUF.xlsx,27379dc76590027b0e6d21d736331f87376f0ac87810d68e9f7cca555eef4b1f
480,18350HI0880003,36,7,Individual,PPO,QHP,Catastrophic,Transparency 2026 - Ind QHP,407,Transparency_in_Coverage_PUF.xlsx,27379dc76590027b0e6d21d736331f87376f0ac87810d68e9f7cca555eef4b1f
481,18350HI0880007,36,7,Individual,PPO,QHP,Gold,Transparency 2026 - Ind QHP,408,Transparency_in_Coverage_PUF.xlsx,27379dc76590027b0e6d21d736331f87376f0ac87810d68e9f7cca555eef4b1f
482,18350HI0880013,36,7,Individual,PPO,QHP,Gold,Transparency 2026 - Ind QHP,409,Transparency_in_Coverage_PUF.xlsx,27379dc76590027b0e6d21d736331f87376f0ac87810d68e9f7cca555eef4b1f
483,18350HI0880017,36,7,Individual,PPO,QHP,Silver,Transparency 2026 - Ind QHP,410,Transparency_in_Coverage_PUF.xlsx,27379dc76590027b0e6d21d736331f87376f0ac87810d68e9f7cca555eef4b1f
484,18350HI0880033,36,7,Individual,PPO,QHP,Bronze,Transparency 2026 - Ind QHP,411,Transparency_in_Coverage_PUF.xlsx,27379dc76590027b0e6d21d736331f87376f0ac87810d68e9f7cca555eef4b1f
485,18350HI0880035,36,7,Individual,PPO,QHP,Bronze,Transparency 2026 - Ind QHP,412,Transparency_in_Coverage_PUF.xlsx,27379dc76590027b0e6d21d736331f87376f0ac87810d68e9f7cca555eef4b1f
486,18350HI0920001,36,7,Individual,PPO,SADP,High,Transparency 2026 - Ind SADP,80,Transparency_in_Coverage_PUF.xlsx,27379dc76590027b0e6d21d736331f87376f0ac87810d68e9f7cca555eef4b1f
487,18350HI0920002,36,7,Individual,PPO,SADP,Low,Transparency 2026 - Ind SADP,81,Transparency_in_Coverage_PUF.xlsx,27379dc76590027b0e6d21d736331f87376f0ac87810d68e9f7cca555eef4b1f
488,18350HI0920005,36,7,Individual,PPO,SADP,High,Transparency 2026 - Ind SADP,82,Transparency_in_Coverage_PUF.xlsx,27379dc76590027b0e6d21d736331f87376f0ac87810d68e9f7cca555eef4b1f
489,18350HI0920007,36,7,Individual,PPO,SADP,Low,Transparency 2026 - Ind SADP,83,Transparency_in_Coverage_PUF.xlsx,27379dc76590027b0e6d21d736331f87376f0ac87810d68e9f7cca555eef4b1f
490,18350HI0930001,36,7,Individual,HMO,SADP,Low,Transparency 2026 - Ind SADP,84,Transparency_in_Coverage_PUF.xlsx,27379dc76590027b0e6d21d736331f87376f0ac87810d68e9f7cca555eef4b1f
491,18558KS0400006,37,10,Individual,EPO,QHP,Gold,Transparency 2026 - Ind QHP,413,Transparency_in_Coverage_PUF.xlsx,27379dc76590027b0e6d21d736331f87376f0ac87810d68e9f7cca555eef4b1f
492,18558KS0400008,37,10,Individual,EPO,QHP,Silver,Transparency 2026 - Ind QHP,414,Transparency_in_Coverage_PUF.xlsx,27379dc76590027b0e6d21d736331f87376f0ac87810d68e9f7cca555eef4b1f
493,18558KS0400009,37,10,Individual,EPO,QHP,Bronze,Transparency 2026 - Ind QHP,415,Transparency_in_Coverage_PUF.xlsx,27379dc76590027b0e6d21d736331f87376f0ac87810d68e9f7cca555eef4b1f
494,18558KS0400010,37,10,Individual,EPO,QHP,Bronze,Transparency 2026 - Ind QHP,416,Transparency_in_Coverage_PUF.xlsx,27379dc76590027b0e6d21d736331f87376f0ac87810d68e9f7cca555eef4b1f
495,18558KS0400013,37,10,Individual,EPO,QHP,Silver,Transparency 2026 - Ind QHP,417,Transparency_in_Coverage_PUF.xlsx,27379dc76590027b0e6d21d736331f87376f0ac87810d68e9f7cca555eef4b1f
496,18558KS0400014,37,10,Individual,EPO,QHP,Gold,Transparency 2026 - Ind QHP,418,Transparency_in_Coverage_PUF.xlsx,27379dc76590027b0e6d21d736331f87376f0ac87810d68e9f7cca555eef4b1f
497,18558KS0420002,37,10,Individual,EPO,QHP,Bronze,Transparency 2026 - Ind QHP,419,Transparency_in_Coverage_PUF.xlsx,27379dc76590027b0e6d21d736331f87376f0ac87810d68e9f7cca555eef4b1f
498,18558KS0420003,37,10,Individual,EPO,QHP,Silver,Transparency 2026 - Ind QHP,420,Transparency_in_Coverage_PUF.xlsx,27379dc76590027b0e6d21d736331f87376f0ac87810d68e9f7cca555eef4b1f
499,18558KS0420004,37,10,Individual,EPO,QHP,Gold,Transparency 2026 - Ind QHP,421,Transparency_in_Coverage_PUF.xlsx,27379dc76590027b0e6d21d736331f87376f0ac87810d68e9f7cca555eef4b1f
500,18802LA0010004,38,11,Individual,PPO,SADP,High,Transparency 2026 - Ind SADP,85,Transparency_in_Coverage_PUF.xlsx,27379dc76590027b0e6d21d736331f87376f0ac87810d68e9f7cca555eef4b1f
501,18802LA0010006,38,11,Individual,PPO,SADP,Low,Transparency 2026 - Ind SADP,86,Transparency_in_Coverage_PUF.xlsx,27379dc76590027b0e6d21d736331f87376f0ac87810d68e9f7cca555eef4b1f
502,19636LA0220005,39,11,Individual,POS,QHP,Gold,Transparency 2026 - Ind QHP,422,Transparency_in_Coverage_PUF.xlsx,27379dc76590027b0e6d21d736331f87376f0ac87810d68e9f7cca555eef4b1f
503,19636LA0220012,39,11,Individual,POS,QHP,Bronze,Transparency 2026 - Ind QHP,423,Transparency_in_Coverage_PUF.xlsx,27379dc76590027b0e6d21d736331f87376f0ac87810d68e9f7cca555eef4b1f
504,19636LA0220014,39,11,Individual,POS,QHP,Silver,Transparency 2026 - Ind QHP,424,Transparency_in_Coverage_PUF.xlsx,27379dc76590027b0e6d21d736331f87376f0ac87810d68e9f7cca555eef4b1f
505,19636LA0220017,39,11,Individual,POS,QHP,Bronze,Transparency 2026 - Ind QHP,425,Transparency_in_Coverage_PUF.xlsx,27379dc76590027b0e6d21d736331f87376f0ac87810d68e9f7cca555eef4b1f
506,19636LA0220018,39,11,Individual,POS,QHP,Silver,Transparency 2026 - Ind QHP,426,Transparency_in_Coverage_PUF.xlsx,27379dc76590027b0e6d21d736331f87376f0ac87810d68e9f7cca555eef4b1f
507,19636LA0220019,39,11,Individual,POS,QHP,Gold,Transparency 2026 - Ind QHP,427,Transparency_in_Coverage_PUF.xlsx,27379dc76590027b0e6d21d736331f87376f0ac87810d68e9f7cca555eef4b1f
508,19636LA0220020,39,11,Individual,POS,QHP,Bronze,Transparency 2026 - Ind QHP,428,Transparency_in_Coverage_PUF.xlsx,27379dc76590027b0e6d21d736331f87376f0ac87810d68e9f7cca555eef4b1f
509,19636LA0230008,39,11,Individual,POS,QHP,Silver,Transparency 2026 - Ind QHP,429,Transparency_in_Coverage_PUF.xlsx,27379dc76590027b0e6d21d736331f87376f0ac87810d68e9f7cca555eef4b1f
510,19636LA0230009,39,11,Individual,POS,QHP,Gold,Transparency 2026 - Ind QHP,430,Transparency_in_Coverage_PUF.xlsx,27379dc76590027b0e6d21d736331f87376f0ac87810d68e9f7cca555eef4b1f
511,19636LA0230010,39,11,Individual,POS,QHP,Silver,Transparency 2026 - Ind QHP,431,Transparency_in_Coverage_PUF.xlsx,27379dc76590027b0e6d21d736331f87376f0ac87810d68e9f7cca555eef4b1f
512,19636LA0230011,39,11,Individual,POS,QHP,Bronze,Transparency 2026 - Ind QHP,432,Transparency_in_Coverage_PUF.xlsx,27379dc76590027b0e6d21d736331f87376f0ac87810d68e9f7cca555eef4b1f
513,19636LA0230012,39,11,Individual,POS,QHP,Bronze,Transparency 2026 - Ind QHP,433,Transparency_in_Coverage_PUF.xlsx,27379dc76590027b0e6d21d736331f87376f0ac87810d68e9f7cca555eef4b1f
514,19636LA0240007,39,11,Individual,POS,QHP,Silver,Transparency 2026 - Ind QHP,434,Transparency_in_Coverage_PUF.xlsx,27379dc76590027b0e6d21d736331f87376f0ac87810d68e9f7cca555eef4b1f
515,19636LA0240010,39,11,Individual,POS,QHP,Silver,Transparency 2026 - Ind QHP,435,Transparency_in_Coverage_PUF.xlsx,27379dc76590027b0e6d21d736331f87376f0ac87810d68e9f7cca555eef4b1f
516,19636LA0240013,39,11,Individual,POS,QHP,Silver,Transparency 2026 - Ind QHP,436,Transparency_in_Coverage_PUF.xlsx,27379dc76590027b0e6d21d736331f87376f0ac87810d68e9f7cca555eef4b1f
517,19636LA0240020,39,11,Individual,POS,QHP,Gold,Transparency 2026 - Ind QHP,437,Transparency_in_Coverage_PUF.xlsx,27379dc76590027b0e6d21d736331f87376f0ac87810d68e9f7cca555eef4b1f
518,19636LA0240021,39,11,Individual,POS,QHP,Gold,Transparency 2026 - Ind QHP,438,Transparency_in_Coverage_PUF.xlsx,27379dc76590027b0e6d21d736331f87376f0ac87810d68e9f7cca555eef4b1f
519,19636LA0240022,39,11,Individual,POS,QHP,Gold,Transparency 2026 - Ind QHP,439,Transparency_in_Coverage_PUF.xlsx,27379dc76590027b0e6d21d736331f87376f0ac87810d68e9f7cca555eef4b1f
520,19636LA0240023,39,11,Individual,POS,QHP,Silver,Transparency 2026 - Ind QHP,440,Transparency_in_Coverage_PUF.xlsx,27379dc76590027b0e6d21d736331f87376f0ac87810d68e9f7cca555eef4b1f
521,19636LA0240024,39,11,Individual,POS,QHP,Silver,Transparency 2026 - Ind QHP,441,Transparency_in_Coverage_PUF.xlsx,27379dc76590027b0e6d21d736331f87376f0ac87810d68e9f7cca555eef4b1f
522,19636LA0240025,39,11,Individual,POS,QHP,Silver,Transparency 2026 - Ind QHP,442,Transparency_in_Coverage_PUF.xlsx,27379dc76590027b0e6d21d736331f87376f0ac87810d68e9f7cca555eef4b1f
523,19636LA0240026,39,11,Individual,POS,QHP,Bronze,Transparency 2026 - Ind QHP,443,Transparency_in_Coverage_PUF.xlsx,27379dc76590027b0e6d21d736331f87376f0ac87810d68e9f7cca555eef4b1f
524,19636LA0240027,39,11,Individual,POS,QHP,Bronze,Transparency 2026 - Ind QHP,444,Transparency_in_Coverage_PUF.xlsx,27379dc76590027b0e6d21d736331f87376f0ac87810d68e9f7cca555eef4b1f
525,19636LA0240028,39,11,Individual,POS,QHP,Bronze,Transparency 2026 - Ind QHP,445,Transparency_in_Coverage_PUF.xlsx,27379dc76590027b0e6d21d736331f87376f0ac87810d68e9f7cca555eef4b1f
526,19636LA0240032,39,11,Individual,POS,QHP,Gold,Transparency 2026 - Ind QHP,446,Transparency_in_Coverage_PUF.xlsx,27379dc76590027b0e6d21d736331f87376f0ac87810d68e9f7cca555eef4b1f
527,19636LA0240033,39,11,Individual,POS,QHP,Bronze,Transparency 2026 - Ind QHP,447,Transparency_in_Coverage_PUF.xlsx,27379dc76590027b0e6d21d736331f87376f0ac87810d68e9f7cca555eef4b1f
528,19636LA0590003,39,11,Individual,POS,QHP,Silver,Transparency 2026 - Ind QHP,448,Transparency_in_Coverage_PUF.xlsx,27379dc76590027b0e6d21d736331f87376f0ac87810d68e9f7cca555eef4b1f
529,19636LA0590005,39,11,Individual,POS,QHP,Gold,Transparency 2026 - Ind QHP,449,Transparency_in_Coverage_PUF.xlsx,27379dc76590027b0e6d21d736331f87376f0ac87810d68e9f7cca555eef4b1f
530,19636LA0590006,39,11,Individual,POS,QHP,Silver,Transparency 2026 - Ind QHP,450,Transparency_in_Coverage_PUF.xlsx,27379dc76590027b0e6d21d736331f87376f0ac87810d68e9f7cca555eef4b1f
531,19636LA0590007,39,11,Individual,POS,QHP,Bronze,Transparency 2026 - Ind QHP,451,Transparency_in_Coverage_PUF.xlsx,27379dc76590027b0e6d21d736331f87376f0ac87810d68e9f7cca555eef4b1f
532,19636LA0590008,39,11,Individual,POS,QHP,Bronze,Transparency 2026 - Ind QHP,452,Transparency_in_Coverage_PUF.xlsx,27379dc76590027b0e6d21d736331f87376f0ac87810d68e9f7cca555eef4b1f
533,19636LA0610005,39,11,Individual,POS,QHP,Silver,Transparency 2026 - Ind QHP,453,Transparency_in_Coverage_PUF.xlsx,27379dc76590027b0e6d21d736331f87376f0ac87810d68e9f7cca555eef4b1f
534,19636LA0610010,39,11,Individual,POS,QHP,Silver,Transparency 2026 - Ind QHP,454,Transparency_in_Coverage_PUF.xlsx,27379dc76590027b0e6d21d736331f87376f0ac87810d68e9f7cca555eef4b1f
535,19636LA0610011,39,11,Individual,POS,QHP,Gold,Transparency 2026 - Ind QHP,455,Transparency_in_Coverage_PUF.xlsx,27379dc76590027b0e6d21d736331f87376f0ac87810d68e9f7cca555eef4b1f
536,19636LA0610012,39,11,Individual,POS,QHP,Gold,Transparency 2026 - Ind QHP,456,Transparency_in_Coverage_PUF.xlsx,27379dc76590027b0e6d21d736331f87376f0ac87810d68e9f7cca555eef4b1f
537,19636LA0610013,39,11,Individual,POS,QHP,Silver,Transparency 2026 - Ind QHP,457,Transparency_in_Coverage_PUF.xlsx,27379dc76590027b0e6d21d736331f87376f0ac87810d68e9f7cca555eef4b1f
538,19636LA0610014,39,11,Individual,POS,QHP,Silver,Transparency 2026 - Ind QHP,458,Transparency_in_Coverage_PUF.xlsx,27379dc76590027b0e6d21d736331f87376f0ac87810d68e9f7cca555eef4b1f
539,19636LA0610015,39,11,Individual,POS,QHP,Bronze,Transparency 2026 - Ind QHP,459,Transparency_in_Coverage_PUF.xlsx,27379dc76590027b0e6d21d736331f87376f0ac87810d68e9f7cca555eef4b1f
540,19636LA0610016,39,11,Individual,POS,QHP,Bronze,Transparency 2026 - Ind QHP,460,Transparency_in_Coverage_PUF.xlsx,27379dc76590027b0e6d21d736331f87376f0ac87810d68e9f7cca555eef4b1f
541,19636LA0610017,39,11,Individual,POS,QHP,Bronze,Transparency 2026 - Ind QHP,461,Transparency_in_Coverage_PUF.xlsx,27379dc76590027b0e6d21d736331f87376f0ac87810d68e9f7cca555eef4b1f
542,19898FL0340001,40,6,Individual,HMO,QHP,Gold,Transparency 2026 - Ind QHP,462,Transparency_in_Coverage_PUF.xlsx,27379dc76590027b0e6d21d736331f87376f0ac87810d68e9f7cca555eef4b1f
543,19898FL0340003,40,6,Individual,HMO,QHP,Silver,Transparency 2026 - Ind QHP,463,Transparency_in_Coverage_PUF.xlsx,27379dc76590027b0e6d21d736331f87376f0ac87810d68e9f7cca555eef4b1f
544,19898FL0340005,40,6,Individual,HMO,QHP,Silver,Transparency 2026 - Ind QHP,464,Transparency_in_Coverage_PUF.xlsx,27379dc76590027b0e6d21d736331f87376f0ac87810d68e9f7cca555eef4b1f
545,19898FL0340006,40,6,Individual,HMO,QHP,Bronze,Transparency 2026 - Ind QHP,465,Transparency_in_Coverage_PUF.xlsx,27379dc76590027b0e6d21d736331f87376f0ac87810d68e9f7cca555eef4b1f
546,19898FL0340007,40,6,Individual,HMO,QHP,Bronze,Transparency 2026 - Ind QHP,466,Transparency_in_Coverage_PUF.xlsx,27379dc76590027b0e6d21d736331f87376f0ac87810d68e9f7cca555eef4b1f
547,19898FL0340011,40,6,Individual,HMO,QHP,Gold,Transparency 2026 - Ind QHP,467,Transparency_in_Coverage_PUF.xlsx,27379dc76590027b0e6d21d736331f87376f0ac87810d68e9f7cca555eef4b1f
548,19898FL0340013,40,6,Individual,HMO,QHP,Silver,Transparency 2026 - Ind QHP,468,Transparency_in_Coverage_PUF.xlsx,27379dc76590027b0e6d21d736331f87376f0ac87810d68e9f7cca555eef4b1f
549,19898FL0340015,40,6,Individual,HMO,QHP,Silver,Transparency 2026 - Ind QHP,469,Transparency_in_Coverage_PUF.xlsx,27379dc76590027b0e6d21d736331f87376f0ac87810d68e9f7cca555eef4b1f
550,19898FL0340016,40,6,Individual,HMO,QHP,Bronze,Transparency 2026 - Ind QHP,470,Transparency_in_Coverage_PUF.xlsx,27379dc76590027b0e6d21d736331f87376f0ac87810d68e9f7cca555eef4b1f
551,19898FL0340017,40,6,Individual,HMO,QHP,Bronze,Transparency 2026 - Ind QHP,471,Transparency_in_Coverage_PUF.xlsx,27379dc76590027b0e6d21d736331f87376f0ac87810d68e9f7cca555eef4b1f
552,19898FL0340020,40,6,Individual,HMO,QHP,Platinum,Transparency 2026 - Ind QHP,472,Transparency_in_Coverage_PUF.xlsx,27379dc76590027b0e6d21d736331f87376f0ac87810d68e9f7cca555eef4b1f
553,19898FL0340021,40,6,Individual,HMO,QHP,Gold,Transparency 2026 - Ind QHP,473,Transparency_in_Coverage_PUF.xlsx,27379dc76590027b0e6d21d736331f87376f0ac87810d68e9f7cca555eef4b1f
554,19898FL0340023,40,6,Individual,HMO,QHP,Silver,Transparency 2026 - Ind QHP,474,Transparency_in_Coverage_PUF.xlsx,27379dc76590027b0e6d21d736331f87376f0ac87810d68e9f7cca555eef4b1f
555,19898FL0340025,40,6,Individual,HMO,QHP,Silver,Transparency 2026 - Ind QHP,475,Transparency_in_Coverage_PUF.xlsx,27379dc76590027b0e6d21d736331f87376f0ac87810d68e9f7cca555eef4b1f
556,19898FL0340026,40,6,Individual,HMO,QHP,Bronze,Transparency 2026 - Ind QHP,476,Transparency_in_Coverage_PUF.xlsx,27379dc76590027b0e6d21d736331f87376f0ac87810d68e9f7cca555eef4b1f
557,19898FL0340027,40,6,Individual,HMO,QHP,Bronze,Transparency 2026 - Ind QHP,477,Transparency_in_Coverage_PUF.xlsx,27379dc76590027b0e6d21d736331f87376f0ac87810d68e9f7cca555eef4b1f
558,19898FL0340031,40,6,Individual,HMO,QHP,Gold,Transparency 2026 - Ind QHP,478,Transparency_in_Coverage_PUF.xlsx,27379dc76590027b0e6d21d736331f87376f0ac87810d68e9f7cca555eef4b1f
559,19898FL0340033,40,6,Individual,HMO,QHP,Silver,Transparency 2026 - Ind QHP,479,Transparency_in_Coverage_PUF.xlsx,27379dc76590027b0e6d21d736331f87376f0ac87810d68e9f7cca555eef4b1f
560,19898FL0340035,40,6,Individual,HMO,QHP,Silver,Transparency 2026 - Ind QHP,480,Transparency_in_Coverage_PUF.xlsx,27379dc76590027b0e6d21d736331f87376f0ac87810d68e9f7cca555eef4b1f
561,19898FL0340036,40,6,Individual,HMO,QHP,Bronze,Transparency 2026 - Ind QHP,481,Transparency_in_Coverage_PUF.xlsx,27379dc76590027b0e6d21d736331f87376f0ac87810d68e9f7cca555eef4b1f
562,19898FL0340037,40,6,Individual,HMO,QHP,Bronze,Transparency 2026 - Ind QHP,482,Transparency_in_Coverage_PUF.xlsx,27379dc76590027b0e6d21d736331f87376f0ac87810d68e9f7cca555eef4b1f
563,19898FL0340041,40,6,Individual,HMO,QHP,Gold,Transparency 2026 - Ind QHP,483,Transparency_in_Coverage_PUF.xlsx,27379dc76590027b0e6d21d736331f87376f0ac87810d68e9f7cca555eef4b1f
564,19898FL0340043,40,6,Individual,HMO,QHP,Silver,Transparency 2026 - Ind QHP,484,Transparency_in_Coverage_PUF.xlsx,27379dc76590027b0e6d21d736331f87376f0ac87810d68e9f7cca555eef4b1f
565,19898FL0340045,40,6,Individual,HMO,QHP,Silver,Transparency 2026 - Ind QHP,485,Transparency_in_Coverage_PUF.xlsx,27379dc76590027b0e6d21d736331f87376f0ac87810d68e9f7cca555eef4b1f
566,19898FL0340046,40,6,Individual,HMO,QHP,Bronze,Transparency 2026 - Ind QHP,486,Transparency_in_Coverage_PUF.xlsx,27379dc76590027b0e6d21d736331f87376f0ac87810d68e9f7cca555eef4b1f
567,19898FL0340047,40,6,Individual,HMO,QHP,Bronze,Transparency 2026 - Ind QHP,487,Transparency_in_Coverage_PUF.xlsx,27379dc76590027b0e6d21d736331f87376f0ac87810d68e9f7cca555eef4b1f
568,19898FL0340061,40,6,Individual,HMO,QHP,Platinum,Transparency 2026 - Ind QHP,488,Transparency_in_Coverage_PUF.xlsx,27379dc76590027b0e6d21d736331f87376f0ac87810d68e9f7cca555eef4b1f
569,19898FL0340062,40,6,Individual,HMO,QHP,Platinum,Transparency 2026 - Ind QHP,489,Transparency_in_Coverage_PUF.xlsx,27379dc76590027b0e6d21d736331f87376f0ac87810d68e9f7cca555eef4b1f
570,19898FL0340063,40,6,Individual,HMO,QHP,Platinum,Transparency 2026 - Ind QHP,490,Transparency_in_Coverage_PUF.xlsx,27379dc76590027b0e6d21d736331f87376f0ac87810d68e9f7cca555eef4b1f
571,19898FL0340064,40,6,Individual,HMO,QHP,Platinum,Transparency 2026 - Ind QHP,491,Transparency_in_Coverage_PUF.xlsx,27379dc76590027b0e6d21d736331f87376f0ac87810d68e9f7cca555eef4b1f
572,19898FL0340065,40,6,Individual,HMO,QHP,Platinum,Transparency 2026 - Ind QHP,492,Transparency_in_Coverage_PUF.xlsx,27379dc76590027b0e6d21d736331f87376f0ac87810d68e9f7cca555eef4b1f
573,19898FL0340071,40,6,Individual,HMO,QHP,Gold,Transparency 2026 - Ind QHP,493,Transparency_in_Coverage_PUF.xlsx,27379dc76590027b0e6d21d736331f87376f0ac87810d68e9f7cca555eef4b1f
574,19898FL0340072,40,6,Individual,HMO,QHP,Gold,Transparency 2026 - Ind QHP,494,Transparency_in_Coverage_PUF.xlsx,27379dc76590027b0e6d21d736331f87376f0ac87810d68e9f7cca555eef4b1f
575,19898FL0340073,40,6,Individual,HMO,QHP,Gold,Transparency 2026 - Ind QHP,495,Transparency_in_Coverage_PUF.xlsx,27379dc76590027b0e6d21d736331f87376f0ac87810d68e9f7cca555eef4b1f
576,19898FL0340074,40,6,Individual,HMO,QHP,Gold,Transparency 2026 - Ind QHP,496,Transparency_in_Coverage_PUF.xlsx,27379dc76590027b0e6d21d736331f87376f0ac87810d68e9f7cca555eef4b1f
577,19898FL0340075,40,6,Individual,HMO,QHP,Gold,Transparency 2026 - Ind QHP,497,Transparency_in_Coverage_PUF.xlsx,27379dc76590027b0e6d21d736331f87376f0ac87810d68e9f7cca555eef4b1f
578,19898FL0340081,40,6,Individual,HMO,QHP,Silver,Transparency 2026 - Ind QHP,498,Transparency_in_Coverage_PUF.xlsx,27379dc76590027b0e6d21d736331f87376f0ac87810d68e9f7cca555eef4b1f
579,19898FL0340082,40,6,Individual,HMO,QHP,Silver,Transparency 2026 - Ind QHP,499,Transparency_in_Coverage_PUF.xlsx,27379dc76590027b0e6d21d736331f87376f0ac87810d68e9f7cca555eef4b1f
580,19898FL0340083,40,6,Individual,HMO,QHP,Silver,Transparency 2026 - Ind QHP,500,Transparency_in_Coverage_PUF.xlsx,27379dc76590027b0e6d21d736331f87376f0ac87810d68e9f7cca555eef4b1f
581,19898FL0340084,40,6,Individual,HMO,QHP,Silver,Transparency 2026 - Ind QHP,501,Transparency_in_Coverage_PUF.xlsx,27379dc76590027b0e6d21d736331f87376f0ac87810d68e9f7cca555eef4b1f
582,19898FL0340085,40,6,Individual,HMO,QHP,Silver,Transparency 2026 - Ind QHP,502,Transparency_in_Coverage_PUF.xlsx,27379dc76590027b0e6d21d736331f87376f0ac87810d68e9f7cca555eef4b1f
583,19898FL0340091,40,6,Individual,HMO,QHP,Bronze,Transparency 2026 - Ind QHP,503,Transparency_in_Coverage_PUF.xlsx,27379dc76590027b0e6d21d736331f87376f0ac87810d68e9f7cca555eef4b1f
584,19898FL0340092,40,6,Individual,HMO,QHP,Bronze,Transparency 2026 - Ind QHP,504,Transparency_in_Coverage_PUF.xlsx,27379dc76590027b0e6d21d736331f87376f0ac87810d68e9f7cca555eef4b1f
585,19898FL0340093,40,6,Individual,HMO,QHP,Bronze,Transparency 2026 - Ind QHP,505,Transparency_in_Coverage_PUF.xlsx,27379dc76590027b0e6d21d736331f87376f0ac87810d68e9f7cca555eef4b1f
586,19898FL0340094,40,6,Individual,HMO,QHP,Bronze,Transparency 2026 - Ind QHP,506,Transparency_in_Coverage_PUF.xlsx,27379dc76590027b0e6d21d736331f87376f0ac87810d68e9f7cca555eef4b1f
587,19898FL0340095,40,6,Individual,HMO,QHP,Bronze,Transparency 2026 - Ind QHP,507,Transparency_in_Coverage_PUF.xlsx,27379dc76590027b0e6d21d736331f87376f0ac87810d68e9f7cca555eef4b1f
588,19898FL0350001,40,6,Individual,HMO,QHP,Gold,Transparency 2026 - Ind QHP,508,Transparency_in_Coverage_PUF.xlsx,27379dc76590027b0e6d21d736331f87376f0ac87810d68e9f7cca555eef4b1f
589,19898FL0350003,40,6,Individual,HMO,QHP,Silver,Transparency 2026 - Ind QHP,509,Transparency_in_Coverage_PUF.xlsx,27379dc76590027b0e6d21d736331f87376f0ac87810d68e9f7cca555eef4b1f
590,19898FL0350005,40,6,Individual,HMO,QHP,Silver,Transparency 2026 - Ind QHP,510,Transparency_in_Coverage_PUF.xlsx,27379dc76590027b0e6d21d736331f87376f0ac87810d68e9f7cca555eef4b1f
591,19898FL0350011,40,6,Individual,HMO,QHP,Gold,Transparency 2026 - Ind QHP,511,Transparency_in_Coverage_PUF.xlsx,27379dc76590027b0e6d21d736331f87376f0ac87810d68e9f7cca555eef4b1f
592,19898FL0350013,40,6,Individual,HMO,QHP,Silver,Transparency 2026 - Ind QHP,512,Transparency_in_Coverage_PUF.xlsx,27379dc76590027b0e6d21d736331f87376f0ac87810d68e9f7cca555eef4b1f
593,19898FL0350015,40,6,Individual,HMO,QHP,Silver,Transparency 2026 - Ind QHP,513,Transparency_in_Coverage_PUF.xlsx,27379dc76590027b0e6d21d736331f87376f0ac87810d68e9f7cca555eef4b1f
594,19898FL0350020,40,6,Individual,HMO,QHP,Platinum,Transparency 2026 - Ind QHP,514,Transparency_in_Coverage_PUF.xlsx,27379dc76590027b0e6d21d736331f87376f0ac87810d68e9f7cca555eef4b1f
595,19898FL0350021,40,6,Individual,HMO,QHP,Gold,Transparency 2026 - Ind QHP,515,Transparency_in_Coverage_PUF.xlsx,27379dc76590027b0e6d21d736331f87376f0ac87810d68e9f7cca555eef4b1f
596,19898FL0350023,40,6,Individual,HMO,QHP,Silver,Transparency 2026 - Ind QHP,516,Transparency_in_Coverage_PUF.xlsx,27379dc76590027b0e6d21d736331f87376f0ac87810d68e9f7cca555eef4b1f
597,19898FL0350025,40,6,Individual,HMO,QHP,Silver,Transparency 2026 - Ind QHP,517,Transparency_in_Coverage_PUF.xlsx,27379dc76590027b0e6d21d736331f87376f0ac87810d68e9f7cca555eef4b1f
598,19898FL0350031,40,6,Individual,HMO,QHP,Gold,Transparency 2026 - Ind QHP,518,Transparency_in_Coverage_PUF.xlsx,27379dc76590027b0e6d21d736331f87376f0ac87810d68e9f7cca555eef4b1f
599,19898FL0350033,40,6,Individual,HMO,QHP,Silver,Transparency 2026 - Ind QHP,519,Transparency_in_Coverage_PUF.xlsx,27379dc76590027b0e6d21d736331f87376f0ac87810d68e9f7cca555eef4b1f
600,19898FL0350035,40,6,Individual,HMO,QHP,Silver,Transparency 2026 - Ind QHP,520,Transparency_in_Coverage_PUF.xlsx,27379dc76590027b0e6d21d736331f87376f0ac87810d68e9f7cca555eef4b1f
601,19898FL0350041,40,6,Individual,HMO,QHP,Gold,Transparency 2026 - Ind QHP,521,Transparency_in_Coverage_PUF.xlsx,27379dc76590027b0e6d21d736331f87376f0ac87810d68e9f7cca555eef4b1f
602,19898FL0350043,40,6,Individual,HMO,QHP,Silver,Transparency 2026 - Ind QHP,522,Transparency_in_Coverage_PUF.xlsx,27379dc76590027b0e6d21d736331f87376f0ac87810d68e9f7cca555eef4b1f
603,19898FL0350045,40,6,Individual,HMO,QHP,Silver,Transparency 2026 - Ind QHP,523,Transparency_in_Coverage_PUF.xlsx,27379dc76590027b0e6d21d736331f87376f0ac87810d68e9f7cca555eef4b1f
604,19898FL0350061,40,6,Individual,HMO,QHP,Platinum,Transparency 2026 - Ind QHP,524,Transparency_in_Coverage_PUF.xlsx,27379dc76590027b0e6d21d736331f87376f0ac87810d68e9f7cca555eef4b1f
605,19898FL0350064,40,6,Individual,HMO,QHP,Platinum,Transparency 2026 - Ind QHP,525,Transparency_in_Coverage_PUF.xlsx,27379dc76590027b0e6d21d736331f87376f0ac87810d68e9f7cca555eef4b1f
606,20069TX0100005,41,26,Individual,EPO,QHP,Bronze,Transparency 2026 - Ind QHP,526,Transparency_in_Coverage_PUF.xlsx,27379dc76590027b0e6d21d736331f87376f0ac87810d68e9f7cca555eef4b1f
607,20069TX0100006,41,26,Individual,EPO,QHP,Silver,Transparency 2026 - Ind QHP,527,Transparency_in_Coverage_PUF.xlsx,27379dc76590027b0e6d21d736331f87376f0ac87810d68e9f7cca555eef4b1f
608,20069TX0100024,41,26,Individual,EPO,QHP,Bronze,Transparency 2026 - Ind QHP,528,Transparency_in_Coverage_PUF.xlsx,27379dc76590027b0e6d21d736331f87376f0ac87810d68e9f7cca555eef4b1f
609,20069TX0100025,41,26,Individual,EPO,QHP,Silver,Transparency 2026 - Ind QHP,529,Transparency_in_Coverage_PUF.xlsx,27379dc76590027b0e6d21d736331f87376f0ac87810d68e9f7cca555eef4b1f
610,20069TX0100050,41,26,Individual,EPO,QHP,Bronze,Transparency 2026 - Ind QHP,530,Transparency_in_Coverage_PUF.xlsx,27379dc76590027b0e6d21d736331f87376f0ac87810d68e9f7cca555eef4b1f
611,20069TX0100052,41,26,Individual,EPO,QHP,Silver,Transparency 2026 - Ind QHP,531,Transparency_in_Coverage_PUF.xlsx,27379dc76590027b0e6d21d736331f87376f0ac87810d68e9f7cca555eef4b1f
612,20069TX0100053,41,26,Individual,EPO,QHP,Gold,Transparency 2026 - Ind QHP,532,Transparency_in_Coverage_PUF.xlsx,27379dc76590027b0e6d21d736331f87376f0ac87810d68e9f7cca555eef4b1f
613,20069TX0100055,41,26,Individual,EPO,QHP,Gold,Transparency 2026 - Ind QHP,533,Transparency_in_Coverage_PUF.xlsx,27379dc76590027b0e6d21d736331f87376f0ac87810d68e9f7cca555eef4b1f
614,20069TX0100056,41,26,Individual,EPO,QHP,Gold,Transparency 2026 - Ind QHP,534,Transparency_in_Coverage_PUF.xlsx,27379dc76590027b0e6d21d736331f87376f0ac87810d68e9f7cca555eef4b1f
615,20069TX0100059,41,26,Individual,EPO,QHP,Bronze,Transparency 2026 - Ind QHP,535,Transparency_in_Coverage_PUF.xlsx,27379dc76590027b0e6d21d736331f87376f0ac87810d68e9f7cca555eef4b1f
616,20069TX0100064,41,26,Individual,EPO,QHP,Bronze,Transparency 2026 - Ind QHP,536,Transparency_in_Coverage_PUF.xlsx,27379dc76590027b0e6d21d736331f87376f0ac87810d68e9f7cca555eef4b1f
617,20069TX0100068,41,26,Individual,EPO,QHP,Bronze,Transparency 2026 - Ind QHP,537,Transparency_in_Coverage_PUF.xlsx,27379dc76590027b0e6d21d736331f87376f0ac87810d68e9f7cca555eef4b1f
618,20069TX0510001,41,26,Individual,HMO,QHP,Silver,Transparency 2026 - Ind QHP,538,Transparency_in_Coverage_PUF.xlsx,27379dc76590027b0e6d21d736331f87376f0ac87810d68e9f7cca555eef4b1f
619,20069TX0510002,41,26,Individual,HMO,QHP,Silver,Transparency 2026 - Ind QHP,539,Transparency_in_Coverage_PUF.xlsx,27379dc76590027b0e6d21d736331f87376f0ac87810d68e9f7cca555eef4b1f
620,20069TX0510003,41,26,Individual,HMO,QHP,Silver,Transparency 2026 - Ind QHP,540,Transparency_in_Coverage_PUF.xlsx,27379dc76590027b0e6d21d736331f87376f0ac87810d68e9f7cca555eef4b1f
621,20069TX0510004,41,26,Individual,HMO,QHP,Silver,Transparency 2026 - Ind QHP,541,Transparency_in_Coverage_PUF.xlsx,27379dc76590027b0e6d21d736331f87376f0ac87810d68e9f7cca555eef4b1f
622,20069TX0510005,41,26,Individual,HMO,QHP,Silver,Transparency 2026 - Ind QHP,542,Transparency_in_Coverage_PUF.xlsx,27379dc76590027b0e6d21d736331f87376f0ac87810d68e9f7cca555eef4b1f
623,20069TX0510006,41,26,Individual,HMO,QHP,Silver,Transparency 2026 - Ind QHP,543,Transparency_in_Coverage_PUF.xlsx,27379dc76590027b0e6d21d736331f87376f0ac87810d68e9f7cca555eef4b1f
624,20069TX0510007,41,26,Individual,HMO,QHP,Silver,Transparency 2026 - Ind QHP,544,Transparency_in_Coverage_PUF.xlsx,27379dc76590027b0e6d21d736331f87376f0ac87810d68e9f7cca555eef4b1f
625,20069TX0510008,41,26,Individual,HMO,QHP,Silver,Transparency 2026 - Ind QHP,545,Transparency_in_Coverage_PUF.xlsx,27379dc76590027b0e6d21d736331f87376f0ac87810d68e9f7cca555eef4b1f
626,20069TX0510009,41,26,Individual,HMO,QHP,Silver,Transparency 2026 - Ind QHP,546,Transparency_in_Coverage_PUF.xlsx,27379dc76590027b0e6d21d736331f87376f0ac87810d68e9f7cca555eef4b1f
627,20069TX0510010,41,26,Individual,HMO,QHP,Silver,Transparency 2026 - Ind QHP,547,Transparency_in_Coverage_PUF.xlsx,27379dc76590027b0e6d21d736331f87376f0ac87810d68e9f7cca555eef4b1f
628,20069TX0510011,41,26,Individual,HMO,QHP,Silver,Transparency 2026 - Ind QHP,548,Transparency_in_Coverage_PUF.xlsx,27379dc76590027b0e6d21d736331f87376f0ac87810d68e9f7cca555eef4b1f
629,20069TX0510012,41,26,Individual,HMO,QHP,Silver,Transparency 2026 - Ind QHP,549,Transparency_in_Coverage_PUF.xlsx,27379dc76590027b0e6d21d736331f87376f0ac87810d68e9f7cca555eef4b1f
630,20069TX0510013,41,26,Individual,HMO,QHP,Silver,Transparency 2026 - Ind QHP,550,Transparency_in_Coverage_PUF.xlsx,27379dc76590027b0e6d21d736331f87376f0ac87810d68e9f7cca555eef4b1f
631,20069TX0510014,41,26,Individual,HMO,QHP,Silver,Transparency 2026 - Ind QHP,551,Transparency_in_Coverage_PUF.xlsx,27379dc76590027b0e6d21d736331f87376f0ac87810d68e9f7cca555eef4b1f
632,20069TX0510015,41,26,Individual,HMO,QHP,Silver,Transparency 2026 - Ind QHP,552,Transparency_in_Coverage_PUF.xlsx,27379dc76590027b0e6d21d736331f87376f0ac87810d68e9f7cca555eef4b1f
633,20069TX0510016,41,26,Individual,HMO,QHP,Silver,Transparency 2026 - Ind QHP,553,Transparency_in_Coverage_PUF.xlsx,27379dc76590027b0e6d21d736331f87376f0ac87810d68e9f7cca555eef4b1f
634,20069TX0510017,41,26,Individual,HMO,QHP,Silver,Transparency 2026 - Ind QHP,554,Transparency_in_Coverage_PUF.xlsx,27379dc76590027b0e6d21d736331f87376f0ac87810d68e9f7cca555eef4b1f
635,20069TX0510018,41,26,Individual,HMO,QHP,Silver,Transparency 2026 - Ind QHP,555,Transparency_in_Coverage_PUF.xlsx,27379dc76590027b0e6d21d736331f87376f0ac87810d68e9f7cca555eef4b1f
636,20069TX0510019,41,26,Individual,HMO,QHP,Silver,Transparency 2026 - Ind QHP,556,Transparency_in_Coverage_PUF.xlsx,27379dc76590027b0e6d21d736331f87376f0ac87810d68e9f7cca555eef4b1f
637,20069TX0510020,41,26,Individual,HMO,QHP,Gold,Transparency 2026 - Ind QHP,557,Transparency_in_Coverage_PUF.xlsx,27379dc76590027b0e6d21d736331f87376f0ac87810d68e9f7cca555eef4b1f
638,20069TX0510021,41,26,Individual,HMO,QHP,Gold,Transparency 2026 - Ind QHP,558,Transparency_in_Coverage_PUF.xlsx,27379dc76590027b0e6d21d736331f87376f0ac87810d68e9f7cca555eef4b1f
639,20069TX0510022,41,26,Individual,HMO,QHP,Gold,Transparency 2026 - Ind QHP,559,Transparency_in_Coverage_PUF.xlsx,27379dc76590027b0e6d21d736331f87376f0ac87810d68e9f7cca555eef4b1f
640,20069TX0510023,41,26,Individual,HMO,QHP,Gold,Transparency 2026 - Ind QHP,560,Transparency_in_Coverage_PUF.xlsx,27379dc76590027b0e6d21d736331f87376f0ac87810d68e9f7cca555eef4b1f
641,20069TX0510024,41,26,Individual,HMO,QHP,Gold,Transparency 2026 - Ind QHP,561,Transparency_in_Coverage_PUF.xlsx,27379dc76590027b0e6d21d736331f87376f0ac87810d68e9f7cca555eef4b1f
642,20069TX0510025,41,26,Individual,HMO,QHP,Gold,Transparency 2026 - Ind QHP,562,Transparency_in_Coverage_PUF.xlsx,27379dc76590027b0e6d21d736331f87376f0ac87810d68e9f7cca555eef4b1f
643,20069TX0510026,41,26,Individual,HMO,QHP,Silver,Transparency 2026 - Ind QHP,563,Transparency_in_Coverage_PUF.xlsx,27379dc76590027b0e6d21d736331f87376f0ac87810d68e9f7cca555eef4b1f
644,20069TX0510027,41,26,Individual,HMO,QHP,Silver,Transparency 2026 - Ind QHP,564,Transparency_in_Coverage_PUF.xlsx,27379dc76590027b0e6d21d736331f87376f0ac87810d68e9f7cca555eef4b1f
645,20069TX0510028,41,26,Individual,HMO,QHP,Silver,Transparency 2026 - Ind QHP,565,Transparency_in_Coverage_PUF.xlsx,27379dc76590027b0e6d21d736331f87376f0ac87810d68e9f7cca555eef4b1f
646,20069TX0510029,41,26,Individual,HMO,QHP,Silver,Transparency 2026 - Ind QHP,566,Transparency_in_Coverage_PUF.xlsx,27379dc76590027b0e6d21d736331f87376f0ac87810d68e9f7cca555eef4b1f
647,20069TX0510030,41,26,Individual,HMO,QHP,Silver,Transparency 2026 - Ind QHP,567,Transparency_in_Coverage_PUF.xlsx,27379dc76590027b0e6d21d736331f87376f0ac87810d68e9f7cca555eef4b1f
648,20069TX0510031,41,26,Individual,HMO,QHP,Silver,Transparency 2026 - Ind QHP,568,Transparency_in_Coverage_PUF.xlsx,27379dc76590027b0e6d21d736331f87376f0ac87810d68e9f7cca555eef4b1f
649,20069TX0510032,41,26,Individual,HMO,QHP,Gold,Transparency 2026 - Ind QHP,569,Transparency_in_Coverage_PUF.xlsx,27379dc76590027b0e6d21d736331f87376f0ac87810d68e9f7cca555eef4b1f
650,20069TX0510033,41,26,Individual,HMO,QHP,Silver,Transparency 2026 - Ind QHP,570,Transparency_in_Coverage_PUF.xlsx,27379dc76590027b0e6d21d736331f87376f0ac87810d68e9f7cca555eef4b1f
651,20069TX0510034,41,26,Individual,HMO,QHP,Gold,Transparency 2026 - Ind QHP,571,Transparency_in_Coverage_PUF.xlsx,27379dc76590027b0e6d21d736331f87376f0ac87810d68e9f7cca555eef4b1f
652,20069TX0510035,41,26,Individual,HMO,QHP,Silver,Transparency 2026 - Ind QHP,572,Transparency_in_Coverage_PUF.xlsx,27379dc76590027b0e6d21d736331f87376f0ac87810d68e9f7cca555eef4b1f
653,20069TX0510036,41,26,Individual,HMO,QHP,Gold,Transparency 2026 - Ind QHP,573,Transparency_in_Coverage_PUF.xlsx,27379dc76590027b0e6d21d736331f87376f0ac87810d68e9f7cca555eef4b1f
654,20069TX0510037,41,26,Individual,HMO,QHP,Gold,Transparency 2026 - Ind QHP,574,Transparency_in_Coverage_PUF.xlsx,27379dc76590027b0e6d21d736331f87376f0ac87810d68e9f7cca555eef4b1f
655,20069TX0510038,41,26,Individual,HMO,QHP,Gold,Transparency 2026 - Ind QHP,575,Transparency_in_Coverage_PUF.xlsx,27379dc76590027b0e6d21d736331f87376f0ac87810d68e9f7cca555eef4b1f
656,20069TX0510039,41,26,Individual,HMO,QHP,Gold,Transparency 2026 - Ind QHP,576,Transparency_in_Coverage_PUF.xlsx,27379dc76590027b0e6d21d736331f87376f0ac87810d68e9f7cca555eef4b1f
657,20069TX0510040,41,26,Individual,HMO,QHP,Silver,Transparency 2026 - Ind QHP,577,Transparency_in_Coverage_PUF.xlsx,27379dc76590027b0e6d21d736331f87376f0ac87810d68e9f7cca555eef4b1f
658,20069TX0510041,41,26,Individual,HMO,QHP,Silver,Transparency 2026 - Ind QHP,578,Transparency_in_Coverage_PUF.xlsx,27379dc76590027b0e6d21d736331f87376f0ac87810d68e9f7cca555eef4b1f
659,20069TX0510042,41,26,Individual,HMO,QHP,Gold,Transparency 2026 - Ind QHP,579,Transparency_in_Coverage_PUF.xlsx,27379dc76590027b0e6d21d736331f87376f0ac87810d68e9f7cca555eef4b1f
660,20069TX0510043,41,26,Individual,HMO,QHP,Gold,Transparency 2026 - Ind QHP,580,Transparency_in_Coverage_PUF.xlsx,27379dc76590027b0e6d21d736331f87376f0ac87810d68e9f7cca555eef4b1f
661,20069TX0510044,41,26,Individual,HMO,QHP,Gold,Transparency 2026 - Ind QHP,581,Transparency_in_Coverage_PUF.xlsx,27379dc76590027b0e6d21d736331f87376f0ac87810d68e9f7cca555eef4b1f
662,20069TX0510045,41,26,Individual,HMO,QHP,Gold,Transparency 2026 - Ind QHP,582,Transparency_in_Coverage_PUF.xlsx,27379dc76590027b0e6d21d736331f87376f0ac87810d68e9f7cca555eef4b1f
663,20069TX0510050,41,26,Individual,HMO,QHP,Silver,Transparency 2026 - Ind QHP,583,Transparency_in_Coverage_PUF.xlsx,27379dc76590027b0e6d21d736331f87376f0ac87810d68e9f7cca555eef4b1f
664,20069TX0510051,41,26,Individual,HMO,QHP,Silver,Transparency 2026 - Ind QHP,584,Transparency_in_Coverage_PUF.xlsx,27379dc76590027b0e6d21d736331f87376f0ac87810d68e9f7cca555eef4b1f
665,20069TX0510052,41,26,Individual,HMO,QHP,Silver,Transparency 2026 - Ind QHP,585,Transparency_in_Coverage_PUF.xlsx,27379dc76590027b0e6d21d736331f87376f0ac87810d68e9f7cca555eef4b1f
666,20069TX0510053,41,26,Individual,HMO,QHP,Silver,Transparency 2026 - Ind QHP,586,Transparency_in_Coverage_PUF.xlsx,27379dc76590027b0e6d21d736331f87376f0ac87810d68e9f7cca555eef4b1f
667,20069TX0510054,41,26,Individual,HMO,QHP,Silver,Transparency 2026 - Ind QHP,587,Transparency_in_Coverage_PUF.xlsx,27379dc76590027b0e6d21d736331f87376f0ac87810d68e9f7cca555eef4b1f
668,20069TX0510055,41,26,Individual,HMO,QHP,Gold,Transparency 2026 - Ind QHP,588,Transparency_in_Coverage_PUF.xlsx,27379dc76590027b0e6d21d736331f87376f0ac87810d68e9f7cca555eef4b1f
669,20069TX0510056,41,26,Individual,HMO,QHP,Gold,Transparency 2026 - Ind QHP,589,Transparency_in_Coverage_PUF.xlsx,27379dc76590027b0e6d21d736331f87376f0ac87810d68e9f7cca555eef4b1f
670,20069TX0510057,41,26,Individual,HMO,QHP,Gold,Transparency 2026 - Ind QHP,590,Transparency_in_Coverage_PUF.xlsx,27379dc76590027b0e6d21d736331f87376f0ac87810d68e9f7cca555eef4b1f
671,20069TX0510058,41,26,Individual,HMO,QHP,Silver,Transparency 2026 - Ind QHP,591,Transparency_in_Coverage_PUF.xlsx,27379dc76590027b0e6d21d736331f87376f0ac87810d68e9f7cca555eef4b1f
672,20069TX0510059,41,26,Individual,HMO,QHP,Silver,Transparency 2026 - Ind QHP,592,Transparency_in_Coverage_PUF.xlsx,27379dc76590027b0e6d21d736331f87376f0ac87810d68e9f7cca555eef4b1f
673,20069TX0510060,41,26,Individual,HMO,QHP,Silver,Transparency 2026 - Ind QHP,593,Transparency_in_Coverage_PUF.xlsx,27379dc76590027b0e6d21d736331f87376f0ac87810d68e9f7cca555eef4b1f
674,20069TX0510061,41,26,Individual,HMO,QHP,Silver,Transparency 2026 - Ind QHP,594,Transparency_in_Coverage_PUF.xlsx,27379dc76590027b0e6d21d736331f87376f0ac87810d68e9f7cca555eef4b1f
675,20069TX0510062,41,26,Individual,HMO,QHP,Silver,Transparency 2026 - Ind QHP,595,Transparency_in_Coverage_PUF.xlsx,27379dc76590027b0e6d21d736331f87376f0ac87810d68e9f7cca555eef4b1f
676,20069TX0510063,41,26,Individual,HMO,QHP,Gold,Transparency 2026 - Ind QHP,596,Transparency_in_Coverage_PUF.xlsx,27379dc76590027b0e6d21d736331f87376f0ac87810d68e9f7cca555eef4b1f
677,20069TX0510064,41,26,Individual,HMO,QHP,Gold,Transparency 2026 - Ind QHP,597,Transparency_in_Coverage_PUF.xlsx,27379dc76590027b0e6d21d736331f87376f0ac87810d68e9f7cca555eef4b1f
678,20069TX0510065,41,26,Individual,HMO,QHP,Gold,Transparency 2026 - Ind QHP,598,Transparency_in_Coverage_PUF.xlsx,27379dc76590027b0e6d21d736331f87376f0ac87810d68e9f7cca555eef4b1f
679,20069TX0510066,41,26,Individual,HMO,QHP,Silver,Transparency 2026 - Ind QHP,599,Transparency_in_Coverage_PUF.xlsx,27379dc76590027b0e6d21d736331f87376f0ac87810d68e9f7cca555eef4b1f
680,20069TX0510067,41,26,Individual,HMO,QHP,Silver,Transparency 2026 - Ind QHP,600,Transparency_in_Coverage_PUF.xlsx,27379dc76590027b0e6d21d736331f87376f0ac87810d68e9f7cca555eef4b1f
681,20069TX0510068,41,26,Individual,HMO,QHP,Silver,Transparency 2026 - Ind QHP,601,Transparency_in_Coverage_PUF.xlsx,27379dc76590027b0e6d21d736331f87376f0ac87810d68e9f7cca555eef4b1f
682,20069TX0510069,41,26,Individual,HMO,QHP,Silver,Transparency 2026 - Ind QHP,602,Transparency_in_Coverage_PUF.xlsx,27379dc76590027b0e6d21d736331f87376f0ac87810d68e9f7cca555eef4b1f
683,20069TX0510070,41,26,Individual,HMO,QHP,Silver,Transparency 2026 - Ind QHP,603,Transparency_in_Coverage_PUF.xlsx,27379dc76590027b0e6d21d736331f87376f0ac87810d68e9f7cca555eef4b1f
684,20069TX0510071,41,26,Individual,HMO,QHP,Gold,Transparency 2026 - Ind QHP,604,Transparency_in_Coverage_PUF.xlsx,27379dc76590027b0e6d21d736331f87376f0ac87810d68e9f7cca555eef4b1f
685,20069TX0510072,41,26,Individual,HMO,QHP,Gold,Transparency 2026 - Ind QHP,605,Transparency_in_Coverage_PUF.xlsx,27379dc76590027b0e6d21d736331f87376f0ac87810d68e9f7cca555eef4b1f
686,20069TX0510073,41,26,Individual,HMO,QHP,Gold,Transparency 2026 - Ind QHP,606,Transparency_in_Coverage_PUF.xlsx,27379dc76590027b0e6d21d736331f87376f0ac87810d68e9f7cca555eef4b1f
687,20069TX0510074,41,26,Individual,HMO,QHP,Silver,Transparency 2026 - Ind QHP,607,Transparency_in_Coverage_PUF.xlsx,27379dc76590027b0e6d21d736331f87376f0ac87810d68e9f7cca555eef4b1f
688,20069TX0510075,41,26,Individual,HMO,QHP,Silver,Transparency 2026 - Ind QHP,608,Transparency_in_Coverage_PUF.xlsx,27379dc76590027b0e6d21d736331f87376f0ac87810d68e9f7cca555eef4b1f
689,20069TX0510076,41,26,Individual,HMO,QHP,Silver,Transparency 2026 - Ind QHP,609,Transparency_in_Coverage_PUF.xlsx,27379dc76590027b0e6d21d736331f87376f0ac87810d68e9f7cca555eef4b1f
690,20069TX0510077,41,26,Individual,HMO,QHP,Silver,Transparency 2026 - Ind QHP,610,Transparency_in_Coverage_PUF.xlsx,27379dc76590027b0e6d21d736331f87376f0ac87810d68e9f7cca555eef4b1f
691,20069TX0510078,41,26,Individual,HMO,QHP,Silver,Transparency 2026 - Ind QHP,611,Transparency_in_Coverage_PUF.xlsx,27379dc76590027b0e6d21d736331f87376f0ac87810d68e9f7cca555eef4b1f
692,20069TX0510079,41,26,Individual,HMO,QHP,Gold,Transparency 2026 - Ind QHP,612,Transparency_in_Coverage_PUF.xlsx,27379dc76590027b0e6d21d736331f87376f0ac87810d68e9f7cca555eef4b1f
693,20069TX0510080,41,26,Individual,HMO,QHP,Gold,Transparency 2026 - Ind QHP,613,Transparency_in_Coverage_PUF.xlsx,27379dc76590027b0e6d21d736331f87376f0ac87810d68e9f7cca555eef4b1f
694,20069TX0510081,41,26,Individual,HMO,QHP,Gold,Transparency 2026 - Ind QHP,614,Transparency_in_Coverage_PUF.xlsx,27379dc76590027b0e6d21d736331f87376f0ac87810d68e9f7cca555eef4b1f
695,20069TX0510120,41,26,Individual,HMO,QHP,Silver,Transparency 2026 - Ind QHP,615,Transparency_in_Coverage_PUF.xlsx,27379dc76590027b0e6d21d736331f87376f0ac87810d68e9f7cca555eef4b1f
696,20069TX0510121,41,26,Individual,HMO,QHP,Silver,Transparency 2026 - Ind QHP,616,Transparency_in_Coverage_PUF.xlsx,27379dc76590027b0e6d21d736331f87376f0ac87810d68e9f7cca555eef4b1f
697,20069TX0510122,41,26,Individual,HMO,QHP,Silver,Transparency 2026 - Ind QHP,617,Transparency_in_Coverage_PUF.xlsx,27379dc76590027b0e6d21d736331f87376f0ac87810d68e9f7cca555eef4b1f
698,20069TX0510123,41,26,Individual,HMO,QHP,Silver,Transparency 2026 - Ind QHP,618,Transparency_in_Coverage_PUF.xlsx,27379dc76590027b0e6d21d736331f87376f0ac87810d68e9f7cca555eef4b1f
699,20069TX0510124,41,26,Individual,HMO,QHP,Silver,Transparency 2026 - Ind QHP,619,Transparency_in_Coverage_PUF.xlsx,27379dc76590027b0e6d21d736331f87376f0ac87810d68e9f7cca555eef4b1f
700,20069TX0510125,41,26,Individual,HMO,QHP,Silver,Transparency 2026 - Ind QHP,620,Transparency_in_Coverage_PUF.xlsx,27379dc76590027b0e6d21d736331f87376f0ac87810d68e9f7cca555eef4b1f
701,20069TX0510126,41,26,Individual,HMO,QHP,Silver,Transparency 2026 - Ind QHP,621,Transparency_in_Coverage_PUF.xlsx,27379dc76590027b0e6d21d736331f87376f0ac87810d68e9f7cca555eef4b1f
702,20069TX0510127,41,26,Individual,HMO,QHP,Gold,Transparency 2026 - Ind QHP,622,Transparency_in_Coverage_PUF.xlsx,27379dc76590027b0e6d21d736331f87376f0ac87810d68e9f7cca555eef4b1f
703,20069TX0510128,41,26,Individual,HMO,QHP,Gold,Transparency 2026 - Ind QHP,623,Transparency_in_Coverage_PUF.xlsx,27379dc76590027b0e6d21d736331f87376f0ac87810d68e9f7cca555eef4b1f
704,20069TX0510129,41,26,Individual,HMO,QHP,Gold,Transparency 2026 - Ind QHP,624,Transparency_in_Coverage_PUF.xlsx,27379dc76590027b0e6d21d736331f87376f0ac87810d68e9f7cca555eef4b1f
705,20069TX0510130,41,26,Individual,HMO,QHP,Gold,Transparency 2026 - Ind QHP,625,Transparency_in_Coverage_PUF.xlsx,27379dc76590027b0e6d21d736331f87376f0ac87810d68e9f7cca555eef4b1f
706,20173WI0130001,42,28,Individual,PPO,QHP,Gold,Transparency 2026 - Ind QHP,626,Transparency_in_Coverage_PUF.xlsx,27379dc76590027b0e6d21d736331f87376f0ac87810d68e9f7cca555eef4b1f
707,20173WI0130011,42,28,Individual,PPO,QHP,Gold,Transparency 2026 - Ind QHP,627,Transparency_in_Coverage_PUF.xlsx,27379dc76590027b0e6d21d736331f87376f0ac87810d68e9f7cca555eef4b1f
708,20173WI0130020,42,28,Individual,PPO,QHP,Gold,Transparency 2026 - Ind QHP,628,Transparency_in_Coverage_PUF.xlsx,27379dc76590027b0e6d21d736331f87376f0ac87810d68e9f7cca555eef4b1f
709,20173WI0130021,42,28,Individual,PPO,QHP,Silver,Transparency 2026 - Ind QHP,629,Transparency_in_Coverage_PUF.xlsx,27379dc76590027b0e6d21d736331f87376f0ac87810d68e9f7cca555eef4b1f
710,20173WI0130023,42,28,Individual,PPO,QHP,Bronze,Transparency 2026 - Ind QHP,630,Transparency_in_Coverage_PUF.xlsx,27379dc76590027b0e6d21d736331f87376f0ac87810d68e9f7cca555eef4b1f
711,20173WI0130026,42,28,Individual,PPO,QHP,Silver,Transparency 2026 - Ind QHP,631,Transparency_in_Coverage_PUF.xlsx,27379dc76590027b0e6d21d736331f87376f0ac87810d68e9f7cca555eef4b1f
712,20173WI0130027,42,28,Individual,PPO,QHP,Bronze,Transparency 2026 - Ind QHP,632,Transparency_in_Coverage_PUF.xlsx,27379dc76590027b0e6d21d736331f87376f0ac87810d68e9f7cca555eef4b1f
713,20173WI0130033,42,28,Individual,PPO,QHP,Silver,Transparency 2026 - Ind QHP,633,Transparency_in_Coverage_PUF.xlsx,27379dc76590027b0e6d21d736331f87376f0ac87810d68e9f7cca555eef4b1f
714,20173WI0130034,42,28,Individual,PPO,QHP,Silver,Transparency 2026 - Ind QHP,634,Transparency_in_Coverage_PUF.xlsx,27379dc76590027b0e6d21d736331f87376f0ac87810d68e9f7cca555eef4b1f
715,20173WI0130035,42,28,Individual,PPO,QHP,Bronze,Transparency 2026 - Ind QHP,635,Transparency_in_Coverage_PUF.xlsx,27379dc76590027b0e6d21d736331f87376f0ac87810d68e9f7cca555eef4b1f
716,20173WI0130036,42,28,Individual,PPO,QHP,Bronze,Transparency 2026 - Ind QHP,636,Transparency_in_Coverage_PUF.xlsx,27379dc76590027b0e6d21d736331f87376f0ac87810d68e9f7cca555eef4b1f
717,20173WI0130037,42,28,Individual,PPO,QHP,Silver,Transparency 2026 - Ind QHP,637,Transparency_in_Coverage_PUF.xlsx,27379dc76590027b0e6d21d736331f87376f0ac87810d68e9f7cca555eef4b1f
718,20173WI0130038,42,28,Individual,PPO,QHP,Bronze,Transparency 2026 - Ind QHP,638,Transparency_in_Coverage_PUF.xlsx,27379dc76590027b0e6d21d736331f87376f0ac87810d68e9f7cca555eef4b1f
719,20173WI0130040,42,28,Individual,PPO,QHP,Gold,Transparency 2026 - Ind QHP,639,Transparency_in_Coverage_PUF.xlsx,27379dc76590027b0e6d21d736331f87376f0ac87810d68e9f7cca555eef4b1f
720,20173WI0130041,42,28,Individual,PPO,QHP,Silver,Transparency 2026 - Ind QHP,640,Transparency_in_Coverage_PUF.xlsx,27379dc76590027b0e6d21d736331f87376f0ac87810d68e9f7cca555eef4b1f
721,20173WI0130042,42,28,Individual,PPO,QHP,Bronze,Transparency 2026 - Ind QHP,641,Transparency_in_Coverage_PUF.xlsx,27379dc76590027b0e6d21d736331f87376f0ac87810d68e9f7cca555eef4b1f
722,20305NE0030025,43,18,Individual,EPO,QHP,Gold,Transparency 2026 - Ind QHP,642,Transparency_in_Coverage_PUF.xlsx,27379dc76590027b0e6d21d736331f87376f0ac87810d68e9f7cca555eef4b1f
723,20305NE0030041,43,18,Individual,EPO,QHP,Bronze,Transparency 2026 - Ind QHP,643,Transparency_in_Coverage_PUF.xlsx,27379dc76590027b0e6d21d736331f87376f0ac87810d68e9f7cca555eef4b1f
724,20305NE0030045,43,18,Individual,EPO,QHP,Gold,Transparency 2026 - Ind QHP,644,Transparency_in_Coverage_PUF.xlsx,27379dc76590027b0e6d21d736331f87376f0ac87810d68e9f7cca555eef4b1f
725,20305NE0030047,43,18,Individual,EPO,QHP,Silver,Transparency 2026 - Ind QHP,645,Transparency_in_Coverage_PUF.xlsx,27379dc76590027b0e6d21d736331f87376f0ac87810d68e9f7cca555eef4b1f
726,20305NE0030051,43,18,Individual,EPO,QHP,Bronze,Transparency 2026 - Ind QHP,646,Transparency_in_Coverage_PUF.xlsx,27379dc76590027b0e6d21d736331f87376f0ac87810d68e9f7cca555eef4b1f
727,20305NE0030055,43,18,Individual,EPO,QHP,Gold,Transparency 2026 - Ind QHP,647,Transparency_in_Coverage_PUF.xlsx,27379dc76590027b0e6d21d736331f87376f0ac87810d68e9f7cca555eef4b1f
728,20305NE0030057,43,18,Individual,EPO,QHP,Silver,Transparency 2026 - Ind QHP,648,Transparency_in_Coverage_PUF.xlsx,27379dc76590027b0e6d21d736331f87376f0ac87810d68e9f7cca555eef4b1f
729,20305NE0030073,43,18,Individual,EPO,QHP,Bronze,Transparency 2026 - Ind QHP,649,Transparency_in_Coverage_PUF.xlsx,27379dc76590027b0e6d21d736331f87376f0ac87810d68e9f7cca555eef4b1f
730,20305NE0030074,43,18,Individual,EPO,QHP,Silver,Transparency 2026 - Ind QHP,650,Transparency_in_Coverage_PUF.xlsx,27379dc76590027b0e6d21d736331f87376f0ac87810d68e9f7cca555eef4b1f
731,20305NE0040025,43,18,Individual,EPO,QHP,Gold,Transparency 2026 - Ind QHP,651,Transparency_in_Coverage_PUF.xlsx,27379dc76590027b0e6d21d736331f87376f0ac87810d68e9f7cca555eef4b1f
732,20305NE0040027,43,18,Individual,EPO,QHP,Silver,Transparency 2026 - Ind QHP,652,Transparency_in_Coverage_PUF.xlsx,27379dc76590027b0e6d21d736331f87376f0ac87810d68e9f7cca555eef4b1f
733,20305NE0040029,43,18,Individual,EPO,QHP,Bronze,Transparency 2026 - Ind QHP,653,Transparency_in_Coverage_PUF.xlsx,27379dc76590027b0e6d21d736331f87376f0ac87810d68e9f7cca555eef4b1f
734,20305NE0040045,43,18,Individual,EPO,QHP,Gold,Transparency 2026 - Ind QHP,654,Transparency_in_Coverage_PUF.xlsx,27379dc76590027b0e6d21d736331f87376f0ac87810d68e9f7cca555eef4b1f
735,20305NE0040047,43,18,Individual,EPO,QHP,Silver,Transparency 2026 - Ind QHP,655,Transparency_in_Coverage_PUF.xlsx,27379dc76590027b0e6d21d736331f87376f0ac87810d68e9f7cca555eef4b1f
736,20305NE0040051,43,18,Individual,EPO,QHP,Bronze,Transparency 2026 - Ind QHP,656,Transparency_in_Coverage_PUF.xlsx,27379dc76590027b0e6d21d736331f87376f0ac87810d68e9f7cca555eef4b1f
737,20305NE0040055,43,18,Individual,EPO,QHP,Gold,Transparency 2026 - Ind QHP,657,Transparency_in_Coverage_PUF.xlsx,27379dc76590027b0e6d21d736331f87376f0ac87810d68e9f7cca555eef4b1f
738,20305NE0040057,43,18,Individual,EPO,QHP,Silver,Transparency 2026 - Ind QHP,658,Transparency_in_Coverage_PUF.xlsx,27379dc76590027b0e6d21d736331f87376f0ac87810d68e9f7cca555eef4b1f
739,20305NE0040073,43,18,Individual,EPO,QHP,Bronze,Transparency 2026 - Ind QHP,659,Transparency_in_Coverage_PUF.xlsx,27379dc76590027b0e6d21d736331f87376f0ac87810d68e9f7cca555eef4b1f
740,20305NE0050027,43,18,Individual,EPO,QHP,Silver,Transparency 2026 - Ind QHP,660,Transparency_in_Coverage_PUF.xlsx,27379dc76590027b0e6d21d736331f87376f0ac87810d68e9f7cca555eef4b1f
741,20305NE0050045,43,18,Individual,EPO,QHP,Gold,Transparency 2026 - Ind QHP,661,Transparency_in_Coverage_PUF.xlsx,27379dc76590027b0e6d21d736331f87376f0ac87810d68e9f7cca555eef4b1f
742,20305NE0050047,43,18,Individual,EPO,QHP,Silver,Transparency 2026 - Ind QHP,662,Transparency_in_Coverage_PUF.xlsx,27379dc76590027b0e6d21d736331f87376f0ac87810d68e9f7cca555eef4b1f
743,20305NE0050051,43,18,Individual,EPO,QHP,Bronze,Transparency 2026 - Ind QHP,663,Transparency_in_Coverage_PUF.xlsx,27379dc76590027b0e6d21d736331f87376f0ac87810d68e9f7cca555eef4b1f
744,20305NE0050055,43,18,Individual,EPO,QHP,Gold,Transparency 2026 - Ind QHP,664,Transparency_in_Coverage_PUF.xlsx,27379dc76590027b0e6d21d736331f87376f0ac87810d68e9f7cca555eef4b1f
745,20305NE0050057,43,18,Individual,EPO,QHP,Silver,Transparency 2026 - Ind QHP,665,Transparency_in_Coverage_PUF.xlsx,27379dc76590027b0e6d21d736331f87376f0ac87810d68e9f7cca555eef4b1f
746,20305NE0050073,43,18,Individual,EPO,QHP,Bronze,Transparency 2026 - Ind QHP,666,Transparency_in_Coverage_PUF.xlsx,27379dc76590027b0e6d21d736331f87376f0ac87810d68e9f7cca555eef4b1f
747,20305NE0050074,43,18,Individual,EPO,QHP,Bronze,Transparency 2026 - Ind QHP,667,Transparency_in_Coverage_PUF.xlsx,27379dc76590027b0e6d21d736331f87376f0ac87810d68e9f7cca555eef4b1f
748,20305NE0050075,43,18,Individual,EPO,QHP,Gold,Transparency 2026 - Ind QHP,668,Transparency_in_Coverage_PUF.xlsx,27379dc76590027b0e6d21d736331f87376f0ac87810d68e9f7cca555eef4b1f
749,20305NE0100001,43,18,Individual,EPO,QHP,Gold,Transparency 2026 - Ind QHP,669,Transparency_in_Coverage_PUF.xlsx,27379dc76590027b0e6d21d736331f87376f0ac87810d68e9f7cca555eef4b1f
750,20305NE0100002,43,18,Individual,EPO,QHP,Silver,Transparency 2026 - Ind QHP,670,Transparency_in_Coverage_PUF.xlsx,27379dc76590027b0e6d21d736331f87376f0ac87810d68e9f7cca555eef4b1f
751,20305NE0100003,43,18,Individual,EPO,QHP,Bronze,Transparency 2026 - Ind QHP,671,Transparency_in_Coverage_PUF.xlsx,27379dc76590027b0e6d21d736331f87376f0ac87810d68e9f7cca555eef4b1f
752,20305NE0100004,43,18,Individual,EPO,QHP,Gold,Transparency 2026 - Ind QHP,672,Transparency_in_Coverage_PUF.xlsx,27379dc76590027b0e6d21d736331f87376f0ac87810d68e9f7cca555eef4b1f
753,20305NE0100005,43,18,Individual,EPO,QHP,Silver,Transparency 2026 - Ind QHP,673,Transparency_in_Coverage_PUF.xlsx,27379dc76590027b0e6d21d736331f87376f0ac87810d68e9f7cca555eef4b1f
754,20305NE0100006,43,18,Individual,EPO,QHP,Bronze,Transparency 2026 - Ind QHP,674,Transparency_in_Coverage_PUF.xlsx,27379dc76590027b0e6d21d736331f87376f0ac87810d68e9f7cca555eef4b1f
755,20305NE0100007,43,18,Individual,EPO,QHP,Gold,Transparency 2026 - Ind QHP,675,Transparency_in_Coverage_PUF.xlsx,27379dc76590027b0e6d21d736331f87376f0ac87810d68e9f7cca555eef4b1f
756,20305NE0100008,43,18,Individual,EPO,QHP,Silver,Transparency 2026 - Ind QHP,676,Transparency_in_Coverage_PUF.xlsx,27379dc76590027b0e6d21d736331f87376f0ac87810d68e9f7cca555eef4b1f
757,20305NE0100009,43,18,Individual,EPO,QHP,Bronze,Transparency 2026 - Ind QHP,677,Transparency_in_Coverage_PUF.xlsx,27379dc76590027b0e6d21d736331f87376f0ac87810d68e9f7cca555eef4b1f
758,20635MS0010001,44,14,Individual,HMO,QHP,Bronze,Transparency 2026 - Ind QHP,678,Transparency_in_Coverage_PUF.xlsx,27379dc76590027b0e6d21d736331f87376f0ac87810d68e9f7cca555eef4b1f
759,20635MS0010002,44,14,Individual,HMO,QHP,Bronze,Transparency 2026 - Ind QHP,679,Transparency_in_Coverage_PUF.xlsx,27379dc76590027b0e6d21d736331f87376f0ac87810d68e9f7cca555eef4b1f
760,20635MS0010003,44,14,Individual,HMO,QHP,Bronze,Transparency 2026 - Ind QHP,680,Transparency_in_Coverage_PUF.xlsx,27379dc76590027b0e6d21d736331f87376f0ac87810d68e9f7cca555eef4b1f
761,20635MS0010004,44,14,Individual,HMO,QHP,Silver,Transparency 2026 - Ind QHP,681,Transparency_in_Coverage_PUF.xlsx,27379dc76590027b0e6d21d736331f87376f0ac87810d68e9f7cca555eef4b1f
762,20635MS0010005,44,14,Individual,HMO,QHP,Silver,Transparency 2026 - Ind QHP,682,Transparency_in_Coverage_PUF.xlsx,27379dc76590027b0e6d21d736331f87376f0ac87810d68e9f7cca555eef4b1f
763,20635MS0010006,44,14,Individual,HMO,QHP,Silver,Transparency 2026 - Ind QHP,683,Transparency_in_Coverage_PUF.xlsx,27379dc76590027b0e6d21d736331f87376f0ac87810d68e9f7cca555eef4b1f
764,20635MS0010007,44,14,Individual,HMO,QHP,Gold,Transparency 2026 - Ind QHP,684,Transparency_in_Coverage_PUF.xlsx,27379dc76590027b0e6d21d736331f87376f0ac87810d68e9f7cca555eef4b1f
765,21333OK0010013,45,21,Individual,PPO,QHP,Catastrophic,Transparency 2026 - Ind QHP,685,Transparency_in_Coverage_PUF.xlsx,27379dc76590027b0e6d21d736331f87376f0ac87810d68e9f7cca555eef4b1f
766,21333OK0010041,45,21,Individual,PPO,QHP,Bronze,Transparency 2026 - Ind QHP,686,Transparency_in_Coverage_PUF.xlsx,27379dc76590027b0e6d21d736331f87376f0ac87810d68e9f7cca555eef4b1f
767,21333OK0010045,45,21,Individual,PPO,QHP,Gold,Transparency 2026 - Ind QHP,687,Transparency_in_Coverage_PUF.xlsx,27379dc76590027b0e6d21d736331f87376f0ac87810d68e9f7cca555eef4b1f
768,21333OK0010047,45,21,Individual,PPO,QHP,Silver,Transparency 2026 - Ind QHP,688,Transparency_in_Coverage_PUF.xlsx,27379dc76590027b0e6d21d736331f87376f0ac87810d68e9f7cca555eef4b1f
769,21333OK0010051,45,21,Individual,PPO,QHP,Bronze,Transparency 2026 - Ind QHP,689,Transparency_in_Coverage_PUF.xlsx,27379dc76590027b0e6d21d736331f87376f0ac87810d68e9f7cca555eef4b1f
770,21333OK0010055,45,21,Individual,PPO,QHP,Gold,Transparency 2026 - Ind QHP,690,Transparency_in_Coverage_PUF.xlsx,27379dc76590027b0e6d21d736331f87376f0ac87810d68e9f7cca555eef4b1f
771,21333OK0010057,45,21,Individual,PPO,QHP,Silver,Transparency 2026 - Ind QHP,691,Transparency_in_Coverage_PUF.xlsx,27379dc76590027b0e6d21d736331f87376f0ac87810d68e9f7cca555eef4b1f
772,21333OK0010073,45,21,Individual,PPO,QHP,Bronze,Transparency 2026 - Ind QHP,692,Transparency_in_Coverage_PUF.xlsx,27379dc76590027b0e6d21d736331f87376f0ac87810d68e9f7cca555eef4b1f
773,21333OK0010074,45,21,Individual,PPO,QHP,Gold,Transparency 2026 - Ind QHP,693,Transparency_in_Coverage_PUF.xlsx,27379dc76590027b0e6d21d736331f87376f0ac87810d68e9f7cca555eef4b1f
774,21333OK0010075,45,21,Individual,PPO,QHP,Silver,Transparency 2026 - Ind QHP,694,Transparency_in_Coverage_PUF.xlsx,27379dc76590027b0e6d21d736331f87376f0ac87810d68e9f7cca555eef4b1f
775,21333OK0060013,45,21,Individual,PPO,QHP,Catastrophic,Transparency 2026 - Ind QHP,695,Transparency_in_Coverage_PUF.xlsx,27379dc76590027b0e6d21d736331f87376f0ac87810d68e9f7cca555eef4b1f
776,21333OK0060045,45,21,Individual,PPO,QHP,Gold,Transparency 2026 - Ind QHP,696,Transparency_in_Coverage_PUF.xlsx,27379dc76590027b0e6d21d736331f87376f0ac87810d68e9f7cca555eef4b1f
777,21333OK0060047,45,21,Individual,PPO,QHP,Silver,Transparency 2026 - Ind QHP,697,Transparency_in_Coverage_PUF.xlsx,27379dc76590027b0e6d21d736331f87376f0ac87810d68e9f7cca555eef4b1f
778,21333OK0060051,45,21,Individual,PPO,QHP,Bronze,Transparency 2026 - Ind QHP,698,Transparency_in_Coverage_PUF.xlsx,27379dc76590027b0e6d21d736331f87376f0ac87810d68e9f7cca555eef4b1f
779,21333OK0060055,45,21,Individual,PPO,QHP,Gold,Transparency 2026 - Ind QHP,699,Transparency_in_Coverage_PUF.xlsx,27379dc76590027b0e6d21d736331f87376f0ac87810d68e9f7cca555eef4b1f
780,21333OK0060057,45,21,Individual,PPO,QHP,Silver,Transparency 2026 - Ind QHP,700,Transparency_in_Coverage_PUF.xlsx,27379dc76590027b0e6d21d736331f87376f0ac87810d68e9f7cca555eef4b1f
781,21333OK0060073,45,21,Individual,PPO,QHP,Bronze,Transparency 2026 - Ind QHP,701,Transparency_in_Coverage_PUF.xlsx,27379dc76590027b0e6d21d736331f87376f0ac87810d68e9f7cca555eef4b1f
782,21333OK0060074,45,21,Individual,PPO,QHP,Bronze,Transparency 2026 - Ind QHP,702,Transparency_in_Coverage_PUF.xlsx,27379dc76590027b0e6d21d736331f87376f0ac87810d68e9f7cca555eef4b1f
783,21333OK0060075,45,21,Individual,PPO,QHP,Gold,Transparency 2026 - Ind QHP,703,Transparency_in_Coverage_PUF.xlsx,27379dc76590027b0e6d21d736331f87376f0ac87810d68e9f7cca555eef4b1f
784,21333OK0060076,45,21,Individual,PPO,QHP,Silver,Transparency 2026 - Ind QHP,704,Transparency_in_Coverage_PUF.xlsx,27379dc76590027b0e6d21d736331f87376f0ac87810d68e9f7cca555eef4b1f
785,21333OK0070001,45,21,Individual,PPO,QHP,Gold,Transparency 2026 - Ind QHP,705,Transparency_in_Coverage_PUF.xlsx,27379dc76590027b0e6d21d736331f87376f0ac87810d68e9f7cca555eef4b1f
786,21333OK0070002,45,21,Individual,PPO,QHP,Silver,Transparency 2026 - Ind QHP,706,Transparency_in_Coverage_PUF.xlsx,27379dc76590027b0e6d21d736331f87376f0ac87810d68e9f7cca555eef4b1f
787,21333OK0070003,45,21,Individual,PPO,QHP,Bronze,Transparency 2026 - Ind QHP,707,Transparency_in_Coverage_PUF.xlsx,27379dc76590027b0e6d21d736331f87376f0ac87810d68e9f7cca555eef4b1f
788,21333OK0070004,45,21,Individual,PPO,QHP,Gold,Transparency 2026 - Ind QHP,708,Transparency_in_Coverage_PUF.xlsx,27379dc76590027b0e6d21d736331f87376f0ac87810d68e9f7cca555eef4b1f
789,21333OK0070005,45,21,Individual,PPO,QHP,Silver,Transparency 2026 - Ind QHP,709,Transparency_in_Coverage_PUF.xlsx,27379dc76590027b0e6d21d736331f87376f0ac87810d68e9f7cca555eef4b1f
790,21333OK0070006,45,21,Individual,PPO,QHP,Bronze,Transparency 2026 - Ind QHP,710,Transparency_in_Coverage_PUF.xlsx,27379dc76590027b0e6d21d736331f87376f0ac87810d68e9f7cca555eef4b1f
791,21333OK0070007,45,21,Individual,PPO,QHP,Gold,Transparency 2026 - Ind QHP,711,Transparency_in_Coverage_PUF.xlsx,27379dc76590027b0e6d21d736331f87376f0ac87810d68e9f7cca555eef4b1f
792,21333OK0070008,45,21,Individual,PPO,QHP,Silver,Transparency 2026 - Ind QHP,712,Transparency_in_Coverage_PUF.xlsx,27379dc76590027b0e6d21d736331f87376f0ac87810d68e9f7cca555eef4b1f
793,21333OK0070009,45,21,Individual,PPO,QHP,Bronze,Transparency 2026 - Ind QHP,713,Transparency_in_Coverage_PUF.xlsx,27379dc76590027b0e6d21d736331f87376f0ac87810d68e9f7cca555eef4b1f
794,21333OK0070010,45,21,Individual,PPO,QHP,Catastrophic,Transparency 2026 - Ind QHP,714,Transparency_in_Coverage_PUF.xlsx,27379dc76590027b0e6d21d736331f87376f0ac87810d68e9f7cca555eef4b1f
795,21525FL0010001,46,6,Individual,HMO,QHP,Bronze,Transparency 2026 - Ind QHP,715,Transparency_in_Coverage_PUF.xlsx,27379dc76590027b0e6d21d736331f87376f0ac87810d68e9f7cca555eef4b1f
796,21525FL0010002,46,6,Individual,HMO,QHP,Bronze,Transparency 2026 - Ind QHP,716,Transparency_in_Coverage_PUF.xlsx,27379dc76590027b0e6d21d736331f87376f0ac87810d68e9f7cca555eef4b1f
797,21525FL0010004,46,6,Individual,HMO,QHP,Bronze,Transparency 2026 - Ind QHP,717,Transparency_in_Coverage_PUF.xlsx,27379dc76590027b0e6d21d736331f87376f0ac87810d68e9f7cca555eef4b1f
798,21525FL0010005,46,6,Individual,HMO,QHP,Bronze,Transparency 2026 - Ind QHP,718,Transparency_in_Coverage_PUF.xlsx,27379dc76590027b0e6d21d736331f87376f0ac87810d68e9f7cca555eef4b1f
799,21525FL0010006,46,6,Individual,HMO,QHP,Bronze,Transparency 2026 - Ind QHP,719,Transparency_in_Coverage_PUF.xlsx,27379dc76590027b0e6d21d736331f87376f0ac87810d68e9f7cca555eef4b1f
800,21525FL0010007,46,6,Individual,HMO,QHP,Bronze,Transparency 2026 - Ind QHP,720,Transparency_in_Coverage_PUF.xlsx,27379dc76590027b0e6d21d736331f87376f0ac87810d68e9f7cca555eef4b1f
801,21525FL0010008,46,6,Individual,HMO,QHP,Bronze,Transparency 2026 - Ind QHP,721,Transparency_in_Coverage_PUF.xlsx,27379dc76590027b0e6d21d736331f87376f0ac87810d68e9f7cca555eef4b1f
802,21525FL0010009,46,6,Individual,HMO,QHP,Silver,Transparency 2026 - Ind QHP,722,Transparency_in_Coverage_PUF.xlsx,27379dc76590027b0e6d21d736331f87376f0ac87810d68e9f7cca555eef4b1f
803,21525FL0010010,46,6,Individual,HMO,QHP,Silver,Transparency 2026 - Ind QHP,723,Transparency_in_Coverage_PUF.xlsx,27379dc76590027b0e6d21d736331f87376f0ac87810d68e9f7cca555eef4b1f
804,21525FL0010012,46,6,Individual,HMO,QHP,Silver,Transparency 2026 - Ind QHP,724,Transparency_in_Coverage_PUF.xlsx,27379dc76590027b0e6d21d736331f87376f0ac87810d68e9f7cca555eef4b1f
805,21525FL0010013,46,6,Individual,HMO,QHP,Silver,Transparency 2026 - Ind QHP,725,Transparency_in_Coverage_PUF.xlsx,27379dc76590027b0e6d21d736331f87376f0ac87810d68e9f7cca555eef4b1f
806,21525FL0010014,46,6,Individual,HMO,QHP,Silver,Transparency 2026 - Ind QHP,726,Transparency_in_Coverage_PUF.xlsx,27379dc76590027b0e6d21d736331f87376f0ac87810d68e9f7cca555eef4b1f
807,21525FL0010015,46,6,Individual,HMO,QHP,Silver,Transparency 2026 - Ind QHP,727,Transparency_in_Coverage_PUF.xlsx,27379dc76590027b0e6d21d736331f87376f0ac87810d68e9f7cca555eef4b1f
808,21525FL0010016,46,6,Individual,HMO,QHP,Silver,Transparency 2026 - Ind QHP,728,Transparency_in_Coverage_PUF.xlsx,27379dc76590027b0e6d21d736331f87376f0ac87810d68e9f7cca555eef4b1f
809,21525FL0010017,46,6,Individual,HMO,QHP,Silver,Transparency 2026 - Ind QHP,729,Transparency_in_Coverage_PUF.xlsx,27379dc76590027b0e6d21d736331f87376f0ac87810d68e9f7cca555eef4b1f
810,21525FL0010019,46,6,Individual,HMO,QHP,Gold,Transparency 2026 - Ind QHP,730,Transparency_in_Coverage_PUF.xlsx,27379dc76590027b0e6d21d736331f87376f0ac87810d68e9f7cca555eef4b1f
811,21525FL0010020,46,6,Individual,HMO,QHP,Gold,Transparency 2026 - Ind QHP,731,Transparency_in_Coverage_PUF.xlsx,27379dc76590027b0e6d21d736331f87376f0ac87810d68e9f7cca555eef4b1f
812,21525FL0010022,46,6,Individual,HMO,QHP,Gold,Transparency 2026 - Ind QHP,732,Transparency_in_Coverage_PUF.xlsx,27379dc76590027b0e6d21d736331f87376f0ac87810d68e9f7cca555eef4b1f
813,21525FL0010023,46,6,Individual,HMO,QHP,Gold,Transparency 2026 - Ind QHP,733,Transparency_in_Coverage_PUF.xlsx,27379dc76590027b0e6d21d736331f87376f0ac87810d68e9f7cca555eef4b1f
814,21525FL0020001,46,6,Individual,HMO,QHP,Bronze,Transparency 2026 - Ind QHP,734,Transparency_in_Coverage_PUF.xlsx,27379dc76590027b0e6d21d736331f87376f0ac87810d68e9f7cca555eef4b1f
815,21525FL0020002,46,6,Individual,HMO,QHP,Bronze,Transparency 2026 - Ind QHP,735,Transparency_in_Coverage_PUF.xlsx,27379dc76590027b0e6d21d736331f87376f0ac87810d68e9f7cca555eef4b1f
816,21525FL0020003,46,6,Individual,HMO,QHP,Bronze,Transparency 2026 - Ind QHP,736,Transparency_in_Coverage_PUF.xlsx,27379dc76590027b0e6d21d736331f87376f0ac87810d68e9f7cca555eef4b1f
817,21525FL0020004,46,6,Individual,HMO,QHP,Bronze,Transparency 2026 - Ind QHP,737,Transparency_in_Coverage_PUF.xlsx,27379dc76590027b0e6d21d736331f87376f0ac87810d68e9f7cca555eef4b1f
818,21525FL0020005,46,6,Individual,HMO,QHP,Bronze,Transparency 2026 - Ind QHP,738,Transparency_in_Coverage_PUF.xlsx,27379dc76590027b0e6d21d736331f87376f0ac87810d68e9f7cca555eef4b1f
819,21525FL0020006,46,6,Individual,HMO,QHP,Bronze,Transparency 2026 - Ind QHP,739,Transparency_in_Coverage_PUF.xlsx,27379dc76590027b0e6d21d736331f87376f0ac87810d68e9f7cca555eef4b1f
820,21525FL0020007,46,6,Individual,HMO,QHP,Silver,Transparency 2026 - Ind QHP,740,Transparency_in_Coverage_PUF.xlsx,27379dc76590027b0e6d21d736331f87376f0ac87810d68e9f7cca555eef4b1f
821,21525FL0020008,46,6,Individual,HMO,QHP,Silver,Transparency 2026 - Ind QHP,741,Transparency_in_Coverage_PUF.xlsx,27379dc76590027b0e6d21d736331f87376f0ac87810d68e9f7cca555eef4b1f
822,21525FL0020009,46,6,Individual,HMO,QHP,Silver,Transparency 2026 - Ind QHP,742,Transparency_in_Coverage_PUF.xlsx,27379dc76590027b0e6d21d736331f87376f0ac87810d68e9f7cca555eef4b1f
823,21525FL0020010,46,6,Individual,HMO,QHP,Silver,Transparency 2026 - Ind QHP,743,Transparency_in_Coverage_PUF.xlsx,27379dc76590027b0e6d21d736331f87376f0ac87810d68e9f7cca555eef4b1f
824,21525FL0020011,46,6,Individual,HMO,QHP,Silver,Transparency 2026 - Ind QHP,744,Transparency_in_Coverage_PUF.xlsx,27379dc76590027b0e6d21d736331f87376f0ac87810d68e9f7cca555eef4b1f
825,21525FL0020012,46,6,Individual,HMO,QHP,Silver,Transparency 2026 - Ind QHP,745,Transparency_in_Coverage_PUF.xlsx,27379dc76590027b0e6d21d736331f87376f0ac87810d68e9f7cca555eef4b1f
826,21525FL0020013,46,6,Individual,HMO,QHP,Silver,Transparency 2026 - Ind QHP,746,Transparency_in_Coverage_PUF.xlsx,27379dc76590027b0e6d21d736331f87376f0ac87810d68e9f7cca555eef4b1f
827,21525FL0020015,46,6,Individual,HMO,QHP,Gold,Transparency 2026 - Ind QHP,747,Transparency_in_Coverage_PUF.xlsx,27379dc76590027b0e6d21d736331f87376f0ac87810d68e9f7cca555eef4b1f
828,21525FL0020016,46,6,Individual,HMO,QHP,Gold,Transparency 2026 - Ind QHP,748,Transparency_in_Coverage_PUF.xlsx,27379dc76590027b0e6d21d736331f87376f0ac87810d68e9f7cca555eef4b1f
829,21989AK0030001,47,1,Individual,Indemnity,SADP,Low,Transparency 2026 - Ind SADP,87,Transparency_in_Coverage_PUF.xlsx,27379dc76590027b0e6d21d736331f87376f0ac87810d68e9f7cca555eef4b1f
830,21989AK0050001,47,1,Individual,PPO,SADP,High,Transparency 2026 - Ind SADP,88,Transparency_in_Coverage_PUF.xlsx,27379dc76590027b0e6d21d736331f87376f0ac87810d68e9f7cca555eef4b1f
831,21989AK0050002,47,1,Individual,PPO,SADP,High,Transparency 2026 - Ind SADP,89,Transparency_in_Coverage_PUF.xlsx,27379dc76590027b0e6d21d736331f87376f0ac87810d68e9f7cca555eef4b1f
832,22013UT2630017,48,27,Individual,EPO,QHP,Silver,Transparency 2026 - Ind QHP,749,Transparency_in_Coverage_PUF.xlsx,27379dc76590027b0e6d21d736331f87376f0ac87810d68e9f7cca555eef4b1f
833,22013UT2630019,48,27,Individual,EPO,QHP,Gold,Transparency 2026 - Ind QHP,750,Transparency_in_Coverage_PUF.xlsx,27379dc76590027b0e6d21d736331f87376f0ac87810d68e9f7cca555eef4b1f
834,22013UT2650007,48,27,Individual,EPO,QHP,Bronze,Transparency 2026 - Ind QHP,751,Transparency_in_Coverage_PUF.xlsx,27379dc76590027b0e6d21d736331f87376f0ac87810d68e9f7cca555eef4b1f
835,22013UT2650008,48,27,Individual,EPO,QHP,Bronze,Transparency 2026 - Ind QHP,752,Transparency_in_Coverage_PUF.xlsx,27379dc76590027b0e6d21d736331f87376f0ac87810d68e9f7cca555eef4b1f
836,22013UT2650010,48,27,Individual,EPO,QHP,Gold,Transparency 2026 - Ind QHP,753,Transparency_in_Coverage_PUF.xlsx,27379dc76590027b0e6d21d736331f87376f0ac87810d68e9f7cca555eef4b1f
837,22013UT2650011,48,27,Individual,EPO,QHP,Silver,Transparency 2026 - Ind QHP,754,Transparency_in_Coverage_PUF.xlsx,27379dc76590027b0e6d21d736331f87376f0ac87810d68e9f7cca555eef4b1f
838,22013UT2650012,48,27,Individual,EPO,QHP,Bronze,Transparency 2026 - Ind QHP,755,Transparency_in_Coverage_PUF.xlsx,27379dc76590027b0e6d21d736331f87376f0ac87810d68e9f7cca555eef4b1f
839,22013UT2680001,48,27,Individual,EPO,QHP,Bronze,Transparency 2026 - Ind QHP,756,Transparency_in_Coverage_PUF.xlsx,27379dc76590027b0e6d21d736331f87376f0ac87810d68e9f7cca555eef4b1f
840,23018TX0020001,49,26,Individual,PPO,SADP,Low,Transparency 2026 - Ind SADP,90,Transparency_in_Coverage_PUF.xlsx,27379dc76590027b0e6d21d736331f87376f0ac87810d68e9f7cca555eef4b1f
841,23018TX0020002,49,26,Individual,PPO,SADP,High,Transparency 2026 - Ind SADP,91,Transparency_in_Coverage_PUF.xlsx,27379dc76590027b0e6d21d736331f87376f0ac87810d68e9f7cca555eef4b1f
842,23018TX0020003,49,26,Individual,PPO,SADP,Low,Transparency 2026 - Ind SADP,92,Transparency_in_Coverage_PUF.xlsx,27379dc76590027b0e6d21d736331f87376f0ac87810d68e9f7cca555eef4b1f
843,23018TX0020004,49,26,Individual,PPO,SADP,Low,Transparency 2026 - Ind SADP,93,Transparency_in_Coverage_PUF.xlsx,27379dc76590027b0e6d21d736331f87376f0ac87810d68e9f7cca555eef4b1f
844,23018TX0020005,49,26,Individual,PPO,SADP,Low,Transparency 2026 - Ind SADP,94,Transparency_in_Coverage_PUF.xlsx,27379dc76590027b0e6d21d736331f87376f0ac87810d68e9f7cca555eef4b1f
845,23018TX0020006,49,26,Individual,PPO,SADP,High,Transparency 2026 - Ind SADP,95,Transparency_in_Coverage_PUF.xlsx,27379dc76590027b0e6d21d736331f87376f0ac87810d68e9f7cca555eef4b1f
846,23468OK0200001,50,21,Individual,PPO,SADP,Low,Transparency 2026 - Ind SADP,96,Transparency_in_Coverage_PUF.xlsx,27379dc76590027b0e6d21d736331f87376f0ac87810d68e9f7cca555eef4b1f
847,23468OK0200002,50,21,Individual,PPO,SADP,High,Transparency 2026 - Ind SADP,97,Transparency_in_Coverage_PUF.xlsx,27379dc76590027b0e6d21d736331f87376f0ac87810d68e9f7cca555eef4b1f
848,23468OK0200003,50,21,Individual,PPO,SADP,Low,Transparency 2026 - Ind SADP,98,Transparency_in_Coverage_PUF.xlsx,27379dc76590027b0e6d21d736331f87376f0ac87810d68e9f7cca555eef4b1f
849,23552TN0020005,51,25,Individual,EPO,QHP,Bronze,Transparency 2026 - Ind QHP,757,Transparency_in_Coverage_PUF.xlsx,27379dc76590027b0e6d21d736331f87376f0ac87810d68e9f7cca555eef4b1f
850,23552TN0020006,51,25,Individual,EPO,QHP,Silver,Transparency 2026 - Ind QHP,758,Transparency_in_Coverage_PUF.xlsx,27379dc76590027b0e6d21d736331f87376f0ac87810d68e9f7cca555eef4b1f
851,23552TN0020011,51,25,Individual,EPO,QHP,Catastrophic,Transparency 2026 - Ind QHP,759,Transparency_in_Coverage_PUF.xlsx,27379dc76590027b0e6d21d736331f87376f0ac87810d68e9f7cca555eef4b1f
852,23552TN0020025,51,25,Individual,EPO,QHP,Silver,Transparency 2026 - Ind QHP,760,Transparency_in_Coverage_PUF.xlsx,27379dc76590027b0e6d21d736331f87376f0ac87810d68e9f7cca555eef4b1f
853,23552TN0020036,51,25,Individual,EPO,QHP,Gold,Transparency 2026 - Ind QHP,761,Transparency_in_Coverage_PUF.xlsx,27379dc76590027b0e6d21d736331f87376f0ac87810d68e9f7cca555eef4b1f
854,23552TN0020050,51,25,Individual,EPO,QHP,Bronze,Transparency 2026 - Ind QHP,762,Transparency_in_Coverage_PUF.xlsx,27379dc76590027b0e6d21d736331f87376f0ac87810d68e9f7cca555eef4b1f
855,23552TN0020052,51,25,Individual,EPO,QHP,Silver,Transparency 2026 - Ind QHP,763,Transparency_in_Coverage_PUF.xlsx,27379dc76590027b0e6d21d736331f87376f0ac87810d68e9f7cca555eef4b1f
856,23552TN0020053,51,25,Individual,EPO,QHP,Gold,Transparency 2026 - Ind QHP,764,Transparency_in_Coverage_PUF.xlsx,27379dc76590027b0e6d21d736331f87376f0ac87810d68e9f7cca555eef4b1f
857,23552TN0020055,51,25,Individual,EPO,QHP,Silver,Transparency 2026 - Ind QHP,765,Transparency_in_Coverage_PUF.xlsx,27379dc76590027b0e6d21d736331f87376f0ac87810d68e9f7cca555eef4b1f
858,23552TN0020056,51,25,Individual,EPO,QHP,Silver,Transparency 2026 - Ind QHP,766,Transparency_in_Coverage_PUF.xlsx,27379dc76590027b0e6d21d736331f87376f0ac87810d68e9f7cca555eef4b1f
859,23552TN0020058,51,25,Individual,EPO,QHP,Bronze,Transparency 2026 - Ind QHP,767,Transparency_in_Coverage_PUF.xlsx,27379dc76590027b0e6d21d736331f87376f0ac87810d68e9f7cca555eef4b1f
860,23552TN0020059,51,25,Individual,EPO,QHP,Bronze,Transparency 2026 - Ind QHP,768,Transparency_in_Coverage_PUF.xlsx,27379dc76590027b0e6d21d736331f87376f0ac87810d68e9f7cca555eef4b1f
861,23552TN0020060,51,25,Individual,EPO,QHP,Bronze,Transparency 2026 - Ind QHP,769,Transparency_in_Coverage_PUF.xlsx,27379dc76590027b0e6d21d736331f87376f0ac87810d68e9f7cca555eef4b1f
862,23552TN0020063,51,25,Individual,EPO,QHP,Silver,Transparency 2026 - Ind QHP,770,Transparency_in_Coverage_PUF.xlsx,27379dc76590027b0e6d21d736331f87376f0ac87810d68e9f7cca555eef4b1f
863,23552TN0020064,51,25,Individual,EPO,QHP,Silver,Transparency 2026 - Ind QHP,771,Transparency_in_Coverage_PUF.xlsx,27379dc76590027b0e6d21d736331f87376f0ac87810d68e9f7cca555eef4b1f
864,23552TN0020068,51,25,Individual,EPO,QHP,Bronze,Transparency 2026 - Ind QHP,772,Transparency_in_Coverage_PUF.xlsx,27379dc76590027b0e6d21d736331f87376f0ac87810d68e9f7cca555eef4b1f
865,23552TN0020071,51,25,Individual,EPO,QHP,Gold,Transparency 2026 - Ind QHP,773,Transparency_in_Coverage_PUF.xlsx,27379dc76590027b0e6d21d736331f87376f0ac87810d68e9f7cca555eef4b1f
866,23603MT0320001,52,15,Individual,Indemnity,SADP,High,Transparency 2026 - Ind SADP,99,Transparency_in_Coverage_PUF.xlsx,27379dc76590027b0e6d21d736331f87376f0ac87810d68e9f7cca555eef4b1f
867,23603MT0320002,52,15,Individual,Indemnity,SADP,High,Transparency 2026 - Ind SADP,100,Transparency_in_Coverage_PUF.xlsx,27379dc76590027b0e6d21d736331f87376f0ac87810d68e9f7cca555eef4b1f
868,23603MT0320003,52,15,Individual,Indemnity,SADP,High,Transparency 2026 - Ind SADP,101,Transparency_in_Coverage_PUF.xlsx,27379dc76590027b0e6d21d736331f87376f0ac87810d68e9f7cca555eef4b1f
869,23603MT0380001,52,15,Individual,EPO,QHP,Bronze,Transparency 2026 - Ind QHP,774,Transparency_in_Coverage_PUF.xlsx,27379dc76590027b0e6d21d736331f87376f0ac87810d68e9f7cca555eef4b1f
870,23603MT0380002,52,15,Individual,EPO,QHP,Bronze,Transparency 2026 - Ind QHP,775,Transparency_in_Coverage_PUF.xlsx,27379dc76590027b0e6d21d736331f87376f0ac87810d68e9f7cca555eef4b1f
871,23603MT0380003,52,15,Individual,EPO,QHP,Bronze,Transparency 2026 - Ind QHP,776,Transparency_in_Coverage_PUF.xlsx,27379dc76590027b0e6d21d736331f87376f0ac87810d68e9f7cca555eef4b1f
872,23603MT0380004,52,15,Individual,EPO,QHP,Silver,Transparency 2026 - Ind QHP,777,Transparency_in_Coverage_PUF.xlsx,27379dc76590027b0e6d21d736331f87376f0ac87810d68e9f7cca555eef4b1f
873,23603MT0380005,52,15,Individual,EPO,QHP,Silver,Transparency 2026 - Ind QHP,778,Transparency_in_Coverage_PUF.xlsx,27379dc76590027b0e6d21d736331f87376f0ac87810d68e9f7cca555eef4b1f
874,23603MT0380006,52,15,Individual,EPO,QHP,Silver,Transparency 2026 - Ind QHP,779,Transparency_in_Coverage_PUF.xlsx,27379dc76590027b0e6d21d736331f87376f0ac87810d68e9f7cca555eef4b1f
875,23603MT0380008,52,15,Individual,EPO,QHP,Gold,Transparency 2026 - Ind QHP,780,Transparency_in_Coverage_PUF.xlsx,27379dc76590027b0e6d21d736331f87376f0ac87810d68e9f7cca555eef4b1f
876,23603MT0380009,52,15,Individual,EPO,QHP,Gold,Transparency 2026 - Ind QHP,781,Transparency_in_Coverage_PUF.xlsx,27379dc76590027b0e6d21d736331f87376f0ac87810d68e9f7cca555eef4b1f
877,23891TX0010004,53,26,Individual,HMO,SADP,High,Transparency 2026 - Ind SADP,102,Transparency_in_Coverage_PUF.xlsx,27379dc76590027b0e6d21d736331f87376f0ac87810d68e9f7cca555eef4b1f
878,23891TX0010006,53,26,Individual,HMO,SADP,Low,Transparency 2026 - Ind SADP,103,Transparency_in_Coverage_PUF.xlsx,27379dc76590027b0e6d21d736331f87376f0ac87810d68e9f7cca555eef4b1f
879,24106AZ0010001,54,4,Individual,PPO,SADP,Low,Transparency 2026 - Ind SADP,104,Transparency_in_Coverage_PUF.xlsx,27379dc76590027b0e6d21d736331f87376f0ac87810d68e9f7cca555eef4b1f
880,24106AZ0020001,54,4,Individual,PPO,SADP,High,Transparency 2026 - Ind SADP,105,Transparency_in_Coverage_PUF.xlsx,27379dc76590027b0e6d21d736331f87376f0ac87810d68e9f7cca555eef4b1f
881,24106AZ0050001,54,4,Individual,PPO,SADP,Low,Transparency 2026 - Ind SADP,106,Transparency_in_Coverage_PUF.xlsx,27379dc76590027b0e6d21d736331f87376f0ac87810d68e9f7cca555eef4b1f
882,24349TX0010004,55,26,Individual,PPO,SADP,High,Transparency 2026 - Ind SADP,107,Transparency_in_Coverage_PUF.xlsx,27379dc76590027b0e6d21d736331f87376f0ac87810d68e9f7cca555eef4b1f
883,24349TX0010006,55,26,Individual,PPO,SADP,Low,Transparency 2026 - Ind SADP,108,Transparency_in_Coverage_PUF.xlsx,27379dc76590027b0e6d21d736331f87376f0ac87810d68e9f7cca555eef4b1f
884,24349TX0010007,55,26,Individual,PPO,SADP,High,Transparency 2026 - Ind SADP,109,Transparency_in_Coverage_PUF.xlsx,27379dc76590027b0e6d21d736331f87376f0ac87810d68e9f7cca555eef4b1f
885,24601TN0020003,56,25,Individual,PPO,SADP,High,Transparency 2026 - Ind SADP,110,Transparency_in_Coverage_PUF.xlsx,27379dc76590027b0e6d21d736331f87376f0ac87810d68e9f7cca555eef4b1f
886,24601TN0020006,56,25,Individual,PPO,SADP,Low,Transparency 2026 - Ind SADP,111,Transparency_in_Coverage_PUF.xlsx,27379dc76590027b0e6d21d736331f87376f0ac87810d68e9f7cca555eef4b1f
887,24601TN0020007,56,25,Individual,PPO,SADP,High,Transparency 2026 - Ind SADP,112,Transparency_in_Coverage_PUF.xlsx,27379dc76590027b0e6d21d736331f87376f0ac87810d68e9f7cca555eef4b1f
888,24601TN0020008,56,25,Individual,PPO,SADP,Low,Transparency 2026 - Ind SADP,113,Transparency_in_Coverage_PUF.xlsx,27379dc76590027b0e6d21d736331f87376f0ac87810d68e9f7cca555eef4b1f
889,25268KS0010001,57,10,Individual,PPO,SADP,Low,Transparency 2026 - Ind SADP,114,Transparency_in_Coverage_PUF.xlsx,27379dc76590027b0e6d21d736331f87376f0ac87810d68e9f7cca555eef4b1f
890,25268KS0020001,57,10,Individual,PPO,SADP,High,Transparency 2026 - Ind SADP,115,Transparency_in_Coverage_PUF.xlsx,27379dc76590027b0e6d21d736331f87376f0ac87810d68e9f7cca555eef4b1f
891,25268KS0050001,57,10,Individual,PPO,SADP,Low,Transparency 2026 - Ind SADP,116,Transparency_in_Coverage_PUF.xlsx,27379dc76590027b0e6d21d736331f87376f0ac87810d68e9f7cca555eef4b1f
892,25486OR0020001,58,22,Individual,HMO,SADP,Low,Transparency 2026 - Ind SADP,117,Transparency_in_Coverage_PUF.xlsx,27379dc76590027b0e6d21d736331f87376f0ac87810d68e9f7cca555eef4b1f
893,25486OR0020002,58,22,Individual,HMO,SADP,Low,Transparency 2026 - Ind SADP,118,Transparency_in_Coverage_PUF.xlsx,27379dc76590027b0e6d21d736331f87376f0ac87810d68e9f7cca555eef4b1f
894,25486OR0020003,58,22,Individual,HMO,SADP,High,Transparency 2026 - Ind SADP,119,Transparency_in_Coverage_PUF.xlsx,27379dc76590027b0e6d21d736331f87376f0ac87810d68e9f7cca555eef4b1f
895,25896IA0370002,59,8,Individual,HMO,QHP,Bronze,Transparency 2026 - Ind QHP,782,Transparency_in_Coverage_PUF.xlsx,27379dc76590027b0e6d21d736331f87376f0ac87810d68e9f7cca555eef4b1f
896,25896IA0370003,59,8,Individual,HMO,QHP,Silver,Transparency 2026 - Ind QHP,783,Transparency_in_Coverage_PUF.xlsx,27379dc76590027b0e6d21d736331f87376f0ac87810d68e9f7cca555eef4b1f
897,25896IA0370005,59,8,Individual,HMO,QHP,Bronze,Transparency 2026 - Ind QHP,784,Transparency_in_Coverage_PUF.xlsx,27379dc76590027b0e6d21d736331f87376f0ac87810d68e9f7cca555eef4b1f
898,25896IA0370006,59,8,Individual,HMO,QHP,Gold,Transparency 2026 - Ind QHP,785,Transparency_in_Coverage_PUF.xlsx,27379dc76590027b0e6d21d736331f87376f0ac87810d68e9f7cca555eef4b1f
899,25896IA0370010,59,8,Individual,HMO,QHP,Silver,Transparency 2026 - Ind QHP,786,Transparency_in_Coverage_PUF.xlsx,27379dc76590027b0e6d21d736331f87376f0ac87810d68e9f7cca555eef4b1f
900,25896IA0370011,59,8,Individual,HMO,QHP,Gold,Transparency 2026 - Ind QHP,787,Transparency_in_Coverage_PUF.xlsx,27379dc76590027b0e6d21d736331f87376f0ac87810d68e9f7cca555eef4b1f
901,25896IA0370012,59,8,Individual,HMO,QHP,Bronze,Transparency 2026 - Ind QHP,788,Transparency_in_Coverage_PUF.xlsx,27379dc76590027b0e6d21d736331f87376f0ac87810d68e9f7cca555eef4b1f
902,25896IA0370013,59,8,Individual,HMO,QHP,Silver,Transparency 2026 - Ind QHP,789,Transparency_in_Coverage_PUF.xlsx,27379dc76590027b0e6d21d736331f87376f0ac87810d68e9f7cca555eef4b1f
903,25896IA0370014,59,8,Individual,HMO,QHP,Gold,Transparency 2026 - Ind QHP,790,Transparency_in_Coverage_PUF.xlsx,27379dc76590027b0e6d21d736331f87376f0ac87810d68e9f7cca555eef4b1f
904,25896IA0370015,59,8,Individual,HMO,QHP,Bronze,Transparency 2026 - Ind QHP,791,Transparency_in_Coverage_PUF.xlsx,27379dc76590027b0e6d21d736331f87376f0ac87810d68e9f7cca555eef4b1f
905,25945OH0020001,60,20,Individual,PPO,SADP,Low,Transparency 2026 - Ind SADP,120,Transparency_in_Coverage_PUF.xlsx,27379dc76590027b0e6d21d736331f87376f0ac87810d68e9f7cca555eef4b1f
906,25945OH0020002,60,20,Individual,PPO,SADP,Low,Transparency 2026 - Ind SADP,121,Transparency_in_Coverage_PUF.xlsx,27379dc76590027b0e6d21d736331f87376f0ac87810d68e9f7cca555eef4b1f
907,25945OH0020003,60,20,Individual,PPO,SADP,Low,Transparency 2026 - Ind SADP,122,Transparency_in_Coverage_PUF.xlsx,27379dc76590027b0e6d21d736331f87376f0ac87810d68e9f7cca555eef4b1f
908,26018DE0010004,61,5,Individual,PPO,SADP,High,Transparency 2026 - Ind SADP,123,Transparency_in_Coverage_PUF.xlsx,27379dc76590027b0e6d21d736331f87376f0ac87810d68e9f7cca555eef4b1f
909,26018DE0010006,61,5,Individual,PPO,SADP,Low,Transparency 2026 - Ind SADP,124,Transparency_in_Coverage_PUF.xlsx,27379dc76590027b0e6d21d736331f87376f0ac87810d68e9f7cca555eef4b1f
910,26065SC0380001,62,23,Individual,EPO,QHP,Gold,Transparency 2026 - Ind QHP,792,Transparency_in_Coverage_PUF.xlsx,27379dc76590027b0e6d21d736331f87376f0ac87810d68e9f7cca555eef4b1f
911,26065SC0380013,62,23,Individual,EPO,QHP,Bronze,Transparency 2026 - Ind QHP,793,Transparency_in_Coverage_PUF.xlsx,27379dc76590027b0e6d21d736331f87376f0ac87810d68e9f7cca555eef4b1f
912,26065SC0380023,62,23,Individual,EPO,QHP,Silver,Transparency 2026 - Ind QHP,794,Transparency_in_Coverage_PUF.xlsx,27379dc76590027b0e6d21d736331f87376f0ac87810d68e9f7cca555eef4b1f
913,26065SC0380047,62,23,Individual,EPO,QHP,Bronze,Transparency 2026 - Ind QHP,795,Transparency_in_Coverage_PUF.xlsx,27379dc76590027b0e6d21d736331f87376f0ac87810d68e9f7cca555eef4b1f
914,26065SC0380048,62,23,Individual,EPO,QHP,Gold,Transparency 2026 - Ind QHP,796,Transparency_in_Coverage_PUF.xlsx,27379dc76590027b0e6d21d736331f87376f0ac87810d68e9f7cca555eef4b1f
915,26065SC0380051,62,23,Individual,EPO,QHP,Silver,Transparency 2026 - Ind QHP,797,Transparency_in_Coverage_PUF.xlsx,27379dc76590027b0e6d21d736331f87376f0ac87810d68e9f7cca555eef4b1f
916,26065SC0380052,62,23,Individual,EPO,QHP,Silver,Transparency 2026 - Ind QHP,798,Transparency_in_Coverage_PUF.xlsx,27379dc76590027b0e6d21d736331f87376f0ac87810d68e9f7cca555eef4b1f
917,26065SC0390001,62,23,Individual,EPO,QHP,Catastrophic,Transparency 2026 - Ind QHP,799,Transparency_in_Coverage_PUF.xlsx,27379dc76590027b0e6d21d736331f87376f0ac87810d68e9f7cca555eef4b1f
918,26065SC0670001,62,23,Individual,EPO,QHP,Gold,Transparency 2026 - Ind QHP,800,Transparency_in_Coverage_PUF.xlsx,27379dc76590027b0e6d21d736331f87376f0ac87810d68e9f7cca555eef4b1f
919,26065SC0670002,62,23,Individual,EPO,QHP,Silver,Transparency 2026 - Ind QHP,801,Transparency_in_Coverage_PUF.xlsx,27379dc76590027b0e6d21d736331f87376f0ac87810d68e9f7cca555eef4b1f
920,26065SC0670003,62,23,Individual,EPO,QHP,Bronze,Transparency 2026 - Ind QHP,802,Transparency_in_Coverage_PUF.xlsx,27379dc76590027b0e6d21d736331f87376f0ac87810d68e9f7cca555eef4b1f
921,26065SC0680001,62,23,Individual,PPO,SADP,High,Transparency 2026 - Ind SADP,125,Transparency_in_Coverage_PUF.xlsx,27379dc76590027b0e6d21d736331f87376f0ac87810d68e9f7cca555eef4b1f
922,26065SC0680002,62,23,Individual,PPO,SADP,Low,Transparency 2026 - Ind SADP,126,Transparency_in_Coverage_PUF.xlsx,27379dc76590027b0e6d21d736331f87376f0ac87810d68e9f7cca555eef4b1f
923,26065SC0690001,62,23,Individual,EPO,QHP,Gold,Transparency 2026 - Ind QHP,803,Transparency_in_Coverage_PUF.xlsx,27379dc76590027b0e6d21d736331f87376f0ac87810d68e9f7cca555eef4b1f
924,26065SC0690002,62,23,Individual,EPO,QHP,Silver,Transparency 2026 - Ind QHP,804,Transparency_in_Coverage_PUF.xlsx,27379dc76590027b0e6d21d736331f87376f0ac87810d68e9f7cca555eef4b1f
925,26065SC0690003,62,23,Individual,EPO,QHP,Bronze,Transparency 2026 - Ind QHP,805,Transparency_in_Coverage_PUF.xlsx,27379dc76590027b0e6d21d736331f87376f0ac87810d68e9f7cca555eef4b1f
926,26065SC0700001,62,23,Individual,HMO,QHP,Gold,Transparency 2026 - Ind QHP,806,Transparency_in_Coverage_PUF.xlsx,27379dc76590027b0e6d21d736331f87376f0ac87810d68e9f7cca555eef4b1f
927,26065SC0700002,62,23,Individual,HMO,QHP,Silver,Transparency 2026 - Ind QHP,807,Transparency_in_Coverage_PUF.xlsx,27379dc76590027b0e6d21d736331f87376f0ac87810d68e9f7cca555eef4b1f
928,26065SC0700003,62,23,Individual,HMO,QHP,Silver,Transparency 2026 - Ind QHP,808,Transparency_in_Coverage_PUF.xlsx,27379dc76590027b0e6d21d736331f87376f0ac87810d68e9f7cca555eef4b1f
929,26065SC0700004,62,23,Individual,HMO,QHP,Bronze,Transparency 2026 - Ind QHP,809,Transparency_in_Coverage_PUF.xlsx,27379dc76590027b0e6d21d736331f87376f0ac87810d68e9f7cca555eef4b1f
930,26065SC0700005,62,23,Individual,HMO,QHP,Gold,Transparency 2026 - Ind QHP,810,Transparency_in_Coverage_PUF.xlsx,27379dc76590027b0e6d21d736331f87376f0ac87810d68e9f7cca555eef4b1f
931,26065SC0700006,62,23,Individual,HMO,QHP,Silver,Transparency 2026 - Ind QHP,811,Transparency_in_Coverage_PUF.xlsx,27379dc76590027b0e6d21d736331f87376f0ac87810d68e9f7cca555eef4b1f
932,26065SC0700007,62,23,Individual,HMO,QHP,Bronze,Transparency 2026 - Ind QHP,812,Transparency_in_Coverage_PUF.xlsx,27379dc76590027b0e6d21d736331f87376f0ac87810d68e9f7cca555eef4b1f
933,26065SC0700009,62,23,Individual,HMO,QHP,Silver,Transparency 2026 - Ind QHP,813,Transparency_in_Coverage_PUF.xlsx,27379dc76590027b0e6d21d736331f87376f0ac87810d68e9f7cca555eef4b1f
934,26065SC0700010,62,23,Individual,HMO,QHP,Bronze,Transparency 2026 - Ind QHP,814,Transparency_in_Coverage_PUF.xlsx,27379dc76590027b0e6d21d736331f87376f0ac87810d68e9f7cca555eef4b1f
935,26065SC0710001,62,23,Individual,HMO,QHP,Gold,Transparency 2026 - Ind QHP,815,Transparency_in_Coverage_PUF.xlsx,27379dc76590027b0e6d21d736331f87376f0ac87810d68e9f7cca555eef4b1f
936,26065SC0710002,62,23,Individual,HMO,QHP,Silver,Transparency 2026 - Ind QHP,816,Transparency_in_Coverage_PUF.xlsx,27379dc76590027b0e6d21d736331f87376f0ac87810d68e9f7cca555eef4b1f
937,26065SC0710003,62,23,Individual,HMO,QHP,Silver,Transparency 2026 - Ind QHP,817,Transparency_in_Coverage_PUF.xlsx,27379dc76590027b0e6d21d736331f87376f0ac87810d68e9f7cca555eef4b1f
938,26065SC0710004,62,23,Individual,HMO,QHP,Bronze,Transparency 2026 - Ind QHP,818,Transparency_in_Coverage_PUF.xlsx,27379dc76590027b0e6d21d736331f87376f0ac87810d68e9f7cca555eef4b1f
939,26065SC0710005,62,23,Individual,HMO,QHP,Gold,Transparency 2026 - Ind QHP,819,Transparency_in_Coverage_PUF.xlsx,27379dc76590027b0e6d21d736331f87376f0ac87810d68e9f7cca555eef4b1f
940,26065SC0710006,62,23,Individual,HMO,QHP,Silver,Transparency 2026 - Ind QHP,820,Transparency_in_Coverage_PUF.xlsx,27379dc76590027b0e6d21d736331f87376f0ac87810d68e9f7cca555eef4b1f
941,26065SC0710007,62,23,Individual,HMO,QHP,Bronze,Transparency 2026 - Ind QHP,821,Transparency_in_Coverage_PUF.xlsx,27379dc76590027b0e6d21d736331f87376f0ac87810d68e9f7cca555eef4b1f
942,26065SC0710009,62,23,Individual,HMO,QHP,Silver,Transparency 2026 - Ind QHP,822,Transparency_in_Coverage_PUF.xlsx,27379dc76590027b0e6d21d736331f87376f0ac87810d68e9f7cca555eef4b1f
943,26065SC0710010,62,23,Individual,HMO,QHP,Bronze,Transparency 2026 - Ind QHP,823,Transparency_in_Coverage_PUF.xlsx,27379dc76590027b0e6d21d736331f87376f0ac87810d68e9f7cca555eef4b1f
944,26065SC0720001,62,23,Individual,HMO,QHP,Gold,Transparency 2026 - Ind QHP,824,Transparency_in_Coverage_PUF.xlsx,27379dc76590027b0e6d21d736331f87376f0ac87810d68e9f7cca555eef4b1f
945,26065SC0720002,62,23,Individual,HMO,QHP,Silver,Transparency 2026 - Ind QHP,825,Transparency_in_Coverage_PUF.xlsx,27379dc76590027b0e6d21d736331f87376f0ac87810d68e9f7cca555eef4b1f
946,26065SC0720003,62,23,Individual,HMO,QHP,Silver,Transparency 2026 - Ind QHP,826,Transparency_in_Coverage_PUF.xlsx,27379dc76590027b0e6d21d736331f87376f0ac87810d68e9f7cca555eef4b1f
947,26065SC0720004,62,23,Individual,HMO,QHP,Bronze,Transparency 2026 - Ind QHP,827,Transparency_in_Coverage_PUF.xlsx,27379dc76590027b0e6d21d736331f87376f0ac87810d68e9f7cca555eef4b1f
948,26065SC0720005,62,23,Individual,HMO,QHP,Gold,Transparency 2026 - Ind QHP,828,Transparency_in_Coverage_PUF.xlsx,27379dc76590027b0e6d21d736331f87376f0ac87810d68e9f7cca555eef4b1f
949,26065SC0720006,62,23,Individual,HMO,QHP,Silver,Transparency 2026 - Ind QHP,829,Transparency_in_Coverage_PUF.xlsx,27379dc76590027b0e6d21d736331f87376f0ac87810d68e9f7cca555eef4b1f
950,26065SC0720007,62,23,Individual,HMO,QHP,Bronze,Transparency 2026 - Ind QHP,830,Transparency_in_Coverage_PUF.xlsx,27379dc76590027b0e6d21d736331f87376f0ac87810d68e9f7cca555eef4b1f
951,26065SC0720009,62,23,Individual,HMO,QHP,Silver,Transparency 2026 - Ind QHP,831,Transparency_in_Coverage_PUF.xlsx,27379dc76590027b0e6d21d736331f87376f0ac87810d68e9f7cca555eef4b1f
952,26065SC0720010,62,23,Individual,HMO,QHP,Bronze,Transparency 2026 - Ind QHP,832,Transparency_in_Coverage_PUF.xlsx,27379dc76590027b0e6d21d736331f87376f0ac87810d68e9f7cca555eef4b1f
953,26065SC0730001,62,23,Individual,HMO,QHP,Gold,Transparency 2026 - Ind QHP,833,Transparency_in_Coverage_PUF.xlsx,27379dc76590027b0e6d21d736331f87376f0ac87810d68e9f7cca555eef4b1f
954,26065SC0730002,62,23,Individual,HMO,QHP,Silver,Transparency 2026 - Ind QHP,834,Transparency_in_Coverage_PUF.xlsx,27379dc76590027b0e6d21d736331f87376f0ac87810d68e9f7cca555eef4b1f
955,26065SC0730003,62,23,Individual,HMO,QHP,Silver,Transparency 2026 - Ind QHP,835,Transparency_in_Coverage_PUF.xlsx,27379dc76590027b0e6d21d736331f87376f0ac87810d68e9f7cca555eef4b1f
956,26065SC0730004,62,23,Individual,HMO,QHP,Bronze,Transparency 2026 - Ind QHP,836,Transparency_in_Coverage_PUF.xlsx,27379dc76590027b0e6d21d736331f87376f0ac87810d68e9f7cca555eef4b1f
957,26065SC0730005,62,23,Individual,HMO,QHP,Gold,Transparency 2026 - Ind QHP,837,Transparency_in_Coverage_PUF.xlsx,27379dc76590027b0e6d21d736331f87376f0ac87810d68e9f7cca555eef4b1f
958,26065SC0730006,62,23,Individual,HMO,QHP,Silver,Transparency 2026 - Ind QHP,838,Transparency_in_Coverage_PUF.xlsx,27379dc76590027b0e6d21d736331f87376f0ac87810d68e9f7cca555eef4b1f
959,26065SC0730007,62,23,Individual,HMO,QHP,Bronze,Transparency 2026 - Ind QHP,839,Transparency_in_Coverage_PUF.xlsx,27379dc76590027b0e6d21d736331f87376f0ac87810d68e9f7cca555eef4b1f
960,26065SC0730009,62,23,Individual,HMO,QHP,Silver,Transparency 2026 - Ind QHP,840,Transparency_in_Coverage_PUF.xlsx,27379dc76590027b0e6d21d736331f87376f0ac87810d68e9f7cca555eef4b1f
961,26065SC0730010,62,23,Individual,HMO,QHP,Bronze,Transparency 2026 - Ind QHP,841,Transparency_in_Coverage_PUF.xlsx,27379dc76590027b0e6d21d736331f87376f0ac87810d68e9f7cca555eef4b1f
962,26065SC0740001,62,23,Individual,HMO,QHP,Gold,Transparency 2026 - Ind QHP,842,Transparency_in_Coverage_PUF.xlsx,27379dc76590027b0e6d21d736331f87376f0ac87810d68e9f7cca555eef4b1f
963,26065SC0740002,62,23,Individual,HMO,QHP,Silver,Transparency 2026 - Ind QHP,843,Transparency_in_Coverage_PUF.xlsx,27379dc76590027b0e6d21d736331f87376f0ac87810d68e9f7cca555eef4b1f
964,26065SC0740003,62,23,Individual,HMO,QHP,Silver,Transparency 2026 - Ind QHP,844,Transparency_in_Coverage_PUF.xlsx,27379dc76590027b0e6d21d736331f87376f0ac87810d68e9f7cca555eef4b1f
965,26065SC0740004,62,23,Individual,HMO,QHP,Bronze,Transparency 2026 - Ind QHP,845,Transparency_in_Coverage_PUF.xlsx,27379dc76590027b0e6d21d736331f87376f0ac87810d68e9f7cca555eef4b1f
966,26065SC0740005,62,23,Individual,HMO,QHP,Gold,Transparency 2026 - Ind QHP,846,Transparency_in_Coverage_PUF.xlsx,27379dc76590027b0e6d21d736331f87376f0ac87810d68e9f7cca555eef4b1f
967,26065SC0740006,62,23,Individual,HMO,QHP,Silver,Transparency 2026 - Ind QHP,847,Transparency_in_Coverage_PUF.xlsx,27379dc76590027b0e6d21d736331f87376f0ac87810d68e9f7cca555eef4b1f
968,26065SC0740007,62,23,Individual,HMO,QHP,Bronze,Transparency 2026 - Ind QHP,848,Transparency_in_Coverage_PUF.xlsx,27379dc76590027b0e6d21d736331f87376f0ac87810d68e9f7cca555eef4b1f
969,26065SC0740009,62,23,Individual,HMO,QHP,Silver,Transparency 2026 - Ind QHP,849,Transparency_in_Coverage_PUF.xlsx,27379dc76590027b0e6d21d736331f87376f0ac87810d68e9f7cca555eef4b1f
970,26065SC0740010,62,23,Individual,HMO,QHP,Bronze,Transparency 2026 - Ind QHP,850,Transparency_in_Coverage_PUF.xlsx,27379dc76590027b0e6d21d736331f87376f0ac87810d68e9f7cca555eef4b1f
971,26065SC0750001,62,23,Individual,PPO,QHP,Gold,Transparency 2026 - Ind QHP,851,Transparency_in_Coverage_PUF.xlsx,27379dc76590027b0e6d21d736331f87376f0ac87810d68e9f7cca555eef4b1f
972,26065SC0750002,62,23,Individual,PPO,QHP,Gold,Transparency 2026 - Ind QHP,852,Transparency_in_Coverage_PUF.xlsx,27379dc76590027b0e6d21d736331f87376f0ac87810d68e9f7cca555eef4b1f
973,26065SC0750003,62,23,Individual,PPO,QHP,Silver,Transparency 2026 - Ind QHP,853,Transparency_in_Coverage_PUF.xlsx,27379dc76590027b0e6d21d736331f87376f0ac87810d68e9f7cca555eef4b1f
974,26065SC0750004,62,23,Individual,PPO,QHP,Silver,Transparency 2026 - Ind QHP,854,Transparency_in_Coverage_PUF.xlsx,27379dc76590027b0e6d21d736331f87376f0ac87810d68e9f7cca555eef4b1f
975,26065SC0750005,62,23,Individual,PPO,QHP,Bronze,Transparency 2026 - Ind QHP,855,Transparency_in_Coverage_PUF.xlsx,27379dc76590027b0e6d21d736331f87376f0ac87810d68e9f7cca555eef4b1f
976,26065SC0750006,62,23,Individual,PPO,QHP,Bronze,Transparency 2026 - Ind QHP,856,Transparency_in_Coverage_PUF.xlsx,27379dc76590027b0e6d21d736331f87376f0ac87810d68e9f7cca555eef4b1f
977,26065SC0750007,62,23,Individual,PPO,QHP,Gold,Transparency 2026 - Ind QHP,857,Transparency_in_Coverage_PUF.xlsx,27379dc76590027b0e6d21d736331f87376f0ac87810d68e9f7cca555eef4b1f
978,26065SC0750008,62,23,Individual,PPO,QHP,Silver,Transparency 2026 - Ind QHP,858,Transparency_in_Coverage_PUF.xlsx,27379dc76590027b0e6d21d736331f87376f0ac87810d68e9f7cca555eef4b1f
979,26065SC0750009,62,23,Individual,PPO,QHP,Bronze,Transparency 2026 - Ind QHP,859,Transparency_in_Coverage_PUF.xlsx,27379dc76590027b0e6d21d736331f87376f0ac87810d68e9f7cca555eef4b1f
980,26065SC0760001,62,23,Individual,POS,QHP,Silver,Transparency 2026 - Ind QHP,860,Transparency_in_Coverage_PUF.xlsx,27379dc76590027b0e6d21d736331f87376f0ac87810d68e9f7cca555eef4b1f
981,26065SC0760002,62,23,Individual,POS,QHP,Silver,Transparency 2026 - Ind QHP,861,Transparency_in_Coverage_PUF.xlsx,27379dc76590027b0e6d21d736331f87376f0ac87810d68e9f7cca555eef4b1f
982,26065SC0760003,62,23,Individual,POS,QHP,Silver,Transparency 2026 - Ind QHP,862,Transparency_in_Coverage_PUF.xlsx,27379dc76590027b0e6d21d736331f87376f0ac87810d68e9f7cca555eef4b1f
983,26065SC0760004,62,23,Individual,POS,QHP,Gold,Transparency 2026 - Ind QHP,863,Transparency_in_Coverage_PUF.xlsx,27379dc76590027b0e6d21d736331f87376f0ac87810d68e9f7cca555eef4b1f
984,26065SC0760005,62,23,Individual,POS,QHP,Silver,Transparency 2026 - Ind QHP,864,Transparency_in_Coverage_PUF.xlsx,27379dc76590027b0e6d21d736331f87376f0ac87810d68e9f7cca555eef4b1f
985,26065SC0760006,62,23,Individual,POS,QHP,Bronze,Transparency 2026 - Ind QHP,865,Transparency_in_Coverage_PUF.xlsx,27379dc76590027b0e6d21d736331f87376f0ac87810d68e9f7cca555eef4b1f
986,26065SC0760007,62,23,Individual,POS,QHP,Bronze,Transparency 2026 - Ind QHP,866,Transparency_in_Coverage_PUF.xlsx,27379dc76590027b0e6d21d736331f87376f0ac87810d68e9f7cca555eef4b1f
987,26250TX0070006,63,26,Individual,HMO,SADP,Low,Transparency 2026 - Ind SADP,127,Transparency_in_Coverage_PUF.xlsx,27379dc76590027b0e6d21d736331f87376f0ac87810d68e9f7cca555eef4b1f
988,26904AR0020003,64,3,Individual,PPO,SADP,High,Transparency 2026 - Ind SADP,128,Transparency_in_Coverage_PUF.xlsx,27379dc76590027b0e6d21d736331f87376f0ac87810d68e9f7cca555eef4b1f
989,26904AR0020006,64,3,Individual,PPO,SADP,High,Transparency 2026 - Ind SADP,129,Transparency_in_Coverage_PUF.xlsx,27379dc76590027b0e6d21d736331f87376f0ac87810d68e9f7cca555eef4b1f
990,26904AR0020007,64,3,Individual,PPO,SADP,High,Transparency 2026 - Ind SADP,130,Transparency_in_Coverage_PUF.xlsx,27379dc76590027b0e6d21d736331f87376f0ac87810d68e9f7cca555eef4b1f
991,26904AR0020008,64,3,Individual,PPO,SADP,High,Transparency 2026 - Ind SADP,131,Transparency_in_Coverage_PUF.xlsx,27379dc76590027b0e6d21d736331f87376f0ac87810d68e9f7cca555eef4b1f
992,27248TX0010003,65,26,Individual,HMO,QHP,Bronze,Transparency 2026 - Ind QHP,867,Transparency_in_Coverage_PUF.xlsx,27379dc76590027b0e6d21d736331f87376f0ac87810d68e9f7cca555eef4b1f
993,27248TX0010005,65,26,Individual,HMO,QHP,Gold,Transparency 2026 - Ind QHP,868,Transparency_in_Coverage_PUF.xlsx,27379dc76590027b0e6d21d736331f87376f0ac87810d68e9f7cca555eef4b1f
994,27248TX0010012,65,26,Individual,HMO,QHP,Silver,Transparency 2026 - Ind QHP,869,Transparency_in_Coverage_PUF.xlsx,27379dc76590027b0e6d21d736331f87376f0ac87810d68e9f7cca555eef4b1f
995,27248TX0010016,65,26,Individual,HMO,QHP,Bronze,Transparency 2026 - Ind QHP,870,Transparency_in_Coverage_PUF.xlsx,27379dc76590027b0e6d21d736331f87376f0ac87810d68e9f7cca555eef4b1f
996,27248TX0010018,65,26,Individual,HMO,QHP,Bronze,Transparency 2026 - Ind QHP,871,Transparency_in_Coverage_PUF.xlsx,27379dc76590027b0e6d21d736331f87376f0ac87810d68e9f7cca555eef4b1f
997,27248TX0010019,65,26,Individual,HMO,QHP,Silver,Transparency 2026 - Ind QHP,872,Transparency_in_Coverage_PUF.xlsx,27379dc76590027b0e6d21d736331f87376f0ac87810d68e9f7cca555eef4b1f
998,27248TX0010020,65,26,Individual,HMO,QHP,Silver,Transparency 2026 - Ind QHP,873,Transparency_in_Coverage_PUF.xlsx,27379dc76590027b0e6d21d736331f87376f0ac87810d68e9f7cca555eef4b1f
999,27248TX0010021,65,26,Individual,HMO,QHP,Gold,Transparency 2026 - Ind QHP,874,Transparency_in_Coverage_PUF.xlsx,27379dc76590027b0e6d21d736331f87376f0ac87810d68e9f7cca555eef4b1f
1000,27248TX0010022,65,26,Individual,HMO,QHP,Gold,Transparency 2026 - Ind QHP,875,Transparency_in_Coverage_PUF.xlsx,27379dc76590027b0e6d21d736331f87376f0ac87810d68e9f7cca555eef4b1f
1001,27248TX0010026,65,26,Individual,HMO,QHP,Silver,Transparency 2026 - Ind QHP,876,Transparency_in_Coverage_PUF.xlsx,27379dc76590027b0e6d21d736331f87376f0ac87810d68e9f7cca555eef4b1f
1002,27248TX0010028,65,26,Individual,HMO,QHP,Gold,Transparency 2026 - Ind QHP,877,Transparency_in_Coverage_PUF.xlsx,27379dc76590027b0e6d21d736331f87376f0ac87810d68e9f7cca555eef4b1f
1003,27409HI0070001,66,7,Individual,PPO,SADP,Low,Transparency 2026 - Ind SADP,132,Transparency_in_Coverage_PUF.xlsx,27379dc76590027b0e6d21d736331f87376f0ac87810d68e9f7cca555eef4b1f
1004,27409HI0080001,66,7,Individual,PPO,SADP,Low,Transparency 2026 - Ind SADP,133,Transparency_in_Coverage_PUF.xlsx,27379dc76590027b0e6d21d736331f87376f0ac87810d68e9f7cca555eef4b1f
1005,27409HI0090001,66,7,Individual,PPO,SADP,Low,Transparency 2026 - Ind SADP,134,Transparency_in_Coverage_PUF.xlsx,27379dc76590027b0e6d21d736331f87376f0ac87810d68e9f7cca555eef4b1f
1006,27882ND0010001,67,17,Individual,PPO,SADP,Low,Transparency 2026 - Ind SADP,135,Transparency_in_Coverage_PUF.xlsx,27379dc76590027b0e6d21d736331f87376f0ac87810d68e9f7cca555eef4b1f
1007,27882ND0020001,67,17,Individual,PPO,SADP,Low,Transparency 2026 - Ind SADP,136,Transparency_in_Coverage_PUF.xlsx,27379dc76590027b0e6d21d736331f87376f0ac87810d68e9f7cca555eef4b1f
1008,27882ND0040001,67,17,Individual,PPO,SADP,Low,Transparency 2026 - Ind SADP,137,Transparency_in_Coverage_PUF.xlsx,27379dc76590027b0e6d21d736331f87376f0ac87810d68e9f7cca555eef4b1f
1009,27882ND0060001,67,17,Individual,PPO,SADP,Low,Transparency 2026 - Ind SADP,138,Transparency_in_Coverage_PUF.xlsx,27379dc76590027b0e6d21d736331f87376f0ac87810d68e9f7cca555eef4b1f
1010,27882ND0080001,67,17,Individual,PPO,SADP,Low,Transparency 2026 - Ind SADP,139,Transparency_in_Coverage_PUF.xlsx,27379dc76590027b0e6d21d736331f87376f0ac87810d68e9f7cca555eef4b1f
1011,28348AR0090001,68,3,Individual,PPO,SADP,Low,Transparency 2026 - Ind SADP,140,Transparency_in_Coverage_PUF.xlsx,27379dc76590027b0e6d21d736331f87376f0ac87810d68e9f7cca555eef4b1f
1012,28348AR0090002,68,3,Individual,PPO,SADP,High,Transparency 2026 - Ind SADP,141,Transparency_in_Coverage_PUF.xlsx,27379dc76590027b0e6d21d736331f87376f0ac87810d68e9f7cca555eef4b1f
1013,28348AR0100001,68,3,Individual,PPO,SADP,Low,Transparency 2026 - Ind SADP,142,Transparency_in_Coverage_PUF.xlsx,27379dc76590027b0e6d21d736331f87376f0ac87810d68e9f7cca555eef4b1f
1014,28348AR0100002,68,3,Individual,PPO,SADP,High,Transparency 2026 - Ind SADP,143,Transparency_in_Coverage_PUF.xlsx,27379dc76590027b0e6d21d736331f87376f0ac87810d68e9f7cca555eef4b1f
1015,28348AR0100003,68,3,Individual,PPO,SADP,Low,Transparency 2026 - Ind SADP,144,Transparency_in_Coverage_PUF.xlsx,27379dc76590027b0e6d21d736331f87376f0ac87810d68e9f7cca555eef4b1f
1016,28398TN0010001,69,25,Individual,PPO,SADP,Low,Transparency 2026 - Ind SADP,145,Transparency_in_Coverage_PUF.xlsx,27379dc76590027b0e6d21d736331f87376f0ac87810d68e9f7cca555eef4b1f
1017,28398TN0020001,69,25,Individual,PPO,SADP,High,Transparency 2026 - Ind SADP,146,Transparency_in_Coverage_PUF.xlsx,27379dc76590027b0e6d21d736331f87376f0ac87810d68e9f7cca555eef4b1f
1018,28398TN0050001,69,25,Individual,PPO,SADP,Low,Transparency 2026 - Ind SADP,147,Transparency_in_Coverage_PUF.xlsx,27379dc76590027b0e6d21d736331f87376f0ac87810d68e9f7cca555eef4b1f
1019,28415OR0010001,70,22,Individual,PPO,SADP,Low,Transparency 2026 - Ind SADP,148,Transparency_in_Coverage_PUF.xlsx,27379dc76590027b0e6d21d736331f87376f0ac87810d68e9f7cca555eef4b1f
1020,28415OR0260001,70,22,Individual,PPO,SADP,Low,Transparency 2026 - Ind SADP,149,Transparency_in_Coverage_PUF.xlsx,27379dc76590027b0e6d21d736331f87376f0ac87810d68e9f7cca555eef4b1f
1021,28415OR0300001,70,22,Individual,EPO,SADP,High,Transparency 2026 - Ind SADP,150,Transparency_in_Coverage_PUF.xlsx,27379dc76590027b0e6d21d736331f87376f0ac87810d68e9f7cca555eef4b1f
1022,28419LA0040001,71,11,Individual,PPO,SADP,High,Transparency 2026 - Ind SADP,151,Transparency_in_Coverage_PUF.xlsx,27379dc76590027b0e6d21d736331f87376f0ac87810d68e9f7cca555eef4b1f
1023,28419LA0040002,71,11,Individual,PPO,SADP,Low,Transparency 2026 - Ind SADP,152,Transparency_in_Coverage_PUF.xlsx,27379dc76590027b0e6d21d736331f87376f0ac87810d68e9f7cca555eef4b1f
1024,28419LA0050001,71,11,Individual,PPO,SADP,High,Transparency 2026 - Ind SADP,153,Transparency_in_Coverage_PUF.xlsx,27379dc76590027b0e6d21d736331f87376f0ac87810d68e9f7cca555eef4b1f
1025,28419LA0050002,71,11,Individual,PPO,SADP,Low,Transparency 2026 - Ind SADP,154,Transparency_in_Coverage_PUF.xlsx,27379dc76590027b0e6d21d736331f87376f0ac87810d68e9f7cca555eef4b1f
1026,28725AL0110001,72,2,Individual,PPO,SADP,High,Transparency 2026 - Ind SADP,155,Transparency_in_Coverage_PUF.xlsx,27379dc76590027b0e6d21d736331f87376f0ac87810d68e9f7cca555eef4b1f
1027,28725AL0110002,72,2,Individual,PPO,SADP,Low,Transparency 2026 - Ind SADP,156,Transparency_in_Coverage_PUF.xlsx,27379dc76590027b0e6d21d736331f87376f0ac87810d68e9f7cca555eef4b1f
1028,28725AL0130001,72,2,Individual,PPO,SADP,High,Transparency 2026 - Ind SADP,157,Transparency_in_Coverage_PUF.xlsx,27379dc76590027b0e6d21d736331f87376f0ac87810d68e9f7cca555eef4b1f
1029,28725AL0130002,72,2,Individual,PPO,SADP,Low,Transparency 2026 - Ind SADP,158,Transparency_in_Coverage_PUF.xlsx,27379dc76590027b0e6d21d736331f87376f0ac87810d68e9f7cca555eef4b1f
1030,28725AL0150001,72,2,Individual,PPO,SADP,Low,Transparency 2026 - Ind SADP,159,Transparency_in_Coverage_PUF.xlsx,27379dc76590027b0e6d21d736331f87376f0ac87810d68e9f7cca555eef4b1f
1031,28856IN0220001,73,9,Individual,PPO,SADP,High,Transparency 2026 - Ind SADP,160,Transparency_in_Coverage_PUF.xlsx,27379dc76590027b0e6d21d736331f87376f0ac87810d68e9f7cca555eef4b1f
1032,28856IN0220002,73,9,Individual,PPO,SADP,Low,Transparency 2026 - Ind SADP,161,Transparency_in_Coverage_PUF.xlsx,27379dc76590027b0e6d21d736331f87376f0ac87810d68e9f7cca555eef4b1f
1033,28856IN0220003,73,9,Individual,PPO,SADP,High,Transparency 2026 - Ind SADP,162,Transparency_in_Coverage_PUF.xlsx,27379dc76590027b0e6d21d736331f87376f0ac87810d68e9f7cca555eef4b1f
1034,28856IN0230001,73,9,Individual,PPO,SADP,High,Transparency 2026 - Ind SADP,163,Transparency_in_Coverage_PUF.xlsx,27379dc76590027b0e6d21d736331f87376f0ac87810d68e9f7cca555eef4b1f
1035,28856IN0230002,73,9,Individual,PPO,SADP,Low,Transparency 2026 - Ind SADP,164,Transparency_in_Coverage_PUF.xlsx,27379dc76590027b0e6d21d736331f87376f0ac87810d68e9f7cca555eef4b1f
1036,29276OH0830003,74,20,Individual,PPO,SADP,Low,Transparency 2026 - Ind SADP,165,Transparency_in_Coverage_PUF.xlsx,27379dc76590027b0e6d21d736331f87376f0ac87810d68e9f7cca555eef4b1f
1037,29276OH0830004,74,20,Individual,PPO,SADP,High,Transparency 2026 - Ind SADP,166,Transparency_in_Coverage_PUF.xlsx,27379dc76590027b0e6d21d736331f87376f0ac87810d68e9f7cca555eef4b1f
1038,29276OH0830005,74,20,Individual,PPO,SADP,Low,Transparency 2026 - Ind SADP,167,Transparency_in_Coverage_PUF.xlsx,27379dc76590027b0e6d21d736331f87376f0ac87810d68e9f7cca555eef4b1f
1039,29276OH0830006,74,20,Individual,PPO,SADP,Low,Transparency 2026 - Ind SADP,168,Transparency_in_Coverage_PUF.xlsx,27379dc76590027b0e6d21d736331f87376f0ac87810d68e9f7cca555eef4b1f
1040,29276OH0970001,74,20,Individual,HMO,QHP,Bronze,Transparency 2026 - Ind QHP,878,Transparency_in_Coverage_PUF.xlsx,27379dc76590027b0e6d21d736331f87376f0ac87810d68e9f7cca555eef4b1f
1041,29276OH0970002,74,20,Individual,HMO,QHP,Bronze,Transparency 2026 - Ind QHP,879,Transparency_in_Coverage_PUF.xlsx,27379dc76590027b0e6d21d736331f87376f0ac87810d68e9f7cca555eef4b1f
1042,29276OH0970003,74,20,Individual,HMO,QHP,Catastrophic,Transparency 2026 - Ind QHP,880,Transparency_in_Coverage_PUF.xlsx,27379dc76590027b0e6d21d736331f87376f0ac87810d68e9f7cca555eef4b1f
1043,29276OH0970004,74,20,Individual,HMO,QHP,Silver,Transparency 2026 - Ind QHP,881,Transparency_in_Coverage_PUF.xlsx,27379dc76590027b0e6d21d736331f87376f0ac87810d68e9f7cca555eef4b1f
1044,29276OH0970005,74,20,Individual,HMO,QHP,Silver,Transparency 2026 - Ind QHP,882,Transparency_in_Coverage_PUF.xlsx,27379dc76590027b0e6d21d736331f87376f0ac87810d68e9f7cca555eef4b1f
1045,29276OH0970006,74,20,Individual,HMO,QHP,Silver,Transparency 2026 - Ind QHP,883,Transparency_in_Coverage_PUF.xlsx,27379dc76590027b0e6d21d736331f87376f0ac87810d68e9f7cca555eef4b1f
1046,29276OH0970007,74,20,Individual,HMO,QHP,Bronze,Transparency 2026 - Ind QHP,884,Transparency_in_Coverage_PUF.xlsx,27379dc76590027b0e6d21d736331f87376f0ac87810d68e9f7cca555eef4b1f
1047,29276OH0970008,74,20,Individual,HMO,QHP,Silver,Transparency 2026 - Ind QHP,885,Transparency_in_Coverage_PUF.xlsx,27379dc76590027b0e6d21d736331f87376f0ac87810d68e9f7cca555eef4b1f
1048,29276OH0970009,74,20,Individual,HMO,QHP,Gold,Transparency 2026 - Ind QHP,886,Transparency_in_Coverage_PUF.xlsx,27379dc76590027b0e6d21d736331f87376f0ac87810d68e9f7cca555eef4b1f
1049,29276OH0970010,74,20,Individual,HMO,QHP,Bronze,Transparency 2026 - Ind QHP,887,Transparency_in_Coverage_PUF.xlsx,27379dc76590027b0e6d21d736331f87376f0ac87810d68e9f7cca555eef4b1f
1050,29276OH0970011,74,20,Individual,HMO,QHP,Silver,Transparency 2026 - Ind QHP,888,Transparency_in_Coverage_PUF.xlsx,27379dc76590027b0e6d21d736331f87376f0ac87810d68e9f7cca555eef4b1f
1051,29276OH0970012,74,20,Individual,HMO,QHP,Bronze,Transparency 2026 - Ind QHP,889,Transparency_in_Coverage_PUF.xlsx,27379dc76590027b0e6d21d736331f87376f0ac87810d68e9f7cca555eef4b1f
1052,29341OH0100013,75,20,Individual,HMO,QHP,Gold,Transparency 2026 - Ind QHP,890,Transparency_in_Coverage_PUF.xlsx,27379dc76590027b0e6d21d736331f87376f0ac87810d68e9f7cca555eef4b1f
1053,29341OH0100024,75,20,Individual,HMO,QHP,Bronze,Transparency 2026 - Ind QHP,891,Transparency_in_Coverage_PUF.xlsx,27379dc76590027b0e6d21d736331f87376f0ac87810d68e9f7cca555eef4b1f
1054,29341OH0100025,75,20,Individual,HMO,QHP,Silver,Transparency 2026 - Ind QHP,892,Transparency_in_Coverage_PUF.xlsx,27379dc76590027b0e6d21d736331f87376f0ac87810d68e9f7cca555eef4b1f
1055,29341OH0100030,75,20,Individual,HMO,QHP,Silver,Transparency 2026 - Ind QHP,893,Transparency_in_Coverage_PUF.xlsx,27379dc76590027b0e6d21d736331f87376f0ac87810d68e9f7cca555eef4b1f
1056,29341OH0100035,75,20,Individual,HMO,QHP,Gold,Transparency 2026 - Ind QHP,894,Transparency_in_Coverage_PUF.xlsx,27379dc76590027b0e6d21d736331f87376f0ac87810d68e9f7cca555eef4b1f
1057,29341OH0100050,75,20,Individual,HMO,QHP,Bronze,Transparency 2026 - Ind QHP,895,Transparency_in_Coverage_PUF.xlsx,27379dc76590027b0e6d21d736331f87376f0ac87810d68e9f7cca555eef4b1f
1058,29341OH0100052,75,20,Individual,HMO,QHP,Silver,Transparency 2026 - Ind QHP,896,Transparency_in_Coverage_PUF.xlsx,27379dc76590027b0e6d21d736331f87376f0ac87810d68e9f7cca555eef4b1f
1059,29341OH0100053,75,20,Individual,HMO,QHP,Gold,Transparency 2026 - Ind QHP,897,Transparency_in_Coverage_PUF.xlsx,27379dc76590027b0e6d21d736331f87376f0ac87810d68e9f7cca555eef4b1f
1060,29341OH0100056,75,20,Individual,HMO,QHP,Bronze,Transparency 2026 - Ind QHP,898,Transparency_in_Coverage_PUF.xlsx,27379dc76590027b0e6d21d736331f87376f0ac87810d68e9f7cca555eef4b1f
1061,29341OH0100057,75,20,Individual,HMO,QHP,Bronze,Transparency 2026 - Ind QHP,899,Transparency_in_Coverage_PUF.xlsx,27379dc76590027b0e6d21d736331f87376f0ac87810d68e9f7cca555eef4b1f
1062,29341OH0100058,75,20,Individual,HMO,QHP,Bronze,Transparency 2026 - Ind QHP,900,Transparency_in_Coverage_PUF.xlsx,27379dc76590027b0e6d21d736331f87376f0ac87810d68e9f7cca555eef4b1f
1063,29341OH0100060,75,20,Individual,HMO,QHP,Silver,Transparency 2026 - Ind QHP,901,Transparency_in_Coverage_PUF.xlsx,27379dc76590027b0e6d21d736331f87376f0ac87810d68e9f7cca555eef4b1f
1064,29341OH0100061,75,20,Individual,HMO,QHP,Silver,Transparency 2026 - Ind QHP,902,Transparency_in_Coverage_PUF.xlsx,27379dc76590027b0e6d21d736331f87376f0ac87810d68e9f7cca555eef4b1f
1065,29341OH0100062,75,20,Individual,HMO,QHP,Silver,Transparency 2026 - Ind QHP,903,Transparency_in_Coverage_PUF.xlsx,27379dc76590027b0e6d21d736331f87376f0ac87810d68e9f7cca555eef4b1f
1066,29341OH0100063,75,20,Individual,HMO,QHP,Silver,Transparency 2026 - Ind QHP,904,Transparency_in_Coverage_PUF.xlsx,27379dc76590027b0e6d21d736331f87376f0ac87810d68e9f7cca555eef4b1f
1067,29341OH0100064,75,20,Individual,HMO,QHP,Bronze,Transparency 2026 - Ind QHP,905,Transparency_in_Coverage_PUF.xlsx,27379dc76590027b0e6d21d736331f87376f0ac87810d68e9f7cca555eef4b1f
1068,29416MO0020003,76,13,Individual,PPO,SADP,High,Transparency 2026 - Ind SADP,169,Transparency_in_Coverage_PUF.xlsx,27379dc76590027b0e6d21d736331f87376f0ac87810d68e9f7cca555eef4b1f
1069,29416MO0020006,76,13,Individual,PPO,SADP,Low,Transparency 2026 - Ind SADP,170,Transparency_in_Coverage_PUF.xlsx,27379dc76590027b0e6d21d736331f87376f0ac87810d68e9f7cca555eef4b1f
1070,29416MO0020007,76,13,Individual,PPO,SADP,High,Transparency 2026 - Ind SADP,171,Transparency_in_Coverage_PUF.xlsx,27379dc76590027b0e6d21d736331f87376f0ac87810d68e9f7cca555eef4b1f
1071,29416MO0020008,76,13,Individual,PPO,SADP,Low,Transparency 2026 - Ind SADP,172,Transparency_in_Coverage_PUF.xlsx,27379dc76590027b0e6d21d736331f87376f0ac87810d68e9f7cca555eef4b1f
1072,29418TX0140049,77,26,Individual,EPO,QHP,Silver,Transparency 2026 - Ind QHP,906,Transparency_in_Coverage_PUF.xlsx,27379dc76590027b0e6d21d736331f87376f0ac87810d68e9f7cca555eef4b1f
1073,29418TX0140050,77,26,Individual,EPO,QHP,Silver,Transparency 2026 - Ind QHP,907,Transparency_in_Coverage_PUF.xlsx,27379dc76590027b0e6d21d736331f87376f0ac87810d68e9f7cca555eef4b1f
1074,29418TX0140064,77,26,Individual,EPO,QHP,Gold,Transparency 2026 - Ind QHP,908,Transparency_in_Coverage_PUF.xlsx,27379dc76590027b0e6d21d736331f87376f0ac87810d68e9f7cca555eef4b1f
1075,29418TX0140100,77,26,Individual,EPO,QHP,Silver,Transparency 2026 - Ind QHP,909,Transparency_in_Coverage_PUF.xlsx,27379dc76590027b0e6d21d736331f87376f0ac87810d68e9f7cca555eef4b1f
1076,29418TX0140102,77,26,Individual,EPO,QHP,Gold,Transparency 2026 - Ind QHP,910,Transparency_in_Coverage_PUF.xlsx,27379dc76590027b0e6d21d736331f87376f0ac87810d68e9f7cca555eef4b1f
1077,29418TX0140108,77,26,Individual,EPO,QHP,Silver,Transparency 2026 - Ind QHP,911,Transparency_in_Coverage_PUF.xlsx,27379dc76590027b0e6d21d736331f87376f0ac87810d68e9f7cca555eef4b1f
1078,29418TX0140109,77,26,Individual,EPO,QHP,Gold,Transparency 2026 - Ind QHP,912,Transparency_in_Coverage_PUF.xlsx,27379dc76590027b0e6d21d736331f87376f0ac87810d68e9f7cca555eef4b1f
1079,29418TX0160020,77,26,Individual,EPO,QHP,Gold,Transparency 2026 - Ind QHP,913,Transparency_in_Coverage_PUF.xlsx,27379dc76590027b0e6d21d736331f87376f0ac87810d68e9f7cca555eef4b1f
1080,29418TX0160052,77,26,Individual,EPO,QHP,Gold,Transparency 2026 - Ind QHP,914,Transparency_in_Coverage_PUF.xlsx,27379dc76590027b0e6d21d736331f87376f0ac87810d68e9f7cca555eef4b1f
1081,29418TX0160053,77,26,Individual,EPO,QHP,Silver,Transparency 2026 - Ind QHP,915,Transparency_in_Coverage_PUF.xlsx,27379dc76590027b0e6d21d736331f87376f0ac87810d68e9f7cca555eef4b1f
1082,29418TX0160054,77,26,Individual,EPO,QHP,Silver,Transparency 2026 - Ind QHP,916,Transparency_in_Coverage_PUF.xlsx,27379dc76590027b0e6d21d736331f87376f0ac87810d68e9f7cca555eef4b1f
1083,29418TX0160100,77,26,Individual,EPO,QHP,Silver,Transparency 2026 - Ind QHP,917,Transparency_in_Coverage_PUF.xlsx,27379dc76590027b0e6d21d736331f87376f0ac87810d68e9f7cca555eef4b1f
1084,29418TX0160102,77,26,Individual,EPO,QHP,Gold,Transparency 2026 - Ind QHP,918,Transparency_in_Coverage_PUF.xlsx,27379dc76590027b0e6d21d736331f87376f0ac87810d68e9f7cca555eef4b1f
1085,29678NE1450001,78,18,Individual,EPO,QHP,Bronze,Transparency 2026 - Ind QHP,919,Transparency_in_Coverage_PUF.xlsx,27379dc76590027b0e6d21d736331f87376f0ac87810d68e9f7cca555eef4b1f
1086,29678NE1450002,78,18,Individual,EPO,QHP,Bronze,Transparency 2026 - Ind QHP,920,Transparency_in_Coverage_PUF.xlsx,27379dc76590027b0e6d21d736331f87376f0ac87810d68e9f7cca555eef4b1f
1087,29678NE1450006,78,18,Individual,EPO,QHP,Bronze,Transparency 2026 - Ind QHP,921,Transparency_in_Coverage_PUF.xlsx,27379dc76590027b0e6d21d736331f87376f0ac87810d68e9f7cca555eef4b1f
1088,29678NE1450008,78,18,Individual,EPO,QHP,Silver,Transparency 2026 - Ind QHP,922,Transparency_in_Coverage_PUF.xlsx,27379dc76590027b0e6d21d736331f87376f0ac87810d68e9f7cca555eef4b1f
1089,29678NE1450010,78,18,Individual,EPO,QHP,Silver,Transparency 2026 - Ind QHP,923,Transparency_in_Coverage_PUF.xlsx,27379dc76590027b0e6d21d736331f87376f0ac87810d68e9f7cca555eef4b1f
1090,29678NE1450011,78,18,Individual,EPO,QHP,Gold,Transparency 2026 - Ind QHP,924,Transparency_in_Coverage_PUF.xlsx,27379dc76590027b0e6d21d736331f87376f0ac87810d68e9f7cca555eef4b1f
1091,29678NE1450013,78,18,Individual,EPO,QHP,Gold,Transparency 2026 - Ind QHP,925,Transparency_in_Coverage_PUF.xlsx,27379dc76590027b0e6d21d736331f87376f0ac87810d68e9f7cca555eef4b1f
1092,29678NE1460001,78,18,Individual,EPO,QHP,Bronze,Transparency 2026 - Ind QHP,926,Transparency_in_Coverage_PUF.xlsx,27379dc76590027b0e6d21d736331f87376f0ac87810d68e9f7cca555eef4b1f
1093,29678NE1460006,78,18,Individual,EPO,QHP,Bronze,Transparency 2026 - Ind QHP,927,Transparency_in_Coverage_PUF.xlsx,27379dc76590027b0e6d21d736331f87376f0ac87810d68e9f7cca555eef4b1f
1094,29678NE1460008,78,18,Individual,EPO,QHP,Silver,Transparency 2026 - Ind QHP,928,Transparency_in_Coverage_PUF.xlsx,27379dc76590027b0e6d21d736331f87376f0ac87810d68e9f7cca555eef4b1f
1095,29678NE1460010,78,18,Individual,EPO,QHP,Silver,Transparency 2026 - Ind QHP,929,Transparency_in_Coverage_PUF.xlsx,27379dc76590027b0e6d21d736331f87376f0ac87810d68e9f7cca555eef4b1f
1096,29678NE1460011,78,18,Individual,EPO,QHP,Gold,Transparency 2026 - Ind QHP,930,Transparency_in_Coverage_PUF.xlsx,27379dc76590027b0e6d21d736331f87376f0ac87810d68e9f7cca555eef4b1f
1097,29678NE1460013,78,18,Individual,EPO,QHP,Gold,Transparency 2026 - Ind QHP,931,Transparency_in_Coverage_PUF.xlsx,27379dc76590027b0e6d21d736331f87376f0ac87810d68e9f7cca555eef4b1f
1098,29678NE1470001,78,18,Individual,EPO,QHP,Bronze,Transparency 2026 - Ind QHP,932,Transparency_in_Coverage_PUF.xlsx,27379dc76590027b0e6d21d736331f87376f0ac87810d68e9f7cca555eef4b1f
1099,29678NE1470006,78,18,Individual,EPO,QHP,Bronze,Transparency 2026 - Ind QHP,933,Transparency_in_Coverage_PUF.xlsx,27379dc76590027b0e6d21d736331f87376f0ac87810d68e9f7cca555eef4b1f
1100,29678NE1470008,78,18,Individual,EPO,QHP,Silver,Transparency 2026 - Ind QHP,934,Transparency_in_Coverage_PUF.xlsx,27379dc76590027b0e6d21d736331f87376f0ac87810d68e9f7cca555eef4b1f
1101,29678NE1470010,78,18,Individual,EPO,QHP,Silver,Transparency 2026 - Ind QHP,935,Transparency_in_Coverage_PUF.xlsx,27379dc76590027b0e6d21d736331f87376f0ac87810d68e9f7cca555eef4b1f
1102,29678NE1470011,78,18,Individual,EPO,QHP,Gold,Transparency 2026 - Ind QHP,936,Transparency_in_Coverage_PUF.xlsx,27379dc76590027b0e6d21d736331f87376f0ac87810d68e9f7cca555eef4b1f
1103,29678NE1470013,78,18,Individual,EPO,QHP,Gold,Transparency 2026 - Ind QHP,937,Transparency_in_Coverage_PUF.xlsx,27379dc76590027b0e6d21d736331f87376f0ac87810d68e9f7cca555eef4b1f
1104,29678NE1480001,78,18,Individual,EPO,QHP,Bronze,Transparency 2026 - Ind QHP,938,Transparency_in_Coverage_PUF.xlsx,27379dc76590027b0e6d21d736331f87376f0ac87810d68e9f7cca555eef4b1f
1105,29678NE1480006,78,18,Individual,EPO,QHP,Bronze,Transparency 2026 - Ind QHP,939,Transparency_in_Coverage_PUF.xlsx,27379dc76590027b0e6d21d736331f87376f0ac87810d68e9f7cca555eef4b1f
1106,29678NE1480008,78,18,Individual,EPO,QHP,Silver,Transparency 2026 - Ind QHP,940,Transparency_in_Coverage_PUF.xlsx,27379dc76590027b0e6d21d736331f87376f0ac87810d68e9f7cca555eef4b1f
1107,29678NE1480010,78,18,Individual,EPO,QHP,Silver,Transparency 2026 - Ind QHP,941,Transparency_in_Coverage_PUF.xlsx,27379dc76590027b0e6d21d736331f87376f0ac87810d68e9f7cca555eef4b1f
1108,29678NE1480011,78,18,Individual,EPO,QHP,Gold,Transparency 2026 - Ind QHP,942,Transparency_in_Coverage_PUF.xlsx,27379dc76590027b0e6d21d736331f87376f0ac87810d68e9f7cca555eef4b1f
1109,29678NE1480013,78,18,Individual,EPO,QHP,Gold,Transparency 2026 - Ind QHP,943,Transparency_in_Coverage_PUF.xlsx,27379dc76590027b0e6d21d736331f87376f0ac87810d68e9f7cca555eef4b1f
1110,29678NE1490001,78,18,Individual,EPO,QHP,Bronze,Transparency 2026 - Ind QHP,944,Transparency_in_Coverage_PUF.xlsx,27379dc76590027b0e6d21d736331f87376f0ac87810d68e9f7cca555eef4b1f
1111,29678NE1490006,78,18,Individual,EPO,QHP,Bronze,Transparency 2026 - Ind QHP,945,Transparency_in_Coverage_PUF.xlsx,27379dc76590027b0e6d21d736331f87376f0ac87810d68e9f7cca555eef4b1f
1112,29678NE1490008,78,18,Individual,EPO,QHP,Silver,Transparency 2026 - Ind QHP,946,Transparency_in_Coverage_PUF.xlsx,27379dc76590027b0e6d21d736331f87376f0ac87810d68e9f7cca555eef4b1f
1113,29678NE1490010,78,18,Individual,EPO,QHP,Silver,Transparency 2026 - Ind QHP,947,Transparency_in_Coverage_PUF.xlsx,27379dc76590027b0e6d21d736331f87376f0ac87810d68e9f7cca555eef4b1f
1114,29678NE1490011,78,18,Individual,EPO,QHP,Gold,Transparency 2026 - Ind QHP,948,Transparency_in_Coverage_PUF.xlsx,27379dc76590027b0e6d21d736331f87376f0ac87810d68e9f7cca555eef4b1f
1115,29678NE1490013,78,18,Individual,EPO,QHP,Gold,Transparency 2026 - Ind QHP,949,Transparency_in_Coverage_PUF.xlsx,27379dc76590027b0e6d21d736331f87376f0ac87810d68e9f7cca555eef4b1f
1116,29678NE1500001,78,18,Individual,EPO,QHP,Bronze,Transparency 2026 - Ind QHP,950,Transparency_in_Coverage_PUF.xlsx,27379dc76590027b0e6d21d736331f87376f0ac87810d68e9f7cca555eef4b1f
1117,29678NE1500006,78,18,Individual,EPO,QHP,Bronze,Transparency 2026 - Ind QHP,951,Transparency_in_Coverage_PUF.xlsx,27379dc76590027b0e6d21d736331f87376f0ac87810d68e9f7cca555eef4b1f
1118,29678NE1500008,78,18,Individual,EPO,QHP,Silver,Transparency 2026 - Ind QHP,952,Transparency_in_Coverage_PUF.xlsx,27379dc76590027b0e6d21d736331f87376f0ac87810d68e9f7cca555eef4b1f
1119,29678NE1500010,78,18,Individual,EPO,QHP,Silver,Transparency 2026 - Ind QHP,953,Transparency_in_Coverage_PUF.xlsx,27379dc76590027b0e6d21d736331f87376f0ac87810d68e9f7cca555eef4b1f
1120,29678NE1500011,78,18,Individual,EPO,QHP,Gold,Transparency 2026 - Ind QHP,954,Transparency_in_Coverage_PUF.xlsx,27379dc76590027b0e6d21d736331f87376f0ac87810d68e9f7cca555eef4b1f
1121,29678NE1500013,78,18,Individual,EPO,QHP,Gold,Transparency 2026 - Ind QHP,955,Transparency_in_Coverage_PUF.xlsx,27379dc76590027b0e6d21d736331f87376f0ac87810d68e9f7cca555eef4b1f
1122,29678NE1510001,78,18,Individual,PPO,QHP,Bronze,Transparency 2026 - Ind QHP,956,Transparency_in_Coverage_PUF.xlsx,27379dc76590027b0e6d21d736331f87376f0ac87810d68e9f7cca555eef4b1f
1123,29678NE1510002,78,18,Individual,PPO,QHP,Bronze,Transparency 2026 - Ind QHP,957,Transparency_in_Coverage_PUF.xlsx,27379dc76590027b0e6d21d736331f87376f0ac87810d68e9f7cca555eef4b1f
1124,29678NE1510006,78,18,Individual,PPO,QHP,Bronze,Transparency 2026 - Ind QHP,958,Transparency_in_Coverage_PUF.xlsx,27379dc76590027b0e6d21d736331f87376f0ac87810d68e9f7cca555eef4b1f
1125,29678NE1510008,78,18,Individual,PPO,QHP,Silver,Transparency 2026 - Ind QHP,959,Transparency_in_Coverage_PUF.xlsx,27379dc76590027b0e6d21d736331f87376f0ac87810d68e9f7cca555eef4b1f
1126,29678NE1510010,78,18,Individual,PPO,QHP,Silver,Transparency 2026 - Ind QHP,960,Transparency_in_Coverage_PUF.xlsx,27379dc76590027b0e6d21d736331f87376f0ac87810d68e9f7cca555eef4b1f
1127,29678NE1510011,78,18,Individual,PPO,QHP,Gold,Transparency 2026 - Ind QHP,961,Transparency_in_Coverage_PUF.xlsx,27379dc76590027b0e6d21d736331f87376f0ac87810d68e9f7cca555eef4b1f
1128,29678NE1510013,78,18,Individual,PPO,QHP,Gold,Transparency 2026 - Ind QHP,962,Transparency_in_Coverage_PUF.xlsx,27379dc76590027b0e6d21d736331f87376f0ac87810d68e9f7cca555eef4b1f
1129,29678NE1520001,78,18,Individual,EPO,QHP,Bronze,Transparency 2026 - Ind QHP,963,Transparency_in_Coverage_PUF.xlsx,27379dc76590027b0e6d21d736331f87376f0ac87810d68e9f7cca555eef4b1f
1130,29678NE1520006,78,18,Individual,EPO,QHP,Bronze,Transparency 2026 - Ind QHP,964,Transparency_in_Coverage_PUF.xlsx,27379dc76590027b0e6d21d736331f87376f0ac87810d68e9f7cca555eef4b1f
1131,29678NE1520008,78,18,Individual,EPO,QHP,Silver,Transparency 2026 - Ind QHP,965,Transparency_in_Coverage_PUF.xlsx,27379dc76590027b0e6d21d736331f87376f0ac87810d68e9f7cca555eef4b1f
1132,29678NE1520010,78,18,Individual,EPO,QHP,Silver,Transparency 2026 - Ind QHP,966,Transparency_in_Coverage_PUF.xlsx,27379dc76590027b0e6d21d736331f87376f0ac87810d68e9f7cca555eef4b1f
1133,29678NE1520011,78,18,Individual,EPO,QHP,Gold,Transparency 2026 - Ind QHP,967,Transparency_in_Coverage_PUF.xlsx,27379dc76590027b0e6d21d736331f87376f0ac87810d68e9f7cca555eef4b1f
1134,29678NE1520013,78,18,Individual,EPO,QHP,Gold,Transparency 2026 - Ind QHP,968,Transparency_in_Coverage_PUF.xlsx,27379dc76590027b0e6d21d736331f87376f0ac87810d68e9f7cca555eef4b1f
1135,29678NE1530014,78,18,Individual,EPO,QHP,Bronze,Transparency 2026 - Ind QHP,969,Transparency_in_Coverage_PUF.xlsx,27379dc76590027b0e6d21d736331f87376f0ac87810d68e9f7cca555eef4b1f
1136,29678NE1530015,78,18,Individual,EPO,QHP,Silver,Transparency 2026 - Ind QHP,970,Transparency_in_Coverage_PUF.xlsx,27379dc76590027b0e6d21d736331f87376f0ac87810d68e9f7cca555eef4b1f
1137,29678NE1530016,78,18,Individual,EPO,QHP,Gold,Transparency 2026 - Ind QHP,971,Transparency_in_Coverage_PUF.xlsx,27379dc76590027b0e6d21d736331f87376f0ac87810d68e9f7cca555eef4b1f
1138,29678NE1540014,78,18,Individual,EPO,QHP,Bronze,Transparency 2026 - Ind QHP,972,Transparency_in_Coverage_PUF.xlsx,27379dc76590027b0e6d21d736331f87376f0ac87810d68e9f7cca555eef4b1f
1139,29678NE1540015,78,18,Individual,EPO,QHP,Silver,Transparency 2026 - Ind QHP,973,Transparency_in_Coverage_PUF.xlsx,27379dc76590027b0e6d21d736331f87376f0ac87810d68e9f7cca555eef4b1f
1140,29678NE1540016,78,18,Individual,EPO,QHP,Gold,Transparency 2026 - Ind QHP,974,Transparency_in_Coverage_PUF.xlsx,27379dc76590027b0e6d21d736331f87376f0ac87810d68e9f7cca555eef4b1f
1141,29678NE1550014,78,18,Individual,EPO,QHP,Bronze,Transparency 2026 - Ind QHP,975,Transparency_in_Coverage_PUF.xlsx,27379dc76590027b0e6d21d736331f87376f0ac87810d68e9f7cca555eef4b1f
1142,29678NE1550015,78,18,Individual,EPO,QHP,Silver,Transparency 2026 - Ind QHP,976,Transparency_in_Coverage_PUF.xlsx,27379dc76590027b0e6d21d736331f87376f0ac87810d68e9f7cca555eef4b1f
1143,29678NE1550016,78,18,Individual,EPO,QHP,Gold,Transparency 2026 - Ind QHP,977,Transparency_in_Coverage_PUF.xlsx,27379dc76590027b0e6d21d736331f87376f0ac87810d68e9f7cca555eef4b1f
1144,29678NE1560014,78,18,Individual,EPO,QHP,Bronze,Transparency 2026 - Ind QHP,978,Transparency_in_Coverage_PUF.xlsx,27379dc76590027b0e6d21d736331f87376f0ac87810d68e9f7cca555eef4b1f
1145,29678NE1560015,78,18,Individual,EPO,QHP,Silver,Transparency 2026 - Ind QHP,979,Transparency_in_Coverage_PUF.xlsx,27379dc76590027b0e6d21d736331f87376f0ac87810d68e9f7cca555eef4b1f
1146,29678NE1560016,78,18,Individual,EPO,QHP,Gold,Transparency 2026 - Ind QHP,980,Transparency_in_Coverage_PUF.xlsx,27379dc76590027b0e6d21d736331f87376f0ac87810d68e9f7cca555eef4b1f
1147,29678NE1570014,78,18,Individual,EPO,QHP,Bronze,Transparency 2026 - Ind QHP,981,Transparency_in_Coverage_PUF.xlsx,27379dc76590027b0e6d21d736331f87376f0ac87810d68e9f7cca555eef4b1f
1148,29678NE1570015,78,18,Individual,EPO,QHP,Silver,Transparency 2026 - Ind QHP,982,Transparency_in_Coverage_PUF.xlsx,27379dc76590027b0e6d21d736331f87376f0ac87810d68e9f7cca555eef4b1f
1149,29678NE1570016,78,18,Individual,EPO,QHP,Gold,Transparency 2026 - Ind QHP,983,Transparency_in_Coverage_PUF.xlsx,27379dc76590027b0e6d21d736331f87376f0ac87810d68e9f7cca555eef4b1f
1150,29678NE1580014,78,18,Individual,EPO,QHP,Bronze,Transparency 2026 - Ind QHP,984,Transparency_in_Coverage_PUF.xlsx,27379dc76590027b0e6d21d736331f87376f0ac87810d68e9f7cca555eef4b1f
1151,29678NE1580015,78,18,Individual,EPO,QHP,Silver,Transparency 2026 - Ind QHP,985,Transparency_in_Coverage_PUF.xlsx,27379dc76590027b0e6d21d736331f87376f0ac87810d68e9f7cca555eef4b1f
1152,29678NE1580016,78,18,Individual,EPO,QHP,Gold,Transparency 2026 - Ind QHP,986,Transparency_in_Coverage_PUF.xlsx,27379dc76590027b0e6d21d736331f87376f0ac87810d68e9f7cca555eef4b1f
1153,29678NE1590015,78,18,Individual,EPO,QHP,Silver,Transparency 2026 - Ind QHP,987,Transparency_in_Coverage_PUF.xlsx,27379dc76590027b0e6d21d736331f87376f0ac87810d68e9f7cca555eef4b1f
1154,29678NE1590016,78,18,Individual,EPO,QHP,Gold,Transparency 2026 - Ind QHP,988,Transparency_in_Coverage_PUF.xlsx,27379dc76590027b0e6d21d736331f87376f0ac87810d68e9f7cca555eef4b1f
1155,29678NE1600015,78,18,Individual,PPO,QHP,Silver,Transparency 2026 - Ind QHP,989,Transparency_in_Coverage_PUF.xlsx,27379dc76590027b0e6d21d736331f87376f0ac87810d68e9f7cca555eef4b1f
1156,29678NE1600016,78,18,Individual,PPO,QHP,Gold,Transparency 2026 - Ind QHP,990,Transparency_in_Coverage_PUF.xlsx,27379dc76590027b0e6d21d736331f87376f0ac87810d68e9f7cca555eef4b1f
1157,29678NE1610020,78,18,Individual,EPO,QHP,Silver,Transparency 2026 - Ind QHP,991,Transparency_in_Coverage_PUF.xlsx,27379dc76590027b0e6d21d736331f87376f0ac87810d68e9f7cca555eef4b1f
1158,29678NE1620020,78,18,Individual,EPO,QHP,Silver,Transparency 2026 - Ind QHP,992,Transparency_in_Coverage_PUF.xlsx,27379dc76590027b0e6d21d736331f87376f0ac87810d68e9f7cca555eef4b1f
1159,29678NE1630020,78,18,Individual,EPO,QHP,Silver,Transparency 2026 - Ind QHP,993,Transparency_in_Coverage_PUF.xlsx,27379dc76590027b0e6d21d736331f87376f0ac87810d68e9f7cca555eef4b1f
1160,29678NE1640020,78,18,Individual,EPO,QHP,Silver,Transparency 2026 - Ind QHP,994,Transparency_in_Coverage_PUF.xlsx,27379dc76590027b0e6d21d736331f87376f0ac87810d68e9f7cca555eef4b1f
1161,29678NE1650020,78,18,Individual,EPO,QHP,Silver,Transparency 2026 - Ind QHP,995,Transparency_in_Coverage_PUF.xlsx,27379dc76590027b0e6d21d736331f87376f0ac87810d68e9f7cca555eef4b1f
1162,29678NE1660020,78,18,Individual,EPO,QHP,Silver,Transparency 2026 - Ind QHP,996,Transparency_in_Coverage_PUF.xlsx,27379dc76590027b0e6d21d736331f87376f0ac87810d68e9f7cca555eef4b1f
1163,29698MI0540595,79,12,Individual,HMO,QHP,Gold,Transparency 2026 - Ind QHP,997,Transparency_in_Coverage_PUF.xlsx,27379dc76590027b0e6d21d736331f87376f0ac87810d68e9f7cca555eef4b1f
1164,29698MI0540596,79,12,Individual,HMO,QHP,Gold,Transparency 2026 - Ind QHP,998,Transparency_in_Coverage_PUF.xlsx,27379dc76590027b0e6d21d736331f87376f0ac87810d68e9f7cca555eef4b1f
1165,29698MI0540597,79,12,Individual,HMO,QHP,Gold,Transparency 2026 - Ind QHP,999,Transparency_in_Coverage_PUF.xlsx,27379dc76590027b0e6d21d736331f87376f0ac87810d68e9f7cca555eef4b1f
1166,29698MI0540599,79,12,Individual,HMO,QHP,Gold,Transparency 2026 - Ind QHP,1000,Transparency_in_Coverage_PUF.xlsx,27379dc76590027b0e6d21d736331f87376f0ac87810d68e9f7cca555eef4b1f
1167,29698MI0540742,79,12,Individual,HMO,QHP,Gold,Transparency 2026 - Ind QHP,1001,Transparency_in_Coverage_PUF.xlsx,27379dc76590027b0e6d21d736331f87376f0ac87810d68e9f7cca555eef4b1f
1168,29698MI0541200,79,12,Individual,HMO,QHP,Bronze,Transparency 2026 - Ind QHP,1002,Transparency_in_Coverage_PUF.xlsx,27379dc76590027b0e6d21d736331f87376f0ac87810d68e9f7cca555eef4b1f
1169,29698MI0541201,79,12,Individual,HMO,QHP,Bronze,Transparency 2026 - Ind QHP,1003,Transparency_in_Coverage_PUF.xlsx,27379dc76590027b0e6d21d736331f87376f0ac87810d68e9f7cca555eef4b1f
1170,29698MI0541202,79,12,Individual,HMO,QHP,Bronze,Transparency 2026 - Ind QHP,1004,Transparency_in_Coverage_PUF.xlsx,27379dc76590027b0e6d21d736331f87376f0ac87810d68e9f7cca555eef4b1f
1171,29698MI0541203,79,12,Individual,HMO,QHP,Bronze,Transparency 2026 - Ind QHP,1005,Transparency_in_Coverage_PUF.xlsx,27379dc76590027b0e6d21d736331f87376f0ac87810d68e9f7cca555eef4b1f
1172,29698MI0541205,79,12,Individual,HMO,QHP,Bronze,Transparency 2026 - Ind QHP,1006,Transparency_in_Coverage_PUF.xlsx,27379dc76590027b0e6d21d736331f87376f0ac87810d68e9f7cca555eef4b1f
1173,29698MI0541210,79,12,Individual,HMO,QHP,Bronze,Transparency 2026 - Ind QHP,1007,Transparency_in_Coverage_PUF.xlsx,27379dc76590027b0e6d21d736331f87376f0ac87810d68e9f7cca555eef4b1f
1174,29698MI0541211,79,12,Individual,HMO,QHP,Bronze,Transparency 2026 - Ind QHP,1008,Transparency_in_Coverage_PUF.xlsx,27379dc76590027b0e6d21d736331f87376f0ac87810d68e9f7cca555eef4b1f
1175,29698MI0541212,79,12,Individual,HMO,QHP,Bronze,Transparency 2026 - Ind QHP,1009,Transparency_in_Coverage_PUF.xlsx,27379dc76590027b0e6d21d736331f87376f0ac87810d68e9f7cca555eef4b1f
1176,29698MI0541213,79,12,Individual,HMO,QHP,Bronze,Transparency 2026 - Ind QHP,1010,Transparency_in_Coverage_PUF.xlsx,27379dc76590027b0e6d21d736331f87376f0ac87810d68e9f7cca555eef4b1f
1177,29698MI0541215,79,12,Individual,HMO,QHP,Bronze,Transparency 2026 - Ind QHP,1011,Transparency_in_Coverage_PUF.xlsx,27379dc76590027b0e6d21d736331f87376f0ac87810d68e9f7cca555eef4b1f
1178,29698MI0541220,79,12,Individual,HMO,QHP,Silver,Transparency 2026 - Ind QHP,1012,Transparency_in_Coverage_PUF.xlsx,27379dc76590027b0e6d21d736331f87376f0ac87810d68e9f7cca555eef4b1f
1179,29698MI0541221,79,12,Individual,HMO,QHP,Silver,Transparency 2026 - Ind QHP,1013,Transparency_in_Coverage_PUF.xlsx,27379dc76590027b0e6d21d736331f87376f0ac87810d68e9f7cca555eef4b1f
1180,29698MI0541222,79,12,Individual,HMO,QHP,Silver,Transparency 2026 - Ind QHP,1014,Transparency_in_Coverage_PUF.xlsx,27379dc76590027b0e6d21d736331f87376f0ac87810d68e9f7cca555eef4b1f
1181,29698MI0541223,79,12,Individual,HMO,QHP,Silver,Transparency 2026 - Ind QHP,1015,Transparency_in_Coverage_PUF.xlsx,27379dc76590027b0e6d21d736331f87376f0ac87810d68e9f7cca555eef4b1f
1182,29698MI0541225,79,12,Individual,HMO,QHP,Silver,Transparency 2026 - Ind QHP,1016,Transparency_in_Coverage_PUF.xlsx,27379dc76590027b0e6d21d736331f87376f0ac87810d68e9f7cca555eef4b1f
1183,29698MI0541235,79,12,Individual,HMO,QHP,Bronze,Transparency 2026 - Ind QHP,1017,Transparency_in_Coverage_PUF.xlsx,27379dc76590027b0e6d21d736331f87376f0ac87810d68e9f7cca555eef4b1f
1184,29698MI0541236,79,12,Individual,HMO,QHP,Bronze,Transparency 2026 - Ind QHP,1018,Transparency_in_Coverage_PUF.xlsx,27379dc76590027b0e6d21d736331f87376f0ac87810d68e9f7cca555eef4b1f
1185,29698MI0541237,79,12,Individual,HMO,QHP,Silver,Transparency 2026 - Ind QHP,1019,Transparency_in_Coverage_PUF.xlsx,27379dc76590027b0e6d21d736331f87376f0ac87810d68e9f7cca555eef4b1f
1186,29698MI0541239,79,12,Individual,HMO,QHP,Silver,Transparency 2026 - Ind QHP,1020,Transparency_in_Coverage_PUF.xlsx,27379dc76590027b0e6d21d736331f87376f0ac87810d68e9f7cca555eef4b1f
1187,29698MI0541260,79,12,Individual,HMO,QHP,Silver,Transparency 2026 - Ind QHP,1021,Transparency_in_Coverage_PUF.xlsx,27379dc76590027b0e6d21d736331f87376f0ac87810d68e9f7cca555eef4b1f
1188,29698MI0541261,79,12,Individual,HMO,QHP,Silver,Transparency 2026 - Ind QHP,1022,Transparency_in_Coverage_PUF.xlsx,27379dc76590027b0e6d21d736331f87376f0ac87810d68e9f7cca555eef4b1f
1189,29698MI0541262,79,12,Individual,HMO,QHP,Silver,Transparency 2026 - Ind QHP,1023,Transparency_in_Coverage_PUF.xlsx,27379dc76590027b0e6d21d736331f87376f0ac87810d68e9f7cca555eef4b1f
1190,29698MI0541263,79,12,Individual,HMO,QHP,Silver,Transparency 2026 - Ind QHP,1024,Transparency_in_Coverage_PUF.xlsx,27379dc76590027b0e6d21d736331f87376f0ac87810d68e9f7cca555eef4b1f
1191,29698MI0541265,79,12,Individual,HMO,QHP,Silver,Transparency 2026 - Ind QHP,1025,Transparency_in_Coverage_PUF.xlsx,27379dc76590027b0e6d21d736331f87376f0ac87810d68e9f7cca555eef4b1f
1192,29698MI0541300,79,12,Individual,HMO,QHP,Bronze,Transparency 2026 - Ind QHP,1026,Transparency_in_Coverage_PUF.xlsx,27379dc76590027b0e6d21d736331f87376f0ac87810d68e9f7cca555eef4b1f
1193,29698MI0541301,79,12,Individual,HMO,QHP,Bronze,Transparency 2026 - Ind QHP,1027,Transparency_in_Coverage_PUF.xlsx,27379dc76590027b0e6d21d736331f87376f0ac87810d68e9f7cca555eef4b1f
1194,29698MI0541302,79,12,Individual,HMO,QHP,Bronze,Transparency 2026 - Ind QHP,1028,Transparency_in_Coverage_PUF.xlsx,27379dc76590027b0e6d21d736331f87376f0ac87810d68e9f7cca555eef4b1f
1195,29698MI0541303,79,12,Individual,HMO,QHP,Bronze,Transparency 2026 - Ind QHP,1029,Transparency_in_Coverage_PUF.xlsx,27379dc76590027b0e6d21d736331f87376f0ac87810d68e9f7cca555eef4b1f
1196,29698MI0541305,79,12,Individual,HMO,QHP,Bronze,Transparency 2026 - Ind QHP,1030,Transparency_in_Coverage_PUF.xlsx,27379dc76590027b0e6d21d736331f87376f0ac87810d68e9f7cca555eef4b1f
1197,29698MI0541306,79,12,Individual,HMO,QHP,Bronze,Transparency 2026 - Ind QHP,1031,Transparency_in_Coverage_PUF.xlsx,27379dc76590027b0e6d21d736331f87376f0ac87810d68e9f7cca555eef4b1f
1198,29698MI0541310,79,12,Individual,HMO,QHP,Silver,Transparency 2026 - Ind QHP,1032,Transparency_in_Coverage_PUF.xlsx,27379dc76590027b0e6d21d736331f87376f0ac87810d68e9f7cca555eef4b1f
1199,29698MI0541311,79,12,Individual,HMO,QHP,Silver,Transparency 2026 - Ind QHP,1033,Transparency_in_Coverage_PUF.xlsx,27379dc76590027b0e6d21d736331f87376f0ac87810d68e9f7cca555eef4b1f
1200,29698MI0541312,79,12,Individual,HMO,QHP,Silver,Transparency 2026 - Ind QHP,1034,Transparency_in_Coverage_PUF.xlsx,27379dc76590027b0e6d21d736331f87376f0ac87810d68e9f7cca555eef4b1f
1201,29698MI0541313,79,12,Individual,HMO,QHP,Silver,Transparency 2026 - Ind QHP,1035,Transparency_in_Coverage_PUF.xlsx,27379dc76590027b0e6d21d736331f87376f0ac87810d68e9f7cca555eef4b1f
1202,29698MI0541315,79,12,Individual,HMO,QHP,Silver,Transparency 2026 - Ind QHP,1036,Transparency_in_Coverage_PUF.xlsx,27379dc76590027b0e6d21d736331f87376f0ac87810d68e9f7cca555eef4b1f
1203,29698MI0541316,79,12,Individual,HMO,QHP,Silver,Transparency 2026 - Ind QHP,1037,Transparency_in_Coverage_PUF.xlsx,27379dc76590027b0e6d21d736331f87376f0ac87810d68e9f7cca555eef4b1f
1204,29698MI0541320,79,12,Individual,HMO,QHP,Gold,Transparency 2026 - Ind QHP,1038,Transparency_in_Coverage_PUF.xlsx,27379dc76590027b0e6d21d736331f87376f0ac87810d68e9f7cca555eef4b1f
1205,29698MI0541321,79,12,Individual,HMO,QHP,Gold,Transparency 2026 - Ind QHP,1039,Transparency_in_Coverage_PUF.xlsx,27379dc76590027b0e6d21d736331f87376f0ac87810d68e9f7cca555eef4b1f
1206,29698MI0541322,79,12,Individual,HMO,QHP,Gold,Transparency 2026 - Ind QHP,1040,Transparency_in_Coverage_PUF.xlsx,27379dc76590027b0e6d21d736331f87376f0ac87810d68e9f7cca555eef4b1f
1207,29698MI0541323,79,12,Individual,HMO,QHP,Gold,Transparency 2026 - Ind QHP,1041,Transparency_in_Coverage_PUF.xlsx,27379dc76590027b0e6d21d736331f87376f0ac87810d68e9f7cca555eef4b1f
1208,29698MI0541325,79,12,Individual,HMO,QHP,Gold,Transparency 2026 - Ind QHP,1042,Transparency_in_Coverage_PUF.xlsx,27379dc76590027b0e6d21d736331f87376f0ac87810d68e9f7cca555eef4b1f
1209,29698MI0541343,79,12,Individual,HMO,QHP,Bronze,Transparency 2026 - Ind QHP,1043,Transparency_in_Coverage_PUF.xlsx,27379dc76590027b0e6d21d736331f87376f0ac87810d68e9f7cca555eef4b1f
1210,29698MI0541344,79,12,Individual,HMO,QHP,Silver,Transparency 2026 - Ind QHP,1044,Transparency_in_Coverage_PUF.xlsx,27379dc76590027b0e6d21d736331f87376f0ac87810d68e9f7cca555eef4b1f
1211,29698MI0541345,79,12,Individual,HMO,QHP,Gold,Transparency 2026 - Ind QHP,1045,Transparency_in_Coverage_PUF.xlsx,27379dc76590027b0e6d21d736331f87376f0ac87810d68e9f7cca555eef4b1f
1212,29854TN0010004,80,25,Individual,EPO,QHP,Bronze,Transparency 2026 - Ind QHP,1046,Transparency_in_Coverage_PUF.xlsx,27379dc76590027b0e6d21d736331f87376f0ac87810d68e9f7cca555eef4b1f
1213,29854TN0010005,80,25,Individual,EPO,QHP,Platinum,Transparency 2026 - Ind QHP,1047,Transparency_in_Coverage_PUF.xlsx,27379dc76590027b0e6d21d736331f87376f0ac87810d68e9f7cca555eef4b1f
1214,29854TN0010006,80,25,Individual,EPO,QHP,Gold,Transparency 2026 - Ind QHP,1048,Transparency_in_Coverage_PUF.xlsx,27379dc76590027b0e6d21d736331f87376f0ac87810d68e9f7cca555eef4b1f
1215,29854TN0010007,80,25,Individual,EPO,QHP,Silver,Transparency 2026 - Ind QHP,1049,Transparency_in_Coverage_PUF.xlsx,27379dc76590027b0e6d21d736331f87376f0ac87810d68e9f7cca555eef4b1f
1216,29854TN0010008,80,25,Individual,EPO,QHP,Bronze,Transparency 2026 - Ind QHP,1050,Transparency_in_Coverage_PUF.xlsx,27379dc76590027b0e6d21d736331f87376f0ac87810d68e9f7cca555eef4b1f
1217,29854TN0010010,80,25,Individual,EPO,QHP,Gold,Transparency 2026 - Ind QHP,1051,Transparency_in_Coverage_PUF.xlsx,27379dc76590027b0e6d21d736331f87376f0ac87810d68e9f7cca555eef4b1f
1218,29854TN0010013,80,25,Individual,EPO,QHP,Silver,Transparency 2026 - Ind QHP,1052,Transparency_in_Coverage_PUF.xlsx,27379dc76590027b0e6d21d736331f87376f0ac87810d68e9f7cca555eef4b1f
1219,29854TN0010014,80,25,Individual,EPO,QHP,Silver,Transparency 2026 - Ind QHP,1053,Transparency_in_Coverage_PUF.xlsx,27379dc76590027b0e6d21d736331f87376f0ac87810d68e9f7cca555eef4b1f
1220,29854TN0010015,80,25,Individual,EPO,QHP,Bronze,Transparency 2026 - Ind QHP,1054,Transparency_in_Coverage_PUF.xlsx,27379dc76590027b0e6d21d736331f87376f0ac87810d68e9f7cca555eef4b1f
1221,30045AZ0010021,81,4,Individual,PPO,SADP,Low,Transparency 2026 - Ind SADP,173,Transparency_in_Coverage_PUF.xlsx,27379dc76590027b0e6d21d736331f87376f0ac87810d68e9f7cca555eef4b1f
1222,30045AZ0010032,81,4,Individual,PPO,SADP,High,Transparency 2026 - Ind SADP,174,Transparency_in_Coverage_PUF.xlsx,27379dc76590027b0e6d21d736331f87376f0ac87810d68e9f7cca555eef4b1f
1223,30115FL0010001,82,6,Individual,PPO,SADP,Low,Transparency 2026 - Ind SADP,175,Transparency_in_Coverage_PUF.xlsx,27379dc76590027b0e6d21d736331f87376f0ac87810d68e9f7cca555eef4b1f
1224,30115FL0020001,82,6,Individual,PPO,SADP,High,Transparency 2026 - Ind SADP,176,Transparency_in_Coverage_PUF.xlsx,27379dc76590027b0e6d21d736331f87376f0ac87810d68e9f7cca555eef4b1f
1225,30115FL0040001,82,6,Individual,PPO,SADP,Low,Transparency 2026 - Ind SADP,177,Transparency_in_Coverage_PUF.xlsx,27379dc76590027b0e6d21d736331f87376f0ac87810d68e9f7cca555eef4b1f
1226,30115FL0050001,82,6,Individual,PPO,SADP,High,Transparency 2026 - Ind SADP,178,Transparency_in_Coverage_PUF.xlsx,27379dc76590027b0e6d21d736331f87376f0ac87810d68e9f7cca555eef4b1f
1227,30252FL0070001,83,6,Individual,HMO,QHP,Bronze,Transparency 2026 - Ind QHP,1055,Transparency_in_Coverage_PUF.xlsx,27379dc76590027b0e6d21d736331f87376f0ac87810d68e9f7cca555eef4b1f
1228,30252FL0070009,83,6,Individual,HMO,QHP,Gold,Transparency 2026 - Ind QHP,1056,Transparency_in_Coverage_PUF.xlsx,27379dc76590027b0e6d21d736331f87376f0ac87810d68e9f7cca555eef4b1f
1229,30252FL0070022,83,6,Individual,HMO,QHP,Silver,Transparency 2026 - Ind QHP,1057,Transparency_in_Coverage_PUF.xlsx,27379dc76590027b0e6d21d736331f87376f0ac87810d68e9f7cca555eef4b1f
1230,30252FL0070023,83,6,Individual,HMO,QHP,Gold,Transparency 2026 - Ind QHP,1058,Transparency_in_Coverage_PUF.xlsx,27379dc76590027b0e6d21d736331f87376f0ac87810d68e9f7cca555eef4b1f
1231,30252FL0070025,83,6,Individual,HMO,QHP,Bronze,Transparency 2026 - Ind QHP,1059,Transparency_in_Coverage_PUF.xlsx,27379dc76590027b0e6d21d736331f87376f0ac87810d68e9f7cca555eef4b1f
1232,30252FL0070027,83,6,Individual,HMO,QHP,Platinum,Transparency 2026 - Ind QHP,1060,Transparency_in_Coverage_PUF.xlsx,27379dc76590027b0e6d21d736331f87376f0ac87810d68e9f7cca555eef4b1f
1233,30252FL0070028,83,6,Individual,HMO,QHP,Gold,Transparency 2026 - Ind QHP,1061,Transparency_in_Coverage_PUF.xlsx,27379dc76590027b0e6d21d736331f87376f0ac87810d68e9f7cca555eef4b1f
1234,30252FL0070031,83,6,Individual,HMO,QHP,Bronze,Transparency 2026 - Ind QHP,1062,Transparency_in_Coverage_PUF.xlsx,27379dc76590027b0e6d21d736331f87376f0ac87810d68e9f7cca555eef4b1f
1235,30252FL0070033,83,6,Individual,HMO,QHP,Bronze,Transparency 2026 - Ind QHP,1063,Transparency_in_Coverage_PUF.xlsx,27379dc76590027b0e6d21d736331f87376f0ac87810d68e9f7cca555eef4b1f
1236,30252FL0070035,83,6,Individual,HMO,QHP,Silver,Transparency 2026 - Ind QHP,1064,Transparency_in_Coverage_PUF.xlsx,27379dc76590027b0e6d21d736331f87376f0ac87810d68e9f7cca555eef4b1f
1237,30252FL0070039,83,6,Individual,HMO,QHP,Bronze,Transparency 2026 - Ind QHP,1065,Transparency_in_Coverage_PUF.xlsx,27379dc76590027b0e6d21d736331f87376f0ac87810d68e9f7cca555eef4b1f
1238,30252FL0070041,83,6,Individual,HMO,QHP,Bronze,Transparency 2026 - Ind QHP,1066,Transparency_in_Coverage_PUF.xlsx,27379dc76590027b0e6d21d736331f87376f0ac87810d68e9f7cca555eef4b1f
1239,30252FL0070044,83,6,Individual,HMO,QHP,Bronze,Transparency 2026 - Ind QHP,1067,Transparency_in_Coverage_PUF.xlsx,27379dc76590027b0e6d21d736331f87376f0ac87810d68e9f7cca555eef4b1f
1240,30252FL0070045,83,6,Individual,HMO,QHP,Bronze,Transparency 2026 - Ind QHP,1068,Transparency_in_Coverage_PUF.xlsx,27379dc76590027b0e6d21d736331f87376f0ac87810d68e9f7cca555eef4b1f
1241,30252FL0070053,83,6,Individual,HMO,QHP,Silver,Transparency 2026 - Ind QHP,1069,Transparency_in_Coverage_PUF.xlsx,27379dc76590027b0e6d21d736331f87376f0ac87810d68e9f7cca555eef4b1f
1242,30252FL0070054,83,6,Individual,HMO,QHP,Silver,Transparency 2026 - Ind QHP,1070,Transparency_in_Coverage_PUF.xlsx,27379dc76590027b0e6d21d736331f87376f0ac87810d68e9f7cca555eef4b1f
1243,30252FL0070055,83,6,Individual,HMO,QHP,Gold,Transparency 2026 - Ind QHP,1071,Transparency_in_Coverage_PUF.xlsx,27379dc76590027b0e6d21d736331f87376f0ac87810d68e9f7cca555eef4b1f
1244,30252FL0070056,83,6,Individual,HMO,QHP,Gold,Transparency 2026 - Ind QHP,1072,Transparency_in_Coverage_PUF.xlsx,27379dc76590027b0e6d21d736331f87376f0ac87810d68e9f7cca555eef4b1f
1245,30252FL0070058,83,6,Individual,HMO,QHP,Platinum,Transparency 2026 - Ind QHP,1073,Transparency_in_Coverage_PUF.xlsx,27379dc76590027b0e6d21d736331f87376f0ac87810d68e9f7cca555eef4b1f
1246,30252FL0070061,83,6,Individual,HMO,QHP,Silver,Transparency 2026 - Ind QHP,1074,Transparency_in_Coverage_PUF.xlsx,27379dc76590027b0e6d21d736331f87376f0ac87810d68e9f7cca555eef4b1f
1247,30252FL0070062,83,6,Individual,HMO,QHP,Silver,Transparency 2026 - Ind QHP,1075,Transparency_in_Coverage_PUF.xlsx,27379dc76590027b0e6d21d736331f87376f0ac87810d68e9f7cca555eef4b1f
1248,30252FL0070063,83,6,Individual,HMO,QHP,Silver,Transparency 2026 - Ind QHP,1076,Transparency_in_Coverage_PUF.xlsx,27379dc76590027b0e6d21d736331f87376f0ac87810d68e9f7cca555eef4b1f
1249,30252FL0070065,83,6,Individual,HMO,QHP,Bronze,Transparency 2026 - Ind QHP,1077,Transparency_in_Coverage_PUF.xlsx,27379dc76590027b0e6d21d736331f87376f0ac87810d68e9f7cca555eef4b1f
1250,30252FL0070066,83,6,Individual,HMO,QHP,Bronze,Transparency 2026 - Ind QHP,1078,Transparency_in_Coverage_PUF.xlsx,27379dc76590027b0e6d21d736331f87376f0ac87810d68e9f7cca555eef4b1f
1251,30252FL0070070,83,6,Individual,HMO,QHP,Silver,Transparency 2026 - Ind QHP,1079,Transparency_in_Coverage_PUF.xlsx,27379dc76590027b0e6d21d736331f87376f0ac87810d68e9f7cca555eef4b1f
1252,30252FL0070074,83,6,Individual,HMO,QHP,Gold,Transparency 2026 - Ind QHP,1080,Transparency_in_Coverage_PUF.xlsx,27379dc76590027b0e6d21d736331f87376f0ac87810d68e9f7cca555eef4b1f
1253,30252FL0070075,83,6,Individual,HMO,QHP,Platinum,Transparency 2026 - Ind QHP,1081,Transparency_in_Coverage_PUF.xlsx,27379dc76590027b0e6d21d736331f87376f0ac87810d68e9f7cca555eef4b1f
1254,30252FL0070076,83,6,Individual,HMO,QHP,Silver,Transparency 2026 - Ind QHP,1082,Transparency_in_Coverage_PUF.xlsx,27379dc76590027b0e6d21d736331f87376f0ac87810d68e9f7cca555eef4b1f
1255,30252FL0070078,83,6,Individual,HMO,QHP,Silver,Transparency 2026 - Ind QHP,1083,Transparency_in_Coverage_PUF.xlsx,27379dc76590027b0e6d21d736331f87376f0ac87810d68e9f7cca555eef4b1f
1256,30252FL0070100,83,6,Individual,HMO,QHP,Platinum,Transparency 2026 - Ind QHP,1084,Transparency_in_Coverage_PUF.xlsx,27379dc76590027b0e6d21d736331f87376f0ac87810d68e9f7cca555eef4b1f
1257,30252FL0070101,83,6,Individual,HMO,QHP,Silver,Transparency 2026 - Ind QHP,1085,Transparency_in_Coverage_PUF.xlsx,27379dc76590027b0e6d21d736331f87376f0ac87810d68e9f7cca555eef4b1f
1258,30252FL0070102,83,6,Individual,HMO,QHP,Silver,Transparency 2026 - Ind QHP,1086,Transparency_in_Coverage_PUF.xlsx,27379dc76590027b0e6d21d736331f87376f0ac87810d68e9f7cca555eef4b1f
1259,30252FL0070103,83,6,Individual,HMO,QHP,Silver,Transparency 2026 - Ind QHP,1087,Transparency_in_Coverage_PUF.xlsx,27379dc76590027b0e6d21d736331f87376f0ac87810d68e9f7cca555eef4b1f
1260,30252FL0140002,83,6,Individual,POS,QHP,Silver,Transparency 2026 - Ind QHP,1088,Transparency_in_Coverage_PUF.xlsx,27379dc76590027b0e6d21d736331f87376f0ac87810d68e9f7cca555eef4b1f
1261,30252FL0140003,83,6,Individual,POS,QHP,Bronze,Transparency 2026 - Ind QHP,1089,Transparency_in_Coverage_PUF.xlsx,27379dc76590027b0e6d21d736331f87376f0ac87810d68e9f7cca555eef4b1f
1262,30252FL0140004,83,6,Individual,POS,QHP,Platinum,Transparency 2026 - Ind QHP,1090,Transparency_in_Coverage_PUF.xlsx,27379dc76590027b0e6d21d736331f87376f0ac87810d68e9f7cca555eef4b1f
1263,30252FL0140005,83,6,Individual,POS,QHP,Bronze,Transparency 2026 - Ind QHP,1091,Transparency_in_Coverage_PUF.xlsx,27379dc76590027b0e6d21d736331f87376f0ac87810d68e9f7cca555eef4b1f
1264,30252FL0140006,83,6,Individual,POS,QHP,Silver,Transparency 2026 - Ind QHP,1092,Transparency_in_Coverage_PUF.xlsx,27379dc76590027b0e6d21d736331f87376f0ac87810d68e9f7cca555eef4b1f
1265,30252FL0140007,83,6,Individual,POS,QHP,Platinum,Transparency 2026 - Ind QHP,1093,Transparency_in_Coverage_PUF.xlsx,27379dc76590027b0e6d21d736331f87376f0ac87810d68e9f7cca555eef4b1f
1266,30252FL0140008,83,6,Individual,POS,QHP,Gold,Transparency 2026 - Ind QHP,1094,Transparency_in_Coverage_PUF.xlsx,27379dc76590027b0e6d21d736331f87376f0ac87810d68e9f7cca555eef4b1f
1267,30252FL0140009,83,6,Individual,POS,QHP,Bronze,Transparency 2026 - Ind QHP,1095,Transparency_in_Coverage_PUF.xlsx,27379dc76590027b0e6d21d736331f87376f0ac87810d68e9f7cca555eef4b1f
1268,30252FL0140010,83,6,Individual,POS,QHP,Gold,Transparency 2026 - Ind QHP,1096,Transparency_in_Coverage_PUF.xlsx,27379dc76590027b0e6d21d736331f87376f0ac87810d68e9f7cca555eef4b1f
1269,30252FL0140015,83,6,Individual,POS,QHP,Platinum,Transparency 2026 - Ind QHP,1097,Transparency_in_Coverage_PUF.xlsx,27379dc76590027b0e6d21d736331f87376f0ac87810d68e9f7cca555eef4b1f
1270,30252FL0140017,83,6,Individual,POS,QHP,Bronze,Transparency 2026 - Ind QHP,1098,Transparency_in_Coverage_PUF.xlsx,27379dc76590027b0e6d21d736331f87376f0ac87810d68e9f7cca555eef4b1f
1271,30252FL0140018,83,6,Individual,POS,QHP,Bronze,Transparency 2026 - Ind QHP,1099,Transparency_in_Coverage_PUF.xlsx,27379dc76590027b0e6d21d736331f87376f0ac87810d68e9f7cca555eef4b1f
1272,30252FL0140020,83,6,Individual,POS,QHP,Gold,Transparency 2026 - Ind QHP,1100,Transparency_in_Coverage_PUF.xlsx,27379dc76590027b0e6d21d736331f87376f0ac87810d68e9f7cca555eef4b1f
1273,30252FL0140021,83,6,Individual,POS,QHP,Silver,Transparency 2026 - Ind QHP,1101,Transparency_in_Coverage_PUF.xlsx,27379dc76590027b0e6d21d736331f87376f0ac87810d68e9f7cca555eef4b1f
1274,30252FL0140023,83,6,Individual,POS,QHP,Bronze,Transparency 2026 - Ind QHP,1102,Transparency_in_Coverage_PUF.xlsx,27379dc76590027b0e6d21d736331f87376f0ac87810d68e9f7cca555eef4b1f
1275,30252FL0140025,83,6,Individual,POS,QHP,Bronze,Transparency 2026 - Ind QHP,1103,Transparency_in_Coverage_PUF.xlsx,27379dc76590027b0e6d21d736331f87376f0ac87810d68e9f7cca555eef4b1f
1276,30252FL0140026,83,6,Individual,POS,QHP,Bronze,Transparency 2026 - Ind QHP,1104,Transparency_in_Coverage_PUF.xlsx,27379dc76590027b0e6d21d736331f87376f0ac87810d68e9f7cca555eef4b1f
1277,30252FL0140027,83,6,Individual,POS,QHP,Silver,Transparency 2026 - Ind QHP,1105,Transparency_in_Coverage_PUF.xlsx,27379dc76590027b0e6d21d736331f87376f0ac87810d68e9f7cca555eef4b1f
1278,30252FL0140028,83,6,Individual,POS,QHP,Gold,Transparency 2026 - Ind QHP,1106,Transparency_in_Coverage_PUF.xlsx,27379dc76590027b0e6d21d736331f87376f0ac87810d68e9f7cca555eef4b1f
1279,30252FL0140029,83,6,Individual,POS,QHP,Platinum,Transparency 2026 - Ind QHP,1107,Transparency_in_Coverage_PUF.xlsx,27379dc76590027b0e6d21d736331f87376f0ac87810d68e9f7cca555eef4b1f
1280,30252FL0140031,83,6,Individual,POS,QHP,Bronze,Transparency 2026 - Ind QHP,1108,Transparency_in_Coverage_PUF.xlsx,27379dc76590027b0e6d21d736331f87376f0ac87810d68e9f7cca555eef4b1f
1281,30252FL0140032,83,6,Individual,POS,QHP,Silver,Transparency 2026 - Ind QHP,1109,Transparency_in_Coverage_PUF.xlsx,27379dc76590027b0e6d21d736331f87376f0ac87810d68e9f7cca555eef4b1f
1282,30252FL0140033,83,6,Individual,POS,QHP,Gold,Transparency 2026 - Ind QHP,1110,Transparency_in_Coverage_PUF.xlsx,27379dc76590027b0e6d21d736331f87376f0ac87810d68e9f7cca555eef4b1f
1283,30252FL0140034,83,6,Individual,POS,QHP,Platinum,Transparency 2026 - Ind QHP,1111,Transparency_in_Coverage_PUF.xlsx,27379dc76590027b0e6d21d736331f87376f0ac87810d68e9f7cca555eef4b1f
1284,30252FL0190003,83,6,Individual,HMO,QHP,Silver,Transparency 2026 - Ind QHP,1112,Transparency_in_Coverage_PUF.xlsx,27379dc76590027b0e6d21d736331f87376f0ac87810d68e9f7cca555eef4b1f
1285,30252FL0190007,83,6,Individual,HMO,QHP,Silver,Transparency 2026 - Ind QHP,1113,Transparency_in_Coverage_PUF.xlsx,27379dc76590027b0e6d21d736331f87376f0ac87810d68e9f7cca555eef4b1f
1286,30252FL0190008,83,6,Individual,HMO,QHP,Silver,Transparency 2026 - Ind QHP,1114,Transparency_in_Coverage_PUF.xlsx,27379dc76590027b0e6d21d736331f87376f0ac87810d68e9f7cca555eef4b1f
1287,30252FL0190009,83,6,Individual,HMO,QHP,Bronze,Transparency 2026 - Ind QHP,1115,Transparency_in_Coverage_PUF.xlsx,27379dc76590027b0e6d21d736331f87376f0ac87810d68e9f7cca555eef4b1f
1288,30252FL0190010,83,6,Individual,HMO,QHP,Bronze,Transparency 2026 - Ind QHP,1116,Transparency_in_Coverage_PUF.xlsx,27379dc76590027b0e6d21d736331f87376f0ac87810d68e9f7cca555eef4b1f
1289,30252FL0190011,83,6,Individual,HMO,QHP,Silver,Transparency 2026 - Ind QHP,1117,Transparency_in_Coverage_PUF.xlsx,27379dc76590027b0e6d21d736331f87376f0ac87810d68e9f7cca555eef4b1f
1290,30252FL0190012,83,6,Individual,HMO,QHP,Silver,Transparency 2026 - Ind QHP,1118,Transparency_in_Coverage_PUF.xlsx,27379dc76590027b0e6d21d736331f87376f0ac87810d68e9f7cca555eef4b1f
1291,30252FL0190025,83,6,Individual,HMO,QHP,Silver,Transparency 2026 - Ind QHP,1119,Transparency_in_Coverage_PUF.xlsx,27379dc76590027b0e6d21d736331f87376f0ac87810d68e9f7cca555eef4b1f
1292,30252FL0190028,83,6,Individual,HMO,QHP,Silver,Transparency 2026 - Ind QHP,1120,Transparency_in_Coverage_PUF.xlsx,27379dc76590027b0e6d21d736331f87376f0ac87810d68e9f7cca555eef4b1f
1293,30252FL0190030,83,6,Individual,HMO,QHP,Silver,Transparency 2026 - Ind QHP,1121,Transparency_in_Coverage_PUF.xlsx,27379dc76590027b0e6d21d736331f87376f0ac87810d68e9f7cca555eef4b1f
1294,30252FL0190032,83,6,Individual,HMO,QHP,Silver,Transparency 2026 - Ind QHP,1122,Transparency_in_Coverage_PUF.xlsx,27379dc76590027b0e6d21d736331f87376f0ac87810d68e9f7cca555eef4b1f
1295,30252FL0190033,83,6,Individual,HMO,QHP,Silver,Transparency 2026 - Ind QHP,1123,Transparency_in_Coverage_PUF.xlsx,27379dc76590027b0e6d21d736331f87376f0ac87810d68e9f7cca555eef4b1f
1296,30252FL0190034,83,6,Individual,HMO,QHP,Silver,Transparency 2026 - Ind QHP,1124,Transparency_in_Coverage_PUF.xlsx,27379dc76590027b0e6d21d736331f87376f0ac87810d68e9f7cca555eef4b1f
1297,30252FL0200003,83,6,Individual,HMO,QHP,Silver,Transparency 2026 - Ind QHP,1125,Transparency_in_Coverage_PUF.xlsx,27379dc76590027b0e6d21d736331f87376f0ac87810d68e9f7cca555eef4b1f
1298,30252FL0200007,83,6,Individual,HMO,QHP,Silver,Transparency 2026 - Ind QHP,1126,Transparency_in_Coverage_PUF.xlsx,27379dc76590027b0e6d21d736331f87376f0ac87810d68e9f7cca555eef4b1f
1299,30252FL0200008,83,6,Individual,HMO,QHP,Silver,Transparency 2026 - Ind QHP,1127,Transparency_in_Coverage_PUF.xlsx,27379dc76590027b0e6d21d736331f87376f0ac87810d68e9f7cca555eef4b1f
1300,30252FL0200009,83,6,Individual,HMO,QHP,Bronze,Transparency 2026 - Ind QHP,1128,Transparency_in_Coverage_PUF.xlsx,27379dc76590027b0e6d21d736331f87376f0ac87810d68e9f7cca555eef4b1f
1301,30252FL0200010,83,6,Individual,HMO,QHP,Bronze,Transparency 2026 - Ind QHP,1129,Transparency_in_Coverage_PUF.xlsx,27379dc76590027b0e6d21d736331f87376f0ac87810d68e9f7cca555eef4b1f
1302,30252FL0200011,83,6,Individual,HMO,QHP,Silver,Transparency 2026 - Ind QHP,1130,Transparency_in_Coverage_PUF.xlsx,27379dc76590027b0e6d21d736331f87376f0ac87810d68e9f7cca555eef4b1f
1303,30252FL0200012,83,6,Individual,HMO,QHP,Silver,Transparency 2026 - Ind QHP,1131,Transparency_in_Coverage_PUF.xlsx,27379dc76590027b0e6d21d736331f87376f0ac87810d68e9f7cca555eef4b1f
1304,30252FL0200029,83,6,Individual,HMO,QHP,Silver,Transparency 2026 - Ind QHP,1132,Transparency_in_Coverage_PUF.xlsx,27379dc76590027b0e6d21d736331f87376f0ac87810d68e9f7cca555eef4b1f
1305,30252FL0200032,83,6,Individual,HMO,QHP,Silver,Transparency 2026 - Ind QHP,1133,Transparency_in_Coverage_PUF.xlsx,27379dc76590027b0e6d21d736331f87376f0ac87810d68e9f7cca555eef4b1f
1306,30252FL0200034,83,6,Individual,HMO,QHP,Silver,Transparency 2026 - Ind QHP,1134,Transparency_in_Coverage_PUF.xlsx,27379dc76590027b0e6d21d736331f87376f0ac87810d68e9f7cca555eef4b1f
1307,30252FL0200036,83,6,Individual,HMO,QHP,Silver,Transparency 2026 - Ind QHP,1135,Transparency_in_Coverage_PUF.xlsx,27379dc76590027b0e6d21d736331f87376f0ac87810d68e9f7cca555eef4b1f
1308,30252FL0200037,83,6,Individual,HMO,QHP,Silver,Transparency 2026 - Ind QHP,1136,Transparency_in_Coverage_PUF.xlsx,27379dc76590027b0e6d21d736331f87376f0ac87810d68e9f7cca555eef4b1f
1309,30252FL0200038,83,6,Individual,HMO,QHP,Silver,Transparency 2026 - Ind QHP,1137,Transparency_in_Coverage_PUF.xlsx,27379dc76590027b0e6d21d736331f87376f0ac87810d68e9f7cca555eef4b1f
1310,30613MO0560001,84,13,Individual,PPO,SADP,Low,Transparency 2026 - Ind SADP,179,Transparency_in_Coverage_PUF.xlsx,27379dc76590027b0e6d21d736331f87376f0ac87810d68e9f7cca555eef4b1f
1311,30613MO0560002,84,13,Individual,PPO,SADP,Low,Transparency 2026 - Ind SADP,180,Transparency_in_Coverage_PUF.xlsx,27379dc76590027b0e6d21d736331f87376f0ac87810d68e9f7cca555eef4b1f
1312,30613MO0560003,84,13,Individual,PPO,SADP,High,Transparency 2026 - Ind SADP,181,Transparency_in_Coverage_PUF.xlsx,27379dc76590027b0e6d21d736331f87376f0ac87810d68e9f7cca555eef4b1f
1313,30751MT0550038,85,15,Individual,PPO,QHP,Gold,Transparency 2026 - Ind QHP,1138,Transparency_in_Coverage_PUF.xlsx,27379dc76590027b0e6d21d736331f87376f0ac87810d68e9f7cca555eef4b1f
1314,30751MT0550039,85,15,Individual,PPO,QHP,Silver,Transparency 2026 - Ind QHP,1139,Transparency_in_Coverage_PUF.xlsx,27379dc76590027b0e6d21d736331f87376f0ac87810d68e9f7cca555eef4b1f
1315,30751MT0550040,85,15,Individual,PPO,QHP,Bronze,Transparency 2026 - Ind QHP,1140,Transparency_in_Coverage_PUF.xlsx,27379dc76590027b0e6d21d736331f87376f0ac87810d68e9f7cca555eef4b1f
1316,30751MT0550041,85,15,Individual,PPO,QHP,Bronze,Transparency 2026 - Ind QHP,1141,Transparency_in_Coverage_PUF.xlsx,27379dc76590027b0e6d21d736331f87376f0ac87810d68e9f7cca555eef4b1f
1317,30751MT0550042,85,15,Individual,PPO,QHP,Catastrophic,Transparency 2026 - Ind QHP,1142,Transparency_in_Coverage_PUF.xlsx,27379dc76590027b0e6d21d736331f87376f0ac87810d68e9f7cca555eef4b1f
1318,30751MT0550043,85,15,Individual,PPO,QHP,Gold,Transparency 2026 - Ind QHP,1143,Transparency_in_Coverage_PUF.xlsx,27379dc76590027b0e6d21d736331f87376f0ac87810d68e9f7cca555eef4b1f
1319,30751MT0550044,85,15,Individual,PPO,QHP,Gold,Transparency 2026 - Ind QHP,1144,Transparency_in_Coverage_PUF.xlsx,27379dc76590027b0e6d21d736331f87376f0ac87810d68e9f7cca555eef4b1f
1320,30751MT0550045,85,15,Individual,PPO,QHP,Gold,Transparency 2026 - Ind QHP,1145,Transparency_in_Coverage_PUF.xlsx,27379dc76590027b0e6d21d736331f87376f0ac87810d68e9f7cca555eef4b1f
1321,30751MT0550046,85,15,Individual,PPO,QHP,Silver,Transparency 2026 - Ind QHP,1146,Transparency_in_Coverage_PUF.xlsx,27379dc76590027b0e6d21d736331f87376f0ac87810d68e9f7cca555eef4b1f
1322,30751MT0550047,85,15,Individual,PPO,QHP,Silver,Transparency 2026 - Ind QHP,1147,Transparency_in_Coverage_PUF.xlsx,27379dc76590027b0e6d21d736331f87376f0ac87810d68e9f7cca555eef4b1f
1323,30751MT0550048,85,15,Individual,PPO,QHP,Silver,Transparency 2026 - Ind QHP,1148,Transparency_in_Coverage_PUF.xlsx,27379dc76590027b0e6d21d736331f87376f0ac87810d68e9f7cca555eef4b1f
1324,30751MT0550049,85,15,Individual,PPO,QHP,Bronze,Transparency 2026 - Ind QHP,1149,Transparency_in_Coverage_PUF.xlsx,27379dc76590027b0e6d21d736331f87376f0ac87810d68e9f7cca555eef4b1f
1325,30751MT0550050,85,15,Individual,PPO,QHP,Bronze,Transparency 2026 - Ind QHP,1150,Transparency_in_Coverage_PUF.xlsx,27379dc76590027b0e6d21d736331f87376f0ac87810d68e9f7cca555eef4b1f
1326,30751MT0550051,85,15,Individual,PPO,QHP,Bronze,Transparency 2026 - Ind QHP,1151,Transparency_in_Coverage_PUF.xlsx,27379dc76590027b0e6d21d736331f87376f0ac87810d68e9f7cca555eef4b1f
1327,30751MT0550052,85,15,Individual,PPO,QHP,Bronze,Transparency 2026 - Ind QHP,1152,Transparency_in_Coverage_PUF.xlsx,27379dc76590027b0e6d21d736331f87376f0ac87810d68e9f7cca555eef4b1f
1328,30751MT0550053,85,15,Individual,PPO,QHP,Bronze,Transparency 2026 - Ind QHP,1153,Transparency_in_Coverage_PUF.xlsx,27379dc76590027b0e6d21d736331f87376f0ac87810d68e9f7cca555eef4b1f
1329,30751MT0550054,85,15,Individual,PPO,QHP,Bronze,Transparency 2026 - Ind QHP,1154,Transparency_in_Coverage_PUF.xlsx,27379dc76590027b0e6d21d736331f87376f0ac87810d68e9f7cca555eef4b1f
1330,30751MT0550055,85,15,Individual,PPO,QHP,Catastrophic,Transparency 2026 - Ind QHP,1155,Transparency_in_Coverage_PUF.xlsx,27379dc76590027b0e6d21d736331f87376f0ac87810d68e9f7cca555eef4b1f
1331,30751MT0550056,85,15,Individual,PPO,QHP,Catastrophic,Transparency 2026 - Ind QHP,1156,Transparency_in_Coverage_PUF.xlsx,27379dc76590027b0e6d21d736331f87376f0ac87810d68e9f7cca555eef4b1f
1332,30751MT0550057,85,15,Individual,PPO,QHP,Catastrophic,Transparency 2026 - Ind QHP,1157,Transparency_in_Coverage_PUF.xlsx,27379dc76590027b0e6d21d736331f87376f0ac87810d68e9f7cca555eef4b1f
1333,30751MT0550061,85,15,Individual,PPO,QHP,Silver,Transparency 2026 - Ind QHP,1158,Transparency_in_Coverage_PUF.xlsx,27379dc76590027b0e6d21d736331f87376f0ac87810d68e9f7cca555eef4b1f
1334,30751MT0550071,85,15,Individual,PPO,QHP,Silver,Transparency 2026 - Ind QHP,1159,Transparency_in_Coverage_PUF.xlsx,27379dc76590027b0e6d21d736331f87376f0ac87810d68e9f7cca555eef4b1f
1335,30751MT0550072,85,15,Individual,PPO,QHP,Silver,Transparency 2026 - Ind QHP,1160,Transparency_in_Coverage_PUF.xlsx,27379dc76590027b0e6d21d736331f87376f0ac87810d68e9f7cca555eef4b1f
1336,30751MT0550073,85,15,Individual,PPO,QHP,Silver,Transparency 2026 - Ind QHP,1161,Transparency_in_Coverage_PUF.xlsx,27379dc76590027b0e6d21d736331f87376f0ac87810d68e9f7cca555eef4b1f
1337,30751MT0550086,85,15,Individual,PPO,QHP,Gold,Transparency 2026 - Ind QHP,1162,Transparency_in_Coverage_PUF.xlsx,27379dc76590027b0e6d21d736331f87376f0ac87810d68e9f7cca555eef4b1f
1338,30751MT0550087,85,15,Individual,PPO,QHP,Silver,Transparency 2026 - Ind QHP,1163,Transparency_in_Coverage_PUF.xlsx,27379dc76590027b0e6d21d736331f87376f0ac87810d68e9f7cca555eef4b1f
1339,30751MT0550089,85,15,Individual,PPO,QHP,Gold,Transparency 2026 - Ind QHP,1164,Transparency_in_Coverage_PUF.xlsx,27379dc76590027b0e6d21d736331f87376f0ac87810d68e9f7cca555eef4b1f
1340,30751MT0550090,85,15,Individual,PPO,QHP,Silver,Transparency 2026 - Ind QHP,1165,Transparency_in_Coverage_PUF.xlsx,27379dc76590027b0e6d21d736331f87376f0ac87810d68e9f7cca555eef4b1f
1341,30751MT0550092,85,15,Individual,PPO,QHP,Bronze,Transparency 2026 - Ind QHP,1166,Transparency_in_Coverage_PUF.xlsx,27379dc76590027b0e6d21d736331f87376f0ac87810d68e9f7cca555eef4b1f
1342,30751MT0550093,85,15,Individual,PPO,QHP,Bronze,Transparency 2026 - Ind QHP,1167,Transparency_in_Coverage_PUF.xlsx,27379dc76590027b0e6d21d736331f87376f0ac87810d68e9f7cca555eef4b1f
1343,30751MT0550094,85,15,Individual,PPO,QHP,Gold,Transparency 2026 - Ind QHP,1168,Transparency_in_Coverage_PUF.xlsx,27379dc76590027b0e6d21d736331f87376f0ac87810d68e9f7cca555eef4b1f
1344,30751MT0550095,85,15,Individual,PPO,QHP,Gold,Transparency 2026 - Ind QHP,1169,Transparency_in_Coverage_PUF.xlsx,27379dc76590027b0e6d21d736331f87376f0ac87810d68e9f7cca555eef4b1f
1345,30751MT0550096,85,15,Individual,PPO,QHP,Silver,Transparency 2026 - Ind QHP,1170,Transparency_in_Coverage_PUF.xlsx,27379dc76590027b0e6d21d736331f87376f0ac87810d68e9f7cca555eef4b1f
1346,30751MT0550097,85,15,Individual,PPO,QHP,Silver,Transparency 2026 - Ind QHP,1171,Transparency_in_Coverage_PUF.xlsx,27379dc76590027b0e6d21d736331f87376f0ac87810d68e9f7cca555eef4b1f
1347,30751MT0550100,85,15,Individual,PPO,QHP,Bronze,Transparency 2026 - Ind QHP,1172,Transparency_in_Coverage_PUF.xlsx,27379dc76590027b0e6d21d736331f87376f0ac87810d68e9f7cca555eef4b1f
1348,30751MT0550101,85,15,Individual,PPO,QHP,Bronze,Transparency 2026 - Ind QHP,1173,Transparency_in_Coverage_PUF.xlsx,27379dc76590027b0e6d21d736331f87376f0ac87810d68e9f7cca555eef4b1f
1349,30751MT0550102,85,15,Individual,PPO,QHP,Gold,Transparency 2026 - Ind QHP,1174,Transparency_in_Coverage_PUF.xlsx,27379dc76590027b0e6d21d736331f87376f0ac87810d68e9f7cca555eef4b1f
1350,30751MT0550103,85,15,Individual,PPO,QHP,Gold,Transparency 2026 - Ind QHP,1175,Transparency_in_Coverage_PUF.xlsx,27379dc76590027b0e6d21d736331f87376f0ac87810d68e9f7cca555eef4b1f
1351,30751MT0550104,85,15,Individual,PPO,QHP,Gold,Transparency 2026 - Ind QHP,1176,Transparency_in_Coverage_PUF.xlsx,27379dc76590027b0e6d21d736331f87376f0ac87810d68e9f7cca555eef4b1f
1352,30751MT0550105,85,15,Individual,PPO,QHP,Gold,Transparency 2026 - Ind QHP,1177,Transparency_in_Coverage_PUF.xlsx,27379dc76590027b0e6d21d736331f87376f0ac87810d68e9f7cca555eef4b1f
1353,30751MT0580001,85,15,Individual,PPO,SADP,High,Transparency 2026 - Ind SADP,182,Transparency_in_Coverage_PUF.xlsx,27379dc76590027b0e6d21d736331f87376f0ac87810d68e9f7cca555eef4b1f
1354,30751MT0580002,85,15,Individual,PPO,SADP,Low,Transparency 2026 - Ind SADP,183,Transparency_in_Coverage_PUF.xlsx,27379dc76590027b0e6d21d736331f87376f0ac87810d68e9f7cca555eef4b1f
1355,30751MT0580003,85,15,Individual,PPO,SADP,High,Transparency 2026 - Ind SADP,184,Transparency_in_Coverage_PUF.xlsx,27379dc76590027b0e6d21d736331f87376f0ac87810d68e9f7cca555eef4b1f
1356,30751MT0580004,85,15,Individual,PPO,SADP,Low,Transparency 2026 - Ind SADP,185,Transparency_in_Coverage_PUF.xlsx,27379dc76590027b0e6d21d736331f87376f0ac87810d68e9f7cca555eef4b1f
1357,30751MT0580005,85,15,Individual,PPO,SADP,Low,Transparency 2026 - Ind SADP,186,Transparency_in_Coverage_PUF.xlsx,27379dc76590027b0e6d21d736331f87376f0ac87810d68e9f7cca555eef4b1f
1358,30751MT0580006,85,15,Individual,PPO,SADP,Low,Transparency 2026 - Ind SADP,187,Transparency_in_Coverage_PUF.xlsx,27379dc76590027b0e6d21d736331f87376f0ac87810d68e9f7cca555eef4b1f
1359,30751MT0670001,85,15,Individual,POS,QHP,Gold,Transparency 2026 - Ind QHP,1178,Transparency_in_Coverage_PUF.xlsx,27379dc76590027b0e6d21d736331f87376f0ac87810d68e9f7cca555eef4b1f
1360,30751MT0670002,85,15,Individual,POS,QHP,Silver,Transparency 2026 - Ind QHP,1179,Transparency_in_Coverage_PUF.xlsx,27379dc76590027b0e6d21d736331f87376f0ac87810d68e9f7cca555eef4b1f
1361,30751MT0670003,85,15,Individual,POS,QHP,Bronze,Transparency 2026 - Ind QHP,1180,Transparency_in_Coverage_PUF.xlsx,27379dc76590027b0e6d21d736331f87376f0ac87810d68e9f7cca555eef4b1f
1362,30751MT0670006,85,15,Individual,POS,QHP,Bronze,Transparency 2026 - Ind QHP,1181,Transparency_in_Coverage_PUF.xlsx,27379dc76590027b0e6d21d736331f87376f0ac87810d68e9f7cca555eef4b1f
1363,30751MT0670007,85,15,Individual,POS,QHP,Gold,Transparency 2026 - Ind QHP,1182,Transparency_in_Coverage_PUF.xlsx,27379dc76590027b0e6d21d736331f87376f0ac87810d68e9f7cca555eef4b1f
1364,30751MT0670008,85,15,Individual,POS,QHP,Silver,Transparency 2026 - Ind QHP,1183,Transparency_in_Coverage_PUF.xlsx,27379dc76590027b0e6d21d736331f87376f0ac87810d68e9f7cca555eef4b1f
1365,30751MT0670009,85,15,Individual,POS,QHP,Bronze,Transparency 2026 - Ind QHP,1184,Transparency_in_Coverage_PUF.xlsx,27379dc76590027b0e6d21d736331f87376f0ac87810d68e9f7cca555eef4b1f
1366,30751MT0670012,85,15,Individual,POS,QHP,Bronze,Transparency 2026 - Ind QHP,1185,Transparency_in_Coverage_PUF.xlsx,27379dc76590027b0e6d21d736331f87376f0ac87810d68e9f7cca555eef4b1f
1367,30751MT0670013,85,15,Individual,POS,QHP,Bronze,Transparency 2026 - Ind QHP,1186,Transparency_in_Coverage_PUF.xlsx,27379dc76590027b0e6d21d736331f87376f0ac87810d68e9f7cca555eef4b1f
1368,30751MT0670016,85,15,Individual,POS,QHP,Bronze,Transparency 2026 - Ind QHP,1187,Transparency_in_Coverage_PUF.xlsx,27379dc76590027b0e6d21d736331f87376f0ac87810d68e9f7cca555eef4b1f
1369,30751MT0670017,85,15,Individual,POS,QHP,Bronze,Transparency 2026 - Ind QHP,1188,Transparency_in_Coverage_PUF.xlsx,27379dc76590027b0e6d21d736331f87376f0ac87810d68e9f7cca555eef4b1f
1370,30751MT0670018,85,15,Individual,POS,QHP,Bronze,Transparency 2026 - Ind QHP,1189,Transparency_in_Coverage_PUF.xlsx,27379dc76590027b0e6d21d736331f87376f0ac87810d68e9f7cca555eef4b1f
1371,30751MT0670019,85,15,Individual,POS,QHP,Bronze,Transparency 2026 - Ind QHP,1190,Transparency_in_Coverage_PUF.xlsx,27379dc76590027b0e6d21d736331f87376f0ac87810d68e9f7cca555eef4b1f
1372,30751MT0670020,85,15,Individual,POS,QHP,Gold,Transparency 2026 - Ind QHP,1191,Transparency_in_Coverage_PUF.xlsx,27379dc76590027b0e6d21d736331f87376f0ac87810d68e9f7cca555eef4b1f
1373,30751MT0670021,85,15,Individual,POS,QHP,Gold,Transparency 2026 - Ind QHP,1192,Transparency_in_Coverage_PUF.xlsx,27379dc76590027b0e6d21d736331f87376f0ac87810d68e9f7cca555eef4b1f
1374,30751MT0670022,85,15,Individual,POS,QHP,Gold,Transparency 2026 - Ind QHP,1193,Transparency_in_Coverage_PUF.xlsx,27379dc76590027b0e6d21d736331f87376f0ac87810d68e9f7cca555eef4b1f
1375,30751MT0670023,85,15,Individual,POS,QHP,Gold,Transparency 2026 - Ind QHP,1194,Transparency_in_Coverage_PUF.xlsx,27379dc76590027b0e6d21d736331f87376f0ac87810d68e9f7cca555eef4b1f
1376,30751MT0670024,85,15,Individual,POS,QHP,Silver,Transparency 2026 - Ind QHP,1195,Transparency_in_Coverage_PUF.xlsx,27379dc76590027b0e6d21d736331f87376f0ac87810d68e9f7cca555eef4b1f
1377,30751MT0670025,85,15,Individual,POS,QHP,Silver,Transparency 2026 - Ind QHP,1196,Transparency_in_Coverage_PUF.xlsx,27379dc76590027b0e6d21d736331f87376f0ac87810d68e9f7cca555eef4b1f
1378,30751MT0670028,85,15,Individual,POS,QHP,Silver,Transparency 2026 - Ind QHP,1197,Transparency_in_Coverage_PUF.xlsx,27379dc76590027b0e6d21d736331f87376f0ac87810d68e9f7cca555eef4b1f
1379,30751MT0670029,85,15,Individual,POS,QHP,Silver,Transparency 2026 - Ind QHP,1198,Transparency_in_Coverage_PUF.xlsx,27379dc76590027b0e6d21d736331f87376f0ac87810d68e9f7cca555eef4b1f
1380,30751MT0670030,85,15,Individual,POS,QHP,Silver,Transparency 2026 - Ind QHP,1199,Transparency_in_Coverage_PUF.xlsx,27379dc76590027b0e6d21d736331f87376f0ac87810d68e9f7cca555eef4b1f
1381,30751MT0670031,85,15,Individual,POS,QHP,Gold,Transparency 2026 - Ind QHP,1200,Transparency_in_Coverage_PUF.xlsx,27379dc76590027b0e6d21d736331f87376f0ac87810d68e9f7cca555eef4b1f
1382,30751MT0670032,85,15,Individual,POS,QHP,Silver,Transparency 2026 - Ind QHP,1201,Transparency_in_Coverage_PUF.xlsx,27379dc76590027b0e6d21d736331f87376f0ac87810d68e9f7cca555eef4b1f
1383,30751MT0670033,85,15,Individual,POS,QHP,Silver,Transparency 2026 - Ind QHP,1202,Transparency_in_Coverage_PUF.xlsx,27379dc76590027b0e6d21d736331f87376f0ac87810d68e9f7cca555eef4b1f
1384,30751MT0670034,85,15,Individual,POS,QHP,Gold,Transparency 2026 - Ind QHP,1203,Transparency_in_Coverage_PUF.xlsx,27379dc76590027b0e6d21d736331f87376f0ac87810d68e9f7cca555eef4b1f
1385,30751MT0670035,85,15,Individual,POS,QHP,Gold,Transparency 2026 - Ind QHP,1204,Transparency_in_Coverage_PUF.xlsx,27379dc76590027b0e6d21d736331f87376f0ac87810d68e9f7cca555eef4b1f
1386,31195SD0080007,86,24,Individual,HMO,QHP,Bronze,Transparency 2026 - Ind QHP,1205,Transparency_in_Coverage_PUF.xlsx,27379dc76590027b0e6d21d736331f87376f0ac87810d68e9f7cca555eef4b1f
1387,31195SD0080008,86,24,Individual,HMO,QHP,Silver,Transparency 2026 - Ind QHP,1206,Transparency_in_Coverage_PUF.xlsx,27379dc76590027b0e6d21d736331f87376f0ac87810d68e9f7cca555eef4b1f
1388,31195SD0080009,86,24,Individual,HMO,QHP,Bronze,Transparency 2026 - Ind QHP,1207,Transparency_in_Coverage_PUF.xlsx,27379dc76590027b0e6d21d736331f87376f0ac87810d68e9f7cca555eef4b1f
1389,31195SD0080015,86,24,Individual,HMO,QHP,Catastrophic,Transparency 2026 - Ind QHP,1208,Transparency_in_Coverage_PUF.xlsx,27379dc76590027b0e6d21d736331f87376f0ac87810d68e9f7cca555eef4b1f
1390,31195SD0080016,86,24,Individual,HMO,QHP,Silver,Transparency 2026 - Ind QHP,1209,Transparency_in_Coverage_PUF.xlsx,27379dc76590027b0e6d21d736331f87376f0ac87810d68e9f7cca555eef4b1f
1391,31195SD0080018,86,24,Individual,HMO,QHP,Gold,Transparency 2026 - Ind QHP,1210,Transparency_in_Coverage_PUF.xlsx,27379dc76590027b0e6d21d736331f87376f0ac87810d68e9f7cca555eef4b1f
1392,31195SD0080026,86,24,Individual,HMO,QHP,Bronze,Transparency 2026 - Ind QHP,1211,Transparency_in_Coverage_PUF.xlsx,27379dc76590027b0e6d21d736331f87376f0ac87810d68e9f7cca555eef4b1f
1393,31195SD0080027,86,24,Individual,HMO,QHP,Silver,Transparency 2026 - Ind QHP,1212,Transparency_in_Coverage_PUF.xlsx,27379dc76590027b0e6d21d736331f87376f0ac87810d68e9f7cca555eef4b1f
1394,31195SD0080028,86,24,Individual,HMO,QHP,Gold,Transparency 2026 - Ind QHP,1213,Transparency_in_Coverage_PUF.xlsx,27379dc76590027b0e6d21d736331f87376f0ac87810d68e9f7cca555eef4b1f
1395,31195SD0110001,86,24,Individual,PPO,QHP,Gold,Transparency 2026 - Ind QHP,1214,Transparency_in_Coverage_PUF.xlsx,27379dc76590027b0e6d21d736331f87376f0ac87810d68e9f7cca555eef4b1f
1396,31195SD0110003,86,24,Individual,PPO,QHP,Silver,Transparency 2026 - Ind QHP,1215,Transparency_in_Coverage_PUF.xlsx,27379dc76590027b0e6d21d736331f87376f0ac87810d68e9f7cca555eef4b1f
1397,31195SD0110005,86,24,Individual,PPO,QHP,Silver,Transparency 2026 - Ind QHP,1216,Transparency_in_Coverage_PUF.xlsx,27379dc76590027b0e6d21d736331f87376f0ac87810d68e9f7cca555eef4b1f
1398,31195SD0110006,86,24,Individual,PPO,QHP,Bronze,Transparency 2026 - Ind QHP,1217,Transparency_in_Coverage_PUF.xlsx,27379dc76590027b0e6d21d736331f87376f0ac87810d68e9f7cca555eef4b1f
1399,31195SD0110007,86,24,Individual,PPO,QHP,Bronze,Transparency 2026 - Ind QHP,1218,Transparency_in_Coverage_PUF.xlsx,27379dc76590027b0e6d21d736331f87376f0ac87810d68e9f7cca555eef4b1f
1400,31195SD0110009,86,24,Individual,PPO,QHP,Catastrophic,Transparency 2026 - Ind QHP,1219,Transparency_in_Coverage_PUF.xlsx,27379dc76590027b0e6d21d736331f87376f0ac87810d68e9f7cca555eef4b1f
1401,31195SD0110016,86,24,Individual,PPO,QHP,Bronze,Transparency 2026 - Ind QHP,1220,Transparency_in_Coverage_PUF.xlsx,27379dc76590027b0e6d21d736331f87376f0ac87810d68e9f7cca555eef4b1f
1402,31195SD0110017,86,24,Individual,PPO,QHP,Silver,Transparency 2026 - Ind QHP,1221,Transparency_in_Coverage_PUF.xlsx,27379dc76590027b0e6d21d736331f87376f0ac87810d68e9f7cca555eef4b1f
1403,31195SD0110018,86,24,Individual,PPO,QHP,Gold,Transparency 2026 - Ind QHP,1222,Transparency_in_Coverage_PUF.xlsx,27379dc76590027b0e6d21d736331f87376f0ac87810d68e9f7cca555eef4b1f
1404,31256MI0010002,87,12,Individual,HMO,SADP,High,Transparency 2026 - Ind SADP,188,Transparency_in_Coverage_PUF.xlsx,27379dc76590027b0e6d21d736331f87376f0ac87810d68e9f7cca555eef4b1f
1405,31256MI0010006,87,12,Individual,HMO,SADP,High,Transparency 2026 - Ind SADP,189,Transparency_in_Coverage_PUF.xlsx,27379dc76590027b0e6d21d736331f87376f0ac87810d68e9f7cca555eef4b1f
1406,31256MI0010007,87,12,Individual,HMO,SADP,High,Transparency 2026 - Ind SADP,190,Transparency_in_Coverage_PUF.xlsx,27379dc76590027b0e6d21d736331f87376f0ac87810d68e9f7cca555eef4b1f
1407,31274WV0560001,88,29,Individual,PPO,QHP,Bronze,Transparency 2026 - Ind QHP,1223,Transparency_in_Coverage_PUF.xlsx,27379dc76590027b0e6d21d736331f87376f0ac87810d68e9f7cca555eef4b1f
1408,31274WV0560005,88,29,Individual,PPO,QHP,Gold,Transparency 2026 - Ind QHP,1224,Transparency_in_Coverage_PUF.xlsx,27379dc76590027b0e6d21d736331f87376f0ac87810d68e9f7cca555eef4b1f
1409,31274WV0560006,88,29,Individual,PPO,QHP,Bronze,Transparency 2026 - Ind QHP,1225,Transparency_in_Coverage_PUF.xlsx,27379dc76590027b0e6d21d736331f87376f0ac87810d68e9f7cca555eef4b1f
1410,31274WV0560007,88,29,Individual,PPO,QHP,Bronze,Transparency 2026 - Ind QHP,1226,Transparency_in_Coverage_PUF.xlsx,27379dc76590027b0e6d21d736331f87376f0ac87810d68e9f7cca555eef4b1f
1411,31274WV0560008,88,29,Individual,PPO,QHP,Silver,Transparency 2026 - Ind QHP,1227,Transparency_in_Coverage_PUF.xlsx,27379dc76590027b0e6d21d736331f87376f0ac87810d68e9f7cca555eef4b1f
1412,31274WV0560009,88,29,Individual,PPO,QHP,Gold,Transparency 2026 - Ind QHP,1228,Transparency_in_Coverage_PUF.xlsx,27379dc76590027b0e6d21d736331f87376f0ac87810d68e9f7cca555eef4b1f
1413,31274WV0560010,88,29,Individual,PPO,QHP,Catastrophic,Transparency 2026 - Ind QHP,1229,Transparency_in_Coverage_PUF.xlsx,27379dc76590027b0e6d21d736331f87376f0ac87810d68e9f7cca555eef4b1f
1414,31274WV0570001,88,29,Individual,PPO,QHP,Bronze,Transparency 2026 - Ind QHP,1230,Transparency_in_Coverage_PUF.xlsx,27379dc76590027b0e6d21d736331f87376f0ac87810d68e9f7cca555eef4b1f
1415,31274WV0570003,88,29,Individual,PPO,QHP,Gold,Transparency 2026 - Ind QHP,1231,Transparency_in_Coverage_PUF.xlsx,27379dc76590027b0e6d21d736331f87376f0ac87810d68e9f7cca555eef4b1f
1416,31274WV0580002,88,29,Individual,PPO,QHP,Gold,Transparency 2026 - Ind QHP,1232,Transparency_in_Coverage_PUF.xlsx,27379dc76590027b0e6d21d736331f87376f0ac87810d68e9f7cca555eef4b1f
1417,31274WV0590002,88,29,Individual,PPO,QHP,Gold,Transparency 2026 - Ind QHP,1233,Transparency_in_Coverage_PUF.xlsx,27379dc76590027b0e6d21d736331f87376f0ac87810d68e9f7cca555eef4b1f
1418,31274WV0590003,88,29,Individual,PPO,QHP,Silver,Transparency 2026 - Ind QHP,1234,Transparency_in_Coverage_PUF.xlsx,27379dc76590027b0e6d21d736331f87376f0ac87810d68e9f7cca555eef4b1f
1419,31274WV0600002,88,29,Individual,PPO,QHP,Gold,Transparency 2026 - Ind QHP,1235,Transparency_in_Coverage_PUF.xlsx,27379dc76590027b0e6d21d736331f87376f0ac87810d68e9f7cca555eef4b1f
1420,31274WV0600003,88,29,Individual,PPO,QHP,Silver,Transparency 2026 - Ind QHP,1236,Transparency_in_Coverage_PUF.xlsx,27379dc76590027b0e6d21d736331f87376f0ac87810d68e9f7cca555eef4b1f
1421,31274WV0630002,88,29,Individual,PPO,QHP,Gold,Transparency 2026 - Ind QHP,1237,Transparency_in_Coverage_PUF.xlsx,27379dc76590027b0e6d21d736331f87376f0ac87810d68e9f7cca555eef4b1f
1422,31358HI0010001,89,7,Individual,PPO,SADP,Low,Transparency 2026 - Ind SADP,191,Transparency_in_Coverage_PUF.xlsx,27379dc76590027b0e6d21d736331f87376f0ac87810d68e9f7cca555eef4b1f
1423,31358HI0010002,89,7,Individual,PPO,SADP,High,Transparency 2026 - Ind SADP,192,Transparency_in_Coverage_PUF.xlsx,27379dc76590027b0e6d21d736331f87376f0ac87810d68e9f7cca555eef4b1f
1424,31981OH0010010,90,20,Individual,HMO,QHP,Bronze,Transparency 2026 - Ind QHP,1238,Transparency_in_Coverage_PUF.xlsx,27379dc76590027b0e6d21d736331f87376f0ac87810d68e9f7cca555eef4b1f
1425,31981OH0010020,90,20,Individual,HMO,QHP,Silver,Transparency 2026 - Ind QHP,1239,Transparency_in_Coverage_PUF.xlsx,27379dc76590027b0e6d21d736331f87376f0ac87810d68e9f7cca555eef4b1f
1426,31981OH0010030,90,20,Individual,HMO,QHP,Gold,Transparency 2026 - Ind QHP,1240,Transparency_in_Coverage_PUF.xlsx,27379dc76590027b0e6d21d736331f87376f0ac87810d68e9f7cca555eef4b1f
1427,31981OH0010050,90,20,Individual,HMO,QHP,Catastrophic,Transparency 2026 - Ind QHP,1241,Transparency_in_Coverage_PUF.xlsx,27379dc76590027b0e6d21d736331f87376f0ac87810d68e9f7cca555eef4b1f
1428,31981OH0020010,90,20,Individual,HMO,QHP,Bronze,Transparency 2026 - Ind QHP,1242,Transparency_in_Coverage_PUF.xlsx,27379dc76590027b0e6d21d736331f87376f0ac87810d68e9f7cca555eef4b1f
1429,31981OH0020011,90,20,Individual,HMO,QHP,Bronze,Transparency 2026 - Ind QHP,1243,Transparency_in_Coverage_PUF.xlsx,27379dc76590027b0e6d21d736331f87376f0ac87810d68e9f7cca555eef4b1f
1430,31981OH0020020,90,20,Individual,HMO,QHP,Silver,Transparency 2026 - Ind QHP,1244,Transparency_in_Coverage_PUF.xlsx,27379dc76590027b0e6d21d736331f87376f0ac87810d68e9f7cca555eef4b1f
1431,31981OH0020021,90,20,Individual,HMO,QHP,Silver,Transparency 2026 - Ind QHP,1245,Transparency_in_Coverage_PUF.xlsx,27379dc76590027b0e6d21d736331f87376f0ac87810d68e9f7cca555eef4b1f
1432,31981OH0020030,90,20,Individual,HMO,QHP,Gold,Transparency 2026 - Ind QHP,1246,Transparency_in_Coverage_PUF.xlsx,27379dc76590027b0e6d21d736331f87376f0ac87810d68e9f7cca555eef4b1f
1433,31981OH0020031,90,20,Individual,HMO,QHP,Gold,Transparency 2026 - Ind QHP,1247,Transparency_in_Coverage_PUF.xlsx,27379dc76590027b0e6d21d736331f87376f0ac87810d68e9f7cca555eef4b1f
1434,31981OH0030010,90,20,Individual,HMO,QHP,Bronze,Transparency 2026 - Ind QHP,1248,Transparency_in_Coverage_PUF.xlsx,27379dc76590027b0e6d21d736331f87376f0ac87810d68e9f7cca555eef4b1f
1435,31981OH0030011,90,20,Individual,HMO,QHP,Bronze,Transparency 2026 - Ind QHP,1249,Transparency_in_Coverage_PUF.xlsx,27379dc76590027b0e6d21d736331f87376f0ac87810d68e9f7cca555eef4b1f
1436,31981OH0030020,90,20,Individual,HMO,QHP,Silver,Transparency 2026 - Ind QHP,1250,Transparency_in_Coverage_PUF.xlsx,27379dc76590027b0e6d21d736331f87376f0ac87810d68e9f7cca555eef4b1f
1437,31981OH0030021,90,20,Individual,HMO,QHP,Silver,Transparency 2026 - Ind QHP,1251,Transparency_in_Coverage_PUF.xlsx,27379dc76590027b0e6d21d736331f87376f0ac87810d68e9f7cca555eef4b1f
1438,31981OH0030030,90,20,Individual,HMO,QHP,Gold,Transparency 2026 - Ind QHP,1252,Transparency_in_Coverage_PUF.xlsx,27379dc76590027b0e6d21d736331f87376f0ac87810d68e9f7cca555eef4b1f
1439,31981OH0030031,90,20,Individual,HMO,QHP,Gold,Transparency 2026 - Ind QHP,1253,Transparency_in_Coverage_PUF.xlsx,27379dc76590027b0e6d21d736331f87376f0ac87810d68e9f7cca555eef4b1f
1440,32126SC0010001,91,23,Individual,PPO,SADP,Low,Transparency 2026 - Ind SADP,193,Transparency_in_Coverage_PUF.xlsx,27379dc76590027b0e6d21d736331f87376f0ac87810d68e9f7cca555eef4b1f
1441,32126SC0020001,91,23,Individual,PPO,SADP,High,Transparency 2026 - Ind SADP,194,Transparency_in_Coverage_PUF.xlsx,27379dc76590027b0e6d21d736331f87376f0ac87810d68e9f7cca555eef4b1f
1442,32126SC0030001,91,23,Individual,PPO,SADP,Low,Transparency 2026 - Ind SADP,195,Transparency_in_Coverage_PUF.xlsx,27379dc76590027b0e6d21d736331f87376f0ac87810d68e9f7cca555eef4b1f
1443,32225MT0060004,92,15,Individual,PPO,QHP,Gold,Transparency 2026 - Ind QHP,1254,Transparency_in_Coverage_PUF.xlsx,27379dc76590027b0e6d21d736331f87376f0ac87810d68e9f7cca555eef4b1f
1444,32225MT0060006,92,15,Individual,PPO,QHP,Bronze,Transparency 2026 - Ind QHP,1255,Transparency_in_Coverage_PUF.xlsx,27379dc76590027b0e6d21d736331f87376f0ac87810d68e9f7cca555eef4b1f
1445,32225MT0060008,92,15,Individual,PPO,QHP,Gold,Transparency 2026 - Ind QHP,1256,Transparency_in_Coverage_PUF.xlsx,27379dc76590027b0e6d21d736331f87376f0ac87810d68e9f7cca555eef4b1f
1446,32225MT0060009,92,15,Individual,PPO,QHP,Silver,Transparency 2026 - Ind QHP,1257,Transparency_in_Coverage_PUF.xlsx,27379dc76590027b0e6d21d736331f87376f0ac87810d68e9f7cca555eef4b1f
1447,32225MT0060010,92,15,Individual,PPO,QHP,Bronze,Transparency 2026 - Ind QHP,1258,Transparency_in_Coverage_PUF.xlsx,27379dc76590027b0e6d21d736331f87376f0ac87810d68e9f7cca555eef4b1f
1448,32225MT0070013,92,15,SHOP,PPO,QHP,Gold,Transparency 2026 - SHOP,4,Transparency_in_Coverage_PUF.xlsx,27379dc76590027b0e6d21d736331f87376f0ac87810d68e9f7cca555eef4b1f
1449,32225MT0090001,92,15,Individual,PPO,QHP,Gold,Transparency 2026 - Ind QHP,1259,Transparency_in_Coverage_PUF.xlsx,27379dc76590027b0e6d21d736331f87376f0ac87810d68e9f7cca555eef4b1f
1450,32225MT0090004,92,15,Individual,PPO,QHP,Bronze,Transparency 2026 - Ind QHP,1260,Transparency_in_Coverage_PUF.xlsx,27379dc76590027b0e6d21d736331f87376f0ac87810d68e9f7cca555eef4b1f
1451,32225MT0090005,92,15,Individual,PPO,QHP,Silver,Transparency 2026 - Ind QHP,1261,Transparency_in_Coverage_PUF.xlsx,27379dc76590027b0e6d21d736331f87376f0ac87810d68e9f7cca555eef4b1f
1452,32225MT0090006,92,15,Individual,PPO,QHP,Catastrophic,Transparency 2026 - Ind QHP,1262,Transparency_in_Coverage_PUF.xlsx,27379dc76590027b0e6d21d736331f87376f0ac87810d68e9f7cca555eef4b1f
1453,32225MT0090010,92,15,Individual,PPO,QHP,Gold,Transparency 2026 - Ind QHP,1263,Transparency_in_Coverage_PUF.xlsx,27379dc76590027b0e6d21d736331f87376f0ac87810d68e9f7cca555eef4b1f
1454,32225MT0090011,92,15,Individual,PPO,QHP,Silver,Transparency 2026 - Ind QHP,1264,Transparency_in_Coverage_PUF.xlsx,27379dc76590027b0e6d21d736331f87376f0ac87810d68e9f7cca555eef4b1f
1455,32225MT0090012,92,15,Individual,PPO,QHP,Bronze,Transparency 2026 - Ind QHP,1265,Transparency_in_Coverage_PUF.xlsx,27379dc76590027b0e6d21d736331f87376f0ac87810d68e9f7cca555eef4b1f
1456,32225MT0140007,92,15,SHOP,PPO,QHP,Gold,Transparency 2026 - SHOP,5,Transparency_in_Coverage_PUF.xlsx,27379dc76590027b0e6d21d736331f87376f0ac87810d68e9f7cca555eef4b1f
1457,32225MT0150004,92,15,Individual,PPO,QHP,Gold,Transparency 2026 - Ind QHP,1266,Transparency_in_Coverage_PUF.xlsx,27379dc76590027b0e6d21d736331f87376f0ac87810d68e9f7cca555eef4b1f
1458,32225MT0150005,92,15,Individual,PPO,QHP,Silver,Transparency 2026 - Ind QHP,1267,Transparency_in_Coverage_PUF.xlsx,27379dc76590027b0e6d21d736331f87376f0ac87810d68e9f7cca555eef4b1f
1459,32225MT0150006,92,15,Individual,PPO,QHP,Bronze,Transparency 2026 - Ind QHP,1268,Transparency_in_Coverage_PUF.xlsx,27379dc76590027b0e6d21d736331f87376f0ac87810d68e9f7cca555eef4b1f
1460,32225MT0160007,92,15,SHOP,PPO,QHP,Gold,Transparency 2026 - SHOP,6,Transparency_in_Coverage_PUF.xlsx,27379dc76590027b0e6d21d736331f87376f0ac87810d68e9f7cca555eef4b1f
1461,32237NC0290001,93,16,Individual,PPO,SADP,Low,Transparency 2026 - Ind SADP,196,Transparency_in_Coverage_PUF.xlsx,27379dc76590027b0e6d21d736331f87376f0ac87810d68e9f7cca555eef4b1f
1462,32237NC0290002,93,16,Individual,PPO,SADP,High,Transparency 2026 - Ind SADP,197,Transparency_in_Coverage_PUF.xlsx,27379dc76590027b0e6d21d736331f87376f0ac87810d68e9f7cca555eef4b1f
1463,32237NC0290003,93,16,Individual,PPO,SADP,Low,Transparency 2026 - Ind SADP,198,Transparency_in_Coverage_PUF.xlsx,27379dc76590027b0e6d21d736331f87376f0ac87810d68e9f7cca555eef4b1f
1464,32753MO0860003,94,13,Individual,PPO,SADP,Low,Transparency 2026 - Ind SADP,199,Transparency_in_Coverage_PUF.xlsx,27379dc76590027b0e6d21d736331f87376f0ac87810d68e9f7cca555eef4b1f
1465,32753MO0860004,94,13,Individual,PPO,SADP,High,Transparency 2026 - Ind SADP,200,Transparency_in_Coverage_PUF.xlsx,27379dc76590027b0e6d21d736331f87376f0ac87810d68e9f7cca555eef4b1f
1466,32753MO0860005,94,13,Individual,PPO,SADP,Low,Transparency 2026 - Ind SADP,201,Transparency_in_Coverage_PUF.xlsx,27379dc76590027b0e6d21d736331f87376f0ac87810d68e9f7cca555eef4b1f
1467,32753MO0860006,94,13,Individual,PPO,SADP,Low,Transparency 2026 - Ind SADP,202,Transparency_in_Coverage_PUF.xlsx,27379dc76590027b0e6d21d736331f87376f0ac87810d68e9f7cca555eef4b1f
1468,32753MO0980013,94,13,Individual,EPO,QHP,Silver,Transparency 2026 - Ind QHP,1269,Transparency_in_Coverage_PUF.xlsx,27379dc76590027b0e6d21d736331f87376f0ac87810d68e9f7cca555eef4b1f
1469,32753MO0980014,94,13,Individual,EPO,QHP,Bronze,Transparency 2026 - Ind QHP,1270,Transparency_in_Coverage_PUF.xlsx,27379dc76590027b0e6d21d736331f87376f0ac87810d68e9f7cca555eef4b1f
1470,32753MO0980015,94,13,Individual,EPO,QHP,Silver,Transparency 2026 - Ind QHP,1271,Transparency_in_Coverage_PUF.xlsx,27379dc76590027b0e6d21d736331f87376f0ac87810d68e9f7cca555eef4b1f
1471,32753MO0980016,94,13,Individual,EPO,QHP,Silver,Transparency 2026 - Ind QHP,1272,Transparency_in_Coverage_PUF.xlsx,27379dc76590027b0e6d21d736331f87376f0ac87810d68e9f7cca555eef4b1f
1472,32753MO0980017,94,13,Individual,EPO,QHP,Catastrophic,Transparency 2026 - Ind QHP,1273,Transparency_in_Coverage_PUF.xlsx,27379dc76590027b0e6d21d736331f87376f0ac87810d68e9f7cca555eef4b1f
1473,32753MO0980018,94,13,Individual,EPO,QHP,Bronze,Transparency 2026 - Ind QHP,1274,Transparency_in_Coverage_PUF.xlsx,27379dc76590027b0e6d21d736331f87376f0ac87810d68e9f7cca555eef4b1f
1474,32753MO0980019,94,13,Individual,EPO,QHP,Bronze,Transparency 2026 - Ind QHP,1275,Transparency_in_Coverage_PUF.xlsx,27379dc76590027b0e6d21d736331f87376f0ac87810d68e9f7cca555eef4b1f
1475,32753MO0980020,94,13,Individual,EPO,QHP,Silver,Transparency 2026 - Ind QHP,1276,Transparency_in_Coverage_PUF.xlsx,27379dc76590027b0e6d21d736331f87376f0ac87810d68e9f7cca555eef4b1f
1476,32753MO0980021,94,13,Individual,EPO,QHP,Gold,Transparency 2026 - Ind QHP,1277,Transparency_in_Coverage_PUF.xlsx,27379dc76590027b0e6d21d736331f87376f0ac87810d68e9f7cca555eef4b1f
1477,32753MO0980022,94,13,Individual,EPO,QHP,Bronze,Transparency 2026 - Ind QHP,1278,Transparency_in_Coverage_PUF.xlsx,27379dc76590027b0e6d21d736331f87376f0ac87810d68e9f7cca555eef4b1f
1478,32753MO0990011,94,13,Individual,EPO,QHP,Silver,Transparency 2026 - Ind QHP,1279,Transparency_in_Coverage_PUF.xlsx,27379dc76590027b0e6d21d736331f87376f0ac87810d68e9f7cca555eef4b1f
1479,32753MO0990012,94,13,Individual,EPO,QHP,Bronze,Transparency 2026 - Ind QHP,1280,Transparency_in_Coverage_PUF.xlsx,27379dc76590027b0e6d21d736331f87376f0ac87810d68e9f7cca555eef4b1f
1480,32753MO0990013,94,13,Individual,EPO,QHP,Silver,Transparency 2026 - Ind QHP,1281,Transparency_in_Coverage_PUF.xlsx,27379dc76590027b0e6d21d736331f87376f0ac87810d68e9f7cca555eef4b1f
1481,32753MO0990014,94,13,Individual,EPO,QHP,Silver,Transparency 2026 - Ind QHP,1282,Transparency_in_Coverage_PUF.xlsx,27379dc76590027b0e6d21d736331f87376f0ac87810d68e9f7cca555eef4b1f
1482,32753MO0990015,94,13,Individual,EPO,QHP,Catastrophic,Transparency 2026 - Ind QHP,1283,Transparency_in_Coverage_PUF.xlsx,27379dc76590027b0e6d21d736331f87376f0ac87810d68e9f7cca555eef4b1f
1483,32753MO0990016,94,13,Individual,EPO,QHP,Bronze,Transparency 2026 - Ind QHP,1284,Transparency_in_Coverage_PUF.xlsx,27379dc76590027b0e6d21d736331f87376f0ac87810d68e9f7cca555eef4b1f
1484,32753MO0990017,94,13,Individual,EPO,QHP,Bronze,Transparency 2026 - Ind QHP,1285,Transparency_in_Coverage_PUF.xlsx,27379dc76590027b0e6d21d736331f87376f0ac87810d68e9f7cca555eef4b1f
1485,32753MO0990018,94,13,Individual,EPO,QHP,Silver,Transparency 2026 - Ind QHP,1286,Transparency_in_Coverage_PUF.xlsx,27379dc76590027b0e6d21d736331f87376f0ac87810d68e9f7cca555eef4b1f
1486,32753MO0990019,94,13,Individual,EPO,QHP,Gold,Transparency 2026 - Ind QHP,1287,Transparency_in_Coverage_PUF.xlsx,27379dc76590027b0e6d21d736331f87376f0ac87810d68e9f7cca555eef4b1f
1487,32753MO0990020,94,13,Individual,EPO,QHP,Bronze,Transparency 2026 - Ind QHP,1288,Transparency_in_Coverage_PUF.xlsx,27379dc76590027b0e6d21d736331f87376f0ac87810d68e9f7cca555eef4b1f
1488,33086IN0060001,95,9,Individual,HMO,SADP,Low,Transparency 2026 - Ind SADP,203,Transparency_in_Coverage_PUF.xlsx,27379dc76590027b0e6d21d736331f87376f0ac87810d68e9f7cca555eef4b1f
1489,33086IN0060002,95,9,Individual,HMO,SADP,Low,Transparency 2026 - Ind SADP,204,Transparency_in_Coverage_PUF.xlsx,27379dc76590027b0e6d21d736331f87376f0ac87810d68e9f7cca555eef4b1f
1490,33086IN0060003,95,9,Individual,HMO,SADP,Low,Transparency 2026 - Ind SADP,205,Transparency_in_Coverage_PUF.xlsx,27379dc76590027b0e6d21d736331f87376f0ac87810d68e9f7cca555eef4b1f
1491,33602TX0460548,96,26,Individual,HMO,QHP,Gold,Transparency 2026 - Ind QHP,1289,Transparency_in_Coverage_PUF.xlsx,27379dc76590027b0e6d21d736331f87376f0ac87810d68e9f7cca555eef4b1f
1492,33602TX0460552,96,26,Individual,HMO,QHP,Catastrophic,Transparency 2026 - Ind QHP,1290,Transparency_in_Coverage_PUF.xlsx,27379dc76590027b0e6d21d736331f87376f0ac87810d68e9f7cca555eef4b1f
1493,33602TX0460553,96,26,Individual,HMO,QHP,Silver,Transparency 2026 - Ind QHP,1291,Transparency_in_Coverage_PUF.xlsx,27379dc76590027b0e6d21d736331f87376f0ac87810d68e9f7cca555eef4b1f
1494,33602TX0460554,96,26,Individual,HMO,QHP,Bronze,Transparency 2026 - Ind QHP,1292,Transparency_in_Coverage_PUF.xlsx,27379dc76590027b0e6d21d736331f87376f0ac87810d68e9f7cca555eef4b1f
1495,33602TX0460555,96,26,Individual,HMO,QHP,Gold,Transparency 2026 - Ind QHP,1293,Transparency_in_Coverage_PUF.xlsx,27379dc76590027b0e6d21d736331f87376f0ac87810d68e9f7cca555eef4b1f
1496,33602TX0460556,96,26,Individual,HMO,QHP,Gold,Transparency 2026 - Ind QHP,1294,Transparency_in_Coverage_PUF.xlsx,27379dc76590027b0e6d21d736331f87376f0ac87810d68e9f7cca555eef4b1f
1497,33602TX0460557,96,26,Individual,HMO,QHP,Gold,Transparency 2026 - Ind QHP,1295,Transparency_in_Coverage_PUF.xlsx,27379dc76590027b0e6d21d736331f87376f0ac87810d68e9f7cca555eef4b1f
1498,33602TX0460558,96,26,Individual,HMO,QHP,Gold,Transparency 2026 - Ind QHP,1296,Transparency_in_Coverage_PUF.xlsx,27379dc76590027b0e6d21d736331f87376f0ac87810d68e9f7cca555eef4b1f
1499,33602TX0460559,96,26,Individual,HMO,QHP,Gold,Transparency 2026 - Ind QHP,1297,Transparency_in_Coverage_PUF.xlsx,27379dc76590027b0e6d21d736331f87376f0ac87810d68e9f7cca555eef4b1f
1500,33602TX0460560,96,26,Individual,HMO,QHP,Gold,Transparency 2026 - Ind QHP,1298,Transparency_in_Coverage_PUF.xlsx,27379dc76590027b0e6d21d736331f87376f0ac87810d68e9f7cca555eef4b1f
1501,33602TX0460561,96,26,Individual,HMO,QHP,Gold,Transparency 2026 - Ind QHP,1299,Transparency_in_Coverage_PUF.xlsx,27379dc76590027b0e6d21d736331f87376f0ac87810d68e9f7cca555eef4b1f
1502,33602TX0460562,96,26,Individual,HMO,QHP,Gold,Transparency 2026 - Ind QHP,1300,Transparency_in_Coverage_PUF.xlsx,27379dc76590027b0e6d21d736331f87376f0ac87810d68e9f7cca555eef4b1f
1503,33602TX0460563,96,26,Individual,HMO,QHP,Gold,Transparency 2026 - Ind QHP,1301,Transparency_in_Coverage_PUF.xlsx,27379dc76590027b0e6d21d736331f87376f0ac87810d68e9f7cca555eef4b1f
1504,33602TX0460564,96,26,Individual,HMO,QHP,Gold,Transparency 2026 - Ind QHP,1302,Transparency_in_Coverage_PUF.xlsx,27379dc76590027b0e6d21d736331f87376f0ac87810d68e9f7cca555eef4b1f
1505,33602TX0460565,96,26,Individual,HMO,QHP,Gold,Transparency 2026 - Ind QHP,1303,Transparency_in_Coverage_PUF.xlsx,27379dc76590027b0e6d21d736331f87376f0ac87810d68e9f7cca555eef4b1f
1506,33602TX0460566,96,26,Individual,HMO,QHP,Gold,Transparency 2026 - Ind QHP,1304,Transparency_in_Coverage_PUF.xlsx,27379dc76590027b0e6d21d736331f87376f0ac87810d68e9f7cca555eef4b1f
1507,33602TX0460567,96,26,Individual,HMO,QHP,Gold,Transparency 2026 - Ind QHP,1305,Transparency_in_Coverage_PUF.xlsx,27379dc76590027b0e6d21d736331f87376f0ac87810d68e9f7cca555eef4b1f
1508,33602TX0460568,96,26,Individual,HMO,QHP,Gold,Transparency 2026 - Ind QHP,1306,Transparency_in_Coverage_PUF.xlsx,27379dc76590027b0e6d21d736331f87376f0ac87810d68e9f7cca555eef4b1f
1509,33602TX0460569,96,26,Individual,HMO,QHP,Gold,Transparency 2026 - Ind QHP,1307,Transparency_in_Coverage_PUF.xlsx,27379dc76590027b0e6d21d736331f87376f0ac87810d68e9f7cca555eef4b1f
1510,33602TX0460571,96,26,Individual,HMO,QHP,Gold,Transparency 2026 - Ind QHP,1308,Transparency_in_Coverage_PUF.xlsx,27379dc76590027b0e6d21d736331f87376f0ac87810d68e9f7cca555eef4b1f
1511,33602TX0460572,96,26,Individual,HMO,QHP,Gold,Transparency 2026 - Ind QHP,1309,Transparency_in_Coverage_PUF.xlsx,27379dc76590027b0e6d21d736331f87376f0ac87810d68e9f7cca555eef4b1f
1512,33602TX0460573,96,26,Individual,HMO,QHP,Gold,Transparency 2026 - Ind QHP,1310,Transparency_in_Coverage_PUF.xlsx,27379dc76590027b0e6d21d736331f87376f0ac87810d68e9f7cca555eef4b1f
1513,33602TX0460574,96,26,Individual,HMO,QHP,Gold,Transparency 2026 - Ind QHP,1311,Transparency_in_Coverage_PUF.xlsx,27379dc76590027b0e6d21d736331f87376f0ac87810d68e9f7cca555eef4b1f
1514,33602TX0460575,96,26,Individual,HMO,QHP,Gold,Transparency 2026 - Ind QHP,1312,Transparency_in_Coverage_PUF.xlsx,27379dc76590027b0e6d21d736331f87376f0ac87810d68e9f7cca555eef4b1f
1515,33602TX0460576,96,26,Individual,HMO,QHP,Gold,Transparency 2026 - Ind QHP,1313,Transparency_in_Coverage_PUF.xlsx,27379dc76590027b0e6d21d736331f87376f0ac87810d68e9f7cca555eef4b1f
1516,33602TX0460577,96,26,Individual,HMO,QHP,Gold,Transparency 2026 - Ind QHP,1314,Transparency_in_Coverage_PUF.xlsx,27379dc76590027b0e6d21d736331f87376f0ac87810d68e9f7cca555eef4b1f
1517,33602TX0460578,96,26,Individual,HMO,QHP,Gold,Transparency 2026 - Ind QHP,1315,Transparency_in_Coverage_PUF.xlsx,27379dc76590027b0e6d21d736331f87376f0ac87810d68e9f7cca555eef4b1f
1518,33602TX0460655,96,26,Individual,HMO,QHP,Catastrophic,Transparency 2026 - Ind QHP,1316,Transparency_in_Coverage_PUF.xlsx,27379dc76590027b0e6d21d736331f87376f0ac87810d68e9f7cca555eef4b1f
1519,33602TX0460656,96,26,Individual,HMO,QHP,Catastrophic,Transparency 2026 - Ind QHP,1317,Transparency_in_Coverage_PUF.xlsx,27379dc76590027b0e6d21d736331f87376f0ac87810d68e9f7cca555eef4b1f
1520,33602TX0460657,96,26,Individual,HMO,QHP,Catastrophic,Transparency 2026 - Ind QHP,1318,Transparency_in_Coverage_PUF.xlsx,27379dc76590027b0e6d21d736331f87376f0ac87810d68e9f7cca555eef4b1f
1521,33602TX0460658,96,26,Individual,HMO,QHP,Catastrophic,Transparency 2026 - Ind QHP,1319,Transparency_in_Coverage_PUF.xlsx,27379dc76590027b0e6d21d736331f87376f0ac87810d68e9f7cca555eef4b1f
1522,33602TX0460659,96,26,Individual,HMO,QHP,Catastrophic,Transparency 2026 - Ind QHP,1320,Transparency_in_Coverage_PUF.xlsx,27379dc76590027b0e6d21d736331f87376f0ac87810d68e9f7cca555eef4b1f
1523,33602TX0460660,96,26,Individual,HMO,QHP,Catastrophic,Transparency 2026 - Ind QHP,1321,Transparency_in_Coverage_PUF.xlsx,27379dc76590027b0e6d21d736331f87376f0ac87810d68e9f7cca555eef4b1f
1524,33602TX0460661,96,26,Individual,HMO,QHP,Catastrophic,Transparency 2026 - Ind QHP,1322,Transparency_in_Coverage_PUF.xlsx,27379dc76590027b0e6d21d736331f87376f0ac87810d68e9f7cca555eef4b1f
1525,33602TX0460662,96,26,Individual,HMO,QHP,Catastrophic,Transparency 2026 - Ind QHP,1323,Transparency_in_Coverage_PUF.xlsx,27379dc76590027b0e6d21d736331f87376f0ac87810d68e9f7cca555eef4b1f
1526,33602TX0460663,96,26,Individual,HMO,QHP,Catastrophic,Transparency 2026 - Ind QHP,1324,Transparency_in_Coverage_PUF.xlsx,27379dc76590027b0e6d21d736331f87376f0ac87810d68e9f7cca555eef4b1f
1527,33602TX0460664,96,26,Individual,HMO,QHP,Catastrophic,Transparency 2026 - Ind QHP,1325,Transparency_in_Coverage_PUF.xlsx,27379dc76590027b0e6d21d736331f87376f0ac87810d68e9f7cca555eef4b1f
1528,33602TX0460665,96,26,Individual,HMO,QHP,Catastrophic,Transparency 2026 - Ind QHP,1326,Transparency_in_Coverage_PUF.xlsx,27379dc76590027b0e6d21d736331f87376f0ac87810d68e9f7cca555eef4b1f
1529,33602TX0460666,96,26,Individual,HMO,QHP,Catastrophic,Transparency 2026 - Ind QHP,1327,Transparency_in_Coverage_PUF.xlsx,27379dc76590027b0e6d21d736331f87376f0ac87810d68e9f7cca555eef4b1f
1530,33602TX0460667,96,26,Individual,HMO,QHP,Catastrophic,Transparency 2026 - Ind QHP,1328,Transparency_in_Coverage_PUF.xlsx,27379dc76590027b0e6d21d736331f87376f0ac87810d68e9f7cca555eef4b1f
1531,33602TX0460668,96,26,Individual,HMO,QHP,Catastrophic,Transparency 2026 - Ind QHP,1329,Transparency_in_Coverage_PUF.xlsx,27379dc76590027b0e6d21d736331f87376f0ac87810d68e9f7cca555eef4b1f
1532,33602TX0460669,96,26,Individual,HMO,QHP,Catastrophic,Transparency 2026 - Ind QHP,1330,Transparency_in_Coverage_PUF.xlsx,27379dc76590027b0e6d21d736331f87376f0ac87810d68e9f7cca555eef4b1f
1533,33602TX0460671,96,26,Individual,HMO,QHP,Catastrophic,Transparency 2026 - Ind QHP,1331,Transparency_in_Coverage_PUF.xlsx,27379dc76590027b0e6d21d736331f87376f0ac87810d68e9f7cca555eef4b1f
1534,33602TX0460672,96,26,Individual,HMO,QHP,Catastrophic,Transparency 2026 - Ind QHP,1332,Transparency_in_Coverage_PUF.xlsx,27379dc76590027b0e6d21d736331f87376f0ac87810d68e9f7cca555eef4b1f
1535,33602TX0460673,96,26,Individual,HMO,QHP,Catastrophic,Transparency 2026 - Ind QHP,1333,Transparency_in_Coverage_PUF.xlsx,27379dc76590027b0e6d21d736331f87376f0ac87810d68e9f7cca555eef4b1f
1536,33602TX0460674,96,26,Individual,HMO,QHP,Catastrophic,Transparency 2026 - Ind QHP,1334,Transparency_in_Coverage_PUF.xlsx,27379dc76590027b0e6d21d736331f87376f0ac87810d68e9f7cca555eef4b1f
1537,33602TX0460675,96,26,Individual,HMO,QHP,Catastrophic,Transparency 2026 - Ind QHP,1335,Transparency_in_Coverage_PUF.xlsx,27379dc76590027b0e6d21d736331f87376f0ac87810d68e9f7cca555eef4b1f
1538,33602TX0460676,96,26,Individual,HMO,QHP,Catastrophic,Transparency 2026 - Ind QHP,1336,Transparency_in_Coverage_PUF.xlsx,27379dc76590027b0e6d21d736331f87376f0ac87810d68e9f7cca555eef4b1f
1539,33602TX0460677,96,26,Individual,HMO,QHP,Catastrophic,Transparency 2026 - Ind QHP,1337,Transparency_in_Coverage_PUF.xlsx,27379dc76590027b0e6d21d736331f87376f0ac87810d68e9f7cca555eef4b1f
1540,33602TX0460678,96,26,Individual,HMO,QHP,Catastrophic,Transparency 2026 - Ind QHP,1338,Transparency_in_Coverage_PUF.xlsx,27379dc76590027b0e6d21d736331f87376f0ac87810d68e9f7cca555eef4b1f
1541,33602TX0460680,96,26,Individual,HMO,QHP,Silver,Transparency 2026 - Ind QHP,1339,Transparency_in_Coverage_PUF.xlsx,27379dc76590027b0e6d21d736331f87376f0ac87810d68e9f7cca555eef4b1f
1542,33602TX0460681,96,26,Individual,HMO,QHP,Silver,Transparency 2026 - Ind QHP,1340,Transparency_in_Coverage_PUF.xlsx,27379dc76590027b0e6d21d736331f87376f0ac87810d68e9f7cca555eef4b1f
1543,33602TX0460682,96,26,Individual,HMO,QHP,Silver,Transparency 2026 - Ind QHP,1341,Transparency_in_Coverage_PUF.xlsx,27379dc76590027b0e6d21d736331f87376f0ac87810d68e9f7cca555eef4b1f
1544,33602TX0460683,96,26,Individual,HMO,QHP,Silver,Transparency 2026 - Ind QHP,1342,Transparency_in_Coverage_PUF.xlsx,27379dc76590027b0e6d21d736331f87376f0ac87810d68e9f7cca555eef4b1f
1545,33602TX0460684,96,26,Individual,HMO,QHP,Silver,Transparency 2026 - Ind QHP,1343,Transparency_in_Coverage_PUF.xlsx,27379dc76590027b0e6d21d736331f87376f0ac87810d68e9f7cca555eef4b1f
1546,33602TX0460685,96,26,Individual,HMO,QHP,Silver,Transparency 2026 - Ind QHP,1344,Transparency_in_Coverage_PUF.xlsx,27379dc76590027b0e6d21d736331f87376f0ac87810d68e9f7cca555eef4b1f
1547,33602TX0460686,96,26,Individual,HMO,QHP,Silver,Transparency 2026 - Ind QHP,1345,Transparency_in_Coverage_PUF.xlsx,27379dc76590027b0e6d21d736331f87376f0ac87810d68e9f7cca555eef4b1f
1548,33602TX0460687,96,26,Individual,HMO,QHP,Silver,Transparency 2026 - Ind QHP,1346,Transparency_in_Coverage_PUF.xlsx,27379dc76590027b0e6d21d736331f87376f0ac87810d68e9f7cca555eef4b1f
1549,33602TX0460688,96,26,Individual,HMO,QHP,Silver,Transparency 2026 - Ind QHP,1347,Transparency_in_Coverage_PUF.xlsx,27379dc76590027b0e6d21d736331f87376f0ac87810d68e9f7cca555eef4b1f
1550,33602TX0460689,96,26,Individual,HMO,QHP,Silver,Transparency 2026 - Ind QHP,1348,Transparency_in_Coverage_PUF.xlsx,27379dc76590027b0e6d21d736331f87376f0ac87810d68e9f7cca555eef4b1f
1551,33602TX0460690,96,26,Individual,HMO,QHP,Silver,Transparency 2026 - Ind QHP,1349,Transparency_in_Coverage_PUF.xlsx,27379dc76590027b0e6d21d736331f87376f0ac87810d68e9f7cca555eef4b1f
1552,33602TX0460691,96,26,Individual,HMO,QHP,Silver,Transparency 2026 - Ind QHP,1350,Transparency_in_Coverage_PUF.xlsx,27379dc76590027b0e6d21d736331f87376f0ac87810d68e9f7cca555eef4b1f
1553,33602TX0460692,96,26,Individual,HMO,QHP,Silver,Transparency 2026 - Ind QHP,1351,Transparency_in_Coverage_PUF.xlsx,27379dc76590027b0e6d21d736331f87376f0ac87810d68e9f7cca555eef4b1f
1554,33602TX0460693,96,26,Individual,HMO,QHP,Silver,Transparency 2026 - Ind QHP,1352,Transparency_in_Coverage_PUF.xlsx,27379dc76590027b0e6d21d736331f87376f0ac87810d68e9f7cca555eef4b1f
1555,33602TX0460694,96,26,Individual,HMO,QHP,Silver,Transparency 2026 - Ind QHP,1353,Transparency_in_Coverage_PUF.xlsx,27379dc76590027b0e6d21d736331f87376f0ac87810d68e9f7cca555eef4b1f
1556,33602TX0460696,96,26,Individual,HMO,QHP,Silver,Transparency 2026 - Ind QHP,1354,Transparency_in_Coverage_PUF.xlsx,27379dc76590027b0e6d21d736331f87376f0ac87810d68e9f7cca555eef4b1f
1557,33602TX0460697,96,26,Individual,HMO,QHP,Silver,Transparency 2026 - Ind QHP,1355,Transparency_in_Coverage_PUF.xlsx,27379dc76590027b0e6d21d736331f87376f0ac87810d68e9f7cca555eef4b1f
1558,33602TX0460698,96,26,Individual,HMO,QHP,Silver,Transparency 2026 - Ind QHP,1356,Transparency_in_Coverage_PUF.xlsx,27379dc76590027b0e6d21d736331f87376f0ac87810d68e9f7cca555eef4b1f
1559,33602TX0460699,96,26,Individual,HMO,QHP,Silver,Transparency 2026 - Ind QHP,1357,Transparency_in_Coverage_PUF.xlsx,27379dc76590027b0e6d21d736331f87376f0ac87810d68e9f7cca555eef4b1f
1560,33602TX0460700,96,26,Individual,HMO,QHP,Silver,Transparency 2026 - Ind QHP,1358,Transparency_in_Coverage_PUF.xlsx,27379dc76590027b0e6d21d736331f87376f0ac87810d68e9f7cca555eef4b1f
1561,33602TX0460701,96,26,Individual,HMO,QHP,Silver,Transparency 2026 - Ind QHP,1359,Transparency_in_Coverage_PUF.xlsx,27379dc76590027b0e6d21d736331f87376f0ac87810d68e9f7cca555eef4b1f
1562,33602TX0460702,96,26,Individual,HMO,QHP,Silver,Transparency 2026 - Ind QHP,1360,Transparency_in_Coverage_PUF.xlsx,27379dc76590027b0e6d21d736331f87376f0ac87810d68e9f7cca555eef4b1f
1563,33602TX0460703,96,26,Individual,HMO,QHP,Silver,Transparency 2026 - Ind QHP,1361,Transparency_in_Coverage_PUF.xlsx,27379dc76590027b0e6d21d736331f87376f0ac87810d68e9f7cca555eef4b1f
1564,33602TX0460705,96,26,Individual,HMO,QHP,Bronze,Transparency 2026 - Ind QHP,1362,Transparency_in_Coverage_PUF.xlsx,27379dc76590027b0e6d21d736331f87376f0ac87810d68e9f7cca555eef4b1f
1565,33602TX0460706,96,26,Individual,HMO,QHP,Bronze,Transparency 2026 - Ind QHP,1363,Transparency_in_Coverage_PUF.xlsx,27379dc76590027b0e6d21d736331f87376f0ac87810d68e9f7cca555eef4b1f
1566,33602TX0460707,96,26,Individual,HMO,QHP,Bronze,Transparency 2026 - Ind QHP,1364,Transparency_in_Coverage_PUF.xlsx,27379dc76590027b0e6d21d736331f87376f0ac87810d68e9f7cca555eef4b1f
1567,33602TX0460708,96,26,Individual,HMO,QHP,Bronze,Transparency 2026 - Ind QHP,1365,Transparency_in_Coverage_PUF.xlsx,27379dc76590027b0e6d21d736331f87376f0ac87810d68e9f7cca555eef4b1f
1568,33602TX0460709,96,26,Individual,HMO,QHP,Bronze,Transparency 2026 - Ind QHP,1366,Transparency_in_Coverage_PUF.xlsx,27379dc76590027b0e6d21d736331f87376f0ac87810d68e9f7cca555eef4b1f
1569,33602TX0460710,96,26,Individual,HMO,QHP,Bronze,Transparency 2026 - Ind QHP,1367,Transparency_in_Coverage_PUF.xlsx,27379dc76590027b0e6d21d736331f87376f0ac87810d68e9f7cca555eef4b1f
1570,33602TX0460711,96,26,Individual,HMO,QHP,Bronze,Transparency 2026 - Ind QHP,1368,Transparency_in_Coverage_PUF.xlsx,27379dc76590027b0e6d21d736331f87376f0ac87810d68e9f7cca555eef4b1f
1571,33602TX0460712,96,26,Individual,HMO,QHP,Bronze,Transparency 2026 - Ind QHP,1369,Transparency_in_Coverage_PUF.xlsx,27379dc76590027b0e6d21d736331f87376f0ac87810d68e9f7cca555eef4b1f
1572,33602TX0460713,96,26,Individual,HMO,QHP,Bronze,Transparency 2026 - Ind QHP,1370,Transparency_in_Coverage_PUF.xlsx,27379dc76590027b0e6d21d736331f87376f0ac87810d68e9f7cca555eef4b1f
1573,33602TX0460714,96,26,Individual,HMO,QHP,Bronze,Transparency 2026 - Ind QHP,1371,Transparency_in_Coverage_PUF.xlsx,27379dc76590027b0e6d21d736331f87376f0ac87810d68e9f7cca555eef4b1f
1574,33602TX0460715,96,26,Individual,HMO,QHP,Bronze,Transparency 2026 - Ind QHP,1372,Transparency_in_Coverage_PUF.xlsx,27379dc76590027b0e6d21d736331f87376f0ac87810d68e9f7cca555eef4b1f
1575,33602TX0460716,96,26,Individual,HMO,QHP,Bronze,Transparency 2026 - Ind QHP,1373,Transparency_in_Coverage_PUF.xlsx,27379dc76590027b0e6d21d736331f87376f0ac87810d68e9f7cca555eef4b1f
1576,33602TX0460717,96,26,Individual,HMO,QHP,Bronze,Transparency 2026 - Ind QHP,1374,Transparency_in_Coverage_PUF.xlsx,27379dc76590027b0e6d21d736331f87376f0ac87810d68e9f7cca555eef4b1f
1577,33602TX0460718,96,26,Individual,HMO,QHP,Bronze,Transparency 2026 - Ind QHP,1375,Transparency_in_Coverage_PUF.xlsx,27379dc76590027b0e6d21d736331f87376f0ac87810d68e9f7cca555eef4b1f
1578,33602TX0460719,96,26,Individual,HMO,QHP,Bronze,Transparency 2026 - Ind QHP,1376,Transparency_in_Coverage_PUF.xlsx,27379dc76590027b0e6d21d736331f87376f0ac87810d68e9f7cca555eef4b1f
1579,33602TX0460721,96,26,Individual,HMO,QHP,Bronze,Transparency 2026 - Ind QHP,1377,Transparency_in_Coverage_PUF.xlsx,27379dc76590027b0e6d21d736331f87376f0ac87810d68e9f7cca555eef4b1f
1580,33602TX0460722,96,26,Individual,HMO,QHP,Bronze,Transparency 2026 - Ind QHP,1378,Transparency_in_Coverage_PUF.xlsx,27379dc76590027b0e6d21d736331f87376f0ac87810d68e9f7cca555eef4b1f
1581,33602TX0460723,96,26,Individual,HMO,QHP,Bronze,Transparency 2026 - Ind QHP,1379,Transparency_in_Coverage_PUF.xlsx,27379dc76590027b0e6d21d736331f87376f0ac87810d68e9f7cca555eef4b1f
1582,33602TX0460724,96,26,Individual,HMO,QHP,Bronze,Transparency 2026 - Ind QHP,1380,Transparency_in_Coverage_PUF.xlsx,27379dc76590027b0e6d21d736331f87376f0ac87810d68e9f7cca555eef4b1f
1583,33602TX0460725,96,26,Individual,HMO,QHP,Bronze,Transparency 2026 - Ind QHP,1381,Transparency_in_Coverage_PUF.xlsx,27379dc76590027b0e6d21d736331f87376f0ac87810d68e9f7cca555eef4b1f
1584,33602TX0460726,96,26,Individual,HMO,QHP,Bronze,Transparency 2026 - Ind QHP,1382,Transparency_in_Coverage_PUF.xlsx,27379dc76590027b0e6d21d736331f87376f0ac87810d68e9f7cca555eef4b1f
1585,33602TX0460727,96,26,Individual,HMO,QHP,Bronze,Transparency 2026 - Ind QHP,1383,Transparency_in_Coverage_PUF.xlsx,27379dc76590027b0e6d21d736331f87376f0ac87810d68e9f7cca555eef4b1f
1586,33602TX0460728,96,26,Individual,HMO,QHP,Bronze,Transparency 2026 - Ind QHP,1384,Transparency_in_Coverage_PUF.xlsx,27379dc76590027b0e6d21d736331f87376f0ac87810d68e9f7cca555eef4b1f
1587,33602TX0460782,96,26,Individual,HMO,QHP,Bronze,Transparency 2026 - Ind QHP,1385,Transparency_in_Coverage_PUF.xlsx,27379dc76590027b0e6d21d736331f87376f0ac87810d68e9f7cca555eef4b1f
1588,33602TX0460783,96,26,Individual,HMO,QHP,Bronze,Transparency 2026 - Ind QHP,1386,Transparency_in_Coverage_PUF.xlsx,27379dc76590027b0e6d21d736331f87376f0ac87810d68e9f7cca555eef4b1f
1589,33602TX0460787,96,26,Individual,HMO,QHP,Bronze,Transparency 2026 - Ind QHP,1387,Transparency_in_Coverage_PUF.xlsx,27379dc76590027b0e6d21d736331f87376f0ac87810d68e9f7cca555eef4b1f
1590,33602TX0460792,96,26,Individual,HMO,QHP,Bronze,Transparency 2026 - Ind QHP,1388,Transparency_in_Coverage_PUF.xlsx,27379dc76590027b0e6d21d736331f87376f0ac87810d68e9f7cca555eef4b1f
1591,33602TX0460793,96,26,Individual,HMO,QHP,Bronze,Transparency 2026 - Ind QHP,1389,Transparency_in_Coverage_PUF.xlsx,27379dc76590027b0e6d21d736331f87376f0ac87810d68e9f7cca555eef4b1f
1592,33602TX0460794,96,26,Individual,HMO,QHP,Bronze,Transparency 2026 - Ind QHP,1390,Transparency_in_Coverage_PUF.xlsx,27379dc76590027b0e6d21d736331f87376f0ac87810d68e9f7cca555eef4b1f
1593,33602TX0460795,96,26,Individual,HMO,QHP,Bronze,Transparency 2026 - Ind QHP,1391,Transparency_in_Coverage_PUF.xlsx,27379dc76590027b0e6d21d736331f87376f0ac87810d68e9f7cca555eef4b1f
1594,33602TX0460797,96,26,Individual,HMO,QHP,Bronze,Transparency 2026 - Ind QHP,1392,Transparency_in_Coverage_PUF.xlsx,27379dc76590027b0e6d21d736331f87376f0ac87810d68e9f7cca555eef4b1f
1595,33602TX0460799,96,26,Individual,HMO,QHP,Bronze,Transparency 2026 - Ind QHP,1393,Transparency_in_Coverage_PUF.xlsx,27379dc76590027b0e6d21d736331f87376f0ac87810d68e9f7cca555eef4b1f
1596,33602TX0460801,96,26,Individual,HMO,QHP,Bronze,Transparency 2026 - Ind QHP,1394,Transparency_in_Coverage_PUF.xlsx,27379dc76590027b0e6d21d736331f87376f0ac87810d68e9f7cca555eef4b1f
1597,33602TX0460802,96,26,Individual,HMO,QHP,Bronze,Transparency 2026 - Ind QHP,1395,Transparency_in_Coverage_PUF.xlsx,27379dc76590027b0e6d21d736331f87376f0ac87810d68e9f7cca555eef4b1f
1598,33602TX0460803,96,26,Individual,HMO,QHP,Bronze,Transparency 2026 - Ind QHP,1396,Transparency_in_Coverage_PUF.xlsx,27379dc76590027b0e6d21d736331f87376f0ac87810d68e9f7cca555eef4b1f
1599,33602TX0460804,96,26,Individual,HMO,QHP,Bronze,Transparency 2026 - Ind QHP,1397,Transparency_in_Coverage_PUF.xlsx,27379dc76590027b0e6d21d736331f87376f0ac87810d68e9f7cca555eef4b1f
1600,33602TX0460806,96,26,Individual,HMO,QHP,Bronze,Transparency 2026 - Ind QHP,1398,Transparency_in_Coverage_PUF.xlsx,27379dc76590027b0e6d21d736331f87376f0ac87810d68e9f7cca555eef4b1f
1601,33602TX0460809,96,26,Individual,HMO,QHP,Gold,Transparency 2026 - Ind QHP,1399,Transparency_in_Coverage_PUF.xlsx,27379dc76590027b0e6d21d736331f87376f0ac87810d68e9f7cca555eef4b1f
1602,33602TX0460814,96,26,Individual,HMO,QHP,Gold,Transparency 2026 - Ind QHP,1400,Transparency_in_Coverage_PUF.xlsx,27379dc76590027b0e6d21d736331f87376f0ac87810d68e9f7cca555eef4b1f
1603,33602TX0460819,96,26,Individual,HMO,QHP,Gold,Transparency 2026 - Ind QHP,1401,Transparency_in_Coverage_PUF.xlsx,27379dc76590027b0e6d21d736331f87376f0ac87810d68e9f7cca555eef4b1f
1604,33602TX0460820,96,26,Individual,HMO,QHP,Gold,Transparency 2026 - Ind QHP,1402,Transparency_in_Coverage_PUF.xlsx,27379dc76590027b0e6d21d736331f87376f0ac87810d68e9f7cca555eef4b1f
1605,33602TX0460821,96,26,Individual,HMO,QHP,Gold,Transparency 2026 - Ind QHP,1403,Transparency_in_Coverage_PUF.xlsx,27379dc76590027b0e6d21d736331f87376f0ac87810d68e9f7cca555eef4b1f
1606,33602TX0460822,96,26,Individual,HMO,QHP,Gold,Transparency 2026 - Ind QHP,1404,Transparency_in_Coverage_PUF.xlsx,27379dc76590027b0e6d21d736331f87376f0ac87810d68e9f7cca555eef4b1f
1607,33602TX0460824,96,26,Individual,HMO,QHP,Gold,Transparency 2026 - Ind QHP,1405,Transparency_in_Coverage_PUF.xlsx,27379dc76590027b0e6d21d736331f87376f0ac87810d68e9f7cca555eef4b1f
1608,33602TX0460826,96,26,Individual,HMO,QHP,Gold,Transparency 2026 - Ind QHP,1406,Transparency_in_Coverage_PUF.xlsx,27379dc76590027b0e6d21d736331f87376f0ac87810d68e9f7cca555eef4b1f
1609,33602TX0460828,96,26,Individual,HMO,QHP,Gold,Transparency 2026 - Ind QHP,1407,Transparency_in_Coverage_PUF.xlsx,27379dc76590027b0e6d21d736331f87376f0ac87810d68e9f7cca555eef4b1f
1610,33602TX0460829,96,26,Individual,HMO,QHP,Gold,Transparency 2026 - Ind QHP,1408,Transparency_in_Coverage_PUF.xlsx,27379dc76590027b0e6d21d736331f87376f0ac87810d68e9f7cca555eef4b1f
1611,33602TX0460830,96,26,Individual,HMO,QHP,Gold,Transparency 2026 - Ind QHP,1409,Transparency_in_Coverage_PUF.xlsx,27379dc76590027b0e6d21d736331f87376f0ac87810d68e9f7cca555eef4b1f
1612,33602TX0460831,96,26,Individual,HMO,QHP,Gold,Transparency 2026 - Ind QHP,1410,Transparency_in_Coverage_PUF.xlsx,27379dc76590027b0e6d21d736331f87376f0ac87810d68e9f7cca555eef4b1f
1613,33602TX0460833,96,26,Individual,HMO,QHP,Gold,Transparency 2026 - Ind QHP,1411,Transparency_in_Coverage_PUF.xlsx,27379dc76590027b0e6d21d736331f87376f0ac87810d68e9f7cca555eef4b1f
1614,33602TX0460860,96,26,Individual,HMO,QHP,Gold,Transparency 2026 - Ind QHP,1412,Transparency_in_Coverage_PUF.xlsx,27379dc76590027b0e6d21d736331f87376f0ac87810d68e9f7cca555eef4b1f
1615,33602TX0460863,96,26,Individual,HMO,QHP,Gold,Transparency 2026 - Ind QHP,1413,Transparency_in_Coverage_PUF.xlsx,27379dc76590027b0e6d21d736331f87376f0ac87810d68e9f7cca555eef4b1f
1616,33602TX0460867,96,26,Individual,HMO,QHP,Silver,Transparency 2026 - Ind QHP,1414,Transparency_in_Coverage_PUF.xlsx,27379dc76590027b0e6d21d736331f87376f0ac87810d68e9f7cca555eef4b1f
1617,33602TX0460869,96,26,Individual,HMO,QHP,Bronze,Transparency 2026 - Ind QHP,1415,Transparency_in_Coverage_PUF.xlsx,27379dc76590027b0e6d21d736331f87376f0ac87810d68e9f7cca555eef4b1f
1618,33602TX0460872,96,26,Individual,HMO,QHP,Catastrophic,Transparency 2026 - Ind QHP,1416,Transparency_in_Coverage_PUF.xlsx,27379dc76590027b0e6d21d736331f87376f0ac87810d68e9f7cca555eef4b1f
1619,33602TX0460925,96,26,Individual,HMO,QHP,Gold,Transparency 2026 - Ind QHP,1417,Transparency_in_Coverage_PUF.xlsx,27379dc76590027b0e6d21d736331f87376f0ac87810d68e9f7cca555eef4b1f
1620,33602TX0460926,96,26,Individual,HMO,QHP,Silver,Transparency 2026 - Ind QHP,1418,Transparency_in_Coverage_PUF.xlsx,27379dc76590027b0e6d21d736331f87376f0ac87810d68e9f7cca555eef4b1f
1621,33602TX0460928,96,26,Individual,HMO,QHP,Gold,Transparency 2026 - Ind QHP,1419,Transparency_in_Coverage_PUF.xlsx,27379dc76590027b0e6d21d736331f87376f0ac87810d68e9f7cca555eef4b1f
1622,33602TX0460929,96,26,Individual,HMO,QHP,Gold,Transparency 2026 - Ind QHP,1420,Transparency_in_Coverage_PUF.xlsx,27379dc76590027b0e6d21d736331f87376f0ac87810d68e9f7cca555eef4b1f
1623,33602TX0460930,96,26,Individual,HMO,QHP,Gold,Transparency 2026 - Ind QHP,1421,Transparency_in_Coverage_PUF.xlsx,27379dc76590027b0e6d21d736331f87376f0ac87810d68e9f7cca555eef4b1f
1624,33602TX0460931,96,26,Individual,HMO,QHP,Gold,Transparency 2026 - Ind QHP,1422,Transparency_in_Coverage_PUF.xlsx,27379dc76590027b0e6d21d736331f87376f0ac87810d68e9f7cca555eef4b1f
1625,33602TX0460932,96,26,Individual,HMO,QHP,Gold,Transparency 2026 - Ind QHP,1423,Transparency_in_Coverage_PUF.xlsx,27379dc76590027b0e6d21d736331f87376f0ac87810d68e9f7cca555eef4b1f
1626,33602TX0460933,96,26,Individual,HMO,QHP,Gold,Transparency 2026 - Ind QHP,1424,Transparency_in_Coverage_PUF.xlsx,27379dc76590027b0e6d21d736331f87376f0ac87810d68e9f7cca555eef4b1f
1627,33602TX0460934,96,26,Individual,HMO,QHP,Gold,Transparency 2026 - Ind QHP,1425,Transparency_in_Coverage_PUF.xlsx,27379dc76590027b0e6d21d736331f87376f0ac87810d68e9f7cca555eef4b1f
1628,33602TX0460935,96,26,Individual,HMO,QHP,Gold,Transparency 2026 - Ind QHP,1426,Transparency_in_Coverage_PUF.xlsx,27379dc76590027b0e6d21d736331f87376f0ac87810d68e9f7cca555eef4b1f
1629,33602TX0460936,96,26,Individual,HMO,QHP,Gold,Transparency 2026 - Ind QHP,1427,Transparency_in_Coverage_PUF.xlsx,27379dc76590027b0e6d21d736331f87376f0ac87810d68e9f7cca555eef4b1f
1630,33602TX0460937,96,26,Individual,HMO,QHP,Gold,Transparency 2026 - Ind QHP,1428,Transparency_in_Coverage_PUF.xlsx,27379dc76590027b0e6d21d736331f87376f0ac87810d68e9f7cca555eef4b1f
1631,33602TX0460938,96,26,Individual,HMO,QHP,Gold,Transparency 2026 - Ind QHP,1429,Transparency_in_Coverage_PUF.xlsx,27379dc76590027b0e6d21d736331f87376f0ac87810d68e9f7cca555eef4b1f
1632,33602TX0460939,96,26,Individual,HMO,QHP,Gold,Transparency 2026 - Ind QHP,1430,Transparency_in_Coverage_PUF.xlsx,27379dc76590027b0e6d21d736331f87376f0ac87810d68e9f7cca555eef4b1f
1633,33602TX0460940,96,26,Individual,HMO,QHP,Gold,Transparency 2026 - Ind QHP,1431,Transparency_in_Coverage_PUF.xlsx,27379dc76590027b0e6d21d736331f87376f0ac87810d68e9f7cca555eef4b1f
1634,33602TX0460941,96,26,Individual,HMO,QHP,Gold,Transparency 2026 - Ind QHP,1432,Transparency_in_Coverage_PUF.xlsx,27379dc76590027b0e6d21d736331f87376f0ac87810d68e9f7cca555eef4b1f
1635,33602TX0460942,96,26,Individual,HMO,QHP,Gold,Transparency 2026 - Ind QHP,1433,Transparency_in_Coverage_PUF.xlsx,27379dc76590027b0e6d21d736331f87376f0ac87810d68e9f7cca555eef4b1f
1636,33602TX0460943,96,26,Individual,HMO,QHP,Gold,Transparency 2026 - Ind QHP,1434,Transparency_in_Coverage_PUF.xlsx,27379dc76590027b0e6d21d736331f87376f0ac87810d68e9f7cca555eef4b1f
1637,33602TX0460944,96,26,Individual,HMO,QHP,Gold,Transparency 2026 - Ind QHP,1435,Transparency_in_Coverage_PUF.xlsx,27379dc76590027b0e6d21d736331f87376f0ac87810d68e9f7cca555eef4b1f
1638,33602TX0460945,96,26,Individual,HMO,QHP,Gold,Transparency 2026 - Ind QHP,1436,Transparency_in_Coverage_PUF.xlsx,27379dc76590027b0e6d21d736331f87376f0ac87810d68e9f7cca555eef4b1f
1639,33602TX0460946,96,26,Individual,HMO,QHP,Gold,Transparency 2026 - Ind QHP,1437,Transparency_in_Coverage_PUF.xlsx,27379dc76590027b0e6d21d736331f87376f0ac87810d68e9f7cca555eef4b1f
1640,33602TX0460947,96,26,Individual,HMO,QHP,Gold,Transparency 2026 - Ind QHP,1438,Transparency_in_Coverage_PUF.xlsx,27379dc76590027b0e6d21d736331f87376f0ac87810d68e9f7cca555eef4b1f
1641,33602TX0460948,96,26,Individual,HMO,QHP,Gold,Transparency 2026 - Ind QHP,1439,Transparency_in_Coverage_PUF.xlsx,27379dc76590027b0e6d21d736331f87376f0ac87810d68e9f7cca555eef4b1f
1642,33602TX0460949,96,26,Individual,HMO,QHP,Gold,Transparency 2026 - Ind QHP,1440,Transparency_in_Coverage_PUF.xlsx,27379dc76590027b0e6d21d736331f87376f0ac87810d68e9f7cca555eef4b1f
1643,33602TX0460950,96,26,Individual,HMO,QHP,Gold,Transparency 2026 - Ind QHP,1441,Transparency_in_Coverage_PUF.xlsx,27379dc76590027b0e6d21d736331f87376f0ac87810d68e9f7cca555eef4b1f
1644,33602TX0460951,96,26,Individual,HMO,QHP,Gold,Transparency 2026 - Ind QHP,1442,Transparency_in_Coverage_PUF.xlsx,27379dc76590027b0e6d21d736331f87376f0ac87810d68e9f7cca555eef4b1f
1645,33602TX0460952,96,26,Individual,HMO,QHP,Gold,Transparency 2026 - Ind QHP,1443,Transparency_in_Coverage_PUF.xlsx,27379dc76590027b0e6d21d736331f87376f0ac87810d68e9f7cca555eef4b1f
1646,33602TX0460953,96,26,Individual,HMO,QHP,Gold,Transparency 2026 - Ind QHP,1444,Transparency_in_Coverage_PUF.xlsx,27379dc76590027b0e6d21d736331f87376f0ac87810d68e9f7cca555eef4b1f
1647,33602TX0460954,96,26,Individual,HMO,QHP,Silver,Transparency 2026 - Ind QHP,1445,Transparency_in_Coverage_PUF.xlsx,27379dc76590027b0e6d21d736331f87376f0ac87810d68e9f7cca555eef4b1f
1648,33602TX0460955,96,26,Individual,HMO,QHP,Silver,Transparency 2026 - Ind QHP,1446,Transparency_in_Coverage_PUF.xlsx,27379dc76590027b0e6d21d736331f87376f0ac87810d68e9f7cca555eef4b1f
1649,33602TX0460956,96,26,Individual,HMO,QHP,Silver,Transparency 2026 - Ind QHP,1447,Transparency_in_Coverage_PUF.xlsx,27379dc76590027b0e6d21d736331f87376f0ac87810d68e9f7cca555eef4b1f
1650,33602TX0460957,96,26,Individual,HMO,QHP,Silver,Transparency 2026 - Ind QHP,1448,Transparency_in_Coverage_PUF.xlsx,27379dc76590027b0e6d21d736331f87376f0ac87810d68e9f7cca555eef4b1f
1651,33602TX0460958,96,26,Individual,HMO,QHP,Silver,Transparency 2026 - Ind QHP,1449,Transparency_in_Coverage_PUF.xlsx,27379dc76590027b0e6d21d736331f87376f0ac87810d68e9f7cca555eef4b1f
1652,33602TX0460959,96,26,Individual,HMO,QHP,Silver,Transparency 2026 - Ind QHP,1450,Transparency_in_Coverage_PUF.xlsx,27379dc76590027b0e6d21d736331f87376f0ac87810d68e9f7cca555eef4b1f
1653,33602TX0460960,96,26,Individual,HMO,QHP,Silver,Transparency 2026 - Ind QHP,1451,Transparency_in_Coverage_PUF.xlsx,27379dc76590027b0e6d21d736331f87376f0ac87810d68e9f7cca555eef4b1f
1654,33602TX0460961,96,26,Individual,HMO,QHP,Silver,Transparency 2026 - Ind QHP,1452,Transparency_in_Coverage_PUF.xlsx,27379dc76590027b0e6d21d736331f87376f0ac87810d68e9f7cca555eef4b1f
1655,33602TX0460962,96,26,Individual,HMO,QHP,Silver,Transparency 2026 - Ind QHP,1453,Transparency_in_Coverage_PUF.xlsx,27379dc76590027b0e6d21d736331f87376f0ac87810d68e9f7cca555eef4b1f
1656,33602TX0460963,96,26,Individual,HMO,QHP,Silver,Transparency 2026 - Ind QHP,1454,Transparency_in_Coverage_PUF.xlsx,27379dc76590027b0e6d21d736331f87376f0ac87810d68e9f7cca555eef4b1f
1657,33602TX0460964,96,26,Individual,HMO,QHP,Silver,Transparency 2026 - Ind QHP,1455,Transparency_in_Coverage_PUF.xlsx,27379dc76590027b0e6d21d736331f87376f0ac87810d68e9f7cca555eef4b1f
1658,33602TX0460965,96,26,Individual,HMO,QHP,Silver,Transparency 2026 - Ind QHP,1456,Transparency_in_Coverage_PUF.xlsx,27379dc76590027b0e6d21d736331f87376f0ac87810d68e9f7cca555eef4b1f
1659,33602TX0460966,96,26,Individual,HMO,QHP,Silver,Transparency 2026 - Ind QHP,1457,Transparency_in_Coverage_PUF.xlsx,27379dc76590027b0e6d21d736331f87376f0ac87810d68e9f7cca555eef4b1f
1660,33602TX0460967,96,26,Individual,HMO,QHP,Silver,Transparency 2026 - Ind QHP,1458,Transparency_in_Coverage_PUF.xlsx,27379dc76590027b0e6d21d736331f87376f0ac87810d68e9f7cca555eef4b1f
1661,33602TX0460968,96,26,Individual,HMO,QHP,Silver,Transparency 2026 - Ind QHP,1459,Transparency_in_Coverage_PUF.xlsx,27379dc76590027b0e6d21d736331f87376f0ac87810d68e9f7cca555eef4b1f
1662,33602TX0460969,96,26,Individual,HMO,QHP,Silver,Transparency 2026 - Ind QHP,1460,Transparency_in_Coverage_PUF.xlsx,27379dc76590027b0e6d21d736331f87376f0ac87810d68e9f7cca555eef4b1f
1663,33602TX0460970,96,26,Individual,HMO,QHP,Silver,Transparency 2026 - Ind QHP,1461,Transparency_in_Coverage_PUF.xlsx,27379dc76590027b0e6d21d736331f87376f0ac87810d68e9f7cca555eef4b1f
1664,33602TX0460971,96,26,Individual,HMO,QHP,Silver,Transparency 2026 - Ind QHP,1462,Transparency_in_Coverage_PUF.xlsx,27379dc76590027b0e6d21d736331f87376f0ac87810d68e9f7cca555eef4b1f
1665,33602TX0460972,96,26,Individual,HMO,QHP,Silver,Transparency 2026 - Ind QHP,1463,Transparency_in_Coverage_PUF.xlsx,27379dc76590027b0e6d21d736331f87376f0ac87810d68e9f7cca555eef4b1f
1666,33602TX0460973,96,26,Individual,HMO,QHP,Silver,Transparency 2026 - Ind QHP,1464,Transparency_in_Coverage_PUF.xlsx,27379dc76590027b0e6d21d736331f87376f0ac87810d68e9f7cca555eef4b1f
1667,33602TX0460974,96,26,Individual,HMO,QHP,Silver,Transparency 2026 - Ind QHP,1465,Transparency_in_Coverage_PUF.xlsx,27379dc76590027b0e6d21d736331f87376f0ac87810d68e9f7cca555eef4b1f
1668,33602TX0460975,96,26,Individual,HMO,QHP,Silver,Transparency 2026 - Ind QHP,1466,Transparency_in_Coverage_PUF.xlsx,27379dc76590027b0e6d21d736331f87376f0ac87810d68e9f7cca555eef4b1f
1669,33602TX0460976,96,26,Individual,HMO,QHP,Silver,Transparency 2026 - Ind QHP,1467,Transparency_in_Coverage_PUF.xlsx,27379dc76590027b0e6d21d736331f87376f0ac87810d68e9f7cca555eef4b1f
1670,33602TX0460977,96,26,Individual,HMO,QHP,Silver,Transparency 2026 - Ind QHP,1468,Transparency_in_Coverage_PUF.xlsx,27379dc76590027b0e6d21d736331f87376f0ac87810d68e9f7cca555eef4b1f
1671,33602TX0460978,96,26,Individual,HMO,QHP,Silver,Transparency 2026 - Ind QHP,1469,Transparency_in_Coverage_PUF.xlsx,27379dc76590027b0e6d21d736331f87376f0ac87810d68e9f7cca555eef4b1f
1672,33602TX0460979,96,26,Individual,HMO,QHP,Silver,Transparency 2026 - Ind QHP,1470,Transparency_in_Coverage_PUF.xlsx,27379dc76590027b0e6d21d736331f87376f0ac87810d68e9f7cca555eef4b1f
1673,33602TX0461033,96,26,Individual,HMO,QHP,Bronze,Transparency 2026 - Ind QHP,1471,Transparency_in_Coverage_PUF.xlsx,27379dc76590027b0e6d21d736331f87376f0ac87810d68e9f7cca555eef4b1f
1674,33602TX0461034,96,26,Individual,HMO,QHP,Bronze,Transparency 2026 - Ind QHP,1472,Transparency_in_Coverage_PUF.xlsx,27379dc76590027b0e6d21d736331f87376f0ac87810d68e9f7cca555eef4b1f
1675,33602TX0461035,96,26,Individual,HMO,QHP,Bronze,Transparency 2026 - Ind QHP,1473,Transparency_in_Coverage_PUF.xlsx,27379dc76590027b0e6d21d736331f87376f0ac87810d68e9f7cca555eef4b1f
1676,33602TX0461036,96,26,Individual,HMO,QHP,Bronze,Transparency 2026 - Ind QHP,1474,Transparency_in_Coverage_PUF.xlsx,27379dc76590027b0e6d21d736331f87376f0ac87810d68e9f7cca555eef4b1f
1677,33602TX0461037,96,26,Individual,HMO,QHP,Bronze,Transparency 2026 - Ind QHP,1475,Transparency_in_Coverage_PUF.xlsx,27379dc76590027b0e6d21d736331f87376f0ac87810d68e9f7cca555eef4b1f
1678,33602TX0461038,96,26,Individual,HMO,QHP,Bronze,Transparency 2026 - Ind QHP,1476,Transparency_in_Coverage_PUF.xlsx,27379dc76590027b0e6d21d736331f87376f0ac87810d68e9f7cca555eef4b1f
1679,33602TX0461039,96,26,Individual,HMO,QHP,Bronze,Transparency 2026 - Ind QHP,1477,Transparency_in_Coverage_PUF.xlsx,27379dc76590027b0e6d21d736331f87376f0ac87810d68e9f7cca555eef4b1f
1680,33602TX0461040,96,26,Individual,HMO,QHP,Bronze,Transparency 2026 - Ind QHP,1478,Transparency_in_Coverage_PUF.xlsx,27379dc76590027b0e6d21d736331f87376f0ac87810d68e9f7cca555eef4b1f
1681,33602TX0461041,96,26,Individual,HMO,QHP,Bronze,Transparency 2026 - Ind QHP,1479,Transparency_in_Coverage_PUF.xlsx,27379dc76590027b0e6d21d736331f87376f0ac87810d68e9f7cca555eef4b1f
1682,33602TX0461042,96,26,Individual,HMO,QHP,Bronze,Transparency 2026 - Ind QHP,1480,Transparency_in_Coverage_PUF.xlsx,27379dc76590027b0e6d21d736331f87376f0ac87810d68e9f7cca555eef4b1f
1683,33602TX0461043,96,26,Individual,HMO,QHP,Bronze,Transparency 2026 - Ind QHP,1481,Transparency_in_Coverage_PUF.xlsx,27379dc76590027b0e6d21d736331f87376f0ac87810d68e9f7cca555eef4b1f
1684,33602TX0461044,96,26,Individual,HMO,QHP,Bronze,Transparency 2026 - Ind QHP,1482,Transparency_in_Coverage_PUF.xlsx,27379dc76590027b0e6d21d736331f87376f0ac87810d68e9f7cca555eef4b1f
1685,33602TX0461045,96,26,Individual,HMO,QHP,Bronze,Transparency 2026 - Ind QHP,1483,Transparency_in_Coverage_PUF.xlsx,27379dc76590027b0e6d21d736331f87376f0ac87810d68e9f7cca555eef4b1f
1686,33602TX0461046,96,26,Individual,HMO,QHP,Bronze,Transparency 2026 - Ind QHP,1484,Transparency_in_Coverage_PUF.xlsx,27379dc76590027b0e6d21d736331f87376f0ac87810d68e9f7cca555eef4b1f
1687,33602TX0461047,96,26,Individual,HMO,QHP,Bronze,Transparency 2026 - Ind QHP,1485,Transparency_in_Coverage_PUF.xlsx,27379dc76590027b0e6d21d736331f87376f0ac87810d68e9f7cca555eef4b1f
1688,33602TX0461048,96,26,Individual,HMO,QHP,Bronze,Transparency 2026 - Ind QHP,1486,Transparency_in_Coverage_PUF.xlsx,27379dc76590027b0e6d21d736331f87376f0ac87810d68e9f7cca555eef4b1f
1689,33602TX0461049,96,26,Individual,HMO,QHP,Bronze,Transparency 2026 - Ind QHP,1487,Transparency_in_Coverage_PUF.xlsx,27379dc76590027b0e6d21d736331f87376f0ac87810d68e9f7cca555eef4b1f
1690,33602TX0461050,96,26,Individual,HMO,QHP,Bronze,Transparency 2026 - Ind QHP,1488,Transparency_in_Coverage_PUF.xlsx,27379dc76590027b0e6d21d736331f87376f0ac87810d68e9f7cca555eef4b1f
1691,33602TX0461051,96,26,Individual,HMO,QHP,Bronze,Transparency 2026 - Ind QHP,1489,Transparency_in_Coverage_PUF.xlsx,27379dc76590027b0e6d21d736331f87376f0ac87810d68e9f7cca555eef4b1f
1692,33602TX0461052,96,26,Individual,HMO,QHP,Bronze,Transparency 2026 - Ind QHP,1490,Transparency_in_Coverage_PUF.xlsx,27379dc76590027b0e6d21d736331f87376f0ac87810d68e9f7cca555eef4b1f
1693,33602TX0461053,96,26,Individual,HMO,QHP,Bronze,Transparency 2026 - Ind QHP,1491,Transparency_in_Coverage_PUF.xlsx,27379dc76590027b0e6d21d736331f87376f0ac87810d68e9f7cca555eef4b1f
1694,33602TX0461054,96,26,Individual,HMO,QHP,Bronze,Transparency 2026 - Ind QHP,1492,Transparency_in_Coverage_PUF.xlsx,27379dc76590027b0e6d21d736331f87376f0ac87810d68e9f7cca555eef4b1f
1695,33602TX0461055,96,26,Individual,HMO,QHP,Bronze,Transparency 2026 - Ind QHP,1493,Transparency_in_Coverage_PUF.xlsx,27379dc76590027b0e6d21d736331f87376f0ac87810d68e9f7cca555eef4b1f
1696,33602TX0461056,96,26,Individual,HMO,QHP,Bronze,Transparency 2026 - Ind QHP,1494,Transparency_in_Coverage_PUF.xlsx,27379dc76590027b0e6d21d736331f87376f0ac87810d68e9f7cca555eef4b1f
1697,33602TX0461057,96,26,Individual,HMO,QHP,Bronze,Transparency 2026 - Ind QHP,1495,Transparency_in_Coverage_PUF.xlsx,27379dc76590027b0e6d21d736331f87376f0ac87810d68e9f7cca555eef4b1f
1698,33602TX0461058,96,26,Individual,HMO,QHP,Bronze,Transparency 2026 - Ind QHP,1496,Transparency_in_Coverage_PUF.xlsx,27379dc76590027b0e6d21d736331f87376f0ac87810d68e9f7cca555eef4b1f
1699,33602TX0461061,96,26,Individual,HMO,QHP,Gold,Transparency 2026 - Ind QHP,1497,Transparency_in_Coverage_PUF.xlsx,27379dc76590027b0e6d21d736331f87376f0ac87810d68e9f7cca555eef4b1f
1700,33602TX0461062,96,26,Individual,HMO,QHP,Gold,Transparency 2026 - Ind QHP,1498,Transparency_in_Coverage_PUF.xlsx,27379dc76590027b0e6d21d736331f87376f0ac87810d68e9f7cca555eef4b1f
1701,33602TX0461069,96,26,Individual,HMO,QHP,Silver,Transparency 2026 - Ind QHP,1499,Transparency_in_Coverage_PUF.xlsx,27379dc76590027b0e6d21d736331f87376f0ac87810d68e9f7cca555eef4b1f
1702,33602TX0461070,96,26,Individual,HMO,QHP,Silver,Transparency 2026 - Ind QHP,1500,Transparency_in_Coverage_PUF.xlsx,27379dc76590027b0e6d21d736331f87376f0ac87810d68e9f7cca555eef4b1f
1703,33602TX0461073,96,26,Individual,HMO,QHP,Bronze,Transparency 2026 - Ind QHP,1501,Transparency_in_Coverage_PUF.xlsx,27379dc76590027b0e6d21d736331f87376f0ac87810d68e9f7cca555eef4b1f
1704,33602TX0461074,96,26,Individual,HMO,QHP,Bronze,Transparency 2026 - Ind QHP,1502,Transparency_in_Coverage_PUF.xlsx,27379dc76590027b0e6d21d736331f87376f0ac87810d68e9f7cca555eef4b1f
1705,33602TX0461077,96,26,Individual,HMO,QHP,Catastrophic,Transparency 2026 - Ind QHP,1503,Transparency_in_Coverage_PUF.xlsx,27379dc76590027b0e6d21d736331f87376f0ac87810d68e9f7cca555eef4b1f
1706,33602TX0461078,96,26,Individual,HMO,QHP,Catastrophic,Transparency 2026 - Ind QHP,1504,Transparency_in_Coverage_PUF.xlsx,27379dc76590027b0e6d21d736331f87376f0ac87810d68e9f7cca555eef4b1f
1707,33602TX0461079,96,26,Individual,HMO,QHP,Bronze,Transparency 2026 - Ind QHP,1505,Transparency_in_Coverage_PUF.xlsx,27379dc76590027b0e6d21d736331f87376f0ac87810d68e9f7cca555eef4b1f
1708,33602TX0461080,96,26,Individual,HMO,QHP,Bronze,Transparency 2026 - Ind QHP,1506,Transparency_in_Coverage_PUF.xlsx,27379dc76590027b0e6d21d736331f87376f0ac87810d68e9f7cca555eef4b1f
1709,33602TX0461081,96,26,Individual,HMO,QHP,Gold,Transparency 2026 - Ind QHP,1507,Transparency_in_Coverage_PUF.xlsx,27379dc76590027b0e6d21d736331f87376f0ac87810d68e9f7cca555eef4b1f
1710,33602TX0461082,96,26,Individual,HMO,QHP,Silver,Transparency 2026 - Ind QHP,1508,Transparency_in_Coverage_PUF.xlsx,27379dc76590027b0e6d21d736331f87376f0ac87810d68e9f7cca555eef4b1f
1711,33602TX0461083,96,26,Individual,HMO,QHP,Silver,Transparency 2026 - Ind QHP,1509,Transparency_in_Coverage_PUF.xlsx,27379dc76590027b0e6d21d736331f87376f0ac87810d68e9f7cca555eef4b1f
1712,33602TX0461087,96,26,Individual,HMO,QHP,Bronze,Transparency 2026 - Ind QHP,1510,Transparency_in_Coverage_PUF.xlsx,27379dc76590027b0e6d21d736331f87376f0ac87810d68e9f7cca555eef4b1f
1713,33602TX0461088,96,26,Individual,HMO,QHP,Gold,Transparency 2026 - Ind QHP,1511,Transparency_in_Coverage_PUF.xlsx,27379dc76590027b0e6d21d736331f87376f0ac87810d68e9f7cca555eef4b1f
1714,33602TX0461089,96,26,Individual,HMO,QHP,Silver,Transparency 2026 - Ind QHP,1512,Transparency_in_Coverage_PUF.xlsx,27379dc76590027b0e6d21d736331f87376f0ac87810d68e9f7cca555eef4b1f
1715,33602TX0461090,96,26,Individual,HMO,QHP,Silver,Transparency 2026 - Ind QHP,1513,Transparency_in_Coverage_PUF.xlsx,27379dc76590027b0e6d21d736331f87376f0ac87810d68e9f7cca555eef4b1f
1716,33602TX0461094,96,26,Individual,HMO,QHP,Silver,Transparency 2026 - Ind QHP,1514,Transparency_in_Coverage_PUF.xlsx,27379dc76590027b0e6d21d736331f87376f0ac87810d68e9f7cca555eef4b1f
1717,33602TX0461099,96,26,Individual,HMO,QHP,Silver,Transparency 2026 - Ind QHP,1515,Transparency_in_Coverage_PUF.xlsx,27379dc76590027b0e6d21d736331f87376f0ac87810d68e9f7cca555eef4b1f
1718,33602TX0461100,96,26,Individual,HMO,QHP,Silver,Transparency 2026 - Ind QHP,1516,Transparency_in_Coverage_PUF.xlsx,27379dc76590027b0e6d21d736331f87376f0ac87810d68e9f7cca555eef4b1f
1719,33602TX0461101,96,26,Individual,HMO,QHP,Silver,Transparency 2026 - Ind QHP,1517,Transparency_in_Coverage_PUF.xlsx,27379dc76590027b0e6d21d736331f87376f0ac87810d68e9f7cca555eef4b1f
1720,33602TX0461102,96,26,Individual,HMO,QHP,Silver,Transparency 2026 - Ind QHP,1518,Transparency_in_Coverage_PUF.xlsx,27379dc76590027b0e6d21d736331f87376f0ac87810d68e9f7cca555eef4b1f
1721,33602TX0461104,96,26,Individual,HMO,QHP,Silver,Transparency 2026 - Ind QHP,1519,Transparency_in_Coverage_PUF.xlsx,27379dc76590027b0e6d21d736331f87376f0ac87810d68e9f7cca555eef4b1f
1722,33602TX0461105,96,26,Individual,HMO,QHP,Silver,Transparency 2026 - Ind QHP,1520,Transparency_in_Coverage_PUF.xlsx,27379dc76590027b0e6d21d736331f87376f0ac87810d68e9f7cca555eef4b1f
1723,33602TX0461107,96,26,Individual,HMO,QHP,Silver,Transparency 2026 - Ind QHP,1521,Transparency_in_Coverage_PUF.xlsx,27379dc76590027b0e6d21d736331f87376f0ac87810d68e9f7cca555eef4b1f
1724,33602TX0461108,96,26,Individual,HMO,QHP,Silver,Transparency 2026 - Ind QHP,1522,Transparency_in_Coverage_PUF.xlsx,27379dc76590027b0e6d21d736331f87376f0ac87810d68e9f7cca555eef4b1f
1725,33602TX0461109,96,26,Individual,HMO,QHP,Silver,Transparency 2026 - Ind QHP,1523,Transparency_in_Coverage_PUF.xlsx,27379dc76590027b0e6d21d736331f87376f0ac87810d68e9f7cca555eef4b1f
1726,33602TX0461110,96,26,Individual,HMO,QHP,Silver,Transparency 2026 - Ind QHP,1524,Transparency_in_Coverage_PUF.xlsx,27379dc76590027b0e6d21d736331f87376f0ac87810d68e9f7cca555eef4b1f
1727,33602TX0461112,96,26,Individual,HMO,QHP,Silver,Transparency 2026 - Ind QHP,1525,Transparency_in_Coverage_PUF.xlsx,27379dc76590027b0e6d21d736331f87376f0ac87810d68e9f7cca555eef4b1f
1728,33602TX0461116,96,26,Individual,HMO,QHP,Bronze,Transparency 2026 - Ind QHP,1526,Transparency_in_Coverage_PUF.xlsx,27379dc76590027b0e6d21d736331f87376f0ac87810d68e9f7cca555eef4b1f
1729,33602TX0461117,96,26,Individual,HMO,QHP,Bronze,Transparency 2026 - Ind QHP,1527,Transparency_in_Coverage_PUF.xlsx,27379dc76590027b0e6d21d736331f87376f0ac87810d68e9f7cca555eef4b1f
1730,33602TX0461118,96,26,Individual,HMO,QHP,Bronze,Transparency 2026 - Ind QHP,1528,Transparency_in_Coverage_PUF.xlsx,27379dc76590027b0e6d21d736331f87376f0ac87810d68e9f7cca555eef4b1f
1731,33602TX0461119,96,26,Individual,HMO,QHP,Bronze,Transparency 2026 - Ind QHP,1529,Transparency_in_Coverage_PUF.xlsx,27379dc76590027b0e6d21d736331f87376f0ac87810d68e9f7cca555eef4b1f
1732,33602TX0461120,96,26,Individual,HMO,QHP,Bronze,Transparency 2026 - Ind QHP,1530,Transparency_in_Coverage_PUF.xlsx,27379dc76590027b0e6d21d736331f87376f0ac87810d68e9f7cca555eef4b1f
1733,33602TX0461121,96,26,Individual,HMO,QHP,Bronze,Transparency 2026 - Ind QHP,1531,Transparency_in_Coverage_PUF.xlsx,27379dc76590027b0e6d21d736331f87376f0ac87810d68e9f7cca555eef4b1f
1734,33602TX0461122,96,26,Individual,HMO,QHP,Bronze,Transparency 2026 - Ind QHP,1532,Transparency_in_Coverage_PUF.xlsx,27379dc76590027b0e6d21d736331f87376f0ac87810d68e9f7cca555eef4b1f
1735,33602TX0461123,96,26,Individual,HMO,QHP,Gold,Transparency 2026 - Ind QHP,1533,Transparency_in_Coverage_PUF.xlsx,27379dc76590027b0e6d21d736331f87376f0ac87810d68e9f7cca555eef4b1f
1736,33602TX0461124,96,26,Individual,HMO,QHP,Gold,Transparency 2026 - Ind QHP,1534,Transparency_in_Coverage_PUF.xlsx,27379dc76590027b0e6d21d736331f87376f0ac87810d68e9f7cca555eef4b1f
1737,33602TX0461125,96,26,Individual,HMO,QHP,Gold,Transparency 2026 - Ind QHP,1535,Transparency_in_Coverage_PUF.xlsx,27379dc76590027b0e6d21d736331f87376f0ac87810d68e9f7cca555eef4b1f
1738,33602TX0461126,96,26,Individual,HMO,QHP,Gold,Transparency 2026 - Ind QHP,1536,Transparency_in_Coverage_PUF.xlsx,27379dc76590027b0e6d21d736331f87376f0ac87810d68e9f7cca555eef4b1f
1739,33602TX0461127,96,26,Individual,HMO,QHP,Gold,Transparency 2026 - Ind QHP,1537,Transparency_in_Coverage_PUF.xlsx,27379dc76590027b0e6d21d736331f87376f0ac87810d68e9f7cca555eef4b1f
1740,33602TX0461128,96,26,Individual,HMO,QHP,Gold,Transparency 2026 - Ind QHP,1538,Transparency_in_Coverage_PUF.xlsx,27379dc76590027b0e6d21d736331f87376f0ac87810d68e9f7cca555eef4b1f
1741,33602TX0461129,96,26,Individual,HMO,QHP,Gold,Transparency 2026 - Ind QHP,1539,Transparency_in_Coverage_PUF.xlsx,27379dc76590027b0e6d21d736331f87376f0ac87810d68e9f7cca555eef4b1f
1742,33602TX0461130,96,26,Individual,HMO,QHP,Silver,Transparency 2026 - Ind QHP,1540,Transparency_in_Coverage_PUF.xlsx,27379dc76590027b0e6d21d736331f87376f0ac87810d68e9f7cca555eef4b1f
1743,33602TX0461131,96,26,Individual,HMO,QHP,Silver,Transparency 2026 - Ind QHP,1541,Transparency_in_Coverage_PUF.xlsx,27379dc76590027b0e6d21d736331f87376f0ac87810d68e9f7cca555eef4b1f
1744,33602TX0461132,96,26,Individual,HMO,QHP,Silver,Transparency 2026 - Ind QHP,1542,Transparency_in_Coverage_PUF.xlsx,27379dc76590027b0e6d21d736331f87376f0ac87810d68e9f7cca555eef4b1f
1745,33602TX0461133,96,26,Individual,HMO,QHP,Silver,Transparency 2026 - Ind QHP,1543,Transparency_in_Coverage_PUF.xlsx,27379dc76590027b0e6d21d736331f87376f0ac87810d68e9f7cca555eef4b1f
1746,33602TX0461134,96,26,Individual,HMO,QHP,Silver,Transparency 2026 - Ind QHP,1544,Transparency_in_Coverage_PUF.xlsx,27379dc76590027b0e6d21d736331f87376f0ac87810d68e9f7cca555eef4b1f
1747,33602TX0461135,96,26,Individual,HMO,QHP,Silver,Transparency 2026 - Ind QHP,1545,Transparency_in_Coverage_PUF.xlsx,27379dc76590027b0e6d21d736331f87376f0ac87810d68e9f7cca555eef4b1f
1748,33602TX0461136,96,26,Individual,HMO,QHP,Silver,Transparency 2026 - Ind QHP,1546,Transparency_in_Coverage_PUF.xlsx,27379dc76590027b0e6d21d736331f87376f0ac87810d68e9f7cca555eef4b1f
1749,33602TX0461159,96,26,Individual,HMO,QHP,Bronze,Transparency 2026 - Ind QHP,1547,Transparency_in_Coverage_PUF.xlsx,27379dc76590027b0e6d21d736331f87376f0ac87810d68e9f7cca555eef4b1f
1750,33602TX0461160,96,26,Individual,HMO,QHP,Bronze,Transparency 2026 - Ind QHP,1548,Transparency_in_Coverage_PUF.xlsx,27379dc76590027b0e6d21d736331f87376f0ac87810d68e9f7cca555eef4b1f
1751,33602TX0461161,96,26,Individual,HMO,QHP,Bronze,Transparency 2026 - Ind QHP,1549,Transparency_in_Coverage_PUF.xlsx,27379dc76590027b0e6d21d736331f87376f0ac87810d68e9f7cca555eef4b1f
1752,33602TX0461163,96,26,Individual,HMO,QHP,Bronze,Transparency 2026 - Ind QHP,1550,Transparency_in_Coverage_PUF.xlsx,27379dc76590027b0e6d21d736331f87376f0ac87810d68e9f7cca555eef4b1f
1753,33602TX0461164,96,26,Individual,HMO,QHP,Bronze,Transparency 2026 - Ind QHP,1551,Transparency_in_Coverage_PUF.xlsx,27379dc76590027b0e6d21d736331f87376f0ac87810d68e9f7cca555eef4b1f
1754,33602TX0461166,96,26,Individual,HMO,QHP,Gold,Transparency 2026 - Ind QHP,1552,Transparency_in_Coverage_PUF.xlsx,27379dc76590027b0e6d21d736331f87376f0ac87810d68e9f7cca555eef4b1f
1755,33602TX0461167,96,26,Individual,HMO,QHP,Gold,Transparency 2026 - Ind QHP,1553,Transparency_in_Coverage_PUF.xlsx,27379dc76590027b0e6d21d736331f87376f0ac87810d68e9f7cca555eef4b1f
1756,33602TX0461168,96,26,Individual,HMO,QHP,Gold,Transparency 2026 - Ind QHP,1554,Transparency_in_Coverage_PUF.xlsx,27379dc76590027b0e6d21d736331f87376f0ac87810d68e9f7cca555eef4b1f
1757,33602TX0461170,96,26,Individual,HMO,QHP,Gold,Transparency 2026 - Ind QHP,1555,Transparency_in_Coverage_PUF.xlsx,27379dc76590027b0e6d21d736331f87376f0ac87810d68e9f7cca555eef4b1f
1758,33602TX0461171,96,26,Individual,HMO,QHP,Gold,Transparency 2026 - Ind QHP,1556,Transparency_in_Coverage_PUF.xlsx,27379dc76590027b0e6d21d736331f87376f0ac87810d68e9f7cca555eef4b1f
1759,33602TX0461173,96,26,Individual,HMO,QHP,Silver,Transparency 2026 - Ind QHP,1557,Transparency_in_Coverage_PUF.xlsx,27379dc76590027b0e6d21d736331f87376f0ac87810d68e9f7cca555eef4b1f
1760,33602TX0461174,96,26,Individual,HMO,QHP,Silver,Transparency 2026 - Ind QHP,1558,Transparency_in_Coverage_PUF.xlsx,27379dc76590027b0e6d21d736331f87376f0ac87810d68e9f7cca555eef4b1f
1761,33602TX0461175,96,26,Individual,HMO,QHP,Silver,Transparency 2026 - Ind QHP,1559,Transparency_in_Coverage_PUF.xlsx,27379dc76590027b0e6d21d736331f87376f0ac87810d68e9f7cca555eef4b1f
1762,33602TX0461177,96,26,Individual,HMO,QHP,Silver,Transparency 2026 - Ind QHP,1560,Transparency_in_Coverage_PUF.xlsx,27379dc76590027b0e6d21d736331f87376f0ac87810d68e9f7cca555eef4b1f
1763,33602TX0461178,96,26,Individual,HMO,QHP,Silver,Transparency 2026 - Ind QHP,1561,Transparency_in_Coverage_PUF.xlsx,27379dc76590027b0e6d21d736331f87376f0ac87810d68e9f7cca555eef4b1f
1764,33602TX0461179,96,26,Individual,HMO,QHP,Bronze,Transparency 2026 - Ind QHP,1562,Transparency_in_Coverage_PUF.xlsx,27379dc76590027b0e6d21d736331f87376f0ac87810d68e9f7cca555eef4b1f
1765,33602TX0461180,96,26,Individual,HMO,QHP,Gold,Transparency 2026 - Ind QHP,1563,Transparency_in_Coverage_PUF.xlsx,27379dc76590027b0e6d21d736331f87376f0ac87810d68e9f7cca555eef4b1f
1766,33602TX0461181,96,26,Individual,HMO,QHP,Silver,Transparency 2026 - Ind QHP,1564,Transparency_in_Coverage_PUF.xlsx,27379dc76590027b0e6d21d736331f87376f0ac87810d68e9f7cca555eef4b1f
1767,33602TX0461185,96,26,Individual,HMO,QHP,Bronze,Transparency 2026 - Ind QHP,1565,Transparency_in_Coverage_PUF.xlsx,27379dc76590027b0e6d21d736331f87376f0ac87810d68e9f7cca555eef4b1f
1768,33602TX0461186,96,26,Individual,HMO,QHP,Gold,Transparency 2026 - Ind QHP,1566,Transparency_in_Coverage_PUF.xlsx,27379dc76590027b0e6d21d736331f87376f0ac87810d68e9f7cca555eef4b1f
1769,33602TX0461187,96,26,Individual,HMO,QHP,Silver,Transparency 2026 - Ind QHP,1567,Transparency_in_Coverage_PUF.xlsx,27379dc76590027b0e6d21d736331f87376f0ac87810d68e9f7cca555eef4b1f
1770,33602TX0461196,96,26,Individual,HMO,QHP,Bronze,Transparency 2026 - Ind QHP,1568,Transparency_in_Coverage_PUF.xlsx,27379dc76590027b0e6d21d736331f87376f0ac87810d68e9f7cca555eef4b1f
1771,33602TX0461197,96,26,Individual,HMO,QHP,Bronze,Transparency 2026 - Ind QHP,1569,Transparency_in_Coverage_PUF.xlsx,27379dc76590027b0e6d21d736331f87376f0ac87810d68e9f7cca555eef4b1f
1772,33602TX0461198,96,26,Individual,HMO,QHP,Bronze,Transparency 2026 - Ind QHP,1570,Transparency_in_Coverage_PUF.xlsx,27379dc76590027b0e6d21d736331f87376f0ac87810d68e9f7cca555eef4b1f
1773,33602TX0461199,96,26,Individual,HMO,QHP,Bronze,Transparency 2026 - Ind QHP,1571,Transparency_in_Coverage_PUF.xlsx,27379dc76590027b0e6d21d736331f87376f0ac87810d68e9f7cca555eef4b1f
1774,33602TX0461200,96,26,Individual,HMO,QHP,Gold,Transparency 2026 - Ind QHP,1572,Transparency_in_Coverage_PUF.xlsx,27379dc76590027b0e6d21d736331f87376f0ac87810d68e9f7cca555eef4b1f
1775,33602TX0461201,96,26,Individual,HMO,QHP,Gold,Transparency 2026 - Ind QHP,1573,Transparency_in_Coverage_PUF.xlsx,27379dc76590027b0e6d21d736331f87376f0ac87810d68e9f7cca555eef4b1f
1776,33602TX0461202,96,26,Individual,HMO,QHP,Gold,Transparency 2026 - Ind QHP,1574,Transparency_in_Coverage_PUF.xlsx,27379dc76590027b0e6d21d736331f87376f0ac87810d68e9f7cca555eef4b1f
1777,33602TX0461203,96,26,Individual,HMO,QHP,Gold,Transparency 2026 - Ind QHP,1575,Transparency_in_Coverage_PUF.xlsx,27379dc76590027b0e6d21d736331f87376f0ac87810d68e9f7cca555eef4b1f
1778,33602TX0461204,96,26,Individual,HMO,QHP,Silver,Transparency 2026 - Ind QHP,1576,Transparency_in_Coverage_PUF.xlsx,27379dc76590027b0e6d21d736331f87376f0ac87810d68e9f7cca555eef4b1f
1779,33602TX0461205,96,26,Individual,HMO,QHP,Silver,Transparency 2026 - Ind QHP,1577,Transparency_in_Coverage_PUF.xlsx,27379dc76590027b0e6d21d736331f87376f0ac87810d68e9f7cca555eef4b1f
1780,33602TX0461208,96,26,Individual,HMO,QHP,Silver,Transparency 2026 - Ind QHP,1578,Transparency_in_Coverage_PUF.xlsx,27379dc76590027b0e6d21d736331f87376f0ac87810d68e9f7cca555eef4b1f
1781,33602TX0461209,96,26,Individual,HMO,QHP,Silver,Transparency 2026 - Ind QHP,1579,Transparency_in_Coverage_PUF.xlsx,27379dc76590027b0e6d21d736331f87376f0ac87810d68e9f7cca555eef4b1f
1782,33602TX0461210,96,26,Individual,HMO,QHP,Bronze,Transparency 2026 - Ind QHP,1580,Transparency_in_Coverage_PUF.xlsx,27379dc76590027b0e6d21d736331f87376f0ac87810d68e9f7cca555eef4b1f
1783,33602TX0461211,96,26,Individual,HMO,QHP,Bronze,Transparency 2026 - Ind QHP,1581,Transparency_in_Coverage_PUF.xlsx,27379dc76590027b0e6d21d736331f87376f0ac87810d68e9f7cca555eef4b1f
1784,33602TX0461212,96,26,Individual,HMO,QHP,Bronze,Transparency 2026 - Ind QHP,1582,Transparency_in_Coverage_PUF.xlsx,27379dc76590027b0e6d21d736331f87376f0ac87810d68e9f7cca555eef4b1f
1785,33602TX0461213,96,26,Individual,HMO,QHP,Bronze,Transparency 2026 - Ind QHP,1583,Transparency_in_Coverage_PUF.xlsx,27379dc76590027b0e6d21d736331f87376f0ac87810d68e9f7cca555eef4b1f
1786,33602TX0461214,96,26,Individual,HMO,QHP,Gold,Transparency 2026 - Ind QHP,1584,Transparency_in_Coverage_PUF.xlsx,27379dc76590027b0e6d21d736331f87376f0ac87810d68e9f7cca555eef4b1f
1787,33602TX0461215,96,26,Individual,HMO,QHP,Gold,Transparency 2026 - Ind QHP,1585,Transparency_in_Coverage_PUF.xlsx,27379dc76590027b0e6d21d736331f87376f0ac87810d68e9f7cca555eef4b1f
1788,33602TX0461216,96,26,Individual,HMO,QHP,Gold,Transparency 2026 - Ind QHP,1586,Transparency_in_Coverage_PUF.xlsx,27379dc76590027b0e6d21d736331f87376f0ac87810d68e9f7cca555eef4b1f
1789,33602TX0461217,96,26,Individual,HMO,QHP,Gold,Transparency 2026 - Ind QHP,1587,Transparency_in_Coverage_PUF.xlsx,27379dc76590027b0e6d21d736331f87376f0ac87810d68e9f7cca555eef4b1f
1790,33602TX0461218,96,26,Individual,HMO,QHP,Silver,Transparency 2026 - Ind QHP,1588,Transparency_in_Coverage_PUF.xlsx,27379dc76590027b0e6d21d736331f87376f0ac87810d68e9f7cca555eef4b1f
1791,33602TX0461219,96,26,Individual,HMO,QHP,Silver,Transparency 2026 - Ind QHP,1589,Transparency_in_Coverage_PUF.xlsx,27379dc76590027b0e6d21d736331f87376f0ac87810d68e9f7cca555eef4b1f
1792,33602TX0461222,96,26,Individual,HMO,QHP,Silver,Transparency 2026 - Ind QHP,1590,Transparency_in_Coverage_PUF.xlsx,27379dc76590027b0e6d21d736331f87376f0ac87810d68e9f7cca555eef4b1f
1793,33602TX0461223,96,26,Individual,HMO,QHP,Silver,Transparency 2026 - Ind QHP,1591,Transparency_in_Coverage_PUF.xlsx,27379dc76590027b0e6d21d736331f87376f0ac87810d68e9f7cca555eef4b1f
1794,33602TX0500001,96,26,Individual,PPO,SADP,High,Transparency 2026 - Ind SADP,206,Transparency_in_Coverage_PUF.xlsx,27379dc76590027b0e6d21d736331f87376f0ac87810d68e9f7cca555eef4b1f
1795,33602TX0500002,96,26,Individual,PPO,SADP,Low,Transparency 2026 - Ind SADP,207,Transparency_in_Coverage_PUF.xlsx,27379dc76590027b0e6d21d736331f87376f0ac87810d68e9f7cca555eef4b1f
1796,33602TX0500003,96,26,Individual,PPO,SADP,High,Transparency 2026 - Ind SADP,208,Transparency_in_Coverage_PUF.xlsx,27379dc76590027b0e6d21d736331f87376f0ac87810d68e9f7cca555eef4b1f
1797,33602TX0500004,96,26,Individual,PPO,SADP,Low,Transparency 2026 - Ind SADP,209,Transparency_in_Coverage_PUF.xlsx,27379dc76590027b0e6d21d736331f87376f0ac87810d68e9f7cca555eef4b1f
1798,33602TX0500006,96,26,Individual,PPO,SADP,Low,Transparency 2026 - Ind SADP,210,Transparency_in_Coverage_PUF.xlsx,27379dc76590027b0e6d21d736331f87376f0ac87810d68e9f7cca555eef4b1f
1799,33602TX0500007,96,26,Individual,PPO,SADP,Low,Transparency 2026 - Ind SADP,211,Transparency_in_Coverage_PUF.xlsx,27379dc76590027b0e6d21d736331f87376f0ac87810d68e9f7cca555eef4b1f
1800,33602TX0870002,96,26,Individual,POS,QHP,Bronze,Transparency 2026 - Ind QHP,1592,Transparency_in_Coverage_PUF.xlsx,27379dc76590027b0e6d21d736331f87376f0ac87810d68e9f7cca555eef4b1f
1801,33602TX0870003,96,26,Individual,POS,QHP,Bronze,Transparency 2026 - Ind QHP,1593,Transparency_in_Coverage_PUF.xlsx,27379dc76590027b0e6d21d736331f87376f0ac87810d68e9f7cca555eef4b1f
1802,33602TX0870004,96,26,Individual,POS,QHP,Bronze,Transparency 2026 - Ind QHP,1594,Transparency_in_Coverage_PUF.xlsx,27379dc76590027b0e6d21d736331f87376f0ac87810d68e9f7cca555eef4b1f
1803,33602TX0870005,96,26,Individual,POS,QHP,Gold,Transparency 2026 - Ind QHP,1595,Transparency_in_Coverage_PUF.xlsx,27379dc76590027b0e6d21d736331f87376f0ac87810d68e9f7cca555eef4b1f
1804,33602TX0870006,96,26,Individual,POS,QHP,Gold,Transparency 2026 - Ind QHP,1596,Transparency_in_Coverage_PUF.xlsx,27379dc76590027b0e6d21d736331f87376f0ac87810d68e9f7cca555eef4b1f
1805,33602TX0870007,96,26,Individual,POS,QHP,Silver,Transparency 2026 - Ind QHP,1597,Transparency_in_Coverage_PUF.xlsx,27379dc76590027b0e6d21d736331f87376f0ac87810d68e9f7cca555eef4b1f
1806,33602TX0870009,96,26,Individual,POS,QHP,Silver,Transparency 2026 - Ind QHP,1598,Transparency_in_Coverage_PUF.xlsx,27379dc76590027b0e6d21d736331f87376f0ac87810d68e9f7cca555eef4b1f
1807,33602TX0870010,96,26,Individual,POS,QHP,Silver,Transparency 2026 - Ind QHP,1599,Transparency_in_Coverage_PUF.xlsx,27379dc76590027b0e6d21d736331f87376f0ac87810d68e9f7cca555eef4b1f
1808,33602TX0870011,96,26,Individual,POS,QHP,Gold,Transparency 2026 - Ind QHP,1600,Transparency_in_Coverage_PUF.xlsx,27379dc76590027b0e6d21d736331f87376f0ac87810d68e9f7cca555eef4b1f
1809,33602TX0870038,96,26,Individual,POS,QHP,Bronze,Transparency 2026 - Ind QHP,1601,Transparency_in_Coverage_PUF.xlsx,27379dc76590027b0e6d21d736331f87376f0ac87810d68e9f7cca555eef4b1f
1810,33602TX0870039,96,26,Individual,POS,QHP,Bronze,Transparency 2026 - Ind QHP,1602,Transparency_in_Coverage_PUF.xlsx,27379dc76590027b0e6d21d736331f87376f0ac87810d68e9f7cca555eef4b1f
1811,33602TX0870040,96,26,Individual,POS,QHP,Bronze,Transparency 2026 - Ind QHP,1603,Transparency_in_Coverage_PUF.xlsx,27379dc76590027b0e6d21d736331f87376f0ac87810d68e9f7cca555eef4b1f
1812,33602TX0870041,96,26,Individual,POS,QHP,Bronze,Transparency 2026 - Ind QHP,1604,Transparency_in_Coverage_PUF.xlsx,27379dc76590027b0e6d21d736331f87376f0ac87810d68e9f7cca555eef4b1f
1813,33602TX0870042,96,26,Individual,POS,QHP,Bronze,Transparency 2026 - Ind QHP,1605,Transparency_in_Coverage_PUF.xlsx,27379dc76590027b0e6d21d736331f87376f0ac87810d68e9f7cca555eef4b1f
1814,33602TX0870043,96,26,Individual,POS,QHP,Bronze,Transparency 2026 - Ind QHP,1606,Transparency_in_Coverage_PUF.xlsx,27379dc76590027b0e6d21d736331f87376f0ac87810d68e9f7cca555eef4b1f
1815,33602TX0870044,96,26,Individual,POS,QHP,Bronze,Transparency 2026 - Ind QHP,1607,Transparency_in_Coverage_PUF.xlsx,27379dc76590027b0e6d21d736331f87376f0ac87810d68e9f7cca555eef4b1f
1816,33602TX0870045,96,26,Individual,POS,QHP,Bronze,Transparency 2026 - Ind QHP,1608,Transparency_in_Coverage_PUF.xlsx,27379dc76590027b0e6d21d736331f87376f0ac87810d68e9f7cca555eef4b1f
1817,33602TX0870046,96,26,Individual,POS,QHP,Bronze,Transparency 2026 - Ind QHP,1609,Transparency_in_Coverage_PUF.xlsx,27379dc76590027b0e6d21d736331f87376f0ac87810d68e9f7cca555eef4b1f
1818,33602TX0870047,96,26,Individual,POS,QHP,Bronze,Transparency 2026 - Ind QHP,1610,Transparency_in_Coverage_PUF.xlsx,27379dc76590027b0e6d21d736331f87376f0ac87810d68e9f7cca555eef4b1f
1819,33602TX0870048,96,26,Individual,POS,QHP,Bronze,Transparency 2026 - Ind QHP,1611,Transparency_in_Coverage_PUF.xlsx,27379dc76590027b0e6d21d736331f87376f0ac87810d68e9f7cca555eef4b1f
1820,33602TX0870049,96,26,Individual,POS,QHP,Bronze,Transparency 2026 - Ind QHP,1612,Transparency_in_Coverage_PUF.xlsx,27379dc76590027b0e6d21d736331f87376f0ac87810d68e9f7cca555eef4b1f
1821,33602TX0870050,96,26,Individual,POS,QHP,Bronze,Transparency 2026 - Ind QHP,1613,Transparency_in_Coverage_PUF.xlsx,27379dc76590027b0e6d21d736331f87376f0ac87810d68e9f7cca555eef4b1f
1822,33602TX0870051,96,26,Individual,POS,QHP,Bronze,Transparency 2026 - Ind QHP,1614,Transparency_in_Coverage_PUF.xlsx,27379dc76590027b0e6d21d736331f87376f0ac87810d68e9f7cca555eef4b1f
1823,33602TX0870052,96,26,Individual,POS,QHP,Bronze,Transparency 2026 - Ind QHP,1615,Transparency_in_Coverage_PUF.xlsx,27379dc76590027b0e6d21d736331f87376f0ac87810d68e9f7cca555eef4b1f
1824,33602TX0870053,96,26,Individual,POS,QHP,Bronze,Transparency 2026 - Ind QHP,1616,Transparency_in_Coverage_PUF.xlsx,27379dc76590027b0e6d21d736331f87376f0ac87810d68e9f7cca555eef4b1f
1825,33602TX0870054,96,26,Individual,POS,QHP,Bronze,Transparency 2026 - Ind QHP,1617,Transparency_in_Coverage_PUF.xlsx,27379dc76590027b0e6d21d736331f87376f0ac87810d68e9f7cca555eef4b1f
1826,33602TX0870055,96,26,Individual,POS,QHP,Bronze,Transparency 2026 - Ind QHP,1618,Transparency_in_Coverage_PUF.xlsx,27379dc76590027b0e6d21d736331f87376f0ac87810d68e9f7cca555eef4b1f
1827,33602TX0870056,96,26,Individual,POS,QHP,Bronze,Transparency 2026 - Ind QHP,1619,Transparency_in_Coverage_PUF.xlsx,27379dc76590027b0e6d21d736331f87376f0ac87810d68e9f7cca555eef4b1f
1828,33602TX0870057,96,26,Individual,POS,QHP,Bronze,Transparency 2026 - Ind QHP,1620,Transparency_in_Coverage_PUF.xlsx,27379dc76590027b0e6d21d736331f87376f0ac87810d68e9f7cca555eef4b1f
1829,33602TX0870058,96,26,Individual,POS,QHP,Bronze,Transparency 2026 - Ind QHP,1621,Transparency_in_Coverage_PUF.xlsx,27379dc76590027b0e6d21d736331f87376f0ac87810d68e9f7cca555eef4b1f
1830,33602TX0870059,96,26,Individual,POS,QHP,Bronze,Transparency 2026 - Ind QHP,1622,Transparency_in_Coverage_PUF.xlsx,27379dc76590027b0e6d21d736331f87376f0ac87810d68e9f7cca555eef4b1f
1831,33602TX0870060,96,26,Individual,POS,QHP,Bronze,Transparency 2026 - Ind QHP,1623,Transparency_in_Coverage_PUF.xlsx,27379dc76590027b0e6d21d736331f87376f0ac87810d68e9f7cca555eef4b1f
1832,33602TX0870061,96,26,Individual,POS,QHP,Bronze,Transparency 2026 - Ind QHP,1624,Transparency_in_Coverage_PUF.xlsx,27379dc76590027b0e6d21d736331f87376f0ac87810d68e9f7cca555eef4b1f
1833,33602TX0870062,96,26,Individual,POS,QHP,Bronze,Transparency 2026 - Ind QHP,1625,Transparency_in_Coverage_PUF.xlsx,27379dc76590027b0e6d21d736331f87376f0ac87810d68e9f7cca555eef4b1f
1834,33602TX0870063,96,26,Individual,POS,QHP,Bronze,Transparency 2026 - Ind QHP,1626,Transparency_in_Coverage_PUF.xlsx,27379dc76590027b0e6d21d736331f87376f0ac87810d68e9f7cca555eef4b1f
1835,33602TX0870064,96,26,Individual,POS,QHP,Bronze,Transparency 2026 - Ind QHP,1627,Transparency_in_Coverage_PUF.xlsx,27379dc76590027b0e6d21d736331f87376f0ac87810d68e9f7cca555eef4b1f
1836,33602TX0870065,96,26,Individual,POS,QHP,Bronze,Transparency 2026 - Ind QHP,1628,Transparency_in_Coverage_PUF.xlsx,27379dc76590027b0e6d21d736331f87376f0ac87810d68e9f7cca555eef4b1f
1837,33602TX0870066,96,26,Individual,POS,QHP,Bronze,Transparency 2026 - Ind QHP,1629,Transparency_in_Coverage_PUF.xlsx,27379dc76590027b0e6d21d736331f87376f0ac87810d68e9f7cca555eef4b1f
1838,33602TX0870067,96,26,Individual,POS,QHP,Bronze,Transparency 2026 - Ind QHP,1630,Transparency_in_Coverage_PUF.xlsx,27379dc76590027b0e6d21d736331f87376f0ac87810d68e9f7cca555eef4b1f
1839,33602TX0870068,96,26,Individual,POS,QHP,Bronze,Transparency 2026 - Ind QHP,1631,Transparency_in_Coverage_PUF.xlsx,27379dc76590027b0e6d21d736331f87376f0ac87810d68e9f7cca555eef4b1f
1840,33602TX0870069,96,26,Individual,POS,QHP,Bronze,Transparency 2026 - Ind QHP,1632,Transparency_in_Coverage_PUF.xlsx,27379dc76590027b0e6d21d736331f87376f0ac87810d68e9f7cca555eef4b1f
1841,33602TX0870070,96,26,Individual,POS,QHP,Bronze,Transparency 2026 - Ind QHP,1633,Transparency_in_Coverage_PUF.xlsx,27379dc76590027b0e6d21d736331f87376f0ac87810d68e9f7cca555eef4b1f
1842,33602TX0870071,96,26,Individual,POS,QHP,Bronze,Transparency 2026 - Ind QHP,1634,Transparency_in_Coverage_PUF.xlsx,27379dc76590027b0e6d21d736331f87376f0ac87810d68e9f7cca555eef4b1f
1843,33602TX0870072,96,26,Individual,POS,QHP,Bronze,Transparency 2026 - Ind QHP,1635,Transparency_in_Coverage_PUF.xlsx,27379dc76590027b0e6d21d736331f87376f0ac87810d68e9f7cca555eef4b1f
1844,33602TX0870073,96,26,Individual,POS,QHP,Bronze,Transparency 2026 - Ind QHP,1636,Transparency_in_Coverage_PUF.xlsx,27379dc76590027b0e6d21d736331f87376f0ac87810d68e9f7cca555eef4b1f
1845,33602TX0870074,96,26,Individual,POS,QHP,Bronze,Transparency 2026 - Ind QHP,1637,Transparency_in_Coverage_PUF.xlsx,27379dc76590027b0e6d21d736331f87376f0ac87810d68e9f7cca555eef4b1f
1846,33602TX0870075,96,26,Individual,POS,QHP,Bronze,Transparency 2026 - Ind QHP,1638,Transparency_in_Coverage_PUF.xlsx,27379dc76590027b0e6d21d736331f87376f0ac87810d68e9f7cca555eef4b1f
1847,33602TX0870076,96,26,Individual,POS,QHP,Bronze,Transparency 2026 - Ind QHP,1639,Transparency_in_Coverage_PUF.xlsx,27379dc76590027b0e6d21d736331f87376f0ac87810d68e9f7cca555eef4b1f
1848,33602TX0870077,96,26,Individual,POS,QHP,Bronze,Transparency 2026 - Ind QHP,1640,Transparency_in_Coverage_PUF.xlsx,27379dc76590027b0e6d21d736331f87376f0ac87810d68e9f7cca555eef4b1f
1849,33602TX0870078,96,26,Individual,POS,QHP,Bronze,Transparency 2026 - Ind QHP,1641,Transparency_in_Coverage_PUF.xlsx,27379dc76590027b0e6d21d736331f87376f0ac87810d68e9f7cca555eef4b1f
1850,33602TX0870079,96,26,Individual,POS,QHP,Bronze,Transparency 2026 - Ind QHP,1642,Transparency_in_Coverage_PUF.xlsx,27379dc76590027b0e6d21d736331f87376f0ac87810d68e9f7cca555eef4b1f
1851,33602TX0870080,96,26,Individual,POS,QHP,Bronze,Transparency 2026 - Ind QHP,1643,Transparency_in_Coverage_PUF.xlsx,27379dc76590027b0e6d21d736331f87376f0ac87810d68e9f7cca555eef4b1f
1852,33602TX0870081,96,26,Individual,POS,QHP,Bronze,Transparency 2026 - Ind QHP,1644,Transparency_in_Coverage_PUF.xlsx,27379dc76590027b0e6d21d736331f87376f0ac87810d68e9f7cca555eef4b1f
1853,33602TX0870082,96,26,Individual,POS,QHP,Bronze,Transparency 2026 - Ind QHP,1645,Transparency_in_Coverage_PUF.xlsx,27379dc76590027b0e6d21d736331f87376f0ac87810d68e9f7cca555eef4b1f
1854,33602TX0870083,96,26,Individual,POS,QHP,Bronze,Transparency 2026 - Ind QHP,1646,Transparency_in_Coverage_PUF.xlsx,27379dc76590027b0e6d21d736331f87376f0ac87810d68e9f7cca555eef4b1f
1855,33602TX0870084,96,26,Individual,POS,QHP,Bronze,Transparency 2026 - Ind QHP,1647,Transparency_in_Coverage_PUF.xlsx,27379dc76590027b0e6d21d736331f87376f0ac87810d68e9f7cca555eef4b1f
1856,33602TX0870085,96,26,Individual,POS,QHP,Bronze,Transparency 2026 - Ind QHP,1648,Transparency_in_Coverage_PUF.xlsx,27379dc76590027b0e6d21d736331f87376f0ac87810d68e9f7cca555eef4b1f
1857,33602TX0870086,96,26,Individual,POS,QHP,Bronze,Transparency 2026 - Ind QHP,1649,Transparency_in_Coverage_PUF.xlsx,27379dc76590027b0e6d21d736331f87376f0ac87810d68e9f7cca555eef4b1f
1858,33602TX0870087,96,26,Individual,POS,QHP,Bronze,Transparency 2026 - Ind QHP,1650,Transparency_in_Coverage_PUF.xlsx,27379dc76590027b0e6d21d736331f87376f0ac87810d68e9f7cca555eef4b1f
1859,33602TX0870088,96,26,Individual,POS,QHP,Bronze,Transparency 2026 - Ind QHP,1651,Transparency_in_Coverage_PUF.xlsx,27379dc76590027b0e6d21d736331f87376f0ac87810d68e9f7cca555eef4b1f
1860,33602TX0870089,96,26,Individual,POS,QHP,Bronze,Transparency 2026 - Ind QHP,1652,Transparency_in_Coverage_PUF.xlsx,27379dc76590027b0e6d21d736331f87376f0ac87810d68e9f7cca555eef4b1f
1861,33602TX0870090,96,26,Individual,POS,QHP,Bronze,Transparency 2026 - Ind QHP,1653,Transparency_in_Coverage_PUF.xlsx,27379dc76590027b0e6d21d736331f87376f0ac87810d68e9f7cca555eef4b1f
1862,33602TX0870091,96,26,Individual,POS,QHP,Bronze,Transparency 2026 - Ind QHP,1654,Transparency_in_Coverage_PUF.xlsx,27379dc76590027b0e6d21d736331f87376f0ac87810d68e9f7cca555eef4b1f
1863,33602TX0870092,96,26,Individual,POS,QHP,Bronze,Transparency 2026 - Ind QHP,1655,Transparency_in_Coverage_PUF.xlsx,27379dc76590027b0e6d21d736331f87376f0ac87810d68e9f7cca555eef4b1f
1864,33602TX0870093,96,26,Individual,POS,QHP,Bronze,Transparency 2026 - Ind QHP,1656,Transparency_in_Coverage_PUF.xlsx,27379dc76590027b0e6d21d736331f87376f0ac87810d68e9f7cca555eef4b1f
1865,33602TX0870094,96,26,Individual,POS,QHP,Bronze,Transparency 2026 - Ind QHP,1657,Transparency_in_Coverage_PUF.xlsx,27379dc76590027b0e6d21d736331f87376f0ac87810d68e9f7cca555eef4b1f
1866,33602TX0870095,96,26,Individual,POS,QHP,Bronze,Transparency 2026 - Ind QHP,1658,Transparency_in_Coverage_PUF.xlsx,27379dc76590027b0e6d21d736331f87376f0ac87810d68e9f7cca555eef4b1f
1867,33602TX0870096,96,26,Individual,POS,QHP,Bronze,Transparency 2026 - Ind QHP,1659,Transparency_in_Coverage_PUF.xlsx,27379dc76590027b0e6d21d736331f87376f0ac87810d68e9f7cca555eef4b1f
1868,33602TX0870097,96,26,Individual,POS,QHP,Bronze,Transparency 2026 - Ind QHP,1660,Transparency_in_Coverage_PUF.xlsx,27379dc76590027b0e6d21d736331f87376f0ac87810d68e9f7cca555eef4b1f
1869,33602TX0870098,96,26,Individual,POS,QHP,Bronze,Transparency 2026 - Ind QHP,1661,Transparency_in_Coverage_PUF.xlsx,27379dc76590027b0e6d21d736331f87376f0ac87810d68e9f7cca555eef4b1f
1870,33602TX0870099,96,26,Individual,POS,QHP,Bronze,Transparency 2026 - Ind QHP,1662,Transparency_in_Coverage_PUF.xlsx,27379dc76590027b0e6d21d736331f87376f0ac87810d68e9f7cca555eef4b1f
1871,33602TX0870100,96,26,Individual,POS,QHP,Bronze,Transparency 2026 - Ind QHP,1663,Transparency_in_Coverage_PUF.xlsx,27379dc76590027b0e6d21d736331f87376f0ac87810d68e9f7cca555eef4b1f
1872,33602TX0870101,96,26,Individual,POS,QHP,Bronze,Transparency 2026 - Ind QHP,1664,Transparency_in_Coverage_PUF.xlsx,27379dc76590027b0e6d21d736331f87376f0ac87810d68e9f7cca555eef4b1f
1873,33602TX0870102,96,26,Individual,POS,QHP,Bronze,Transparency 2026 - Ind QHP,1665,Transparency_in_Coverage_PUF.xlsx,27379dc76590027b0e6d21d736331f87376f0ac87810d68e9f7cca555eef4b1f
1874,33602TX0870103,96,26,Individual,POS,QHP,Bronze,Transparency 2026 - Ind QHP,1666,Transparency_in_Coverage_PUF.xlsx,27379dc76590027b0e6d21d736331f87376f0ac87810d68e9f7cca555eef4b1f
1875,33602TX0870104,96,26,Individual,POS,QHP,Bronze,Transparency 2026 - Ind QHP,1667,Transparency_in_Coverage_PUF.xlsx,27379dc76590027b0e6d21d736331f87376f0ac87810d68e9f7cca555eef4b1f
1876,33602TX0870105,96,26,Individual,POS,QHP,Bronze,Transparency 2026 - Ind QHP,1668,Transparency_in_Coverage_PUF.xlsx,27379dc76590027b0e6d21d736331f87376f0ac87810d68e9f7cca555eef4b1f
1877,33602TX0870106,96,26,Individual,POS,QHP,Bronze,Transparency 2026 - Ind QHP,1669,Transparency_in_Coverage_PUF.xlsx,27379dc76590027b0e6d21d736331f87376f0ac87810d68e9f7cca555eef4b1f
1878,33602TX0870107,96,26,Individual,POS,QHP,Bronze,Transparency 2026 - Ind QHP,1670,Transparency_in_Coverage_PUF.xlsx,27379dc76590027b0e6d21d736331f87376f0ac87810d68e9f7cca555eef4b1f
1879,33602TX0870108,96,26,Individual,POS,QHP,Bronze,Transparency 2026 - Ind QHP,1671,Transparency_in_Coverage_PUF.xlsx,27379dc76590027b0e6d21d736331f87376f0ac87810d68e9f7cca555eef4b1f
1880,33602TX0870109,96,26,Individual,POS,QHP,Bronze,Transparency 2026 - Ind QHP,1672,Transparency_in_Coverage_PUF.xlsx,27379dc76590027b0e6d21d736331f87376f0ac87810d68e9f7cca555eef4b1f
1881,33602TX0870110,96,26,Individual,POS,QHP,Bronze,Transparency 2026 - Ind QHP,1673,Transparency_in_Coverage_PUF.xlsx,27379dc76590027b0e6d21d736331f87376f0ac87810d68e9f7cca555eef4b1f
1882,33602TX0870111,96,26,Individual,POS,QHP,Bronze,Transparency 2026 - Ind QHP,1674,Transparency_in_Coverage_PUF.xlsx,27379dc76590027b0e6d21d736331f87376f0ac87810d68e9f7cca555eef4b1f
1883,33602TX0870112,96,26,Individual,POS,QHP,Bronze,Transparency 2026 - Ind QHP,1675,Transparency_in_Coverage_PUF.xlsx,27379dc76590027b0e6d21d736331f87376f0ac87810d68e9f7cca555eef4b1f
1884,33602TX0870113,96,26,Individual,POS,QHP,Bronze,Transparency 2026 - Ind QHP,1676,Transparency_in_Coverage_PUF.xlsx,27379dc76590027b0e6d21d736331f87376f0ac87810d68e9f7cca555eef4b1f
1885,33602TX0870114,96,26,Individual,POS,QHP,Bronze,Transparency 2026 - Ind QHP,1677,Transparency_in_Coverage_PUF.xlsx,27379dc76590027b0e6d21d736331f87376f0ac87810d68e9f7cca555eef4b1f
1886,33602TX0870115,96,26,Individual,POS,QHP,Bronze,Transparency 2026 - Ind QHP,1678,Transparency_in_Coverage_PUF.xlsx,27379dc76590027b0e6d21d736331f87376f0ac87810d68e9f7cca555eef4b1f
1887,33602TX0870116,96,26,Individual,POS,QHP,Gold,Transparency 2026 - Ind QHP,1679,Transparency_in_Coverage_PUF.xlsx,27379dc76590027b0e6d21d736331f87376f0ac87810d68e9f7cca555eef4b1f
1888,33602TX0870117,96,26,Individual,POS,QHP,Gold,Transparency 2026 - Ind QHP,1680,Transparency_in_Coverage_PUF.xlsx,27379dc76590027b0e6d21d736331f87376f0ac87810d68e9f7cca555eef4b1f
1889,33602TX0870118,96,26,Individual,POS,QHP,Gold,Transparency 2026 - Ind QHP,1681,Transparency_in_Coverage_PUF.xlsx,27379dc76590027b0e6d21d736331f87376f0ac87810d68e9f7cca555eef4b1f
1890,33602TX0870119,96,26,Individual,POS,QHP,Gold,Transparency 2026 - Ind QHP,1682,Transparency_in_Coverage_PUF.xlsx,27379dc76590027b0e6d21d736331f87376f0ac87810d68e9f7cca555eef4b1f
1891,33602TX0870120,96,26,Individual,POS,QHP,Gold,Transparency 2026 - Ind QHP,1683,Transparency_in_Coverage_PUF.xlsx,27379dc76590027b0e6d21d736331f87376f0ac87810d68e9f7cca555eef4b1f
1892,33602TX0870121,96,26,Individual,POS,QHP,Gold,Transparency 2026 - Ind QHP,1684,Transparency_in_Coverage_PUF.xlsx,27379dc76590027b0e6d21d736331f87376f0ac87810d68e9f7cca555eef4b1f
1893,33602TX0870122,96,26,Individual,POS,QHP,Gold,Transparency 2026 - Ind QHP,1685,Transparency_in_Coverage_PUF.xlsx,27379dc76590027b0e6d21d736331f87376f0ac87810d68e9f7cca555eef4b1f
1894,33602TX0870123,96,26,Individual,POS,QHP,Gold,Transparency 2026 - Ind QHP,1686,Transparency_in_Coverage_PUF.xlsx,27379dc76590027b0e6d21d736331f87376f0ac87810d68e9f7cca555eef4b1f
1895,33602TX0870124,96,26,Individual,POS,QHP,Gold,Transparency 2026 - Ind QHP,1687,Transparency_in_Coverage_PUF.xlsx,27379dc76590027b0e6d21d736331f87376f0ac87810d68e9f7cca555eef4b1f
1896,33602TX0870125,96,26,Individual,POS,QHP,Gold,Transparency 2026 - Ind QHP,1688,Transparency_in_Coverage_PUF.xlsx,27379dc76590027b0e6d21d736331f87376f0ac87810d68e9f7cca555eef4b1f
1897,33602TX0870126,96,26,Individual,POS,QHP,Gold,Transparency 2026 - Ind QHP,1689,Transparency_in_Coverage_PUF.xlsx,27379dc76590027b0e6d21d736331f87376f0ac87810d68e9f7cca555eef4b1f
1898,33602TX0870127,96,26,Individual,POS,QHP,Gold,Transparency 2026 - Ind QHP,1690,Transparency_in_Coverage_PUF.xlsx,27379dc76590027b0e6d21d736331f87376f0ac87810d68e9f7cca555eef4b1f
1899,33602TX0870128,96,26,Individual,POS,QHP,Gold,Transparency 2026 - Ind QHP,1691,Transparency_in_Coverage_PUF.xlsx,27379dc76590027b0e6d21d736331f87376f0ac87810d68e9f7cca555eef4b1f
1900,33602TX0870129,96,26,Individual,POS,QHP,Gold,Transparency 2026 - Ind QHP,1692,Transparency_in_Coverage_PUF.xlsx,27379dc76590027b0e6d21d736331f87376f0ac87810d68e9f7cca555eef4b1f
1901,33602TX0870130,96,26,Individual,POS,QHP,Gold,Transparency 2026 - Ind QHP,1693,Transparency_in_Coverage_PUF.xlsx,27379dc76590027b0e6d21d736331f87376f0ac87810d68e9f7cca555eef4b1f
1902,33602TX0870131,96,26,Individual,POS,QHP,Gold,Transparency 2026 - Ind QHP,1694,Transparency_in_Coverage_PUF.xlsx,27379dc76590027b0e6d21d736331f87376f0ac87810d68e9f7cca555eef4b1f
1903,33602TX0870132,96,26,Individual,POS,QHP,Gold,Transparency 2026 - Ind QHP,1695,Transparency_in_Coverage_PUF.xlsx,27379dc76590027b0e6d21d736331f87376f0ac87810d68e9f7cca555eef4b1f
1904,33602TX0870133,96,26,Individual,POS,QHP,Gold,Transparency 2026 - Ind QHP,1696,Transparency_in_Coverage_PUF.xlsx,27379dc76590027b0e6d21d736331f87376f0ac87810d68e9f7cca555eef4b1f
1905,33602TX0870134,96,26,Individual,POS,QHP,Gold,Transparency 2026 - Ind QHP,1697,Transparency_in_Coverage_PUF.xlsx,27379dc76590027b0e6d21d736331f87376f0ac87810d68e9f7cca555eef4b1f
1906,33602TX0870135,96,26,Individual,POS,QHP,Gold,Transparency 2026 - Ind QHP,1698,Transparency_in_Coverage_PUF.xlsx,27379dc76590027b0e6d21d736331f87376f0ac87810d68e9f7cca555eef4b1f
1907,33602TX0870136,96,26,Individual,POS,QHP,Gold,Transparency 2026 - Ind QHP,1699,Transparency_in_Coverage_PUF.xlsx,27379dc76590027b0e6d21d736331f87376f0ac87810d68e9f7cca555eef4b1f
1908,33602TX0870137,96,26,Individual,POS,QHP,Gold,Transparency 2026 - Ind QHP,1700,Transparency_in_Coverage_PUF.xlsx,27379dc76590027b0e6d21d736331f87376f0ac87810d68e9f7cca555eef4b1f
1909,33602TX0870138,96,26,Individual,POS,QHP,Gold,Transparency 2026 - Ind QHP,1701,Transparency_in_Coverage_PUF.xlsx,27379dc76590027b0e6d21d736331f87376f0ac87810d68e9f7cca555eef4b1f
1910,33602TX0870139,96,26,Individual,POS,QHP,Gold,Transparency 2026 - Ind QHP,1702,Transparency_in_Coverage_PUF.xlsx,27379dc76590027b0e6d21d736331f87376f0ac87810d68e9f7cca555eef4b1f
1911,33602TX0870140,96,26,Individual,POS,QHP,Gold,Transparency 2026 - Ind QHP,1703,Transparency_in_Coverage_PUF.xlsx,27379dc76590027b0e6d21d736331f87376f0ac87810d68e9f7cca555eef4b1f
1912,33602TX0870141,96,26,Individual,POS,QHP,Gold,Transparency 2026 - Ind QHP,1704,Transparency_in_Coverage_PUF.xlsx,27379dc76590027b0e6d21d736331f87376f0ac87810d68e9f7cca555eef4b1f
1913,33602TX0870142,96,26,Individual,POS,QHP,Gold,Transparency 2026 - Ind QHP,1705,Transparency_in_Coverage_PUF.xlsx,27379dc76590027b0e6d21d736331f87376f0ac87810d68e9f7cca555eef4b1f
1914,33602TX0870143,96,26,Individual,POS,QHP,Gold,Transparency 2026 - Ind QHP,1706,Transparency_in_Coverage_PUF.xlsx,27379dc76590027b0e6d21d736331f87376f0ac87810d68e9f7cca555eef4b1f
1915,33602TX0870144,96,26,Individual,POS,QHP,Gold,Transparency 2026 - Ind QHP,1707,Transparency_in_Coverage_PUF.xlsx,27379dc76590027b0e6d21d736331f87376f0ac87810d68e9f7cca555eef4b1f
1916,33602TX0870145,96,26,Individual,POS,QHP,Gold,Transparency 2026 - Ind QHP,1708,Transparency_in_Coverage_PUF.xlsx,27379dc76590027b0e6d21d736331f87376f0ac87810d68e9f7cca555eef4b1f
1917,33602TX0870146,96,26,Individual,POS,QHP,Gold,Transparency 2026 - Ind QHP,1709,Transparency_in_Coverage_PUF.xlsx,27379dc76590027b0e6d21d736331f87376f0ac87810d68e9f7cca555eef4b1f
1918,33602TX0870147,96,26,Individual,POS,QHP,Gold,Transparency 2026 - Ind QHP,1710,Transparency_in_Coverage_PUF.xlsx,27379dc76590027b0e6d21d736331f87376f0ac87810d68e9f7cca555eef4b1f
1919,33602TX0870148,96,26,Individual,POS,QHP,Gold,Transparency 2026 - Ind QHP,1711,Transparency_in_Coverage_PUF.xlsx,27379dc76590027b0e6d21d736331f87376f0ac87810d68e9f7cca555eef4b1f
1920,33602TX0870149,96,26,Individual,POS,QHP,Gold,Transparency 2026 - Ind QHP,1712,Transparency_in_Coverage_PUF.xlsx,27379dc76590027b0e6d21d736331f87376f0ac87810d68e9f7cca555eef4b1f
1921,33602TX0870150,96,26,Individual,POS,QHP,Gold,Transparency 2026 - Ind QHP,1713,Transparency_in_Coverage_PUF.xlsx,27379dc76590027b0e6d21d736331f87376f0ac87810d68e9f7cca555eef4b1f
1922,33602TX0870151,96,26,Individual,POS,QHP,Gold,Transparency 2026 - Ind QHP,1714,Transparency_in_Coverage_PUF.xlsx,27379dc76590027b0e6d21d736331f87376f0ac87810d68e9f7cca555eef4b1f
1923,33602TX0870152,96,26,Individual,POS,QHP,Gold,Transparency 2026 - Ind QHP,1715,Transparency_in_Coverage_PUF.xlsx,27379dc76590027b0e6d21d736331f87376f0ac87810d68e9f7cca555eef4b1f
1924,33602TX0870153,96,26,Individual,POS,QHP,Gold,Transparency 2026 - Ind QHP,1716,Transparency_in_Coverage_PUF.xlsx,27379dc76590027b0e6d21d736331f87376f0ac87810d68e9f7cca555eef4b1f
1925,33602TX0870154,96,26,Individual,POS,QHP,Gold,Transparency 2026 - Ind QHP,1717,Transparency_in_Coverage_PUF.xlsx,27379dc76590027b0e6d21d736331f87376f0ac87810d68e9f7cca555eef4b1f
1926,33602TX0870155,96,26,Individual,POS,QHP,Gold,Transparency 2026 - Ind QHP,1718,Transparency_in_Coverage_PUF.xlsx,27379dc76590027b0e6d21d736331f87376f0ac87810d68e9f7cca555eef4b1f
1927,33602TX0870156,96,26,Individual,POS,QHP,Gold,Transparency 2026 - Ind QHP,1719,Transparency_in_Coverage_PUF.xlsx,27379dc76590027b0e6d21d736331f87376f0ac87810d68e9f7cca555eef4b1f
1928,33602TX0870157,96,26,Individual,POS,QHP,Gold,Transparency 2026 - Ind QHP,1720,Transparency_in_Coverage_PUF.xlsx,27379dc76590027b0e6d21d736331f87376f0ac87810d68e9f7cca555eef4b1f
1929,33602TX0870158,96,26,Individual,POS,QHP,Gold,Transparency 2026 - Ind QHP,1721,Transparency_in_Coverage_PUF.xlsx,27379dc76590027b0e6d21d736331f87376f0ac87810d68e9f7cca555eef4b1f
1930,33602TX0870159,96,26,Individual,POS,QHP,Gold,Transparency 2026 - Ind QHP,1722,Transparency_in_Coverage_PUF.xlsx,27379dc76590027b0e6d21d736331f87376f0ac87810d68e9f7cca555eef4b1f
1931,33602TX0870160,96,26,Individual,POS,QHP,Gold,Transparency 2026 - Ind QHP,1723,Transparency_in_Coverage_PUF.xlsx,27379dc76590027b0e6d21d736331f87376f0ac87810d68e9f7cca555eef4b1f
1932,33602TX0870161,96,26,Individual,POS,QHP,Gold,Transparency 2026 - Ind QHP,1724,Transparency_in_Coverage_PUF.xlsx,27379dc76590027b0e6d21d736331f87376f0ac87810d68e9f7cca555eef4b1f
1933,33602TX0870162,96,26,Individual,POS,QHP,Gold,Transparency 2026 - Ind QHP,1725,Transparency_in_Coverage_PUF.xlsx,27379dc76590027b0e6d21d736331f87376f0ac87810d68e9f7cca555eef4b1f
1934,33602TX0870163,96,26,Individual,POS,QHP,Gold,Transparency 2026 - Ind QHP,1726,Transparency_in_Coverage_PUF.xlsx,27379dc76590027b0e6d21d736331f87376f0ac87810d68e9f7cca555eef4b1f
1935,33602TX0870164,96,26,Individual,POS,QHP,Gold,Transparency 2026 - Ind QHP,1727,Transparency_in_Coverage_PUF.xlsx,27379dc76590027b0e6d21d736331f87376f0ac87810d68e9f7cca555eef4b1f
1936,33602TX0870165,96,26,Individual,POS,QHP,Gold,Transparency 2026 - Ind QHP,1728,Transparency_in_Coverage_PUF.xlsx,27379dc76590027b0e6d21d736331f87376f0ac87810d68e9f7cca555eef4b1f
1937,33602TX0870166,96,26,Individual,POS,QHP,Gold,Transparency 2026 - Ind QHP,1729,Transparency_in_Coverage_PUF.xlsx,27379dc76590027b0e6d21d736331f87376f0ac87810d68e9f7cca555eef4b1f
1938,33602TX0870167,96,26,Individual,POS,QHP,Gold,Transparency 2026 - Ind QHP,1730,Transparency_in_Coverage_PUF.xlsx,27379dc76590027b0e6d21d736331f87376f0ac87810d68e9f7cca555eef4b1f
1939,33602TX0870168,96,26,Individual,POS,QHP,Silver,Transparency 2026 - Ind QHP,1731,Transparency_in_Coverage_PUF.xlsx,27379dc76590027b0e6d21d736331f87376f0ac87810d68e9f7cca555eef4b1f
1940,33602TX0870169,96,26,Individual,POS,QHP,Silver,Transparency 2026 - Ind QHP,1732,Transparency_in_Coverage_PUF.xlsx,27379dc76590027b0e6d21d736331f87376f0ac87810d68e9f7cca555eef4b1f
1941,33602TX0870170,96,26,Individual,POS,QHP,Silver,Transparency 2026 - Ind QHP,1733,Transparency_in_Coverage_PUF.xlsx,27379dc76590027b0e6d21d736331f87376f0ac87810d68e9f7cca555eef4b1f
1942,33602TX0870171,96,26,Individual,POS,QHP,Silver,Transparency 2026 - Ind QHP,1734,Transparency_in_Coverage_PUF.xlsx,27379dc76590027b0e6d21d736331f87376f0ac87810d68e9f7cca555eef4b1f
1943,33602TX0870172,96,26,Individual,POS,QHP,Silver,Transparency 2026 - Ind QHP,1735,Transparency_in_Coverage_PUF.xlsx,27379dc76590027b0e6d21d736331f87376f0ac87810d68e9f7cca555eef4b1f
1944,33602TX0870173,96,26,Individual,POS,QHP,Silver,Transparency 2026 - Ind QHP,1736,Transparency_in_Coverage_PUF.xlsx,27379dc76590027b0e6d21d736331f87376f0ac87810d68e9f7cca555eef4b1f
1945,33602TX0870174,96,26,Individual,POS,QHP,Silver,Transparency 2026 - Ind QHP,1737,Transparency_in_Coverage_PUF.xlsx,27379dc76590027b0e6d21d736331f87376f0ac87810d68e9f7cca555eef4b1f
1946,33602TX0870175,96,26,Individual,POS,QHP,Silver,Transparency 2026 - Ind QHP,1738,Transparency_in_Coverage_PUF.xlsx,27379dc76590027b0e6d21d736331f87376f0ac87810d68e9f7cca555eef4b1f
1947,33602TX0870176,96,26,Individual,POS,QHP,Silver,Transparency 2026 - Ind QHP,1739,Transparency_in_Coverage_PUF.xlsx,27379dc76590027b0e6d21d736331f87376f0ac87810d68e9f7cca555eef4b1f
1948,33602TX0870177,96,26,Individual,POS,QHP,Silver,Transparency 2026 - Ind QHP,1740,Transparency_in_Coverage_PUF.xlsx,27379dc76590027b0e6d21d736331f87376f0ac87810d68e9f7cca555eef4b1f
1949,33602TX0870178,96,26,Individual,POS,QHP,Silver,Transparency 2026 - Ind QHP,1741,Transparency_in_Coverage_PUF.xlsx,27379dc76590027b0e6d21d736331f87376f0ac87810d68e9f7cca555eef4b1f
1950,33602TX0870179,96,26,Individual,POS,QHP,Silver,Transparency 2026 - Ind QHP,1742,Transparency_in_Coverage_PUF.xlsx,27379dc76590027b0e6d21d736331f87376f0ac87810d68e9f7cca555eef4b1f
1951,33602TX0870180,96,26,Individual,POS,QHP,Silver,Transparency 2026 - Ind QHP,1743,Transparency_in_Coverage_PUF.xlsx,27379dc76590027b0e6d21d736331f87376f0ac87810d68e9f7cca555eef4b1f
1952,33602TX0870181,96,26,Individual,POS,QHP,Silver,Transparency 2026 - Ind QHP,1744,Transparency_in_Coverage_PUF.xlsx,27379dc76590027b0e6d21d736331f87376f0ac87810d68e9f7cca555eef4b1f
1953,33602TX0870182,96,26,Individual,POS,QHP,Silver,Transparency 2026 - Ind QHP,1745,Transparency_in_Coverage_PUF.xlsx,27379dc76590027b0e6d21d736331f87376f0ac87810d68e9f7cca555eef4b1f
1954,33602TX0870183,96,26,Individual,POS,QHP,Silver,Transparency 2026 - Ind QHP,1746,Transparency_in_Coverage_PUF.xlsx,27379dc76590027b0e6d21d736331f87376f0ac87810d68e9f7cca555eef4b1f
1955,33602TX0870184,96,26,Individual,POS,QHP,Silver,Transparency 2026 - Ind QHP,1747,Transparency_in_Coverage_PUF.xlsx,27379dc76590027b0e6d21d736331f87376f0ac87810d68e9f7cca555eef4b1f
1956,33602TX0870185,96,26,Individual,POS,QHP,Silver,Transparency 2026 - Ind QHP,1748,Transparency_in_Coverage_PUF.xlsx,27379dc76590027b0e6d21d736331f87376f0ac87810d68e9f7cca555eef4b1f
1957,33602TX0870186,96,26,Individual,POS,QHP,Silver,Transparency 2026 - Ind QHP,1749,Transparency_in_Coverage_PUF.xlsx,27379dc76590027b0e6d21d736331f87376f0ac87810d68e9f7cca555eef4b1f
1958,33602TX0870187,96,26,Individual,POS,QHP,Silver,Transparency 2026 - Ind QHP,1750,Transparency_in_Coverage_PUF.xlsx,27379dc76590027b0e6d21d736331f87376f0ac87810d68e9f7cca555eef4b1f
1959,33602TX0870188,96,26,Individual,POS,QHP,Silver,Transparency 2026 - Ind QHP,1751,Transparency_in_Coverage_PUF.xlsx,27379dc76590027b0e6d21d736331f87376f0ac87810d68e9f7cca555eef4b1f
1960,33602TX0870189,96,26,Individual,POS,QHP,Silver,Transparency 2026 - Ind QHP,1752,Transparency_in_Coverage_PUF.xlsx,27379dc76590027b0e6d21d736331f87376f0ac87810d68e9f7cca555eef4b1f
1961,33602TX0870190,96,26,Individual,POS,QHP,Silver,Transparency 2026 - Ind QHP,1753,Transparency_in_Coverage_PUF.xlsx,27379dc76590027b0e6d21d736331f87376f0ac87810d68e9f7cca555eef4b1f
1962,33602TX0870191,96,26,Individual,POS,QHP,Silver,Transparency 2026 - Ind QHP,1754,Transparency_in_Coverage_PUF.xlsx,27379dc76590027b0e6d21d736331f87376f0ac87810d68e9f7cca555eef4b1f
1963,33602TX0870192,96,26,Individual,POS,QHP,Silver,Transparency 2026 - Ind QHP,1755,Transparency_in_Coverage_PUF.xlsx,27379dc76590027b0e6d21d736331f87376f0ac87810d68e9f7cca555eef4b1f
1964,33602TX0870193,96,26,Individual,POS,QHP,Silver,Transparency 2026 - Ind QHP,1756,Transparency_in_Coverage_PUF.xlsx,27379dc76590027b0e6d21d736331f87376f0ac87810d68e9f7cca555eef4b1f
1965,33602TX0870220,96,26,Individual,POS,QHP,Silver,Transparency 2026 - Ind QHP,1757,Transparency_in_Coverage_PUF.xlsx,27379dc76590027b0e6d21d736331f87376f0ac87810d68e9f7cca555eef4b1f
1966,33602TX0870221,96,26,Individual,POS,QHP,Silver,Transparency 2026 - Ind QHP,1758,Transparency_in_Coverage_PUF.xlsx,27379dc76590027b0e6d21d736331f87376f0ac87810d68e9f7cca555eef4b1f
1967,33602TX0870222,96,26,Individual,POS,QHP,Silver,Transparency 2026 - Ind QHP,1759,Transparency_in_Coverage_PUF.xlsx,27379dc76590027b0e6d21d736331f87376f0ac87810d68e9f7cca555eef4b1f
1968,33602TX0870223,96,26,Individual,POS,QHP,Silver,Transparency 2026 - Ind QHP,1760,Transparency_in_Coverage_PUF.xlsx,27379dc76590027b0e6d21d736331f87376f0ac87810d68e9f7cca555eef4b1f
1969,33602TX0870224,96,26,Individual,POS,QHP,Silver,Transparency 2026 - Ind QHP,1761,Transparency_in_Coverage_PUF.xlsx,27379dc76590027b0e6d21d736331f87376f0ac87810d68e9f7cca555eef4b1f
1970,33602TX0870225,96,26,Individual,POS,QHP,Silver,Transparency 2026 - Ind QHP,1762,Transparency_in_Coverage_PUF.xlsx,27379dc76590027b0e6d21d736331f87376f0ac87810d68e9f7cca555eef4b1f
1971,33602TX0870226,96,26,Individual,POS,QHP,Silver,Transparency 2026 - Ind QHP,1763,Transparency_in_Coverage_PUF.xlsx,27379dc76590027b0e6d21d736331f87376f0ac87810d68e9f7cca555eef4b1f
1972,33602TX0870227,96,26,Individual,POS,QHP,Silver,Transparency 2026 - Ind QHP,1764,Transparency_in_Coverage_PUF.xlsx,27379dc76590027b0e6d21d736331f87376f0ac87810d68e9f7cca555eef4b1f
1973,33602TX0870228,96,26,Individual,POS,QHP,Silver,Transparency 2026 - Ind QHP,1765,Transparency_in_Coverage_PUF.xlsx,27379dc76590027b0e6d21d736331f87376f0ac87810d68e9f7cca555eef4b1f
1974,33602TX0870229,96,26,Individual,POS,QHP,Silver,Transparency 2026 - Ind QHP,1766,Transparency_in_Coverage_PUF.xlsx,27379dc76590027b0e6d21d736331f87376f0ac87810d68e9f7cca555eef4b1f
1975,33602TX0870230,96,26,Individual,POS,QHP,Silver,Transparency 2026 - Ind QHP,1767,Transparency_in_Coverage_PUF.xlsx,27379dc76590027b0e6d21d736331f87376f0ac87810d68e9f7cca555eef4b1f
1976,33602TX0870231,96,26,Individual,POS,QHP,Silver,Transparency 2026 - Ind QHP,1768,Transparency_in_Coverage_PUF.xlsx,27379dc76590027b0e6d21d736331f87376f0ac87810d68e9f7cca555eef4b1f
1977,33602TX0870232,96,26,Individual,POS,QHP,Silver,Transparency 2026 - Ind QHP,1769,Transparency_in_Coverage_PUF.xlsx,27379dc76590027b0e6d21d736331f87376f0ac87810d68e9f7cca555eef4b1f
1978,33602TX0870233,96,26,Individual,POS,QHP,Silver,Transparency 2026 - Ind QHP,1770,Transparency_in_Coverage_PUF.xlsx,27379dc76590027b0e6d21d736331f87376f0ac87810d68e9f7cca555eef4b1f
1979,33602TX0870234,96,26,Individual,POS,QHP,Silver,Transparency 2026 - Ind QHP,1771,Transparency_in_Coverage_PUF.xlsx,27379dc76590027b0e6d21d736331f87376f0ac87810d68e9f7cca555eef4b1f
1980,33602TX0870235,96,26,Individual,POS,QHP,Silver,Transparency 2026 - Ind QHP,1772,Transparency_in_Coverage_PUF.xlsx,27379dc76590027b0e6d21d736331f87376f0ac87810d68e9f7cca555eef4b1f
1981,33602TX0870236,96,26,Individual,POS,QHP,Silver,Transparency 2026 - Ind QHP,1773,Transparency_in_Coverage_PUF.xlsx,27379dc76590027b0e6d21d736331f87376f0ac87810d68e9f7cca555eef4b1f
1982,33602TX0870237,96,26,Individual,POS,QHP,Silver,Transparency 2026 - Ind QHP,1774,Transparency_in_Coverage_PUF.xlsx,27379dc76590027b0e6d21d736331f87376f0ac87810d68e9f7cca555eef4b1f
1983,33602TX0870238,96,26,Individual,POS,QHP,Silver,Transparency 2026 - Ind QHP,1775,Transparency_in_Coverage_PUF.xlsx,27379dc76590027b0e6d21d736331f87376f0ac87810d68e9f7cca555eef4b1f
1984,33602TX0870239,96,26,Individual,POS,QHP,Silver,Transparency 2026 - Ind QHP,1776,Transparency_in_Coverage_PUF.xlsx,27379dc76590027b0e6d21d736331f87376f0ac87810d68e9f7cca555eef4b1f
1985,33602TX0870240,96,26,Individual,POS,QHP,Silver,Transparency 2026 - Ind QHP,1777,Transparency_in_Coverage_PUF.xlsx,27379dc76590027b0e6d21d736331f87376f0ac87810d68e9f7cca555eef4b1f
1986,33602TX0870241,96,26,Individual,POS,QHP,Silver,Transparency 2026 - Ind QHP,1778,Transparency_in_Coverage_PUF.xlsx,27379dc76590027b0e6d21d736331f87376f0ac87810d68e9f7cca555eef4b1f
1987,33602TX0870242,96,26,Individual,POS,QHP,Silver,Transparency 2026 - Ind QHP,1779,Transparency_in_Coverage_PUF.xlsx,27379dc76590027b0e6d21d736331f87376f0ac87810d68e9f7cca555eef4b1f
1988,33602TX0870243,96,26,Individual,POS,QHP,Silver,Transparency 2026 - Ind QHP,1780,Transparency_in_Coverage_PUF.xlsx,27379dc76590027b0e6d21d736331f87376f0ac87810d68e9f7cca555eef4b1f
1989,33602TX0870244,96,26,Individual,POS,QHP,Silver,Transparency 2026 - Ind QHP,1781,Transparency_in_Coverage_PUF.xlsx,27379dc76590027b0e6d21d736331f87376f0ac87810d68e9f7cca555eef4b1f
1990,33602TX0870245,96,26,Individual,POS,QHP,Silver,Transparency 2026 - Ind QHP,1782,Transparency_in_Coverage_PUF.xlsx,27379dc76590027b0e6d21d736331f87376f0ac87810d68e9f7cca555eef4b1f
1991,33602TX0870246,96,26,Individual,POS,QHP,Silver,Transparency 2026 - Ind QHP,1783,Transparency_in_Coverage_PUF.xlsx,27379dc76590027b0e6d21d736331f87376f0ac87810d68e9f7cca555eef4b1f
1992,33602TX0870247,96,26,Individual,POS,QHP,Silver,Transparency 2026 - Ind QHP,1784,Transparency_in_Coverage_PUF.xlsx,27379dc76590027b0e6d21d736331f87376f0ac87810d68e9f7cca555eef4b1f
1993,33602TX0870248,96,26,Individual,POS,QHP,Silver,Transparency 2026 - Ind QHP,1785,Transparency_in_Coverage_PUF.xlsx,27379dc76590027b0e6d21d736331f87376f0ac87810d68e9f7cca555eef4b1f
1994,33602TX0870249,96,26,Individual,POS,QHP,Silver,Transparency 2026 - Ind QHP,1786,Transparency_in_Coverage_PUF.xlsx,27379dc76590027b0e6d21d736331f87376f0ac87810d68e9f7cca555eef4b1f
1995,33602TX0870250,96,26,Individual,POS,QHP,Silver,Transparency 2026 - Ind QHP,1787,Transparency_in_Coverage_PUF.xlsx,27379dc76590027b0e6d21d736331f87376f0ac87810d68e9f7cca555eef4b1f
1996,33602TX0870251,96,26,Individual,POS,QHP,Silver,Transparency 2026 - Ind QHP,1788,Transparency_in_Coverage_PUF.xlsx,27379dc76590027b0e6d21d736331f87376f0ac87810d68e9f7cca555eef4b1f
1997,33602TX0870252,96,26,Individual,POS,QHP,Silver,Transparency 2026 - Ind QHP,1789,Transparency_in_Coverage_PUF.xlsx,27379dc76590027b0e6d21d736331f87376f0ac87810d68e9f7cca555eef4b1f
1998,33602TX0870253,96,26,Individual,POS,QHP,Silver,Transparency 2026 - Ind QHP,1790,Transparency_in_Coverage_PUF.xlsx,27379dc76590027b0e6d21d736331f87376f0ac87810d68e9f7cca555eef4b1f
1999,33602TX0870254,96,26,Individual,POS,QHP,Silver,Transparency 2026 - Ind QHP,1791,Transparency_in_Coverage_PUF.xlsx,27379dc76590027b0e6d21d736331f87376f0ac87810d68e9f7cca555eef4b1f
2000,33602TX0870255,96,26,Individual,POS,QHP,Silver,Transparency 2026 - Ind QHP,1792,Transparency_in_Coverage_PUF.xlsx,27379dc76590027b0e6d21d736331f87376f0ac87810d68e9f7cca555eef4b1f
2001,33602TX0870256,96,26,Individual,POS,QHP,Silver,Transparency 2026 - Ind QHP,1793,Transparency_in_Coverage_PUF.xlsx,27379dc76590027b0e6d21d736331f87376f0ac87810d68e9f7cca555eef4b1f
2002,33602TX0870257,96,26,Individual,POS,QHP,Silver,Transparency 2026 - Ind QHP,1794,Transparency_in_Coverage_PUF.xlsx,27379dc76590027b0e6d21d736331f87376f0ac87810d68e9f7cca555eef4b1f
2003,33602TX0870258,96,26,Individual,POS,QHP,Silver,Transparency 2026 - Ind QHP,1795,Transparency_in_Coverage_PUF.xlsx,27379dc76590027b0e6d21d736331f87376f0ac87810d68e9f7cca555eef4b1f
2004,33602TX0870259,96,26,Individual,POS,QHP,Silver,Transparency 2026 - Ind QHP,1796,Transparency_in_Coverage_PUF.xlsx,27379dc76590027b0e6d21d736331f87376f0ac87810d68e9f7cca555eef4b1f
2005,33602TX0870260,96,26,Individual,POS,QHP,Silver,Transparency 2026 - Ind QHP,1797,Transparency_in_Coverage_PUF.xlsx,27379dc76590027b0e6d21d736331f87376f0ac87810d68e9f7cca555eef4b1f
2006,33602TX0870261,96,26,Individual,POS,QHP,Silver,Transparency 2026 - Ind QHP,1798,Transparency_in_Coverage_PUF.xlsx,27379dc76590027b0e6d21d736331f87376f0ac87810d68e9f7cca555eef4b1f
2007,33602TX0870262,96,26,Individual,POS,QHP,Silver,Transparency 2026 - Ind QHP,1799,Transparency_in_Coverage_PUF.xlsx,27379dc76590027b0e6d21d736331f87376f0ac87810d68e9f7cca555eef4b1f
2008,33602TX0870263,96,26,Individual,POS,QHP,Silver,Transparency 2026 - Ind QHP,1800,Transparency_in_Coverage_PUF.xlsx,27379dc76590027b0e6d21d736331f87376f0ac87810d68e9f7cca555eef4b1f
2009,33602TX0870264,96,26,Individual,POS,QHP,Silver,Transparency 2026 - Ind QHP,1801,Transparency_in_Coverage_PUF.xlsx,27379dc76590027b0e6d21d736331f87376f0ac87810d68e9f7cca555eef4b1f
2010,33602TX0870265,96,26,Individual,POS,QHP,Silver,Transparency 2026 - Ind QHP,1802,Transparency_in_Coverage_PUF.xlsx,27379dc76590027b0e6d21d736331f87376f0ac87810d68e9f7cca555eef4b1f
2011,33602TX0870266,96,26,Individual,POS,QHP,Silver,Transparency 2026 - Ind QHP,1803,Transparency_in_Coverage_PUF.xlsx,27379dc76590027b0e6d21d736331f87376f0ac87810d68e9f7cca555eef4b1f
2012,33602TX0870267,96,26,Individual,POS,QHP,Silver,Transparency 2026 - Ind QHP,1804,Transparency_in_Coverage_PUF.xlsx,27379dc76590027b0e6d21d736331f87376f0ac87810d68e9f7cca555eef4b1f
2013,33602TX0870268,96,26,Individual,POS,QHP,Silver,Transparency 2026 - Ind QHP,1805,Transparency_in_Coverage_PUF.xlsx,27379dc76590027b0e6d21d736331f87376f0ac87810d68e9f7cca555eef4b1f
2014,33602TX0870269,96,26,Individual,POS,QHP,Silver,Transparency 2026 - Ind QHP,1806,Transparency_in_Coverage_PUF.xlsx,27379dc76590027b0e6d21d736331f87376f0ac87810d68e9f7cca555eef4b1f
2015,33602TX0870270,96,26,Individual,POS,QHP,Silver,Transparency 2026 - Ind QHP,1807,Transparency_in_Coverage_PUF.xlsx,27379dc76590027b0e6d21d736331f87376f0ac87810d68e9f7cca555eef4b1f
2016,33602TX0870271,96,26,Individual,POS,QHP,Silver,Transparency 2026 - Ind QHP,1808,Transparency_in_Coverage_PUF.xlsx,27379dc76590027b0e6d21d736331f87376f0ac87810d68e9f7cca555eef4b1f
2017,33602TX0870272,96,26,Individual,POS,QHP,Gold,Transparency 2026 - Ind QHP,1809,Transparency_in_Coverage_PUF.xlsx,27379dc76590027b0e6d21d736331f87376f0ac87810d68e9f7cca555eef4b1f
2018,33602TX0870273,96,26,Individual,POS,QHP,Gold,Transparency 2026 - Ind QHP,1810,Transparency_in_Coverage_PUF.xlsx,27379dc76590027b0e6d21d736331f87376f0ac87810d68e9f7cca555eef4b1f
2019,33602TX0870274,96,26,Individual,POS,QHP,Gold,Transparency 2026 - Ind QHP,1811,Transparency_in_Coverage_PUF.xlsx,27379dc76590027b0e6d21d736331f87376f0ac87810d68e9f7cca555eef4b1f
2020,33602TX0870275,96,26,Individual,POS,QHP,Gold,Transparency 2026 - Ind QHP,1812,Transparency_in_Coverage_PUF.xlsx,27379dc76590027b0e6d21d736331f87376f0ac87810d68e9f7cca555eef4b1f
2021,33602TX0870276,96,26,Individual,POS,QHP,Gold,Transparency 2026 - Ind QHP,1813,Transparency_in_Coverage_PUF.xlsx,27379dc76590027b0e6d21d736331f87376f0ac87810d68e9f7cca555eef4b1f
2022,33602TX0870277,96,26,Individual,POS,QHP,Gold,Transparency 2026 - Ind QHP,1814,Transparency_in_Coverage_PUF.xlsx,27379dc76590027b0e6d21d736331f87376f0ac87810d68e9f7cca555eef4b1f
2023,33602TX0870278,96,26,Individual,POS,QHP,Gold,Transparency 2026 - Ind QHP,1815,Transparency_in_Coverage_PUF.xlsx,27379dc76590027b0e6d21d736331f87376f0ac87810d68e9f7cca555eef4b1f
2024,33602TX0870279,96,26,Individual,POS,QHP,Gold,Transparency 2026 - Ind QHP,1816,Transparency_in_Coverage_PUF.xlsx,27379dc76590027b0e6d21d736331f87376f0ac87810d68e9f7cca555eef4b1f
2025,33602TX0870280,96,26,Individual,POS,QHP,Gold,Transparency 2026 - Ind QHP,1817,Transparency_in_Coverage_PUF.xlsx,27379dc76590027b0e6d21d736331f87376f0ac87810d68e9f7cca555eef4b1f
2026,33602TX0870281,96,26,Individual,POS,QHP,Gold,Transparency 2026 - Ind QHP,1818,Transparency_in_Coverage_PUF.xlsx,27379dc76590027b0e6d21d736331f87376f0ac87810d68e9f7cca555eef4b1f
2027,33602TX0870282,96,26,Individual,POS,QHP,Gold,Transparency 2026 - Ind QHP,1819,Transparency_in_Coverage_PUF.xlsx,27379dc76590027b0e6d21d736331f87376f0ac87810d68e9f7cca555eef4b1f
2028,33602TX0870283,96,26,Individual,POS,QHP,Gold,Transparency 2026 - Ind QHP,1820,Transparency_in_Coverage_PUF.xlsx,27379dc76590027b0e6d21d736331f87376f0ac87810d68e9f7cca555eef4b1f
2029,33602TX0870284,96,26,Individual,POS,QHP,Gold,Transparency 2026 - Ind QHP,1821,Transparency_in_Coverage_PUF.xlsx,27379dc76590027b0e6d21d736331f87376f0ac87810d68e9f7cca555eef4b1f
2030,33602TX0870285,96,26,Individual,POS,QHP,Gold,Transparency 2026 - Ind QHP,1822,Transparency_in_Coverage_PUF.xlsx,27379dc76590027b0e6d21d736331f87376f0ac87810d68e9f7cca555eef4b1f
2031,33602TX0870286,96,26,Individual,POS,QHP,Gold,Transparency 2026 - Ind QHP,1823,Transparency_in_Coverage_PUF.xlsx,27379dc76590027b0e6d21d736331f87376f0ac87810d68e9f7cca555eef4b1f
2032,33602TX0870287,96,26,Individual,POS,QHP,Gold,Transparency 2026 - Ind QHP,1824,Transparency_in_Coverage_PUF.xlsx,27379dc76590027b0e6d21d736331f87376f0ac87810d68e9f7cca555eef4b1f
2033,33602TX0870288,96,26,Individual,POS,QHP,Gold,Transparency 2026 - Ind QHP,1825,Transparency_in_Coverage_PUF.xlsx,27379dc76590027b0e6d21d736331f87376f0ac87810d68e9f7cca555eef4b1f
2034,33602TX0870289,96,26,Individual,POS,QHP,Gold,Transparency 2026 - Ind QHP,1826,Transparency_in_Coverage_PUF.xlsx,27379dc76590027b0e6d21d736331f87376f0ac87810d68e9f7cca555eef4b1f
2035,33602TX0870290,96,26,Individual,POS,QHP,Gold,Transparency 2026 - Ind QHP,1827,Transparency_in_Coverage_PUF.xlsx,27379dc76590027b0e6d21d736331f87376f0ac87810d68e9f7cca555eef4b1f
2036,33602TX0870291,96,26,Individual,POS,QHP,Gold,Transparency 2026 - Ind QHP,1828,Transparency_in_Coverage_PUF.xlsx,27379dc76590027b0e6d21d736331f87376f0ac87810d68e9f7cca555eef4b1f
2037,33602TX0870292,96,26,Individual,POS,QHP,Gold,Transparency 2026 - Ind QHP,1829,Transparency_in_Coverage_PUF.xlsx,27379dc76590027b0e6d21d736331f87376f0ac87810d68e9f7cca555eef4b1f
2038,33602TX0870293,96,26,Individual,POS,QHP,Gold,Transparency 2026 - Ind QHP,1830,Transparency_in_Coverage_PUF.xlsx,27379dc76590027b0e6d21d736331f87376f0ac87810d68e9f7cca555eef4b1f
2039,33602TX0870294,96,26,Individual,POS,QHP,Gold,Transparency 2026 - Ind QHP,1831,Transparency_in_Coverage_PUF.xlsx,27379dc76590027b0e6d21d736331f87376f0ac87810d68e9f7cca555eef4b1f
2040,33602TX0870295,96,26,Individual,POS,QHP,Gold,Transparency 2026 - Ind QHP,1832,Transparency_in_Coverage_PUF.xlsx,27379dc76590027b0e6d21d736331f87376f0ac87810d68e9f7cca555eef4b1f
2041,33602TX0870296,96,26,Individual,POS,QHP,Gold,Transparency 2026 - Ind QHP,1833,Transparency_in_Coverage_PUF.xlsx,27379dc76590027b0e6d21d736331f87376f0ac87810d68e9f7cca555eef4b1f
2042,33602TX0870297,96,26,Individual,POS,QHP,Gold,Transparency 2026 - Ind QHP,1834,Transparency_in_Coverage_PUF.xlsx,27379dc76590027b0e6d21d736331f87376f0ac87810d68e9f7cca555eef4b1f
2043,33626TX0010001,97,26,Individual,EPO,SADP,High,Transparency 2026 - Ind SADP,212,Transparency_in_Coverage_PUF.xlsx,27379dc76590027b0e6d21d736331f87376f0ac87810d68e9f7cca555eef4b1f
2044,33626TX0010002,97,26,Individual,EPO,SADP,High,Transparency 2026 - Ind SADP,213,Transparency_in_Coverage_PUF.xlsx,27379dc76590027b0e6d21d736331f87376f0ac87810d68e9f7cca555eef4b1f
2045,33764SC0030002,98,23,Individual,HMO,QHP,Gold,Transparency 2026 - Ind QHP,1835,Transparency_in_Coverage_PUF.xlsx,27379dc76590027b0e6d21d736331f87376f0ac87810d68e9f7cca555eef4b1f
2046,33764SC0030003,98,23,Individual,HMO,QHP,Gold,Transparency 2026 - Ind QHP,1836,Transparency_in_Coverage_PUF.xlsx,27379dc76590027b0e6d21d736331f87376f0ac87810d68e9f7cca555eef4b1f
2047,33764SC0030004,98,23,Individual,HMO,QHP,Silver,Transparency 2026 - Ind QHP,1837,Transparency_in_Coverage_PUF.xlsx,27379dc76590027b0e6d21d736331f87376f0ac87810d68e9f7cca555eef4b1f
2048,33764SC0030006,98,23,Individual,HMO,QHP,Silver,Transparency 2026 - Ind QHP,1838,Transparency_in_Coverage_PUF.xlsx,27379dc76590027b0e6d21d736331f87376f0ac87810d68e9f7cca555eef4b1f
2049,33764SC0030008,98,23,Individual,HMO,QHP,Bronze,Transparency 2026 - Ind QHP,1839,Transparency_in_Coverage_PUF.xlsx,27379dc76590027b0e6d21d736331f87376f0ac87810d68e9f7cca555eef4b1f
2050,33764SC0030012,98,23,Individual,HMO,QHP,Bronze,Transparency 2026 - Ind QHP,1840,Transparency_in_Coverage_PUF.xlsx,27379dc76590027b0e6d21d736331f87376f0ac87810d68e9f7cca555eef4b1f
2051,33764SC0030013,98,23,Individual,HMO,QHP,Bronze,Transparency 2026 - Ind QHP,1841,Transparency_in_Coverage_PUF.xlsx,27379dc76590027b0e6d21d736331f87376f0ac87810d68e9f7cca555eef4b1f
2052,33764SC0030022,98,23,Individual,HMO,QHP,Silver,Transparency 2026 - Ind QHP,1842,Transparency_in_Coverage_PUF.xlsx,27379dc76590027b0e6d21d736331f87376f0ac87810d68e9f7cca555eef4b1f
2053,33764SC0030024,98,23,Individual,HMO,QHP,Gold,Transparency 2026 - Ind QHP,1843,Transparency_in_Coverage_PUF.xlsx,27379dc76590027b0e6d21d736331f87376f0ac87810d68e9f7cca555eef4b1f
2054,33764SC0040002,98,23,Individual,HMO,QHP,Bronze,Transparency 2026 - Ind QHP,1844,Transparency_in_Coverage_PUF.xlsx,27379dc76590027b0e6d21d736331f87376f0ac87810d68e9f7cca555eef4b1f
2055,33764SC0040004,98,23,Individual,HMO,QHP,Silver,Transparency 2026 - Ind QHP,1845,Transparency_in_Coverage_PUF.xlsx,27379dc76590027b0e6d21d736331f87376f0ac87810d68e9f7cca555eef4b1f
2056,33764SC0040005,98,23,Individual,HMO,QHP,Gold,Transparency 2026 - Ind QHP,1846,Transparency_in_Coverage_PUF.xlsx,27379dc76590027b0e6d21d736331f87376f0ac87810d68e9f7cca555eef4b1f
2057,33764SC0060001,98,23,Individual,HMO,QHP,Bronze,Transparency 2026 - Ind QHP,1847,Transparency_in_Coverage_PUF.xlsx,27379dc76590027b0e6d21d736331f87376f0ac87810d68e9f7cca555eef4b1f
2058,33764SC0060002,98,23,Individual,HMO,QHP,Silver,Transparency 2026 - Ind QHP,1848,Transparency_in_Coverage_PUF.xlsx,27379dc76590027b0e6d21d736331f87376f0ac87810d68e9f7cca555eef4b1f
2059,33764SC0070001,98,23,Individual,HMO,QHP,Bronze,Transparency 2026 - Ind QHP,1849,Transparency_in_Coverage_PUF.xlsx,27379dc76590027b0e6d21d736331f87376f0ac87810d68e9f7cca555eef4b1f
2060,33764SC0070002,98,23,Individual,HMO,QHP,Silver,Transparency 2026 - Ind QHP,1850,Transparency_in_Coverage_PUF.xlsx,27379dc76590027b0e6d21d736331f87376f0ac87810d68e9f7cca555eef4b1f
2061,33764SC0070003,98,23,Individual,HMO,QHP,Gold,Transparency 2026 - Ind QHP,1851,Transparency_in_Coverage_PUF.xlsx,27379dc76590027b0e6d21d736331f87376f0ac87810d68e9f7cca555eef4b1f
2062,33863SC0010001,99,23,Individual,HMO,QHP,Silver,Transparency 2026 - Ind QHP,1852,Transparency_in_Coverage_PUF.xlsx,27379dc76590027b0e6d21d736331f87376f0ac87810d68e9f7cca555eef4b1f
2063,33863SC0010002,99,23,Individual,HMO,QHP,Silver,Transparency 2026 - Ind QHP,1853,Transparency_in_Coverage_PUF.xlsx,27379dc76590027b0e6d21d736331f87376f0ac87810d68e9f7cca555eef4b1f
2064,33863SC0010003,99,23,Individual,HMO,QHP,Silver,Transparency 2026 - Ind QHP,1854,Transparency_in_Coverage_PUF.xlsx,27379dc76590027b0e6d21d736331f87376f0ac87810d68e9f7cca555eef4b1f
2065,33863SC0010004,99,23,Individual,HMO,QHP,Gold,Transparency 2026 - Ind QHP,1855,Transparency_in_Coverage_PUF.xlsx,27379dc76590027b0e6d21d736331f87376f0ac87810d68e9f7cca555eef4b1f
2066,33863SC0010005,99,23,Individual,HMO,QHP,Silver,Transparency 2026 - Ind QHP,1856,Transparency_in_Coverage_PUF.xlsx,27379dc76590027b0e6d21d736331f87376f0ac87810d68e9f7cca555eef4b1f
2067,33931OH0030014,100,20,Individual,HMO,QHP,Gold,Transparency 2026 - Ind QHP,1857,Transparency_in_Coverage_PUF.xlsx,27379dc76590027b0e6d21d736331f87376f0ac87810d68e9f7cca555eef4b1f
2068,33931OH0030021,100,20,Individual,HMO,QHP,Silver,Transparency 2026 - Ind QHP,1858,Transparency_in_Coverage_PUF.xlsx,27379dc76590027b0e6d21d736331f87376f0ac87810d68e9f7cca555eef4b1f
2069,33931OH0030026,100,20,Individual,HMO,QHP,Bronze,Transparency 2026 - Ind QHP,1859,Transparency_in_Coverage_PUF.xlsx,27379dc76590027b0e6d21d736331f87376f0ac87810d68e9f7cca555eef4b1f
2070,33931OH0030030,100,20,Individual,HMO,QHP,Silver,Transparency 2026 - Ind QHP,1860,Transparency_in_Coverage_PUF.xlsx,27379dc76590027b0e6d21d736331f87376f0ac87810d68e9f7cca555eef4b1f
2071,33931OH0030031,100,20,Individual,HMO,QHP,Silver,Transparency 2026 - Ind QHP,1861,Transparency_in_Coverage_PUF.xlsx,27379dc76590027b0e6d21d736331f87376f0ac87810d68e9f7cca555eef4b1f
2072,33931OH0030032,100,20,Individual,HMO,QHP,Gold,Transparency 2026 - Ind QHP,1862,Transparency_in_Coverage_PUF.xlsx,27379dc76590027b0e6d21d736331f87376f0ac87810d68e9f7cca555eef4b1f
2073,33931OH0030035,100,20,Individual,HMO,QHP,Bronze,Transparency 2026 - Ind QHP,1863,Transparency_in_Coverage_PUF.xlsx,27379dc76590027b0e6d21d736331f87376f0ac87810d68e9f7cca555eef4b1f
2074,33931OH0030042,100,20,Individual,HMO,QHP,Gold,Transparency 2026 - Ind QHP,1864,Transparency_in_Coverage_PUF.xlsx,27379dc76590027b0e6d21d736331f87376f0ac87810d68e9f7cca555eef4b1f
2075,33931OH0030044,100,20,Individual,HMO,QHP,Bronze,Transparency 2026 - Ind QHP,1865,Transparency_in_Coverage_PUF.xlsx,27379dc76590027b0e6d21d736331f87376f0ac87810d68e9f7cca555eef4b1f
2076,33931OH0070001,100,20,Individual,HMO,QHP,Silver,Transparency 2026 - Ind QHP,1866,Transparency_in_Coverage_PUF.xlsx,27379dc76590027b0e6d21d736331f87376f0ac87810d68e9f7cca555eef4b1f
2077,33931OH0070002,100,20,Individual,HMO,QHP,Gold,Transparency 2026 - Ind QHP,1867,Transparency_in_Coverage_PUF.xlsx,27379dc76590027b0e6d21d736331f87376f0ac87810d68e9f7cca555eef4b1f
2078,33931OH0070004,100,20,Individual,HMO,QHP,Bronze,Transparency 2026 - Ind QHP,1868,Transparency_in_Coverage_PUF.xlsx,27379dc76590027b0e6d21d736331f87376f0ac87810d68e9f7cca555eef4b1f
2079,33931OH0070005,100,20,Individual,HMO,QHP,Bronze,Transparency 2026 - Ind QHP,1869,Transparency_in_Coverage_PUF.xlsx,27379dc76590027b0e6d21d736331f87376f0ac87810d68e9f7cca555eef4b1f
2080,33931OH0070006,100,20,Individual,HMO,QHP,Silver,Transparency 2026 - Ind QHP,1870,Transparency_in_Coverage_PUF.xlsx,27379dc76590027b0e6d21d736331f87376f0ac87810d68e9f7cca555eef4b1f
2081,33931OH0070007,100,20,Individual,HMO,QHP,Silver,Transparency 2026 - Ind QHP,1871,Transparency_in_Coverage_PUF.xlsx,27379dc76590027b0e6d21d736331f87376f0ac87810d68e9f7cca555eef4b1f
2082,33931OH0070008,100,20,Individual,HMO,QHP,Gold,Transparency 2026 - Ind QHP,1872,Transparency_in_Coverage_PUF.xlsx,27379dc76590027b0e6d21d736331f87376f0ac87810d68e9f7cca555eef4b1f
2083,33931OH0070009,100,20,Individual,HMO,QHP,Gold,Transparency 2026 - Ind QHP,1873,Transparency_in_Coverage_PUF.xlsx,27379dc76590027b0e6d21d736331f87376f0ac87810d68e9f7cca555eef4b1f
2084,33931OH0080001,100,20,Individual,EPO,SADP,Low,Transparency 2026 - Ind SADP,214,Transparency_in_Coverage_PUF.xlsx,27379dc76590027b0e6d21d736331f87376f0ac87810d68e9f7cca555eef4b1f
2085,34028UT0070014,101,27,Individual,PPO,SADP,Low,Transparency 2026 - Ind SADP,215,Transparency_in_Coverage_PUF.xlsx,27379dc76590027b0e6d21d736331f87376f0ac87810d68e9f7cca555eef4b1f
2086,34028UT0070015,101,27,Individual,PPO,SADP,Low,Transparency 2026 - Ind SADP,216,Transparency_in_Coverage_PUF.xlsx,27379dc76590027b0e6d21d736331f87376f0ac87810d68e9f7cca555eef4b1f
2087,34028UT0080006,101,27,Individual,PPO,SADP,Low,Transparency 2026 - Ind SADP,217,Transparency_in_Coverage_PUF.xlsx,27379dc76590027b0e6d21d736331f87376f0ac87810d68e9f7cca555eef4b1f
2088,34095AZ0010001,102,4,Individual,EPO,SADP,High,Transparency 2026 - Ind SADP,218,Transparency_in_Coverage_PUF.xlsx,27379dc76590027b0e6d21d736331f87376f0ac87810d68e9f7cca555eef4b1f
2089,34210WI0040003,103,28,Individual,PPO,SADP,Low,Transparency 2026 - Ind SADP,219,Transparency_in_Coverage_PUF.xlsx,27379dc76590027b0e6d21d736331f87376f0ac87810d68e9f7cca555eef4b1f
2090,34210WI0050002,103,28,Individual,PPO,SADP,Low,Transparency 2026 - Ind SADP,220,Transparency_in_Coverage_PUF.xlsx,27379dc76590027b0e6d21d736331f87376f0ac87810d68e9f7cca555eef4b1f
2091,34210WI0070001,103,28,Individual,PPO,SADP,Low,Transparency 2026 - Ind SADP,221,Transparency_in_Coverage_PUF.xlsx,27379dc76590027b0e6d21d736331f87376f0ac87810d68e9f7cca555eef4b1f
2092,34368KS0110002,104,10,Individual,EPO,QHP,Silver,Transparency 2026 - Ind QHP,1874,Transparency_in_Coverage_PUF.xlsx,27379dc76590027b0e6d21d736331f87376f0ac87810d68e9f7cca555eef4b1f
2093,34368KS0110033,104,10,Individual,EPO,QHP,Gold,Transparency 2026 - Ind QHP,1875,Transparency_in_Coverage_PUF.xlsx,27379dc76590027b0e6d21d736331f87376f0ac87810d68e9f7cca555eef4b1f
2094,34368KS0110043,104,10,Individual,EPO,QHP,Bronze,Transparency 2026 - Ind QHP,1876,Transparency_in_Coverage_PUF.xlsx,27379dc76590027b0e6d21d736331f87376f0ac87810d68e9f7cca555eef4b1f
2095,34368KS0110047,104,10,Individual,EPO,QHP,Bronze,Transparency 2026 - Ind QHP,1877,Transparency_in_Coverage_PUF.xlsx,27379dc76590027b0e6d21d736331f87376f0ac87810d68e9f7cca555eef4b1f
2096,34368KS0110053,104,10,Individual,EPO,QHP,Silver,Transparency 2026 - Ind QHP,1878,Transparency_in_Coverage_PUF.xlsx,27379dc76590027b0e6d21d736331f87376f0ac87810d68e9f7cca555eef4b1f
2097,34368KS0110066,104,10,Individual,EPO,QHP,Gold,Transparency 2026 - Ind QHP,1879,Transparency_in_Coverage_PUF.xlsx,27379dc76590027b0e6d21d736331f87376f0ac87810d68e9f7cca555eef4b1f
2098,34368KS0110068,104,10,Individual,EPO,QHP,Bronze,Transparency 2026 - Ind QHP,1880,Transparency_in_Coverage_PUF.xlsx,27379dc76590027b0e6d21d736331f87376f0ac87810d68e9f7cca555eef4b1f
2099,34368KS0110069,104,10,Individual,EPO,QHP,Silver,Transparency 2026 - Ind QHP,1881,Transparency_in_Coverage_PUF.xlsx,27379dc76590027b0e6d21d736331f87376f0ac87810d68e9f7cca555eef4b1f
2100,34368KS0110070,104,10,Individual,EPO,QHP,Gold,Transparency 2026 - Ind QHP,1882,Transparency_in_Coverage_PUF.xlsx,27379dc76590027b0e6d21d736331f87376f0ac87810d68e9f7cca555eef4b1f
2101,34368KS0120033,104,10,Individual,EPO,QHP,Gold,Transparency 2026 - Ind QHP,1883,Transparency_in_Coverage_PUF.xlsx,27379dc76590027b0e6d21d736331f87376f0ac87810d68e9f7cca555eef4b1f
2102,34368KS0120043,104,10,Individual,EPO,QHP,Bronze,Transparency 2026 - Ind QHP,1884,Transparency_in_Coverage_PUF.xlsx,27379dc76590027b0e6d21d736331f87376f0ac87810d68e9f7cca555eef4b1f
2103,34368KS0120047,104,10,Individual,EPO,QHP,Bronze,Transparency 2026 - Ind QHP,1885,Transparency_in_Coverage_PUF.xlsx,27379dc76590027b0e6d21d736331f87376f0ac87810d68e9f7cca555eef4b1f
2104,34368KS0120053,104,10,Individual,EPO,QHP,Silver,Transparency 2026 - Ind QHP,1886,Transparency_in_Coverage_PUF.xlsx,27379dc76590027b0e6d21d736331f87376f0ac87810d68e9f7cca555eef4b1f
2105,34368KS0120068,104,10,Individual,EPO,QHP,Gold,Transparency 2026 - Ind QHP,1887,Transparency_in_Coverage_PUF.xlsx,27379dc76590027b0e6d21d736331f87376f0ac87810d68e9f7cca555eef4b1f
2106,34368KS0120069,104,10,Individual,EPO,QHP,Bronze,Transparency 2026 - Ind QHP,1888,Transparency_in_Coverage_PUF.xlsx,27379dc76590027b0e6d21d736331f87376f0ac87810d68e9f7cca555eef4b1f
2107,34368KS0120070,104,10,Individual,EPO,QHP,Silver,Transparency 2026 - Ind QHP,1889,Transparency_in_Coverage_PUF.xlsx,27379dc76590027b0e6d21d736331f87376f0ac87810d68e9f7cca555eef4b1f
2108,34368KS0120071,104,10,Individual,EPO,QHP,Gold,Transparency 2026 - Ind QHP,1890,Transparency_in_Coverage_PUF.xlsx,27379dc76590027b0e6d21d736331f87376f0ac87810d68e9f7cca555eef4b1f
2109,34541UT0280005,105,27,Individual,HMO,QHP,Gold,Transparency 2026 - Ind QHP,1891,Transparency_in_Coverage_PUF.xlsx,27379dc76590027b0e6d21d736331f87376f0ac87810d68e9f7cca555eef4b1f
2110,34541UT0280006,105,27,Individual,HMO,QHP,Silver,Transparency 2026 - Ind QHP,1892,Transparency_in_Coverage_PUF.xlsx,27379dc76590027b0e6d21d736331f87376f0ac87810d68e9f7cca555eef4b1f
2111,34541UT0280007,105,27,Individual,HMO,QHP,Bronze,Transparency 2026 - Ind QHP,1893,Transparency_in_Coverage_PUF.xlsx,27379dc76590027b0e6d21d736331f87376f0ac87810d68e9f7cca555eef4b1f
2112,34588WY0010001,106,30,Individual,PPO,SADP,High,Transparency 2026 - Ind SADP,222,Transparency_in_Coverage_PUF.xlsx,27379dc76590027b0e6d21d736331f87376f0ac87810d68e9f7cca555eef4b1f
2113,34588WY0010002,106,30,Individual,PPO,SADP,Low,Transparency 2026 - Ind SADP,223,Transparency_in_Coverage_PUF.xlsx,27379dc76590027b0e6d21d736331f87376f0ac87810d68e9f7cca555eef4b1f
2114,34588WY0010003,106,30,Individual,PPO,SADP,Low,Transparency 2026 - Ind SADP,224,Transparency_in_Coverage_PUF.xlsx,27379dc76590027b0e6d21d736331f87376f0ac87810d68e9f7cca555eef4b1f
2115,34588WY0010004,106,30,Individual,PPO,SADP,Low,Transparency 2026 - Ind SADP,225,Transparency_in_Coverage_PUF.xlsx,27379dc76590027b0e6d21d736331f87376f0ac87810d68e9f7cca555eef4b1f
2116,34762MO0590004,107,13,Individual,EPO,QHP,Silver,Transparency 2026 - Ind QHP,1894,Transparency_in_Coverage_PUF.xlsx,27379dc76590027b0e6d21d736331f87376f0ac87810d68e9f7cca555eef4b1f
2117,34762MO0590009,107,13,Individual,EPO,QHP,Silver,Transparency 2026 - Ind QHP,1895,Transparency_in_Coverage_PUF.xlsx,27379dc76590027b0e6d21d736331f87376f0ac87810d68e9f7cca555eef4b1f
2118,34762MO0590010,107,13,Individual,EPO,QHP,Bronze,Transparency 2026 - Ind QHP,1896,Transparency_in_Coverage_PUF.xlsx,27379dc76590027b0e6d21d736331f87376f0ac87810d68e9f7cca555eef4b1f
2119,34762MO0590013,107,13,Individual,EPO,QHP,Gold,Transparency 2026 - Ind QHP,1897,Transparency_in_Coverage_PUF.xlsx,27379dc76590027b0e6d21d736331f87376f0ac87810d68e9f7cca555eef4b1f
2120,34762MO0590014,107,13,Individual,EPO,QHP,Bronze,Transparency 2026 - Ind QHP,1898,Transparency_in_Coverage_PUF.xlsx,27379dc76590027b0e6d21d736331f87376f0ac87810d68e9f7cca555eef4b1f
2121,34762MO0590018,107,13,Individual,EPO,QHP,Bronze,Transparency 2026 - Ind QHP,1899,Transparency_in_Coverage_PUF.xlsx,27379dc76590027b0e6d21d736331f87376f0ac87810d68e9f7cca555eef4b1f
2122,34762MO0590019,107,13,Individual,EPO,QHP,Silver,Transparency 2026 - Ind QHP,1900,Transparency_in_Coverage_PUF.xlsx,27379dc76590027b0e6d21d736331f87376f0ac87810d68e9f7cca555eef4b1f
2123,34762MO0590020,107,13,Individual,EPO,QHP,Bronze,Transparency 2026 - Ind QHP,1901,Transparency_in_Coverage_PUF.xlsx,27379dc76590027b0e6d21d736331f87376f0ac87810d68e9f7cca555eef4b1f
2124,34762MO0590022,107,13,Individual,EPO,QHP,Silver,Transparency 2026 - Ind QHP,1902,Transparency_in_Coverage_PUF.xlsx,27379dc76590027b0e6d21d736331f87376f0ac87810d68e9f7cca555eef4b1f
2125,34762MO0590023,107,13,Individual,EPO,QHP,Catastrophic,Transparency 2026 - Ind QHP,1903,Transparency_in_Coverage_PUF.xlsx,27379dc76590027b0e6d21d736331f87376f0ac87810d68e9f7cca555eef4b1f
2126,34762MO0590024,107,13,Individual,EPO,QHP,Gold,Transparency 2026 - Ind QHP,1904,Transparency_in_Coverage_PUF.xlsx,27379dc76590027b0e6d21d736331f87376f0ac87810d68e9f7cca555eef4b1f
2127,34762MO0590025,107,13,Individual,EPO,QHP,Silver,Transparency 2026 - Ind QHP,1905,Transparency_in_Coverage_PUF.xlsx,27379dc76590027b0e6d21d736331f87376f0ac87810d68e9f7cca555eef4b1f
2128,34762MO0590026,107,13,Individual,EPO,QHP,Bronze,Transparency 2026 - Ind QHP,1906,Transparency_in_Coverage_PUF.xlsx,27379dc76590027b0e6d21d736331f87376f0ac87810d68e9f7cca555eef4b1f
2129,34762MO0590027,107,13,Individual,EPO,QHP,Gold,Transparency 2026 - Ind QHP,1907,Transparency_in_Coverage_PUF.xlsx,27379dc76590027b0e6d21d736331f87376f0ac87810d68e9f7cca555eef4b1f
2130,34826TX0010001,108,26,Individual,HMO,QHP,Gold,Transparency 2026 - Ind QHP,1908,Transparency_in_Coverage_PUF.xlsx,27379dc76590027b0e6d21d736331f87376f0ac87810d68e9f7cca555eef4b1f
2131,34826TX0020001,108,26,Individual,HMO,QHP,Bronze,Transparency 2026 - Ind QHP,1909,Transparency_in_Coverage_PUF.xlsx,27379dc76590027b0e6d21d736331f87376f0ac87810d68e9f7cca555eef4b1f
2132,34826TX0020002,108,26,Individual,HMO,QHP,Silver,Transparency 2026 - Ind QHP,1910,Transparency_in_Coverage_PUF.xlsx,27379dc76590027b0e6d21d736331f87376f0ac87810d68e9f7cca555eef4b1f
2133,34826TX0020003,108,26,Individual,HMO,QHP,Gold,Transparency 2026 - Ind QHP,1911,Transparency_in_Coverage_PUF.xlsx,27379dc76590027b0e6d21d736331f87376f0ac87810d68e9f7cca555eef4b1f
2134,34826TX0030001,108,26,Individual,HMO,QHP,Bronze,Transparency 2026 - Ind QHP,1912,Transparency_in_Coverage_PUF.xlsx,27379dc76590027b0e6d21d736331f87376f0ac87810d68e9f7cca555eef4b1f
2135,34826TX0030002,108,26,Individual,HMO,QHP,Silver,Transparency 2026 - Ind QHP,1913,Transparency_in_Coverage_PUF.xlsx,27379dc76590027b0e6d21d736331f87376f0ac87810d68e9f7cca555eef4b1f
2136,34826TX0030003,108,26,Individual,HMO,QHP,Gold,Transparency 2026 - Ind QHP,1914,Transparency_in_Coverage_PUF.xlsx,27379dc76590027b0e6d21d736331f87376f0ac87810d68e9f7cca555eef4b1f
2137,34930MI0150001,109,12,Individual,PPO,SADP,High,Transparency 2026 - Ind SADP,226,Transparency_in_Coverage_PUF.xlsx,27379dc76590027b0e6d21d736331f87376f0ac87810d68e9f7cca555eef4b1f
2138,34930MI0150002,109,12,Individual,PPO,SADP,Low,Transparency 2026 - Ind SADP,227,Transparency_in_Coverage_PUF.xlsx,27379dc76590027b0e6d21d736331f87376f0ac87810d68e9f7cca555eef4b1f
2139,34930MI0150003,109,12,Individual,PPO,SADP,High,Transparency 2026 - Ind SADP,228,Transparency_in_Coverage_PUF.xlsx,27379dc76590027b0e6d21d736331f87376f0ac87810d68e9f7cca555eef4b1f
2140,34930MI0170001,109,12,Individual,PPO,SADP,High,Transparency 2026 - Ind SADP,229,Transparency_in_Coverage_PUF.xlsx,27379dc76590027b0e6d21d736331f87376f0ac87810d68e9f7cca555eef4b1f
2141,34930MI0170002,109,12,Individual,PPO,SADP,Low,Transparency 2026 - Ind SADP,230,Transparency_in_Coverage_PUF.xlsx,27379dc76590027b0e6d21d736331f87376f0ac87810d68e9f7cca555eef4b1f
2142,34964OH0030001,110,20,Individual,PPO,SADP,High,Transparency 2026 - Ind SADP,231,Transparency_in_Coverage_PUF.xlsx,27379dc76590027b0e6d21d736331f87376f0ac87810d68e9f7cca555eef4b1f
2143,34964OH0030003,110,20,Individual,PPO,SADP,High,Transparency 2026 - Ind SADP,232,Transparency_in_Coverage_PUF.xlsx,27379dc76590027b0e6d21d736331f87376f0ac87810d68e9f7cca555eef4b1f
2144,34964OH0030004,110,20,Individual,PPO,SADP,Low,Transparency 2026 - Ind SADP,233,Transparency_in_Coverage_PUF.xlsx,27379dc76590027b0e6d21d736331f87376f0ac87810d68e9f7cca555eef4b1f
2145,34964OH0030010,110,20,Individual,PPO,SADP,Low,Transparency 2026 - Ind SADP,234,Transparency_in_Coverage_PUF.xlsx,27379dc76590027b0e6d21d736331f87376f0ac87810d68e9f7cca555eef4b1f
2146,35065IN0040001,111,9,Individual,HMO,QHP,Silver,Transparency 2026 - Ind QHP,1915,Transparency_in_Coverage_PUF.xlsx,27379dc76590027b0e6d21d736331f87376f0ac87810d68e9f7cca555eef4b1f
2147,35065IN0040004,111,9,Individual,HMO,QHP,Gold,Transparency 2026 - Ind QHP,1916,Transparency_in_Coverage_PUF.xlsx,27379dc76590027b0e6d21d736331f87376f0ac87810d68e9f7cca555eef4b1f
2148,35065IN0040007,111,9,Individual,HMO,QHP,Gold,Transparency 2026 - Ind QHP,1917,Transparency_in_Coverage_PUF.xlsx,27379dc76590027b0e6d21d736331f87376f0ac87810d68e9f7cca555eef4b1f
2149,35065IN0040010,111,9,Individual,HMO,QHP,Silver,Transparency 2026 - Ind QHP,1918,Transparency_in_Coverage_PUF.xlsx,27379dc76590027b0e6d21d736331f87376f0ac87810d68e9f7cca555eef4b1f
2150,35065IN0040013,111,9,Individual,HMO,QHP,Gold,Transparency 2026 - Ind QHP,1919,Transparency_in_Coverage_PUF.xlsx,27379dc76590027b0e6d21d736331f87376f0ac87810d68e9f7cca555eef4b1f
2151,35065IN0050001,111,9,Individual,HMO,QHP,Silver,Transparency 2026 - Ind QHP,1920,Transparency_in_Coverage_PUF.xlsx,27379dc76590027b0e6d21d736331f87376f0ac87810d68e9f7cca555eef4b1f
2152,35065IN0050003,111,9,Individual,HMO,QHP,Gold,Transparency 2026 - Ind QHP,1921,Transparency_in_Coverage_PUF.xlsx,27379dc76590027b0e6d21d736331f87376f0ac87810d68e9f7cca555eef4b1f
2153,35065IN0050006,111,9,Individual,HMO,QHP,Gold,Transparency 2026 - Ind QHP,1922,Transparency_in_Coverage_PUF.xlsx,27379dc76590027b0e6d21d736331f87376f0ac87810d68e9f7cca555eef4b1f
2154,35065IN0050009,111,9,Individual,HMO,QHP,Silver,Transparency 2026 - Ind QHP,1923,Transparency_in_Coverage_PUF.xlsx,27379dc76590027b0e6d21d736331f87376f0ac87810d68e9f7cca555eef4b1f
2155,35065IN0050012,111,9,Individual,HMO,QHP,Gold,Transparency 2026 - Ind QHP,1924,Transparency_in_Coverage_PUF.xlsx,27379dc76590027b0e6d21d736331f87376f0ac87810d68e9f7cca555eef4b1f
2156,35700MI0020003,112,12,Individual,PPO,SADP,High,Transparency 2026 - Ind SADP,235,Transparency_in_Coverage_PUF.xlsx,27379dc76590027b0e6d21d736331f87376f0ac87810d68e9f7cca555eef4b1f
2157,35700MI0020006,112,12,Individual,PPO,SADP,Low,Transparency 2026 - Ind SADP,236,Transparency_in_Coverage_PUF.xlsx,27379dc76590027b0e6d21d736331f87376f0ac87810d68e9f7cca555eef4b1f
2158,35700MI0020007,112,12,Individual,PPO,SADP,High,Transparency 2026 - Ind SADP,237,Transparency_in_Coverage_PUF.xlsx,27379dc76590027b0e6d21d736331f87376f0ac87810d68e9f7cca555eef4b1f
2159,35700MI0020008,112,12,Individual,PPO,SADP,Low,Transparency 2026 - Ind SADP,238,Transparency_in_Coverage_PUF.xlsx,27379dc76590027b0e6d21d736331f87376f0ac87810d68e9f7cca555eef4b1f
2160,35853MO0040003,113,13,Individual,PPO,SADP,High,Transparency 2026 - Ind SADP,239,Transparency_in_Coverage_PUF.xlsx,27379dc76590027b0e6d21d736331f87376f0ac87810d68e9f7cca555eef4b1f
2161,35853MO0040004,113,13,Individual,PPO,SADP,Low,Transparency 2026 - Ind SADP,240,Transparency_in_Coverage_PUF.xlsx,27379dc76590027b0e6d21d736331f87376f0ac87810d68e9f7cca555eef4b1f
2162,35853MO0050003,113,13,Individual,PPO,SADP,High,Transparency 2026 - Ind SADP,241,Transparency_in_Coverage_PUF.xlsx,27379dc76590027b0e6d21d736331f87376f0ac87810d68e9f7cca555eef4b1f
2163,35853MO0050004,113,13,Individual,PPO,SADP,Low,Transparency 2026 - Ind SADP,242,Transparency_in_Coverage_PUF.xlsx,27379dc76590027b0e6d21d736331f87376f0ac87810d68e9f7cca555eef4b1f
2164,35853MO0070001,113,13,Individual,PPO,SADP,Low,Transparency 2026 - Ind SADP,243,Transparency_in_Coverage_PUF.xlsx,27379dc76590027b0e6d21d736331f87376f0ac87810d68e9f7cca555eef4b1f
2165,36194FL0160009,114,6,Individual,HMO,QHP,Bronze,Transparency 2026 - Ind QHP,1925,Transparency_in_Coverage_PUF.xlsx,27379dc76590027b0e6d21d736331f87376f0ac87810d68e9f7cca555eef4b1f
2166,36194FL0160011,114,6,Individual,HMO,QHP,Bronze,Transparency 2026 - Ind QHP,1926,Transparency_in_Coverage_PUF.xlsx,27379dc76590027b0e6d21d736331f87376f0ac87810d68e9f7cca555eef4b1f
2167,36194FL0160012,114,6,Individual,HMO,QHP,Silver,Transparency 2026 - Ind QHP,1927,Transparency_in_Coverage_PUF.xlsx,27379dc76590027b0e6d21d736331f87376f0ac87810d68e9f7cca555eef4b1f
2168,36194FL0160013,114,6,Individual,HMO,QHP,Gold,Transparency 2026 - Ind QHP,1928,Transparency_in_Coverage_PUF.xlsx,27379dc76590027b0e6d21d736331f87376f0ac87810d68e9f7cca555eef4b1f
2169,36194FL0410001,114,6,Individual,HMO,QHP,Bronze,Transparency 2026 - Ind QHP,1929,Transparency_in_Coverage_PUF.xlsx,27379dc76590027b0e6d21d736331f87376f0ac87810d68e9f7cca555eef4b1f
2170,36194FL0410002,114,6,Individual,HMO,QHP,Silver,Transparency 2026 - Ind QHP,1930,Transparency_in_Coverage_PUF.xlsx,27379dc76590027b0e6d21d736331f87376f0ac87810d68e9f7cca555eef4b1f
2171,36194FL0410003,114,6,Individual,HMO,QHP,Gold,Transparency 2026 - Ind QHP,1931,Transparency_in_Coverage_PUF.xlsx,27379dc76590027b0e6d21d736331f87376f0ac87810d68e9f7cca555eef4b1f
2172,36194FL0440001,114,6,Individual,HMO,QHP,Bronze,Transparency 2026 - Ind QHP,1932,Transparency_in_Coverage_PUF.xlsx,27379dc76590027b0e6d21d736331f87376f0ac87810d68e9f7cca555eef4b1f
2173,36194FL0440002,114,6,Individual,HMO,QHP,Silver,Transparency 2026 - Ind QHP,1933,Transparency_in_Coverage_PUF.xlsx,27379dc76590027b0e6d21d736331f87376f0ac87810d68e9f7cca555eef4b1f
2174,36194FL0440003,114,6,Individual,HMO,QHP,Gold,Transparency 2026 - Ind QHP,1934,Transparency_in_Coverage_PUF.xlsx,27379dc76590027b0e6d21d736331f87376f0ac87810d68e9f7cca555eef4b1f
2175,36194FL0450001,114,6,Individual,HMO,QHP,Silver,Transparency 2026 - Ind QHP,1935,Transparency_in_Coverage_PUF.xlsx,27379dc76590027b0e6d21d736331f87376f0ac87810d68e9f7cca555eef4b1f
2176,36194FL0450002,114,6,Individual,HMO,QHP,Gold,Transparency 2026 - Ind QHP,1936,Transparency_in_Coverage_PUF.xlsx,27379dc76590027b0e6d21d736331f87376f0ac87810d68e9f7cca555eef4b1f
2177,36194FL0450003,114,6,Individual,HMO,QHP,Catastrophic,Transparency 2026 - Ind QHP,1937,Transparency_in_Coverage_PUF.xlsx,27379dc76590027b0e6d21d736331f87376f0ac87810d68e9f7cca555eef4b1f
2178,36194FL0460001,114,6,Individual,HMO,QHP,Silver,Transparency 2026 - Ind QHP,1938,Transparency_in_Coverage_PUF.xlsx,27379dc76590027b0e6d21d736331f87376f0ac87810d68e9f7cca555eef4b1f
2179,36194FL0460002,114,6,Individual,HMO,QHP,Gold,Transparency 2026 - Ind QHP,1939,Transparency_in_Coverage_PUF.xlsx,27379dc76590027b0e6d21d736331f87376f0ac87810d68e9f7cca555eef4b1f
2180,36194FL0460003,114,6,Individual,HMO,QHP,Bronze,Transparency 2026 - Ind QHP,1940,Transparency_in_Coverage_PUF.xlsx,27379dc76590027b0e6d21d736331f87376f0ac87810d68e9f7cca555eef4b1f
2181,36194FL0470001,114,6,Individual,HMO,QHP,Bronze,Transparency 2026 - Ind QHP,1941,Transparency_in_Coverage_PUF.xlsx,27379dc76590027b0e6d21d736331f87376f0ac87810d68e9f7cca555eef4b1f
2182,36194FL0470002,114,6,Individual,HMO,QHP,Silver,Transparency 2026 - Ind QHP,1942,Transparency_in_Coverage_PUF.xlsx,27379dc76590027b0e6d21d736331f87376f0ac87810d68e9f7cca555eef4b1f
2183,36194FL0470003,114,6,Individual,HMO,QHP,Gold,Transparency 2026 - Ind QHP,1943,Transparency_in_Coverage_PUF.xlsx,27379dc76590027b0e6d21d736331f87376f0ac87810d68e9f7cca555eef4b1f
2184,36194FL0480001,114,6,Individual,HMO,QHP,Bronze,Transparency 2026 - Ind QHP,1944,Transparency_in_Coverage_PUF.xlsx,27379dc76590027b0e6d21d736331f87376f0ac87810d68e9f7cca555eef4b1f
2185,36194FL0480002,114,6,Individual,HMO,QHP,Silver,Transparency 2026 - Ind QHP,1945,Transparency_in_Coverage_PUF.xlsx,27379dc76590027b0e6d21d736331f87376f0ac87810d68e9f7cca555eef4b1f
2186,36194FL0480003,114,6,Individual,HMO,QHP,Gold,Transparency 2026 - Ind QHP,1946,Transparency_in_Coverage_PUF.xlsx,27379dc76590027b0e6d21d736331f87376f0ac87810d68e9f7cca555eef4b1f
2187,36194FL0500001,114,6,Individual,HMO,QHP,Silver,Transparency 2026 - Ind QHP,1947,Transparency_in_Coverage_PUF.xlsx,27379dc76590027b0e6d21d736331f87376f0ac87810d68e9f7cca555eef4b1f
2188,36194FL0500002,114,6,Individual,HMO,QHP,Gold,Transparency 2026 - Ind QHP,1948,Transparency_in_Coverage_PUF.xlsx,27379dc76590027b0e6d21d736331f87376f0ac87810d68e9f7cca555eef4b1f
2189,37160ND2410002,115,17,Individual,PPO,QHP,Silver,Transparency 2026 - Ind QHP,1949,Transparency_in_Coverage_PUF.xlsx,27379dc76590027b0e6d21d736331f87376f0ac87810d68e9f7cca555eef4b1f
2190,37160ND2410005,115,17,Individual,PPO,QHP,Gold,Transparency 2026 - Ind QHP,1950,Transparency_in_Coverage_PUF.xlsx,27379dc76590027b0e6d21d736331f87376f0ac87810d68e9f7cca555eef4b1f
2191,37160ND2410014,115,17,Individual,PPO,QHP,Silver,Transparency 2026 - Ind QHP,1951,Transparency_in_Coverage_PUF.xlsx,27379dc76590027b0e6d21d736331f87376f0ac87810d68e9f7cca555eef4b1f
2192,37160ND2410020,115,17,Individual,PPO,QHP,Bronze,Transparency 2026 - Ind QHP,1952,Transparency_in_Coverage_PUF.xlsx,27379dc76590027b0e6d21d736331f87376f0ac87810d68e9f7cca555eef4b1f
2193,37160ND2410021,115,17,Individual,PPO,QHP,Catastrophic,Transparency 2026 - Ind QHP,1953,Transparency_in_Coverage_PUF.xlsx,27379dc76590027b0e6d21d736331f87376f0ac87810d68e9f7cca555eef4b1f
2194,37160ND2410022,115,17,Individual,PPO,QHP,Gold,Transparency 2026 - Ind QHP,1954,Transparency_in_Coverage_PUF.xlsx,27379dc76590027b0e6d21d736331f87376f0ac87810d68e9f7cca555eef4b1f
2195,37160ND2410026,115,17,Individual,PPO,QHP,Gold,Transparency 2026 - Ind QHP,1955,Transparency_in_Coverage_PUF.xlsx,27379dc76590027b0e6d21d736331f87376f0ac87810d68e9f7cca555eef4b1f
2196,37160ND2410027,115,17,Individual,PPO,QHP,Silver,Transparency 2026 - Ind QHP,1956,Transparency_in_Coverage_PUF.xlsx,27379dc76590027b0e6d21d736331f87376f0ac87810d68e9f7cca555eef4b1f
2197,37160ND2410028,115,17,Individual,PPO,QHP,Bronze,Transparency 2026 - Ind QHP,1957,Transparency_in_Coverage_PUF.xlsx,27379dc76590027b0e6d21d736331f87376f0ac87810d68e9f7cca555eef4b1f
2198,37160ND2410030,115,17,Individual,PPO,QHP,Bronze,Transparency 2026 - Ind QHP,1958,Transparency_in_Coverage_PUF.xlsx,27379dc76590027b0e6d21d736331f87376f0ac87810d68e9f7cca555eef4b1f
2199,37160ND2480001,115,17,Individual,PPO,QHP,Gold,Transparency 2026 - Ind QHP,1959,Transparency_in_Coverage_PUF.xlsx,27379dc76590027b0e6d21d736331f87376f0ac87810d68e9f7cca555eef4b1f
2200,37160ND2480003,115,17,Individual,PPO,QHP,Silver,Transparency 2026 - Ind QHP,1960,Transparency_in_Coverage_PUF.xlsx,27379dc76590027b0e6d21d736331f87376f0ac87810d68e9f7cca555eef4b1f
2201,37160ND2480009,115,17,Individual,PPO,QHP,Gold,Transparency 2026 - Ind QHP,1961,Transparency_in_Coverage_PUF.xlsx,27379dc76590027b0e6d21d736331f87376f0ac87810d68e9f7cca555eef4b1f
2202,37160ND2480010,115,17,Individual,PPO,QHP,Silver,Transparency 2026 - Ind QHP,1962,Transparency_in_Coverage_PUF.xlsx,27379dc76590027b0e6d21d736331f87376f0ac87810d68e9f7cca555eef4b1f
2203,37758TX0010001,116,26,Individual,HMO,QHP,Gold,Transparency 2026 - Ind QHP,1963,Transparency_in_Coverage_PUF.xlsx,27379dc76590027b0e6d21d736331f87376f0ac87810d68e9f7cca555eef4b1f
2204,37758TX0010002,116,26,Individual,HMO,QHP,Silver,Transparency 2026 - Ind QHP,1964,Transparency_in_Coverage_PUF.xlsx,27379dc76590027b0e6d21d736331f87376f0ac87810d68e9f7cca555eef4b1f
2205,37758TX0010004,116,26,Individual,HMO,QHP,Gold,Transparency 2026 - Ind QHP,1965,Transparency_in_Coverage_PUF.xlsx,27379dc76590027b0e6d21d736331f87376f0ac87810d68e9f7cca555eef4b1f
2206,37758TX0010005,116,26,Individual,HMO,QHP,Silver,Transparency 2026 - Ind QHP,1966,Transparency_in_Coverage_PUF.xlsx,27379dc76590027b0e6d21d736331f87376f0ac87810d68e9f7cca555eef4b1f
2207,37833WI0380194,117,28,Individual,HMO,QHP,Gold,Transparency 2026 - Ind QHP,1967,Transparency_in_Coverage_PUF.xlsx,27379dc76590027b0e6d21d736331f87376f0ac87810d68e9f7cca555eef4b1f
2208,37833WI0380196,117,28,Individual,HMO,QHP,Gold,Transparency 2026 - Ind QHP,1968,Transparency_in_Coverage_PUF.xlsx,27379dc76590027b0e6d21d736331f87376f0ac87810d68e9f7cca555eef4b1f
2209,37833WI0380204,117,28,Individual,HMO,QHP,Bronze,Transparency 2026 - Ind QHP,1969,Transparency_in_Coverage_PUF.xlsx,27379dc76590027b0e6d21d736331f87376f0ac87810d68e9f7cca555eef4b1f
2210,37833WI0380268,117,28,Individual,HMO,QHP,Gold,Transparency 2026 - Ind QHP,1970,Transparency_in_Coverage_PUF.xlsx,27379dc76590027b0e6d21d736331f87376f0ac87810d68e9f7cca555eef4b1f
2211,37833WI0380272,117,28,Individual,HMO,QHP,Silver,Transparency 2026 - Ind QHP,1971,Transparency_in_Coverage_PUF.xlsx,27379dc76590027b0e6d21d736331f87376f0ac87810d68e9f7cca555eef4b1f
2212,37833WI0380274,117,28,Individual,HMO,QHP,Silver,Transparency 2026 - Ind QHP,1972,Transparency_in_Coverage_PUF.xlsx,27379dc76590027b0e6d21d736331f87376f0ac87810d68e9f7cca555eef4b1f
2213,37833WI0380275,117,28,Individual,HMO,QHP,Bronze,Transparency 2026 - Ind QHP,1973,Transparency_in_Coverage_PUF.xlsx,27379dc76590027b0e6d21d736331f87376f0ac87810d68e9f7cca555eef4b1f
2214,37833WI0380280,117,28,Individual,HMO,QHP,Gold,Transparency 2026 - Ind QHP,1974,Transparency_in_Coverage_PUF.xlsx,27379dc76590027b0e6d21d736331f87376f0ac87810d68e9f7cca555eef4b1f
2215,37833WI0380281,117,28,Individual,HMO,QHP,Gold,Transparency 2026 - Ind QHP,1975,Transparency_in_Coverage_PUF.xlsx,27379dc76590027b0e6d21d736331f87376f0ac87810d68e9f7cca555eef4b1f
2216,37833WI0380284,117,28,Individual,HMO,QHP,Silver,Transparency 2026 - Ind QHP,1976,Transparency_in_Coverage_PUF.xlsx,27379dc76590027b0e6d21d736331f87376f0ac87810d68e9f7cca555eef4b1f
2217,37833WI0380288,117,28,Individual,HMO,QHP,Silver,Transparency 2026 - Ind QHP,1977,Transparency_in_Coverage_PUF.xlsx,27379dc76590027b0e6d21d736331f87376f0ac87810d68e9f7cca555eef4b1f
2218,37833WI0380289,117,28,Individual,HMO,QHP,Bronze,Transparency 2026 - Ind QHP,1978,Transparency_in_Coverage_PUF.xlsx,27379dc76590027b0e6d21d736331f87376f0ac87810d68e9f7cca555eef4b1f
2219,37833WI0380292,117,28,Individual,HMO,QHP,Bronze,Transparency 2026 - Ind QHP,1979,Transparency_in_Coverage_PUF.xlsx,27379dc76590027b0e6d21d736331f87376f0ac87810d68e9f7cca555eef4b1f
2220,37833WI0380305,117,28,Individual,HMO,QHP,Gold,Transparency 2026 - Ind QHP,1980,Transparency_in_Coverage_PUF.xlsx,27379dc76590027b0e6d21d736331f87376f0ac87810d68e9f7cca555eef4b1f
2221,37833WI0380318,117,28,Individual,HMO,QHP,Gold,Transparency 2026 - Ind QHP,1981,Transparency_in_Coverage_PUF.xlsx,27379dc76590027b0e6d21d736331f87376f0ac87810d68e9f7cca555eef4b1f
2222,37833WI0380319,117,28,Individual,HMO,QHP,Gold,Transparency 2026 - Ind QHP,1982,Transparency_in_Coverage_PUF.xlsx,27379dc76590027b0e6d21d736331f87376f0ac87810d68e9f7cca555eef4b1f
2223,37833WI0380320,117,28,Individual,HMO,QHP,Gold,Transparency 2026 - Ind QHP,1983,Transparency_in_Coverage_PUF.xlsx,27379dc76590027b0e6d21d736331f87376f0ac87810d68e9f7cca555eef4b1f
2224,37833WI0380321,117,28,Individual,HMO,QHP,Silver,Transparency 2026 - Ind QHP,1984,Transparency_in_Coverage_PUF.xlsx,27379dc76590027b0e6d21d736331f87376f0ac87810d68e9f7cca555eef4b1f
2225,37833WI0380323,117,28,Individual,HMO,QHP,Silver,Transparency 2026 - Ind QHP,1985,Transparency_in_Coverage_PUF.xlsx,27379dc76590027b0e6d21d736331f87376f0ac87810d68e9f7cca555eef4b1f
2226,37833WI0380325,117,28,Individual,HMO,QHP,Bronze,Transparency 2026 - Ind QHP,1986,Transparency_in_Coverage_PUF.xlsx,27379dc76590027b0e6d21d736331f87376f0ac87810d68e9f7cca555eef4b1f
2227,37833WI0380326,117,28,Individual,HMO,QHP,Bronze,Transparency 2026 - Ind QHP,1987,Transparency_in_Coverage_PUF.xlsx,27379dc76590027b0e6d21d736331f87376f0ac87810d68e9f7cca555eef4b1f
2228,37833WI0380338,117,28,Individual,HMO,QHP,Bronze,Transparency 2026 - Ind QHP,1988,Transparency_in_Coverage_PUF.xlsx,27379dc76590027b0e6d21d736331f87376f0ac87810d68e9f7cca555eef4b1f
2229,37833WI0380340,117,28,Individual,HMO,QHP,Bronze,Transparency 2026 - Ind QHP,1989,Transparency_in_Coverage_PUF.xlsx,27379dc76590027b0e6d21d736331f87376f0ac87810d68e9f7cca555eef4b1f
2230,37833WI0380341,117,28,Individual,HMO,QHP,Bronze,Transparency 2026 - Ind QHP,1990,Transparency_in_Coverage_PUF.xlsx,27379dc76590027b0e6d21d736331f87376f0ac87810d68e9f7cca555eef4b1f
2231,37833WI0380342,117,28,Individual,HMO,QHP,Silver,Transparency 2026 - Ind QHP,1991,Transparency_in_Coverage_PUF.xlsx,27379dc76590027b0e6d21d736331f87376f0ac87810d68e9f7cca555eef4b1f
2232,37833WI0380343,117,28,Individual,HMO,QHP,Silver,Transparency 2026 - Ind QHP,1992,Transparency_in_Coverage_PUF.xlsx,27379dc76590027b0e6d21d736331f87376f0ac87810d68e9f7cca555eef4b1f
2233,37833WI0380344,117,28,Individual,HMO,QHP,Silver,Transparency 2026 - Ind QHP,1993,Transparency_in_Coverage_PUF.xlsx,27379dc76590027b0e6d21d736331f87376f0ac87810d68e9f7cca555eef4b1f
2234,37833WI0510194,117,28,Individual,HMO,QHP,Gold,Transparency 2026 - Ind QHP,1994,Transparency_in_Coverage_PUF.xlsx,27379dc76590027b0e6d21d736331f87376f0ac87810d68e9f7cca555eef4b1f
2235,37833WI0510196,117,28,Individual,HMO,QHP,Gold,Transparency 2026 - Ind QHP,1995,Transparency_in_Coverage_PUF.xlsx,27379dc76590027b0e6d21d736331f87376f0ac87810d68e9f7cca555eef4b1f
2236,37833WI0510200,117,28,Individual,HMO,QHP,Silver,Transparency 2026 - Ind QHP,1996,Transparency_in_Coverage_PUF.xlsx,27379dc76590027b0e6d21d736331f87376f0ac87810d68e9f7cca555eef4b1f
2237,37833WI0510204,117,28,Individual,HMO,QHP,Bronze,Transparency 2026 - Ind QHP,1997,Transparency_in_Coverage_PUF.xlsx,27379dc76590027b0e6d21d736331f87376f0ac87810d68e9f7cca555eef4b1f
2238,37833WI0510205,117,28,Individual,HMO,QHP,Bronze,Transparency 2026 - Ind QHP,1998,Transparency_in_Coverage_PUF.xlsx,27379dc76590027b0e6d21d736331f87376f0ac87810d68e9f7cca555eef4b1f
2239,37833WI0510268,117,28,Individual,HMO,QHP,Gold,Transparency 2026 - Ind QHP,1999,Transparency_in_Coverage_PUF.xlsx,27379dc76590027b0e6d21d736331f87376f0ac87810d68e9f7cca555eef4b1f
2240,37833WI0510272,117,28,Individual,HMO,QHP,Silver,Transparency 2026 - Ind QHP,2000,Transparency_in_Coverage_PUF.xlsx,27379dc76590027b0e6d21d736331f87376f0ac87810d68e9f7cca555eef4b1f
2241,37833WI0510280,117,28,Individual,HMO,QHP,Gold,Transparency 2026 - Ind QHP,2001,Transparency_in_Coverage_PUF.xlsx,27379dc76590027b0e6d21d736331f87376f0ac87810d68e9f7cca555eef4b1f
2242,37833WI0510281,117,28,Individual,HMO,QHP,Gold,Transparency 2026 - Ind QHP,2002,Transparency_in_Coverage_PUF.xlsx,27379dc76590027b0e6d21d736331f87376f0ac87810d68e9f7cca555eef4b1f
2243,37833WI0510284,117,28,Individual,HMO,QHP,Silver,Transparency 2026 - Ind QHP,2003,Transparency_in_Coverage_PUF.xlsx,27379dc76590027b0e6d21d736331f87376f0ac87810d68e9f7cca555eef4b1f
2244,37833WI0510288,117,28,Individual,HMO,QHP,Silver,Transparency 2026 - Ind QHP,2004,Transparency_in_Coverage_PUF.xlsx,27379dc76590027b0e6d21d736331f87376f0ac87810d68e9f7cca555eef4b1f
2245,37833WI0510289,117,28,Individual,HMO,QHP,Bronze,Transparency 2026 - Ind QHP,2005,Transparency_in_Coverage_PUF.xlsx,27379dc76590027b0e6d21d736331f87376f0ac87810d68e9f7cca555eef4b1f
2246,37833WI0510292,117,28,Individual,HMO,QHP,Bronze,Transparency 2026 - Ind QHP,2006,Transparency_in_Coverage_PUF.xlsx,27379dc76590027b0e6d21d736331f87376f0ac87810d68e9f7cca555eef4b1f
2247,37833WI0510305,117,28,Individual,HMO,QHP,Gold,Transparency 2026 - Ind QHP,2007,Transparency_in_Coverage_PUF.xlsx,27379dc76590027b0e6d21d736331f87376f0ac87810d68e9f7cca555eef4b1f
2248,37833WI0510318,117,28,Individual,HMO,QHP,Gold,Transparency 2026 - Ind QHP,2008,Transparency_in_Coverage_PUF.xlsx,27379dc76590027b0e6d21d736331f87376f0ac87810d68e9f7cca555eef4b1f
2249,37833WI0510319,117,28,Individual,HMO,QHP,Gold,Transparency 2026 - Ind QHP,2009,Transparency_in_Coverage_PUF.xlsx,27379dc76590027b0e6d21d736331f87376f0ac87810d68e9f7cca555eef4b1f
2250,37833WI0510320,117,28,Individual,HMO,QHP,Gold,Transparency 2026 - Ind QHP,2010,Transparency_in_Coverage_PUF.xlsx,27379dc76590027b0e6d21d736331f87376f0ac87810d68e9f7cca555eef4b1f
2251,37833WI0510321,117,28,Individual,HMO,QHP,Silver,Transparency 2026 - Ind QHP,2011,Transparency_in_Coverage_PUF.xlsx,27379dc76590027b0e6d21d736331f87376f0ac87810d68e9f7cca555eef4b1f
2252,37833WI0510323,117,28,Individual,HMO,QHP,Silver,Transparency 2026 - Ind QHP,2012,Transparency_in_Coverage_PUF.xlsx,27379dc76590027b0e6d21d736331f87376f0ac87810d68e9f7cca555eef4b1f
2253,37833WI0510325,117,28,Individual,HMO,QHP,Bronze,Transparency 2026 - Ind QHP,2013,Transparency_in_Coverage_PUF.xlsx,27379dc76590027b0e6d21d736331f87376f0ac87810d68e9f7cca555eef4b1f
2254,37833WI0510326,117,28,Individual,HMO,QHP,Bronze,Transparency 2026 - Ind QHP,2014,Transparency_in_Coverage_PUF.xlsx,27379dc76590027b0e6d21d736331f87376f0ac87810d68e9f7cca555eef4b1f
2255,37833WI0510338,117,28,Individual,HMO,QHP,Bronze,Transparency 2026 - Ind QHP,2015,Transparency_in_Coverage_PUF.xlsx,27379dc76590027b0e6d21d736331f87376f0ac87810d68e9f7cca555eef4b1f
2256,37833WI0510340,117,28,Individual,HMO,QHP,Bronze,Transparency 2026 - Ind QHP,2016,Transparency_in_Coverage_PUF.xlsx,27379dc76590027b0e6d21d736331f87376f0ac87810d68e9f7cca555eef4b1f
2257,37833WI0510341,117,28,Individual,HMO,QHP,Bronze,Transparency 2026 - Ind QHP,2017,Transparency_in_Coverage_PUF.xlsx,27379dc76590027b0e6d21d736331f87376f0ac87810d68e9f7cca555eef4b1f
2258,37833WI0510342,117,28,Individual,HMO,QHP,Silver,Transparency 2026 - Ind QHP,2018,Transparency_in_Coverage_PUF.xlsx,27379dc76590027b0e6d21d736331f87376f0ac87810d68e9f7cca555eef4b1f
2259,37833WI0510343,117,28,Individual,HMO,QHP,Silver,Transparency 2026 - Ind QHP,2019,Transparency_in_Coverage_PUF.xlsx,27379dc76590027b0e6d21d736331f87376f0ac87810d68e9f7cca555eef4b1f
2260,37833WI0510344,117,28,Individual,HMO,QHP,Silver,Transparency 2026 - Ind QHP,2020,Transparency_in_Coverage_PUF.xlsx,27379dc76590027b0e6d21d736331f87376f0ac87810d68e9f7cca555eef4b1f
2261,37833WI0540008,117,28,Individual,HMO,QHP,Catastrophic,Transparency 2026 - Ind QHP,2021,Transparency_in_Coverage_PUF.xlsx,27379dc76590027b0e6d21d736331f87376f0ac87810d68e9f7cca555eef4b1f
2262,37833WI0540084,117,28,Individual,HMO,QHP,Catastrophic,Transparency 2026 - Ind QHP,2022,Transparency_in_Coverage_PUF.xlsx,27379dc76590027b0e6d21d736331f87376f0ac87810d68e9f7cca555eef4b1f
2263,37833WI0540089,117,28,Individual,HMO,QHP,Catastrophic,Transparency 2026 - Ind QHP,2023,Transparency_in_Coverage_PUF.xlsx,27379dc76590027b0e6d21d736331f87376f0ac87810d68e9f7cca555eef4b1f
2264,37903AR0070025,118,3,Individual,PPO,QHP,Silver,Transparency 2026 - Ind QHP,2024,Transparency_in_Coverage_PUF.xlsx,27379dc76590027b0e6d21d736331f87376f0ac87810d68e9f7cca555eef4b1f
2265,37903AR0070031,118,3,Individual,PPO,QHP,Gold,Transparency 2026 - Ind QHP,2025,Transparency_in_Coverage_PUF.xlsx,27379dc76590027b0e6d21d736331f87376f0ac87810d68e9f7cca555eef4b1f
2266,37903AR0070033,118,3,Individual,PPO,QHP,Silver,Transparency 2026 - Ind QHP,2026,Transparency_in_Coverage_PUF.xlsx,27379dc76590027b0e6d21d736331f87376f0ac87810d68e9f7cca555eef4b1f
2267,37903AR0070034,118,3,Individual,PPO,QHP,Gold,Transparency 2026 - Ind QHP,2027,Transparency_in_Coverage_PUF.xlsx,27379dc76590027b0e6d21d736331f87376f0ac87810d68e9f7cca555eef4b1f
2268,37903AR0160001,118,3,Individual,PPO,QHP,Gold,Transparency 2026 - Ind QHP,2028,Transparency_in_Coverage_PUF.xlsx,27379dc76590027b0e6d21d736331f87376f0ac87810d68e9f7cca555eef4b1f
2269,37903AR0160002,118,3,Individual,PPO,QHP,Gold,Transparency 2026 - Ind QHP,2029,Transparency_in_Coverage_PUF.xlsx,27379dc76590027b0e6d21d736331f87376f0ac87810d68e9f7cca555eef4b1f
2270,37903AR0160003,118,3,Individual,PPO,QHP,Silver,Transparency 2026 - Ind QHP,2030,Transparency_in_Coverage_PUF.xlsx,27379dc76590027b0e6d21d736331f87376f0ac87810d68e9f7cca555eef4b1f
2271,38166WI0140001,119,28,SHOP,HMO,QHP,Platinum,Transparency 2026 - SHOP,7,Transparency_in_Coverage_PUF.xlsx,27379dc76590027b0e6d21d736331f87376f0ac87810d68e9f7cca555eef4b1f
2272,38166WI0140004,119,28,SHOP,HMO,QHP,Gold,Transparency 2026 - SHOP,8,Transparency_in_Coverage_PUF.xlsx,27379dc76590027b0e6d21d736331f87376f0ac87810d68e9f7cca555eef4b1f
2273,38166WI0140011,119,28,SHOP,HMO,QHP,Silver,Transparency 2026 - SHOP,9,Transparency_in_Coverage_PUF.xlsx,27379dc76590027b0e6d21d736331f87376f0ac87810d68e9f7cca555eef4b1f
2274,38166WI0140012,119,28,SHOP,HMO,QHP,Silver,Transparency 2026 - SHOP,10,Transparency_in_Coverage_PUF.xlsx,27379dc76590027b0e6d21d736331f87376f0ac87810d68e9f7cca555eef4b1f
2275,38166WI0140033,119,28,SHOP,HMO,QHP,Gold,Transparency 2026 - SHOP,11,Transparency_in_Coverage_PUF.xlsx,27379dc76590027b0e6d21d736331f87376f0ac87810d68e9f7cca555eef4b1f
2276,38166WI0140034,119,28,SHOP,HMO,QHP,Silver,Transparency 2026 - SHOP,12,Transparency_in_Coverage_PUF.xlsx,27379dc76590027b0e6d21d736331f87376f0ac87810d68e9f7cca555eef4b1f
2277,38166WI0140036,119,28,SHOP,HMO,QHP,Silver,Transparency 2026 - SHOP,13,Transparency_in_Coverage_PUF.xlsx,27379dc76590027b0e6d21d736331f87376f0ac87810d68e9f7cca555eef4b1f
2278,38166WI0140037,119,28,SHOP,HMO,QHP,Bronze,Transparency 2026 - SHOP,14,Transparency_in_Coverage_PUF.xlsx,27379dc76590027b0e6d21d736331f87376f0ac87810d68e9f7cca555eef4b1f
2279,38166WI0140040,119,28,SHOP,HMO,QHP,Gold,Transparency 2026 - SHOP,15,Transparency_in_Coverage_PUF.xlsx,27379dc76590027b0e6d21d736331f87376f0ac87810d68e9f7cca555eef4b1f
2280,38166WI0140044,119,28,SHOP,HMO,QHP,Bronze,Transparency 2026 - SHOP,16,Transparency_in_Coverage_PUF.xlsx,27379dc76590027b0e6d21d736331f87376f0ac87810d68e9f7cca555eef4b1f
2281,38166WI0140045,119,28,SHOP,HMO,QHP,Silver,Transparency 2026 - SHOP,17,Transparency_in_Coverage_PUF.xlsx,27379dc76590027b0e6d21d736331f87376f0ac87810d68e9f7cca555eef4b1f
2282,38166WI0150001,119,28,SHOP,POS,QHP,Platinum,Transparency 2026 - SHOP,18,Transparency_in_Coverage_PUF.xlsx,27379dc76590027b0e6d21d736331f87376f0ac87810d68e9f7cca555eef4b1f
2283,38166WI0150002,119,28,SHOP,POS,QHP,Gold,Transparency 2026 - SHOP,19,Transparency_in_Coverage_PUF.xlsx,27379dc76590027b0e6d21d736331f87376f0ac87810d68e9f7cca555eef4b1f
2284,38166WI0150011,119,28,SHOP,POS,QHP,Silver,Transparency 2026 - SHOP,20,Transparency_in_Coverage_PUF.xlsx,27379dc76590027b0e6d21d736331f87376f0ac87810d68e9f7cca555eef4b1f
2285,38166WI0150012,119,28,SHOP,POS,QHP,Silver,Transparency 2026 - SHOP,21,Transparency_in_Coverage_PUF.xlsx,27379dc76590027b0e6d21d736331f87376f0ac87810d68e9f7cca555eef4b1f
2286,38166WI0150033,119,28,SHOP,POS,QHP,Gold,Transparency 2026 - SHOP,22,Transparency_in_Coverage_PUF.xlsx,27379dc76590027b0e6d21d736331f87376f0ac87810d68e9f7cca555eef4b1f
2287,38166WI0150034,119,28,SHOP,POS,QHP,Silver,Transparency 2026 - SHOP,23,Transparency_in_Coverage_PUF.xlsx,27379dc76590027b0e6d21d736331f87376f0ac87810d68e9f7cca555eef4b1f
2288,38166WI0150036,119,28,SHOP,POS,QHP,Silver,Transparency 2026 - SHOP,24,Transparency_in_Coverage_PUF.xlsx,27379dc76590027b0e6d21d736331f87376f0ac87810d68e9f7cca555eef4b1f
2289,38166WI0150037,119,28,SHOP,POS,QHP,Bronze,Transparency 2026 - SHOP,25,Transparency_in_Coverage_PUF.xlsx,27379dc76590027b0e6d21d736331f87376f0ac87810d68e9f7cca555eef4b1f
2290,38166WI0150040,119,28,SHOP,POS,QHP,Gold,Transparency 2026 - SHOP,26,Transparency_in_Coverage_PUF.xlsx,27379dc76590027b0e6d21d736331f87376f0ac87810d68e9f7cca555eef4b1f
2291,38166WI0150044,119,28,SHOP,POS,QHP,Bronze,Transparency 2026 - SHOP,27,Transparency_in_Coverage_PUF.xlsx,27379dc76590027b0e6d21d736331f87376f0ac87810d68e9f7cca555eef4b1f
2292,38166WI0150045,119,28,SHOP,POS,QHP,Silver,Transparency 2026 - SHOP,28,Transparency_in_Coverage_PUF.xlsx,27379dc76590027b0e6d21d736331f87376f0ac87810d68e9f7cca555eef4b1f
2293,38166WI0160001,119,28,SHOP,EPO,QHP,Platinum,Transparency 2026 - SHOP,29,Transparency_in_Coverage_PUF.xlsx,27379dc76590027b0e6d21d736331f87376f0ac87810d68e9f7cca555eef4b1f
2294,38166WI0160002,119,28,SHOP,EPO,QHP,Gold,Transparency 2026 - SHOP,30,Transparency_in_Coverage_PUF.xlsx,27379dc76590027b0e6d21d736331f87376f0ac87810d68e9f7cca555eef4b1f
2295,38166WI0160011,119,28,SHOP,EPO,QHP,Silver,Transparency 2026 - SHOP,31,Transparency_in_Coverage_PUF.xlsx,27379dc76590027b0e6d21d736331f87376f0ac87810d68e9f7cca555eef4b1f
2296,38166WI0160012,119,28,SHOP,EPO,QHP,Silver,Transparency 2026 - SHOP,32,Transparency_in_Coverage_PUF.xlsx,27379dc76590027b0e6d21d736331f87376f0ac87810d68e9f7cca555eef4b1f
2297,38166WI0160033,119,28,SHOP,EPO,QHP,Gold,Transparency 2026 - SHOP,33,Transparency_in_Coverage_PUF.xlsx,27379dc76590027b0e6d21d736331f87376f0ac87810d68e9f7cca555eef4b1f
2298,38166WI0160034,119,28,SHOP,EPO,QHP,Silver,Transparency 2026 - SHOP,34,Transparency_in_Coverage_PUF.xlsx,27379dc76590027b0e6d21d736331f87376f0ac87810d68e9f7cca555eef4b1f
2299,38166WI0160036,119,28,SHOP,EPO,QHP,Silver,Transparency 2026 - SHOP,35,Transparency_in_Coverage_PUF.xlsx,27379dc76590027b0e6d21d736331f87376f0ac87810d68e9f7cca555eef4b1f
2300,38166WI0160037,119,28,SHOP,EPO,QHP,Bronze,Transparency 2026 - SHOP,36,Transparency_in_Coverage_PUF.xlsx,27379dc76590027b0e6d21d736331f87376f0ac87810d68e9f7cca555eef4b1f
2301,38166WI0160040,119,28,SHOP,EPO,QHP,Gold,Transparency 2026 - SHOP,37,Transparency_in_Coverage_PUF.xlsx,27379dc76590027b0e6d21d736331f87376f0ac87810d68e9f7cca555eef4b1f
2302,38166WI0160044,119,28,SHOP,EPO,QHP,Bronze,Transparency 2026 - SHOP,38,Transparency_in_Coverage_PUF.xlsx,27379dc76590027b0e6d21d736331f87376f0ac87810d68e9f7cca555eef4b1f
2303,38166WI0160045,119,28,SHOP,EPO,QHP,Silver,Transparency 2026 - SHOP,39,Transparency_in_Coverage_PUF.xlsx,27379dc76590027b0e6d21d736331f87376f0ac87810d68e9f7cca555eef4b1f
2304,38166WI0180008,119,28,Individual,EPO,QHP,Catastrophic,Transparency 2026 - Ind QHP,2031,Transparency_in_Coverage_PUF.xlsx,27379dc76590027b0e6d21d736331f87376f0ac87810d68e9f7cca555eef4b1f
2305,38166WI0180014,119,28,Individual,EPO,QHP,Bronze,Transparency 2026 - Ind QHP,2032,Transparency_in_Coverage_PUF.xlsx,27379dc76590027b0e6d21d736331f87376f0ac87810d68e9f7cca555eef4b1f
2306,38166WI0180018,119,28,Individual,EPO,QHP,Silver,Transparency 2026 - Ind QHP,2033,Transparency_in_Coverage_PUF.xlsx,27379dc76590027b0e6d21d736331f87376f0ac87810d68e9f7cca555eef4b1f
2307,38166WI0180022,119,28,Individual,EPO,QHP,Bronze,Transparency 2026 - Ind QHP,2034,Transparency_in_Coverage_PUF.xlsx,27379dc76590027b0e6d21d736331f87376f0ac87810d68e9f7cca555eef4b1f
2308,38166WI0180023,119,28,Individual,EPO,QHP,Gold,Transparency 2026 - Ind QHP,2035,Transparency_in_Coverage_PUF.xlsx,27379dc76590027b0e6d21d736331f87376f0ac87810d68e9f7cca555eef4b1f
2309,38166WI0180026,119,28,Individual,EPO,QHP,Gold,Transparency 2026 - Ind QHP,2036,Transparency_in_Coverage_PUF.xlsx,27379dc76590027b0e6d21d736331f87376f0ac87810d68e9f7cca555eef4b1f
2310,38166WI0180027,119,28,Individual,EPO,QHP,Silver,Transparency 2026 - Ind QHP,2037,Transparency_in_Coverage_PUF.xlsx,27379dc76590027b0e6d21d736331f87376f0ac87810d68e9f7cca555eef4b1f
2311,38166WI0180028,119,28,Individual,EPO,QHP,Bronze,Transparency 2026 - Ind QHP,2038,Transparency_in_Coverage_PUF.xlsx,27379dc76590027b0e6d21d736331f87376f0ac87810d68e9f7cca555eef4b1f
2312,38166WI0180030,119,28,Individual,EPO,QHP,Silver,Transparency 2026 - Ind QHP,2039,Transparency_in_Coverage_PUF.xlsx,27379dc76590027b0e6d21d736331f87376f0ac87810d68e9f7cca555eef4b1f
2313,38166WI0270001,119,28,Individual,EPO,QHP,Gold,Transparency 2026 - Ind QHP,2040,Transparency_in_Coverage_PUF.xlsx,27379dc76590027b0e6d21d736331f87376f0ac87810d68e9f7cca555eef4b1f
2314,38166WI0270004,119,28,Individual,EPO,QHP,Silver,Transparency 2026 - Ind QHP,2041,Transparency_in_Coverage_PUF.xlsx,27379dc76590027b0e6d21d736331f87376f0ac87810d68e9f7cca555eef4b1f
2315,38166WI0270005,119,28,Individual,EPO,QHP,Bronze,Transparency 2026 - Ind QHP,2042,Transparency_in_Coverage_PUF.xlsx,27379dc76590027b0e6d21d736331f87376f0ac87810d68e9f7cca555eef4b1f
2316,38166WI0270007,119,28,Individual,EPO,QHP,Bronze,Transparency 2026 - Ind QHP,2043,Transparency_in_Coverage_PUF.xlsx,27379dc76590027b0e6d21d736331f87376f0ac87810d68e9f7cca555eef4b1f
2317,38166WI0270008,119,28,Individual,EPO,QHP,Catastrophic,Transparency 2026 - Ind QHP,2044,Transparency_in_Coverage_PUF.xlsx,27379dc76590027b0e6d21d736331f87376f0ac87810d68e9f7cca555eef4b1f
2318,38166WI0270011,119,28,Individual,EPO,QHP,Gold,Transparency 2026 - Ind QHP,2045,Transparency_in_Coverage_PUF.xlsx,27379dc76590027b0e6d21d736331f87376f0ac87810d68e9f7cca555eef4b1f
2319,38166WI0270012,119,28,Individual,EPO,QHP,Silver,Transparency 2026 - Ind QHP,2046,Transparency_in_Coverage_PUF.xlsx,27379dc76590027b0e6d21d736331f87376f0ac87810d68e9f7cca555eef4b1f
2320,38166WI0270013,119,28,Individual,EPO,QHP,Bronze,Transparency 2026 - Ind QHP,2047,Transparency_in_Coverage_PUF.xlsx,27379dc76590027b0e6d21d736331f87376f0ac87810d68e9f7cca555eef4b1f
2321,38166WI0270030,119,28,Individual,EPO,QHP,Silver,Transparency 2026 - Ind QHP,2048,Transparency_in_Coverage_PUF.xlsx,27379dc76590027b0e6d21d736331f87376f0ac87810d68e9f7cca555eef4b1f
2322,38166WI0280002,119,28,Individual,HMO,QHP,Gold,Transparency 2026 - Ind QHP,2049,Transparency_in_Coverage_PUF.xlsx,27379dc76590027b0e6d21d736331f87376f0ac87810d68e9f7cca555eef4b1f
2323,38166WI0280005,119,28,Individual,HMO,QHP,Silver,Transparency 2026 - Ind QHP,2050,Transparency_in_Coverage_PUF.xlsx,27379dc76590027b0e6d21d736331f87376f0ac87810d68e9f7cca555eef4b1f
2324,38166WI0280006,119,28,Individual,HMO,QHP,Bronze,Transparency 2026 - Ind QHP,2051,Transparency_in_Coverage_PUF.xlsx,27379dc76590027b0e6d21d736331f87376f0ac87810d68e9f7cca555eef4b1f
2325,38166WI0280009,119,28,Individual,HMO,QHP,Bronze,Transparency 2026 - Ind QHP,2052,Transparency_in_Coverage_PUF.xlsx,27379dc76590027b0e6d21d736331f87376f0ac87810d68e9f7cca555eef4b1f
2326,38166WI0280010,119,28,Individual,HMO,QHP,Catastrophic,Transparency 2026 - Ind QHP,2053,Transparency_in_Coverage_PUF.xlsx,27379dc76590027b0e6d21d736331f87376f0ac87810d68e9f7cca555eef4b1f
2327,38166WI0280011,119,28,Individual,HMO,QHP,Gold,Transparency 2026 - Ind QHP,2054,Transparency_in_Coverage_PUF.xlsx,27379dc76590027b0e6d21d736331f87376f0ac87810d68e9f7cca555eef4b1f
2328,38166WI0280012,119,28,Individual,HMO,QHP,Silver,Transparency 2026 - Ind QHP,2055,Transparency_in_Coverage_PUF.xlsx,27379dc76590027b0e6d21d736331f87376f0ac87810d68e9f7cca555eef4b1f
2329,38166WI0280013,119,28,Individual,HMO,QHP,Bronze,Transparency 2026 - Ind QHP,2056,Transparency_in_Coverage_PUF.xlsx,27379dc76590027b0e6d21d736331f87376f0ac87810d68e9f7cca555eef4b1f
2330,38166WI0280030,119,28,Individual,HMO,QHP,Silver,Transparency 2026 - Ind QHP,2057,Transparency_in_Coverage_PUF.xlsx,27379dc76590027b0e6d21d736331f87376f0ac87810d68e9f7cca555eef4b1f
2331,38166WI0290001,119,28,SHOP,HMO,QHP,Platinum,Transparency 2026 - SHOP,40,Transparency_in_Coverage_PUF.xlsx,27379dc76590027b0e6d21d736331f87376f0ac87810d68e9f7cca555eef4b1f
2332,38166WI0290002,119,28,SHOP,HMO,QHP,Gold,Transparency 2026 - SHOP,41,Transparency_in_Coverage_PUF.xlsx,27379dc76590027b0e6d21d736331f87376f0ac87810d68e9f7cca555eef4b1f
2333,38166WI0290003,119,28,SHOP,HMO,QHP,Gold,Transparency 2026 - SHOP,42,Transparency_in_Coverage_PUF.xlsx,27379dc76590027b0e6d21d736331f87376f0ac87810d68e9f7cca555eef4b1f
2334,38166WI0290005,119,28,SHOP,HMO,QHP,Silver,Transparency 2026 - SHOP,43,Transparency_in_Coverage_PUF.xlsx,27379dc76590027b0e6d21d736331f87376f0ac87810d68e9f7cca555eef4b1f
2335,38166WI0290006,119,28,SHOP,HMO,QHP,Silver,Transparency 2026 - SHOP,44,Transparency_in_Coverage_PUF.xlsx,27379dc76590027b0e6d21d736331f87376f0ac87810d68e9f7cca555eef4b1f
2336,38166WI0290009,119,28,SHOP,HMO,QHP,Gold,Transparency 2026 - SHOP,45,Transparency_in_Coverage_PUF.xlsx,27379dc76590027b0e6d21d736331f87376f0ac87810d68e9f7cca555eef4b1f
2337,38166WI0290010,119,28,SHOP,HMO,QHP,Silver,Transparency 2026 - SHOP,46,Transparency_in_Coverage_PUF.xlsx,27379dc76590027b0e6d21d736331f87376f0ac87810d68e9f7cca555eef4b1f
2338,38166WI0290011,119,28,SHOP,HMO,QHP,Silver,Transparency 2026 - SHOP,47,Transparency_in_Coverage_PUF.xlsx,27379dc76590027b0e6d21d736331f87376f0ac87810d68e9f7cca555eef4b1f
2339,38166WI0290012,119,28,SHOP,HMO,QHP,Bronze,Transparency 2026 - SHOP,48,Transparency_in_Coverage_PUF.xlsx,27379dc76590027b0e6d21d736331f87376f0ac87810d68e9f7cca555eef4b1f
2340,38166WI0290013,119,28,SHOP,HMO,QHP,Bronze,Transparency 2026 - SHOP,49,Transparency_in_Coverage_PUF.xlsx,27379dc76590027b0e6d21d736331f87376f0ac87810d68e9f7cca555eef4b1f
2341,38166WI0290014,119,28,SHOP,HMO,QHP,Silver,Transparency 2026 - SHOP,50,Transparency_in_Coverage_PUF.xlsx,27379dc76590027b0e6d21d736331f87376f0ac87810d68e9f7cca555eef4b1f
2342,38166WI0300001,119,28,SHOP,HMO,QHP,Platinum,Transparency 2026 - SHOP,51,Transparency_in_Coverage_PUF.xlsx,27379dc76590027b0e6d21d736331f87376f0ac87810d68e9f7cca555eef4b1f
2343,38166WI0300002,119,28,SHOP,HMO,QHP,Gold,Transparency 2026 - SHOP,52,Transparency_in_Coverage_PUF.xlsx,27379dc76590027b0e6d21d736331f87376f0ac87810d68e9f7cca555eef4b1f
2344,38166WI0300003,119,28,SHOP,HMO,QHP,Gold,Transparency 2026 - SHOP,53,Transparency_in_Coverage_PUF.xlsx,27379dc76590027b0e6d21d736331f87376f0ac87810d68e9f7cca555eef4b1f
2345,38166WI0300005,119,28,SHOP,HMO,QHP,Silver,Transparency 2026 - SHOP,54,Transparency_in_Coverage_PUF.xlsx,27379dc76590027b0e6d21d736331f87376f0ac87810d68e9f7cca555eef4b1f
2346,38166WI0300006,119,28,SHOP,HMO,QHP,Silver,Transparency 2026 - SHOP,55,Transparency_in_Coverage_PUF.xlsx,27379dc76590027b0e6d21d736331f87376f0ac87810d68e9f7cca555eef4b1f
2347,38166WI0300009,119,28,SHOP,HMO,QHP,Gold,Transparency 2026 - SHOP,56,Transparency_in_Coverage_PUF.xlsx,27379dc76590027b0e6d21d736331f87376f0ac87810d68e9f7cca555eef4b1f
2348,38166WI0300010,119,28,SHOP,HMO,QHP,Silver,Transparency 2026 - SHOP,57,Transparency_in_Coverage_PUF.xlsx,27379dc76590027b0e6d21d736331f87376f0ac87810d68e9f7cca555eef4b1f
2349,38166WI0300011,119,28,SHOP,HMO,QHP,Silver,Transparency 2026 - SHOP,58,Transparency_in_Coverage_PUF.xlsx,27379dc76590027b0e6d21d736331f87376f0ac87810d68e9f7cca555eef4b1f
2350,38166WI0300012,119,28,SHOP,HMO,QHP,Bronze,Transparency 2026 - SHOP,59,Transparency_in_Coverage_PUF.xlsx,27379dc76590027b0e6d21d736331f87376f0ac87810d68e9f7cca555eef4b1f
2351,38166WI0300013,119,28,SHOP,HMO,QHP,Bronze,Transparency 2026 - SHOP,60,Transparency_in_Coverage_PUF.xlsx,27379dc76590027b0e6d21d736331f87376f0ac87810d68e9f7cca555eef4b1f
2352,38166WI0300014,119,28,SHOP,HMO,QHP,Silver,Transparency 2026 - SHOP,61,Transparency_in_Coverage_PUF.xlsx,27379dc76590027b0e6d21d736331f87376f0ac87810d68e9f7cca555eef4b1f
2353,38166WI0310001,119,28,Individual,HMO,QHP,Gold,Transparency 2026 - Ind QHP,2058,Transparency_in_Coverage_PUF.xlsx,27379dc76590027b0e6d21d736331f87376f0ac87810d68e9f7cca555eef4b1f
2354,38166WI0310002,119,28,Individual,HMO,QHP,Gold,Transparency 2026 - Ind QHP,2059,Transparency_in_Coverage_PUF.xlsx,27379dc76590027b0e6d21d736331f87376f0ac87810d68e9f7cca555eef4b1f
2355,38166WI0310003,119,28,Individual,HMO,QHP,Silver,Transparency 2026 - Ind QHP,2060,Transparency_in_Coverage_PUF.xlsx,27379dc76590027b0e6d21d736331f87376f0ac87810d68e9f7cca555eef4b1f
2356,38166WI0310004,119,28,Individual,HMO,QHP,Silver,Transparency 2026 - Ind QHP,2061,Transparency_in_Coverage_PUF.xlsx,27379dc76590027b0e6d21d736331f87376f0ac87810d68e9f7cca555eef4b1f
2357,38166WI0310005,119,28,Individual,HMO,QHP,Bronze,Transparency 2026 - Ind QHP,2062,Transparency_in_Coverage_PUF.xlsx,27379dc76590027b0e6d21d736331f87376f0ac87810d68e9f7cca555eef4b1f
2358,38166WI0310006,119,28,Individual,HMO,QHP,Bronze,Transparency 2026 - Ind QHP,2063,Transparency_in_Coverage_PUF.xlsx,27379dc76590027b0e6d21d736331f87376f0ac87810d68e9f7cca555eef4b1f
2359,38166WI0310008,119,28,Individual,HMO,QHP,Catastrophic,Transparency 2026 - Ind QHP,2064,Transparency_in_Coverage_PUF.xlsx,27379dc76590027b0e6d21d736331f87376f0ac87810d68e9f7cca555eef4b1f
2360,38166WI0310030,119,28,Individual,HMO,QHP,Silver,Transparency 2026 - Ind QHP,2065,Transparency_in_Coverage_PUF.xlsx,27379dc76590027b0e6d21d736331f87376f0ac87810d68e9f7cca555eef4b1f
2361,38246LA0010001,120,11,Individual,HMO,QHP,Bronze,Transparency 2026 - Ind QHP,2066,Transparency_in_Coverage_PUF.xlsx,27379dc76590027b0e6d21d736331f87376f0ac87810d68e9f7cca555eef4b1f
2362,38246LA0010002,120,11,Individual,HMO,QHP,Bronze,Transparency 2026 - Ind QHP,2067,Transparency_in_Coverage_PUF.xlsx,27379dc76590027b0e6d21d736331f87376f0ac87810d68e9f7cca555eef4b1f
2363,38246LA0010003,120,11,Individual,HMO,QHP,Silver,Transparency 2026 - Ind QHP,2068,Transparency_in_Coverage_PUF.xlsx,27379dc76590027b0e6d21d736331f87376f0ac87810d68e9f7cca555eef4b1f
2364,38246LA0010004,120,11,Individual,HMO,QHP,Gold,Transparency 2026 - Ind QHP,2069,Transparency_in_Coverage_PUF.xlsx,27379dc76590027b0e6d21d736331f87376f0ac87810d68e9f7cca555eef4b1f
2365,38246LA0010006,120,11,Individual,HMO,QHP,Bronze,Transparency 2026 - Ind QHP,2070,Transparency_in_Coverage_PUF.xlsx,27379dc76590027b0e6d21d736331f87376f0ac87810d68e9f7cca555eef4b1f
2366,38246LA0010007,120,11,Individual,HMO,QHP,Silver,Transparency 2026 - Ind QHP,2071,Transparency_in_Coverage_PUF.xlsx,27379dc76590027b0e6d21d736331f87376f0ac87810d68e9f7cca555eef4b1f
2367,38246LA0010008,120,11,Individual,HMO,QHP,Silver,Transparency 2026 - Ind QHP,2072,Transparency_in_Coverage_PUF.xlsx,27379dc76590027b0e6d21d736331f87376f0ac87810d68e9f7cca555eef4b1f
2368,38246LA0010009,120,11,Individual,HMO,QHP,Gold,Transparency 2026 - Ind QHP,2073,Transparency_in_Coverage_PUF.xlsx,27379dc76590027b0e6d21d736331f87376f0ac87810d68e9f7cca555eef4b1f
2369,38344AK1060001,121,1,Individual,PPO,QHP,Gold,Transparency 2026 - Ind QHP,2074,Transparency_in_Coverage_PUF.xlsx,27379dc76590027b0e6d21d736331f87376f0ac87810d68e9f7cca555eef4b1f
2370,38344AK1060002,121,1,Individual,PPO,QHP,Silver,Transparency 2026 - Ind QHP,2075,Transparency_in_Coverage_PUF.xlsx,27379dc76590027b0e6d21d736331f87376f0ac87810d68e9f7cca555eef4b1f
2371,38344AK1060004,121,1,Individual,PPO,QHP,Bronze,Transparency 2026 - Ind QHP,2076,Transparency_in_Coverage_PUF.xlsx,27379dc76590027b0e6d21d736331f87376f0ac87810d68e9f7cca555eef4b1f
2372,38344AK1070002,121,1,Individual,PPO,QHP,Bronze,Transparency 2026 - Ind QHP,2077,Transparency_in_Coverage_PUF.xlsx,27379dc76590027b0e6d21d736331f87376f0ac87810d68e9f7cca555eef4b1f
2373,38344AK1080001,121,1,Individual,PPO,QHP,Gold,Transparency 2026 - Ind QHP,2078,Transparency_in_Coverage_PUF.xlsx,27379dc76590027b0e6d21d736331f87376f0ac87810d68e9f7cca555eef4b1f
2374,38344AK1100001,121,1,Individual,PPO,QHP,Gold,Transparency 2026 - Ind QHP,2079,Transparency_in_Coverage_PUF.xlsx,27379dc76590027b0e6d21d736331f87376f0ac87810d68e9f7cca555eef4b1f
2375,38344AK1100002,121,1,Individual,PPO,QHP,Silver,Transparency 2026 - Ind QHP,2080,Transparency_in_Coverage_PUF.xlsx,27379dc76590027b0e6d21d736331f87376f0ac87810d68e9f7cca555eef4b1f
2376,38344AK1100004,121,1,Individual,PPO,QHP,Bronze,Transparency 2026 - Ind QHP,2081,Transparency_in_Coverage_PUF.xlsx,27379dc76590027b0e6d21d736331f87376f0ac87810d68e9f7cca555eef4b1f
2377,38344AK1110001,121,1,Individual,PPO,SADP,High,Transparency 2026 - Ind SADP,244,Transparency_in_Coverage_PUF.xlsx,27379dc76590027b0e6d21d736331f87376f0ac87810d68e9f7cca555eef4b1f
2378,38344AK1120001,121,1,Individual,PPO,SADP,High,Transparency 2026 - Ind SADP,245,Transparency_in_Coverage_PUF.xlsx,27379dc76590027b0e6d21d736331f87376f0ac87810d68e9f7cca555eef4b1f
2379,38345WI0010063,122,28,Individual,HMO,QHP,Catastrophic,Transparency 2026 - Ind QHP,2082,Transparency_in_Coverage_PUF.xlsx,27379dc76590027b0e6d21d736331f87376f0ac87810d68e9f7cca555eef4b1f
2380,38345WI0010158,122,28,Individual,HMO,QHP,Gold,Transparency 2026 - Ind QHP,2083,Transparency_in_Coverage_PUF.xlsx,27379dc76590027b0e6d21d736331f87376f0ac87810d68e9f7cca555eef4b1f
2381,38345WI0010162,122,28,Individual,HMO,QHP,Gold,Transparency 2026 - Ind QHP,2084,Transparency_in_Coverage_PUF.xlsx,27379dc76590027b0e6d21d736331f87376f0ac87810d68e9f7cca555eef4b1f
2382,38345WI0010163,122,28,Individual,HMO,QHP,Silver,Transparency 2026 - Ind QHP,2085,Transparency_in_Coverage_PUF.xlsx,27379dc76590027b0e6d21d736331f87376f0ac87810d68e9f7cca555eef4b1f
2383,38345WI0010164,122,28,Individual,HMO,QHP,Bronze,Transparency 2026 - Ind QHP,2086,Transparency_in_Coverage_PUF.xlsx,27379dc76590027b0e6d21d736331f87376f0ac87810d68e9f7cca555eef4b1f
2384,38345WI0010182,122,28,Individual,HMO,QHP,Silver,Transparency 2026 - Ind QHP,2087,Transparency_in_Coverage_PUF.xlsx,27379dc76590027b0e6d21d736331f87376f0ac87810d68e9f7cca555eef4b1f
2385,38345WI0010183,122,28,Individual,HMO,QHP,Bronze,Transparency 2026 - Ind QHP,2088,Transparency_in_Coverage_PUF.xlsx,27379dc76590027b0e6d21d736331f87376f0ac87810d68e9f7cca555eef4b1f
2386,38345WI0010184,122,28,Individual,HMO,QHP,Gold,Transparency 2026 - Ind QHP,2089,Transparency_in_Coverage_PUF.xlsx,27379dc76590027b0e6d21d736331f87376f0ac87810d68e9f7cca555eef4b1f
2387,38345WI0010185,122,28,Individual,HMO,QHP,Silver,Transparency 2026 - Ind QHP,2090,Transparency_in_Coverage_PUF.xlsx,27379dc76590027b0e6d21d736331f87376f0ac87810d68e9f7cca555eef4b1f
2388,38345WI0010186,122,28,Individual,HMO,QHP,Bronze,Transparency 2026 - Ind QHP,2091,Transparency_in_Coverage_PUF.xlsx,27379dc76590027b0e6d21d736331f87376f0ac87810d68e9f7cca555eef4b1f
2389,38345WI0080063,122,28,Individual,EPO,QHP,Gold,Transparency 2026 - Ind QHP,2092,Transparency_in_Coverage_PUF.xlsx,27379dc76590027b0e6d21d736331f87376f0ac87810d68e9f7cca555eef4b1f
2390,38345WI0080064,122,28,Individual,EPO,QHP,Catastrophic,Transparency 2026 - Ind QHP,2093,Transparency_in_Coverage_PUF.xlsx,27379dc76590027b0e6d21d736331f87376f0ac87810d68e9f7cca555eef4b1f
2391,38345WI0080068,122,28,Individual,EPO,QHP,Gold,Transparency 2026 - Ind QHP,2094,Transparency_in_Coverage_PUF.xlsx,27379dc76590027b0e6d21d736331f87376f0ac87810d68e9f7cca555eef4b1f
2392,38345WI0080069,122,28,Individual,EPO,QHP,Silver,Transparency 2026 - Ind QHP,2095,Transparency_in_Coverage_PUF.xlsx,27379dc76590027b0e6d21d736331f87376f0ac87810d68e9f7cca555eef4b1f
2393,38345WI0080070,122,28,Individual,EPO,QHP,Bronze,Transparency 2026 - Ind QHP,2096,Transparency_in_Coverage_PUF.xlsx,27379dc76590027b0e6d21d736331f87376f0ac87810d68e9f7cca555eef4b1f
2394,38345WI0080072,122,28,Individual,EPO,QHP,Silver,Transparency 2026 - Ind QHP,2097,Transparency_in_Coverage_PUF.xlsx,27379dc76590027b0e6d21d736331f87376f0ac87810d68e9f7cca555eef4b1f
2395,38345WI0080073,122,28,Individual,EPO,QHP,Bronze,Transparency 2026 - Ind QHP,2098,Transparency_in_Coverage_PUF.xlsx,27379dc76590027b0e6d21d736331f87376f0ac87810d68e9f7cca555eef4b1f
2396,38345WI0080074,122,28,Individual,EPO,QHP,Gold,Transparency 2026 - Ind QHP,2099,Transparency_in_Coverage_PUF.xlsx,27379dc76590027b0e6d21d736331f87376f0ac87810d68e9f7cca555eef4b1f
2397,38345WI0080075,122,28,Individual,EPO,QHP,Silver,Transparency 2026 - Ind QHP,2100,Transparency_in_Coverage_PUF.xlsx,27379dc76590027b0e6d21d736331f87376f0ac87810d68e9f7cca555eef4b1f
2398,38345WI0080076,122,28,Individual,EPO,QHP,Bronze,Transparency 2026 - Ind QHP,2101,Transparency_in_Coverage_PUF.xlsx,27379dc76590027b0e6d21d736331f87376f0ac87810d68e9f7cca555eef4b1f
2399,38345WI0240009,122,28,Individual,HMO,QHP,Bronze,Transparency 2026 - Ind QHP,2102,Transparency_in_Coverage_PUF.xlsx,27379dc76590027b0e6d21d736331f87376f0ac87810d68e9f7cca555eef4b1f
2400,38345WI0240010,122,28,Individual,HMO,QHP,Catastrophic,Transparency 2026 - Ind QHP,2103,Transparency_in_Coverage_PUF.xlsx,27379dc76590027b0e6d21d736331f87376f0ac87810d68e9f7cca555eef4b1f
2401,38345WI0240011,122,28,Individual,HMO,QHP,Gold,Transparency 2026 - Ind QHP,2104,Transparency_in_Coverage_PUF.xlsx,27379dc76590027b0e6d21d736331f87376f0ac87810d68e9f7cca555eef4b1f
2402,38345WI0240015,122,28,Individual,HMO,QHP,Gold,Transparency 2026 - Ind QHP,2105,Transparency_in_Coverage_PUF.xlsx,27379dc76590027b0e6d21d736331f87376f0ac87810d68e9f7cca555eef4b1f
2403,38345WI0240016,122,28,Individual,HMO,QHP,Silver,Transparency 2026 - Ind QHP,2106,Transparency_in_Coverage_PUF.xlsx,27379dc76590027b0e6d21d736331f87376f0ac87810d68e9f7cca555eef4b1f
2404,38345WI0240017,122,28,Individual,HMO,QHP,Bronze,Transparency 2026 - Ind QHP,2107,Transparency_in_Coverage_PUF.xlsx,27379dc76590027b0e6d21d736331f87376f0ac87810d68e9f7cca555eef4b1f
2405,38345WI0240019,122,28,Individual,HMO,QHP,Silver,Transparency 2026 - Ind QHP,2108,Transparency_in_Coverage_PUF.xlsx,27379dc76590027b0e6d21d736331f87376f0ac87810d68e9f7cca555eef4b1f
2406,38345WI0240020,122,28,Individual,HMO,QHP,Gold,Transparency 2026 - Ind QHP,2109,Transparency_in_Coverage_PUF.xlsx,27379dc76590027b0e6d21d736331f87376f0ac87810d68e9f7cca555eef4b1f
2407,38345WI0240021,122,28,Individual,HMO,QHP,Silver,Transparency 2026 - Ind QHP,2110,Transparency_in_Coverage_PUF.xlsx,27379dc76590027b0e6d21d736331f87376f0ac87810d68e9f7cca555eef4b1f
2408,38345WI0240022,122,28,Individual,HMO,QHP,Bronze,Transparency 2026 - Ind QHP,2111,Transparency_in_Coverage_PUF.xlsx,27379dc76590027b0e6d21d736331f87376f0ac87810d68e9f7cca555eef4b1f
2409,39424OR1660001,123,22,Individual,EPO,QHP,Silver,Transparency 2026 - Ind QHP,2112,Transparency_in_Coverage_PUF.xlsx,27379dc76590027b0e6d21d736331f87376f0ac87810d68e9f7cca555eef4b1f
2410,39424OR1660002,123,22,Individual,EPO,QHP,Bronze,Transparency 2026 - Ind QHP,2113,Transparency_in_Coverage_PUF.xlsx,27379dc76590027b0e6d21d736331f87376f0ac87810d68e9f7cca555eef4b1f
2411,39424OR1670001,123,22,Individual,EPO,QHP,Gold,Transparency 2026 - Ind QHP,2114,Transparency_in_Coverage_PUF.xlsx,27379dc76590027b0e6d21d736331f87376f0ac87810d68e9f7cca555eef4b1f
2412,39424OR1670002,123,22,Individual,EPO,QHP,Silver,Transparency 2026 - Ind QHP,2115,Transparency_in_Coverage_PUF.xlsx,27379dc76590027b0e6d21d736331f87376f0ac87810d68e9f7cca555eef4b1f
2413,39424OR1670003,123,22,Individual,EPO,QHP,Bronze,Transparency 2026 - Ind QHP,2116,Transparency_in_Coverage_PUF.xlsx,27379dc76590027b0e6d21d736331f87376f0ac87810d68e9f7cca555eef4b1f
2414,39424OR1680002,123,22,Individual,EPO,QHP,Silver,Transparency 2026 - Ind QHP,2117,Transparency_in_Coverage_PUF.xlsx,27379dc76590027b0e6d21d736331f87376f0ac87810d68e9f7cca555eef4b1f
2415,39424OR1680004,123,22,Individual,EPO,QHP,Silver,Transparency 2026 - Ind QHP,2118,Transparency_in_Coverage_PUF.xlsx,27379dc76590027b0e6d21d736331f87376f0ac87810d68e9f7cca555eef4b1f
2416,39424OR1680005,123,22,Individual,EPO,QHP,Bronze,Transparency 2026 - Ind QHP,2119,Transparency_in_Coverage_PUF.xlsx,27379dc76590027b0e6d21d736331f87376f0ac87810d68e9f7cca555eef4b1f
2417,39424OR1680007,123,22,Individual,EPO,QHP,Bronze,Transparency 2026 - Ind QHP,2120,Transparency_in_Coverage_PUF.xlsx,27379dc76590027b0e6d21d736331f87376f0ac87810d68e9f7cca555eef4b1f
2418,39424OR1680008,123,22,Individual,EPO,QHP,Gold,Transparency 2026 - Ind QHP,2121,Transparency_in_Coverage_PUF.xlsx,27379dc76590027b0e6d21d736331f87376f0ac87810d68e9f7cca555eef4b1f
2419,39424OR1690001,123,22,Individual,EPO,QHP,Gold,Transparency 2026 - Ind QHP,2122,Transparency_in_Coverage_PUF.xlsx,27379dc76590027b0e6d21d736331f87376f0ac87810d68e9f7cca555eef4b1f
2420,39424OR1690003,123,22,Individual,EPO,QHP,Silver,Transparency 2026 - Ind QHP,2123,Transparency_in_Coverage_PUF.xlsx,27379dc76590027b0e6d21d736331f87376f0ac87810d68e9f7cca555eef4b1f
2421,39424OR1700001,123,22,Individual,EPO,QHP,Gold,Transparency 2026 - Ind QHP,2124,Transparency_in_Coverage_PUF.xlsx,27379dc76590027b0e6d21d736331f87376f0ac87810d68e9f7cca555eef4b1f
2422,39520KS0040029,124,10,Individual,EPO,QHP,Bronze,Transparency 2026 - Ind QHP,2125,Transparency_in_Coverage_PUF.xlsx,27379dc76590027b0e6d21d736331f87376f0ac87810d68e9f7cca555eef4b1f
2423,39520KS0040041,124,10,Individual,EPO,QHP,Bronze,Transparency 2026 - Ind QHP,2126,Transparency_in_Coverage_PUF.xlsx,27379dc76590027b0e6d21d736331f87376f0ac87810d68e9f7cca555eef4b1f
2424,39520KS0040045,124,10,Individual,EPO,QHP,Gold,Transparency 2026 - Ind QHP,2127,Transparency_in_Coverage_PUF.xlsx,27379dc76590027b0e6d21d736331f87376f0ac87810d68e9f7cca555eef4b1f
2425,39520KS0040055,124,10,Individual,EPO,QHP,Gold,Transparency 2026 - Ind QHP,2128,Transparency_in_Coverage_PUF.xlsx,27379dc76590027b0e6d21d736331f87376f0ac87810d68e9f7cca555eef4b1f
2426,39520KS0040057,124,10,Individual,EPO,QHP,Silver,Transparency 2026 - Ind QHP,2129,Transparency_in_Coverage_PUF.xlsx,27379dc76590027b0e6d21d736331f87376f0ac87810d68e9f7cca555eef4b1f
2427,39520KS0040073,124,10,Individual,EPO,QHP,Bronze,Transparency 2026 - Ind QHP,2130,Transparency_in_Coverage_PUF.xlsx,27379dc76590027b0e6d21d736331f87376f0ac87810d68e9f7cca555eef4b1f
2428,39520KS0040074,124,10,Individual,EPO,QHP,Silver,Transparency 2026 - Ind QHP,2131,Transparency_in_Coverage_PUF.xlsx,27379dc76590027b0e6d21d736331f87376f0ac87810d68e9f7cca555eef4b1f
2429,39520KS0040075,124,10,Individual,EPO,QHP,Gold,Transparency 2026 - Ind QHP,2132,Transparency_in_Coverage_PUF.xlsx,27379dc76590027b0e6d21d736331f87376f0ac87810d68e9f7cca555eef4b1f
2430,39520KS0040076,124,10,Individual,EPO,QHP,Silver,Transparency 2026 - Ind QHP,2133,Transparency_in_Coverage_PUF.xlsx,27379dc76590027b0e6d21d736331f87376f0ac87810d68e9f7cca555eef4b1f
2431,40220TX0080015,125,26,Individual,HMO,QHP,Bronze,Transparency 2026 - Ind QHP,2134,Transparency_in_Coverage_PUF.xlsx,27379dc76590027b0e6d21d736331f87376f0ac87810d68e9f7cca555eef4b1f
2432,40220TX0080020,125,26,Individual,HMO,QHP,Silver,Transparency 2026 - Ind QHP,2135,Transparency_in_Coverage_PUF.xlsx,27379dc76590027b0e6d21d736331f87376f0ac87810d68e9f7cca555eef4b1f
2433,40220TX0080024,125,26,Individual,HMO,QHP,Gold,Transparency 2026 - Ind QHP,2136,Transparency_in_Coverage_PUF.xlsx,27379dc76590027b0e6d21d736331f87376f0ac87810d68e9f7cca555eef4b1f
2434,40220TX0080025,125,26,Individual,HMO,QHP,Silver,Transparency 2026 - Ind QHP,2137,Transparency_in_Coverage_PUF.xlsx,27379dc76590027b0e6d21d736331f87376f0ac87810d68e9f7cca555eef4b1f
2435,40220TX0080026,125,26,Individual,HMO,QHP,Silver,Transparency 2026 - Ind QHP,2138,Transparency_in_Coverage_PUF.xlsx,27379dc76590027b0e6d21d736331f87376f0ac87810d68e9f7cca555eef4b1f
2436,40220TX0080028,125,26,Individual,HMO,QHP,Gold,Transparency 2026 - Ind QHP,2139,Transparency_in_Coverage_PUF.xlsx,27379dc76590027b0e6d21d736331f87376f0ac87810d68e9f7cca555eef4b1f
2437,40220TX0080031,125,26,Individual,HMO,QHP,Bronze,Transparency 2026 - Ind QHP,2140,Transparency_in_Coverage_PUF.xlsx,27379dc76590027b0e6d21d736331f87376f0ac87810d68e9f7cca555eef4b1f
2438,40220TX0080032,125,26,Individual,HMO,QHP,Bronze,Transparency 2026 - Ind QHP,2141,Transparency_in_Coverage_PUF.xlsx,27379dc76590027b0e6d21d736331f87376f0ac87810d68e9f7cca555eef4b1f
2439,40220TX0080033,125,26,Individual,HMO,QHP,Silver,Transparency 2026 - Ind QHP,2142,Transparency_in_Coverage_PUF.xlsx,27379dc76590027b0e6d21d736331f87376f0ac87810d68e9f7cca555eef4b1f
2440,40220TX0080034,125,26,Individual,HMO,QHP,Gold,Transparency 2026 - Ind QHP,2143,Transparency_in_Coverage_PUF.xlsx,27379dc76590027b0e6d21d736331f87376f0ac87810d68e9f7cca555eef4b1f
2441,40220TX0080045,125,26,Individual,HMO,QHP,Bronze,Transparency 2026 - Ind QHP,2144,Transparency_in_Coverage_PUF.xlsx,27379dc76590027b0e6d21d736331f87376f0ac87810d68e9f7cca555eef4b1f
2442,40220TX0080055,125,26,Individual,HMO,QHP,Gold,Transparency 2026 - Ind QHP,2145,Transparency_in_Coverage_PUF.xlsx,27379dc76590027b0e6d21d736331f87376f0ac87810d68e9f7cca555eef4b1f
2443,40220TX0090001,125,26,Individual,HMO,QHP,Silver,Transparency 2026 - Ind QHP,2146,Transparency_in_Coverage_PUF.xlsx,27379dc76590027b0e6d21d736331f87376f0ac87810d68e9f7cca555eef4b1f
2444,40220TX0090002,125,26,Individual,HMO,QHP,Gold,Transparency 2026 - Ind QHP,2147,Transparency_in_Coverage_PUF.xlsx,27379dc76590027b0e6d21d736331f87376f0ac87810d68e9f7cca555eef4b1f
2445,40220TX0090004,125,26,Individual,HMO,QHP,Silver,Transparency 2026 - Ind QHP,2148,Transparency_in_Coverage_PUF.xlsx,27379dc76590027b0e6d21d736331f87376f0ac87810d68e9f7cca555eef4b1f
2446,40220TX0090005,125,26,Individual,HMO,QHP,Bronze,Transparency 2026 - Ind QHP,2149,Transparency_in_Coverage_PUF.xlsx,27379dc76590027b0e6d21d736331f87376f0ac87810d68e9f7cca555eef4b1f
2447,40220TX0090006,125,26,Individual,HMO,QHP,Bronze,Transparency 2026 - Ind QHP,2150,Transparency_in_Coverage_PUF.xlsx,27379dc76590027b0e6d21d736331f87376f0ac87810d68e9f7cca555eef4b1f
2448,40220TX0090007,125,26,Individual,HMO,QHP,Silver,Transparency 2026 - Ind QHP,2151,Transparency_in_Coverage_PUF.xlsx,27379dc76590027b0e6d21d736331f87376f0ac87810d68e9f7cca555eef4b1f
2449,40220TX0090008,125,26,Individual,HMO,QHP,Gold,Transparency 2026 - Ind QHP,2152,Transparency_in_Coverage_PUF.xlsx,27379dc76590027b0e6d21d736331f87376f0ac87810d68e9f7cca555eef4b1f
2450,40220TX0090009,125,26,Individual,HMO,QHP,Gold,Transparency 2026 - Ind QHP,2153,Transparency_in_Coverage_PUF.xlsx,27379dc76590027b0e6d21d736331f87376f0ac87810d68e9f7cca555eef4b1f
2451,40254OK0020003,126,21,Individual,PPO,SADP,High,Transparency 2026 - Ind SADP,246,Transparency_in_Coverage_PUF.xlsx,27379dc76590027b0e6d21d736331f87376f0ac87810d68e9f7cca555eef4b1f
2452,40254OK0020006,126,21,Individual,PPO,SADP,Low,Transparency 2026 - Ind SADP,247,Transparency_in_Coverage_PUF.xlsx,27379dc76590027b0e6d21d736331f87376f0ac87810d68e9f7cca555eef4b1f
2453,40254OK0020007,126,21,Individual,PPO,SADP,High,Transparency 2026 - Ind SADP,248,Transparency_in_Coverage_PUF.xlsx,27379dc76590027b0e6d21d736331f87376f0ac87810d68e9f7cca555eef4b1f
2454,40254OK0020008,126,21,Individual,PPO,SADP,Low,Transparency 2026 - Ind SADP,249,Transparency_in_Coverage_PUF.xlsx,27379dc76590027b0e6d21d736331f87376f0ac87810d68e9f7cca555eef4b1f
2455,40335UT0010001,127,27,Individual,PPO,SADP,High,Transparency 2026 - Ind SADP,250,Transparency_in_Coverage_PUF.xlsx,27379dc76590027b0e6d21d736331f87376f0ac87810d68e9f7cca555eef4b1f
2456,40335UT0020001,127,27,Individual,PPO,SADP,High,Transparency 2026 - Ind SADP,251,Transparency_in_Coverage_PUF.xlsx,27379dc76590027b0e6d21d736331f87376f0ac87810d68e9f7cca555eef4b1f
2457,40335UT0020002,127,27,Individual,PPO,SADP,High,Transparency 2026 - Ind SADP,252,Transparency_in_Coverage_PUF.xlsx,27379dc76590027b0e6d21d736331f87376f0ac87810d68e9f7cca555eef4b1f
2458,40335UT0020003,127,27,Individual,PPO,SADP,High,Transparency 2026 - Ind SADP,253,Transparency_in_Coverage_PUF.xlsx,27379dc76590027b0e6d21d736331f87376f0ac87810d68e9f7cca555eef4b1f
2459,40335UT0110001,127,27,Individual,EPO,SADP,Low,Transparency 2026 - Ind SADP,254,Transparency_in_Coverage_PUF.xlsx,27379dc76590027b0e6d21d736331f87376f0ac87810d68e9f7cca555eef4b1f
2460,40335UT0110002,127,27,Individual,EPO,SADP,Low,Transparency 2026 - Ind SADP,255,Transparency_in_Coverage_PUF.xlsx,27379dc76590027b0e6d21d736331f87376f0ac87810d68e9f7cca555eef4b1f
2461,40356MI0010001,128,12,Individual,HMO,QHP,Gold,Transparency 2026 - Ind QHP,2154,Transparency_in_Coverage_PUF.xlsx,27379dc76590027b0e6d21d736331f87376f0ac87810d68e9f7cca555eef4b1f
2462,40356MI0010002,128,12,Individual,HMO,QHP,Gold,Transparency 2026 - Ind QHP,2155,Transparency_in_Coverage_PUF.xlsx,27379dc76590027b0e6d21d736331f87376f0ac87810d68e9f7cca555eef4b1f
2463,40356MI0010003,128,12,Individual,HMO,QHP,Gold,Transparency 2026 - Ind QHP,2156,Transparency_in_Coverage_PUF.xlsx,27379dc76590027b0e6d21d736331f87376f0ac87810d68e9f7cca555eef4b1f
2464,40356MI0010005,128,12,Individual,HMO,QHP,Silver,Transparency 2026 - Ind QHP,2157,Transparency_in_Coverage_PUF.xlsx,27379dc76590027b0e6d21d736331f87376f0ac87810d68e9f7cca555eef4b1f
2465,40356MI0010006,128,12,Individual,HMO,QHP,Silver,Transparency 2026 - Ind QHP,2158,Transparency_in_Coverage_PUF.xlsx,27379dc76590027b0e6d21d736331f87376f0ac87810d68e9f7cca555eef4b1f
2466,40356MI0010008,128,12,Individual,HMO,QHP,Silver,Transparency 2026 - Ind QHP,2159,Transparency_in_Coverage_PUF.xlsx,27379dc76590027b0e6d21d736331f87376f0ac87810d68e9f7cca555eef4b1f
2467,40356MI0010009,128,12,Individual,HMO,QHP,Bronze,Transparency 2026 - Ind QHP,2160,Transparency_in_Coverage_PUF.xlsx,27379dc76590027b0e6d21d736331f87376f0ac87810d68e9f7cca555eef4b1f
2468,40356MI0010010,128,12,Individual,HMO,QHP,Bronze,Transparency 2026 - Ind QHP,2161,Transparency_in_Coverage_PUF.xlsx,27379dc76590027b0e6d21d736331f87376f0ac87810d68e9f7cca555eef4b1f
2469,40356MI0010017,128,12,Individual,HMO,QHP,Silver,Transparency 2026 - Ind QHP,2162,Transparency_in_Coverage_PUF.xlsx,27379dc76590027b0e6d21d736331f87376f0ac87810d68e9f7cca555eef4b1f
2470,40356MI0010018,128,12,Individual,HMO,QHP,Silver,Transparency 2026 - Ind QHP,2163,Transparency_in_Coverage_PUF.xlsx,27379dc76590027b0e6d21d736331f87376f0ac87810d68e9f7cca555eef4b1f
2471,40356MI0010019,128,12,Individual,HMO,QHP,Silver,Transparency 2026 - Ind QHP,2164,Transparency_in_Coverage_PUF.xlsx,27379dc76590027b0e6d21d736331f87376f0ac87810d68e9f7cca555eef4b1f
2472,40356MI0010020,128,12,Individual,HMO,QHP,Silver,Transparency 2026 - Ind QHP,2165,Transparency_in_Coverage_PUF.xlsx,27379dc76590027b0e6d21d736331f87376f0ac87810d68e9f7cca555eef4b1f
2473,40356MI0010021,128,12,Individual,HMO,QHP,Gold,Transparency 2026 - Ind QHP,2166,Transparency_in_Coverage_PUF.xlsx,27379dc76590027b0e6d21d736331f87376f0ac87810d68e9f7cca555eef4b1f
2474,40356MI0010022,128,12,Individual,HMO,QHP,Gold,Transparency 2026 - Ind QHP,2167,Transparency_in_Coverage_PUF.xlsx,27379dc76590027b0e6d21d736331f87376f0ac87810d68e9f7cca555eef4b1f
2475,40356MI0010023,128,12,Individual,HMO,QHP,Gold,Transparency 2026 - Ind QHP,2168,Transparency_in_Coverage_PUF.xlsx,27379dc76590027b0e6d21d736331f87376f0ac87810d68e9f7cca555eef4b1f
2476,40356MI0020001,128,12,Individual,HMO,QHP,Gold,Transparency 2026 - Ind QHP,2169,Transparency_in_Coverage_PUF.xlsx,27379dc76590027b0e6d21d736331f87376f0ac87810d68e9f7cca555eef4b1f
2477,40356MI0020002,128,12,Individual,HMO,QHP,Gold,Transparency 2026 - Ind QHP,2170,Transparency_in_Coverage_PUF.xlsx,27379dc76590027b0e6d21d736331f87376f0ac87810d68e9f7cca555eef4b1f
2478,40356MI0020003,128,12,Individual,HMO,QHP,Gold,Transparency 2026 - Ind QHP,2171,Transparency_in_Coverage_PUF.xlsx,27379dc76590027b0e6d21d736331f87376f0ac87810d68e9f7cca555eef4b1f
2479,40356MI0020004,128,12,Individual,HMO,QHP,Silver,Transparency 2026 - Ind QHP,2172,Transparency_in_Coverage_PUF.xlsx,27379dc76590027b0e6d21d736331f87376f0ac87810d68e9f7cca555eef4b1f
2480,40356MI0020005,128,12,Individual,HMO,QHP,Silver,Transparency 2026 - Ind QHP,2173,Transparency_in_Coverage_PUF.xlsx,27379dc76590027b0e6d21d736331f87376f0ac87810d68e9f7cca555eef4b1f
2481,40356MI0020006,128,12,Individual,HMO,QHP,Silver,Transparency 2026 - Ind QHP,2174,Transparency_in_Coverage_PUF.xlsx,27379dc76590027b0e6d21d736331f87376f0ac87810d68e9f7cca555eef4b1f
2482,40356MI0020007,128,12,Individual,HMO,QHP,Silver,Transparency 2026 - Ind QHP,2175,Transparency_in_Coverage_PUF.xlsx,27379dc76590027b0e6d21d736331f87376f0ac87810d68e9f7cca555eef4b1f
2483,40356MI0020009,128,12,Individual,HMO,QHP,Bronze,Transparency 2026 - Ind QHP,2176,Transparency_in_Coverage_PUF.xlsx,27379dc76590027b0e6d21d736331f87376f0ac87810d68e9f7cca555eef4b1f
2484,40356MI0020010,128,12,Individual,HMO,QHP,Bronze,Transparency 2026 - Ind QHP,2177,Transparency_in_Coverage_PUF.xlsx,27379dc76590027b0e6d21d736331f87376f0ac87810d68e9f7cca555eef4b1f
2485,40356MI0020017,128,12,Individual,HMO,QHP,Silver,Transparency 2026 - Ind QHP,2178,Transparency_in_Coverage_PUF.xlsx,27379dc76590027b0e6d21d736331f87376f0ac87810d68e9f7cca555eef4b1f
2486,40356MI0020018,128,12,Individual,HMO,QHP,Silver,Transparency 2026 - Ind QHP,2179,Transparency_in_Coverage_PUF.xlsx,27379dc76590027b0e6d21d736331f87376f0ac87810d68e9f7cca555eef4b1f
2487,40356MI0020021,128,12,Individual,HMO,QHP,Gold,Transparency 2026 - Ind QHP,2180,Transparency_in_Coverage_PUF.xlsx,27379dc76590027b0e6d21d736331f87376f0ac87810d68e9f7cca555eef4b1f
2488,40356MI0020022,128,12,Individual,HMO,QHP,Gold,Transparency 2026 - Ind QHP,2181,Transparency_in_Coverage_PUF.xlsx,27379dc76590027b0e6d21d736331f87376f0ac87810d68e9f7cca555eef4b1f
2489,40356MI0020023,128,12,Individual,HMO,QHP,Gold,Transparency 2026 - Ind QHP,2182,Transparency_in_Coverage_PUF.xlsx,27379dc76590027b0e6d21d736331f87376f0ac87810d68e9f7cca555eef4b1f
2490,40519MO0010001,129,13,Individual,PPO,SADP,High,Transparency 2026 - Ind SADP,256,Transparency_in_Coverage_PUF.xlsx,27379dc76590027b0e6d21d736331f87376f0ac87810d68e9f7cca555eef4b1f
2491,40519MO0010002,129,13,Individual,PPO,SADP,Low,Transparency 2026 - Ind SADP,257,Transparency_in_Coverage_PUF.xlsx,27379dc76590027b0e6d21d736331f87376f0ac87810d68e9f7cca555eef4b1f
2492,40519MO0010003,129,13,Individual,PPO,SADP,Low,Transparency 2026 - Ind SADP,258,Transparency_in_Coverage_PUF.xlsx,27379dc76590027b0e6d21d736331f87376f0ac87810d68e9f7cca555eef4b1f
2493,40519MO0010004,129,13,Individual,PPO,SADP,Low,Transparency 2026 - Ind SADP,259,Transparency_in_Coverage_PUF.xlsx,27379dc76590027b0e6d21d736331f87376f0ac87810d68e9f7cca555eef4b1f
2494,40540TX0060003,130,26,Individual,PPO,SADP,High,Transparency 2026 - Ind SADP,260,Transparency_in_Coverage_PUF.xlsx,27379dc76590027b0e6d21d736331f87376f0ac87810d68e9f7cca555eef4b1f
2495,40540TX0060005,130,26,Individual,PPO,SADP,Low,Transparency 2026 - Ind SADP,261,Transparency_in_Coverage_PUF.xlsx,27379dc76590027b0e6d21d736331f87376f0ac87810d68e9f7cca555eef4b1f
2496,40540TX0070003,130,26,Individual,PPO,SADP,High,Transparency 2026 - Ind SADP,262,Transparency_in_Coverage_PUF.xlsx,27379dc76590027b0e6d21d736331f87376f0ac87810d68e9f7cca555eef4b1f
2497,40540TX0070004,130,26,Individual,PPO,SADP,Low,Transparency 2026 - Ind SADP,263,Transparency_in_Coverage_PUF.xlsx,27379dc76590027b0e6d21d736331f87376f0ac87810d68e9f7cca555eef4b1f
2498,40540TX0100001,130,26,Individual,PPO,SADP,Low,Transparency 2026 - Ind SADP,264,Transparency_in_Coverage_PUF.xlsx,27379dc76590027b0e6d21d736331f87376f0ac87810d68e9f7cca555eef4b1f
2499,40702AZ0060016,131,4,Individual,HMO,QHP,Gold,Transparency 2026 - Ind QHP,2183,Transparency_in_Coverage_PUF.xlsx,27379dc76590027b0e6d21d736331f87376f0ac87810d68e9f7cca555eef4b1f
2500,40702AZ0060018,131,4,Individual,HMO,QHP,Silver,Transparency 2026 - Ind QHP,2184,Transparency_in_Coverage_PUF.xlsx,27379dc76590027b0e6d21d736331f87376f0ac87810d68e9f7cca555eef4b1f
2501,40702AZ0060019,131,4,Individual,HMO,QHP,Bronze,Transparency 2026 - Ind QHP,2185,Transparency_in_Coverage_PUF.xlsx,27379dc76590027b0e6d21d736331f87376f0ac87810d68e9f7cca555eef4b1f
2502,40702AZ0060034,131,4,Individual,HMO,QHP,Bronze,Transparency 2026 - Ind QHP,2186,Transparency_in_Coverage_PUF.xlsx,27379dc76590027b0e6d21d736331f87376f0ac87810d68e9f7cca555eef4b1f
2503,40702AZ0060038,131,4,Individual,HMO,QHP,Silver,Transparency 2026 - Ind QHP,2187,Transparency_in_Coverage_PUF.xlsx,27379dc76590027b0e6d21d736331f87376f0ac87810d68e9f7cca555eef4b1f
2504,40702AZ0060041,131,4,Individual,HMO,QHP,Silver,Transparency 2026 - Ind QHP,2188,Transparency_in_Coverage_PUF.xlsx,27379dc76590027b0e6d21d736331f87376f0ac87810d68e9f7cca555eef4b1f
2505,40702AZ0060046,131,4,Individual,HMO,QHP,Gold,Transparency 2026 - Ind QHP,2189,Transparency_in_Coverage_PUF.xlsx,27379dc76590027b0e6d21d736331f87376f0ac87810d68e9f7cca555eef4b1f
2506,40702AZ0060047,131,4,Individual,HMO,QHP,Gold,Transparency 2026 - Ind QHP,2190,Transparency_in_Coverage_PUF.xlsx,27379dc76590027b0e6d21d736331f87376f0ac87810d68e9f7cca555eef4b1f
2507,40702AZ0060051,131,4,Individual,HMO,QHP,Bronze,Transparency 2026 - Ind QHP,2191,Transparency_in_Coverage_PUF.xlsx,27379dc76590027b0e6d21d736331f87376f0ac87810d68e9f7cca555eef4b1f
2508,40702AZ0070005,131,4,Individual,HMO,QHP,Bronze,Transparency 2026 - Ind QHP,2192,Transparency_in_Coverage_PUF.xlsx,27379dc76590027b0e6d21d736331f87376f0ac87810d68e9f7cca555eef4b1f
2509,40702AZ0070006,131,4,Individual,HMO,QHP,Silver,Transparency 2026 - Ind QHP,2193,Transparency_in_Coverage_PUF.xlsx,27379dc76590027b0e6d21d736331f87376f0ac87810d68e9f7cca555eef4b1f
2510,40702AZ0070008,131,4,Individual,HMO,QHP,Silver,Transparency 2026 - Ind QHP,2194,Transparency_in_Coverage_PUF.xlsx,27379dc76590027b0e6d21d736331f87376f0ac87810d68e9f7cca555eef4b1f
2511,40702AZ0070010,131,4,Individual,HMO,QHP,Gold,Transparency 2026 - Ind QHP,2195,Transparency_in_Coverage_PUF.xlsx,27379dc76590027b0e6d21d736331f87376f0ac87810d68e9f7cca555eef4b1f
2512,40702AZ0070011,131,4,Individual,HMO,QHP,Bronze,Transparency 2026 - Ind QHP,2196,Transparency_in_Coverage_PUF.xlsx,27379dc76590027b0e6d21d736331f87376f0ac87810d68e9f7cca555eef4b1f
2513,40788TX0460001,132,26,Individual,HMO,QHP,Gold,Transparency 2026 - Ind QHP,2197,Transparency_in_Coverage_PUF.xlsx,27379dc76590027b0e6d21d736331f87376f0ac87810d68e9f7cca555eef4b1f
2514,40788TX0460003,132,26,Individual,HMO,QHP,Silver,Transparency 2026 - Ind QHP,2198,Transparency_in_Coverage_PUF.xlsx,27379dc76590027b0e6d21d736331f87376f0ac87810d68e9f7cca555eef4b1f
2515,40788TX0460004,132,26,Individual,HMO,QHP,Gold,Transparency 2026 - Ind QHP,2199,Transparency_in_Coverage_PUF.xlsx,27379dc76590027b0e6d21d736331f87376f0ac87810d68e9f7cca555eef4b1f
2516,40788TX0460005,132,26,Individual,HMO,QHP,Silver,Transparency 2026 - Ind QHP,2200,Transparency_in_Coverage_PUF.xlsx,27379dc76590027b0e6d21d736331f87376f0ac87810d68e9f7cca555eef4b1f
2517,40788TX0460006,132,26,Individual,HMO,QHP,Bronze,Transparency 2026 - Ind QHP,2201,Transparency_in_Coverage_PUF.xlsx,27379dc76590027b0e6d21d736331f87376f0ac87810d68e9f7cca555eef4b1f
2518,40788TX0460007,132,26,Individual,HMO,QHP,Bronze,Transparency 2026 - Ind QHP,2202,Transparency_in_Coverage_PUF.xlsx,27379dc76590027b0e6d21d736331f87376f0ac87810d68e9f7cca555eef4b1f
2519,40788TX0460008,132,26,Individual,HMO,QHP,Silver,Transparency 2026 - Ind QHP,2203,Transparency_in_Coverage_PUF.xlsx,27379dc76590027b0e6d21d736331f87376f0ac87810d68e9f7cca555eef4b1f
2520,40788TX0460009,132,26,Individual,HMO,QHP,Bronze,Transparency 2026 - Ind QHP,2204,Transparency_in_Coverage_PUF.xlsx,27379dc76590027b0e6d21d736331f87376f0ac87810d68e9f7cca555eef4b1f
2521,40788TX0460012,132,26,Individual,HMO,QHP,Gold,Transparency 2026 - Ind QHP,2205,Transparency_in_Coverage_PUF.xlsx,27379dc76590027b0e6d21d736331f87376f0ac87810d68e9f7cca555eef4b1f
2522,40788TX0460014,132,26,Individual,HMO,QHP,Gold,Transparency 2026 - Ind QHP,2206,Transparency_in_Coverage_PUF.xlsx,27379dc76590027b0e6d21d736331f87376f0ac87810d68e9f7cca555eef4b1f
2523,41047OH0010025,133,20,Individual,HMO,QHP,Silver,Transparency 2026 - Ind QHP,2207,Transparency_in_Coverage_PUF.xlsx,27379dc76590027b0e6d21d736331f87376f0ac87810d68e9f7cca555eef4b1f
2524,41047OH0010033,133,20,Individual,HMO,QHP,Silver,Transparency 2026 - Ind QHP,2208,Transparency_in_Coverage_PUF.xlsx,27379dc76590027b0e6d21d736331f87376f0ac87810d68e9f7cca555eef4b1f
2525,41047OH0010041,133,20,Individual,HMO,QHP,Gold,Transparency 2026 - Ind QHP,2209,Transparency_in_Coverage_PUF.xlsx,27379dc76590027b0e6d21d736331f87376f0ac87810d68e9f7cca555eef4b1f
2526,41047OH0010045,133,20,Individual,HMO,QHP,Bronze,Transparency 2026 - Ind QHP,2210,Transparency_in_Coverage_PUF.xlsx,27379dc76590027b0e6d21d736331f87376f0ac87810d68e9f7cca555eef4b1f
2527,41047OH0010057,133,20,Individual,HMO,QHP,Bronze,Transparency 2026 - Ind QHP,2211,Transparency_in_Coverage_PUF.xlsx,27379dc76590027b0e6d21d736331f87376f0ac87810d68e9f7cca555eef4b1f
2528,41047OH0010067,133,20,Individual,HMO,QHP,Gold,Transparency 2026 - Ind QHP,2212,Transparency_in_Coverage_PUF.xlsx,27379dc76590027b0e6d21d736331f87376f0ac87810d68e9f7cca555eef4b1f
2529,41047OH0010069,133,20,Individual,HMO,QHP,Bronze,Transparency 2026 - Ind QHP,2213,Transparency_in_Coverage_PUF.xlsx,27379dc76590027b0e6d21d736331f87376f0ac87810d68e9f7cca555eef4b1f
2530,41047OH0010070,133,20,Individual,HMO,QHP,Silver,Transparency 2026 - Ind QHP,2214,Transparency_in_Coverage_PUF.xlsx,27379dc76590027b0e6d21d736331f87376f0ac87810d68e9f7cca555eef4b1f
2531,41047OH0010071,133,20,Individual,HMO,QHP,Gold,Transparency 2026 - Ind QHP,2215,Transparency_in_Coverage_PUF.xlsx,27379dc76590027b0e6d21d736331f87376f0ac87810d68e9f7cca555eef4b1f
2532,41047OH0030025,133,20,Individual,HMO,QHP,Silver,Transparency 2026 - Ind QHP,2216,Transparency_in_Coverage_PUF.xlsx,27379dc76590027b0e6d21d736331f87376f0ac87810d68e9f7cca555eef4b1f
2533,41047OH0030041,133,20,Individual,HMO,QHP,Gold,Transparency 2026 - Ind QHP,2217,Transparency_in_Coverage_PUF.xlsx,27379dc76590027b0e6d21d736331f87376f0ac87810d68e9f7cca555eef4b1f
2534,41047OH0030045,133,20,Individual,HMO,QHP,Bronze,Transparency 2026 - Ind QHP,2218,Transparency_in_Coverage_PUF.xlsx,27379dc76590027b0e6d21d736331f87376f0ac87810d68e9f7cca555eef4b1f
2535,41047OH0030057,133,20,Individual,HMO,QHP,Bronze,Transparency 2026 - Ind QHP,2219,Transparency_in_Coverage_PUF.xlsx,27379dc76590027b0e6d21d736331f87376f0ac87810d68e9f7cca555eef4b1f
2536,41047OH0030071,133,20,Individual,HMO,QHP,Gold,Transparency 2026 - Ind QHP,2220,Transparency_in_Coverage_PUF.xlsx,27379dc76590027b0e6d21d736331f87376f0ac87810d68e9f7cca555eef4b1f
2537,41047OH0030072,133,20,Individual,HMO,QHP,Bronze,Transparency 2026 - Ind QHP,2221,Transparency_in_Coverage_PUF.xlsx,27379dc76590027b0e6d21d736331f87376f0ac87810d68e9f7cca555eef4b1f
2538,41047OH0030073,133,20,Individual,HMO,QHP,Silver,Transparency 2026 - Ind QHP,2222,Transparency_in_Coverage_PUF.xlsx,27379dc76590027b0e6d21d736331f87376f0ac87810d68e9f7cca555eef4b1f
2539,41047OH0030074,133,20,Individual,HMO,QHP,Gold,Transparency 2026 - Ind QHP,2223,Transparency_in_Coverage_PUF.xlsx,27379dc76590027b0e6d21d736331f87376f0ac87810d68e9f7cca555eef4b1f
2540,42261UT0060001,134,27,Individual,EPO,QHP,Gold,Transparency 2026 - Ind QHP,2224,Transparency_in_Coverage_PUF.xlsx,27379dc76590027b0e6d21d736331f87376f0ac87810d68e9f7cca555eef4b1f
2541,42261UT0060002,134,27,Individual,EPO,QHP,Silver,Transparency 2026 - Ind QHP,2225,Transparency_in_Coverage_PUF.xlsx,27379dc76590027b0e6d21d736331f87376f0ac87810d68e9f7cca555eef4b1f
2542,42261UT0060003,134,27,Individual,EPO,QHP,Bronze,Transparency 2026 - Ind QHP,2226,Transparency_in_Coverage_PUF.xlsx,27379dc76590027b0e6d21d736331f87376f0ac87810d68e9f7cca555eef4b1f
2543,42261UT0060019,134,27,Individual,EPO,QHP,Gold,Transparency 2026 - Ind QHP,2227,Transparency_in_Coverage_PUF.xlsx,27379dc76590027b0e6d21d736331f87376f0ac87810d68e9f7cca555eef4b1f
2544,42261UT0060020,134,27,Individual,EPO,QHP,Silver,Transparency 2026 - Ind QHP,2228,Transparency_in_Coverage_PUF.xlsx,27379dc76590027b0e6d21d736331f87376f0ac87810d68e9f7cca555eef4b1f
2545,42261UT0060021,134,27,Individual,EPO,QHP,Bronze,Transparency 2026 - Ind QHP,2229,Transparency_in_Coverage_PUF.xlsx,27379dc76590027b0e6d21d736331f87376f0ac87810d68e9f7cca555eef4b1f
2546,42261UT0060022,134,27,Individual,EPO,QHP,Gold,Transparency 2026 - Ind QHP,2230,Transparency_in_Coverage_PUF.xlsx,27379dc76590027b0e6d21d736331f87376f0ac87810d68e9f7cca555eef4b1f
2547,42261UT0060023,134,27,Individual,EPO,QHP,Silver,Transparency 2026 - Ind QHP,2231,Transparency_in_Coverage_PUF.xlsx,27379dc76590027b0e6d21d736331f87376f0ac87810d68e9f7cca555eef4b1f
2548,42261UT0060024,134,27,Individual,EPO,QHP,Bronze,Transparency 2026 - Ind QHP,2232,Transparency_in_Coverage_PUF.xlsx,27379dc76590027b0e6d21d736331f87376f0ac87810d68e9f7cca555eef4b1f
2549,42261UT0060025,134,27,Individual,EPO,QHP,Gold,Transparency 2026 - Ind QHP,2233,Transparency_in_Coverage_PUF.xlsx,27379dc76590027b0e6d21d736331f87376f0ac87810d68e9f7cca555eef4b1f
2550,42261UT0060026,134,27,Individual,EPO,QHP,Silver,Transparency 2026 - Ind QHP,2234,Transparency_in_Coverage_PUF.xlsx,27379dc76590027b0e6d21d736331f87376f0ac87810d68e9f7cca555eef4b1f
2551,42261UT0060027,134,27,Individual,EPO,QHP,Bronze,Transparency 2026 - Ind QHP,2235,Transparency_in_Coverage_PUF.xlsx,27379dc76590027b0e6d21d736331f87376f0ac87810d68e9f7cca555eef4b1f
2552,42326SC0010001,135,23,Individual,HMO,QHP,Gold,Transparency 2026 - Ind QHP,2236,Transparency_in_Coverage_PUF.xlsx,27379dc76590027b0e6d21d736331f87376f0ac87810d68e9f7cca555eef4b1f
2553,42326SC0010002,135,23,Individual,HMO,QHP,Silver,Transparency 2026 - Ind QHP,2237,Transparency_in_Coverage_PUF.xlsx,27379dc76590027b0e6d21d736331f87376f0ac87810d68e9f7cca555eef4b1f
2554,42326SC0010008,135,23,Individual,HMO,QHP,Gold,Transparency 2026 - Ind QHP,2238,Transparency_in_Coverage_PUF.xlsx,27379dc76590027b0e6d21d736331f87376f0ac87810d68e9f7cca555eef4b1f
2555,42326SC0010009,135,23,Individual,HMO,QHP,Silver,Transparency 2026 - Ind QHP,2239,Transparency_in_Coverage_PUF.xlsx,27379dc76590027b0e6d21d736331f87376f0ac87810d68e9f7cca555eef4b1f
2556,42326SC0010010,135,23,Individual,HMO,QHP,Silver,Transparency 2026 - Ind QHP,2240,Transparency_in_Coverage_PUF.xlsx,27379dc76590027b0e6d21d736331f87376f0ac87810d68e9f7cca555eef4b1f
2557,42326SC0010011,135,23,Individual,HMO,QHP,Gold,Transparency 2026 - Ind QHP,2241,Transparency_in_Coverage_PUF.xlsx,27379dc76590027b0e6d21d736331f87376f0ac87810d68e9f7cca555eef4b1f
2558,42326SC0020001,135,23,Individual,HMO,QHP,Gold,Transparency 2026 - Ind QHP,2242,Transparency_in_Coverage_PUF.xlsx,27379dc76590027b0e6d21d736331f87376f0ac87810d68e9f7cca555eef4b1f
2559,42326SC0020002,135,23,Individual,HMO,QHP,Silver,Transparency 2026 - Ind QHP,2243,Transparency_in_Coverage_PUF.xlsx,27379dc76590027b0e6d21d736331f87376f0ac87810d68e9f7cca555eef4b1f
2560,42326SC0020011,135,23,Individual,HMO,QHP,Gold,Transparency 2026 - Ind QHP,2244,Transparency_in_Coverage_PUF.xlsx,27379dc76590027b0e6d21d736331f87376f0ac87810d68e9f7cca555eef4b1f
2561,42326SC0040001,135,23,Individual,HMO,QHP,Gold,Transparency 2026 - Ind QHP,2245,Transparency_in_Coverage_PUF.xlsx,27379dc76590027b0e6d21d736331f87376f0ac87810d68e9f7cca555eef4b1f
2562,42326SC0040002,135,23,Individual,HMO,QHP,Silver,Transparency 2026 - Ind QHP,2246,Transparency_in_Coverage_PUF.xlsx,27379dc76590027b0e6d21d736331f87376f0ac87810d68e9f7cca555eef4b1f
2563,42326SC0040003,135,23,Individual,HMO,QHP,Gold,Transparency 2026 - Ind QHP,2247,Transparency_in_Coverage_PUF.xlsx,27379dc76590027b0e6d21d736331f87376f0ac87810d68e9f7cca555eef4b1f
2564,42757UT0020003,136,27,Individual,PPO,SADP,High,Transparency 2026 - Ind SADP,265,Transparency_in_Coverage_PUF.xlsx,27379dc76590027b0e6d21d736331f87376f0ac87810d68e9f7cca555eef4b1f
2565,42757UT0020006,136,27,Individual,PPO,SADP,Low,Transparency 2026 - Ind SADP,266,Transparency_in_Coverage_PUF.xlsx,27379dc76590027b0e6d21d736331f87376f0ac87810d68e9f7cca555eef4b1f
2566,42757UT0020007,136,27,Individual,PPO,SADP,High,Transparency 2026 - Ind SADP,267,Transparency_in_Coverage_PUF.xlsx,27379dc76590027b0e6d21d736331f87376f0ac87810d68e9f7cca555eef4b1f
2567,42757UT0040001,136,27,Individual,PPO,SADP,Low,Transparency 2026 - Ind SADP,268,Transparency_in_Coverage_PUF.xlsx,27379dc76590027b0e6d21d736331f87376f0ac87810d68e9f7cca555eef4b1f
2568,43274FL0010001,137,6,Individual,PPO,SADP,Low,Transparency 2026 - Ind SADP,269,Transparency_in_Coverage_PUF.xlsx,27379dc76590027b0e6d21d736331f87376f0ac87810d68e9f7cca555eef4b1f
2569,43274FL0010002,137,6,Individual,PPO,SADP,Low,Transparency 2026 - Ind SADP,270,Transparency_in_Coverage_PUF.xlsx,27379dc76590027b0e6d21d736331f87376f0ac87810d68e9f7cca555eef4b1f
2570,43274FL0030002,137,6,Individual,EPO,SADP,Low,Transparency 2026 - Ind SADP,271,Transparency_in_Coverage_PUF.xlsx,27379dc76590027b0e6d21d736331f87376f0ac87810d68e9f7cca555eef4b1f
2571,43433IN0010001,138,9,Individual,EPO,SADP,High,Transparency 2026 - Ind SADP,272,Transparency_in_Coverage_PUF.xlsx,27379dc76590027b0e6d21d736331f87376f0ac87810d68e9f7cca555eef4b1f
2572,43433IN0010003,138,9,Individual,EPO,SADP,High,Transparency 2026 - Ind SADP,273,Transparency_in_Coverage_PUF.xlsx,27379dc76590027b0e6d21d736331f87376f0ac87810d68e9f7cca555eef4b1f
2573,43433IN0010004,138,9,Individual,EPO,SADP,Low,Transparency 2026 - Ind SADP,274,Transparency_in_Coverage_PUF.xlsx,27379dc76590027b0e6d21d736331f87376f0ac87810d68e9f7cca555eef4b1f
2574,43433IN0010010,138,9,Individual,EPO,SADP,Low,Transparency 2026 - Ind SADP,275,Transparency_in_Coverage_PUF.xlsx,27379dc76590027b0e6d21d736331f87376f0ac87810d68e9f7cca555eef4b1f
2575,43490KS0010005,139,10,Individual,EPO,QHP,Bronze,Transparency 2026 - Ind QHP,2248,Transparency_in_Coverage_PUF.xlsx,27379dc76590027b0e6d21d736331f87376f0ac87810d68e9f7cca555eef4b1f
2576,43490KS0010011,139,10,Individual,EPO,QHP,Catastrophic,Transparency 2026 - Ind QHP,2249,Transparency_in_Coverage_PUF.xlsx,27379dc76590027b0e6d21d736331f87376f0ac87810d68e9f7cca555eef4b1f
2577,43490KS0010024,139,10,Individual,EPO,QHP,Bronze,Transparency 2026 - Ind QHP,2250,Transparency_in_Coverage_PUF.xlsx,27379dc76590027b0e6d21d736331f87376f0ac87810d68e9f7cca555eef4b1f
2578,43490KS0010050,139,10,Individual,EPO,QHP,Bronze,Transparency 2026 - Ind QHP,2251,Transparency_in_Coverage_PUF.xlsx,27379dc76590027b0e6d21d736331f87376f0ac87810d68e9f7cca555eef4b1f
2579,43490KS0010052,139,10,Individual,EPO,QHP,Silver,Transparency 2026 - Ind QHP,2252,Transparency_in_Coverage_PUF.xlsx,27379dc76590027b0e6d21d736331f87376f0ac87810d68e9f7cca555eef4b1f
2580,43490KS0010053,139,10,Individual,EPO,QHP,Gold,Transparency 2026 - Ind QHP,2253,Transparency_in_Coverage_PUF.xlsx,27379dc76590027b0e6d21d736331f87376f0ac87810d68e9f7cca555eef4b1f
2581,43490KS0010055,139,10,Individual,EPO,QHP,Bronze,Transparency 2026 - Ind QHP,2254,Transparency_in_Coverage_PUF.xlsx,27379dc76590027b0e6d21d736331f87376f0ac87810d68e9f7cca555eef4b1f
2582,43512MO0010001,140,13,Individual,PPO,SADP,Low,Transparency 2026 - Ind SADP,276,Transparency_in_Coverage_PUF.xlsx,27379dc76590027b0e6d21d736331f87376f0ac87810d68e9f7cca555eef4b1f
2583,43512MO0010002,140,13,Individual,PPO,SADP,High,Transparency 2026 - Ind SADP,277,Transparency_in_Coverage_PUF.xlsx,27379dc76590027b0e6d21d736331f87376f0ac87810d68e9f7cca555eef4b1f
2584,43512MO0010003,140,13,Individual,PPO,SADP,Low,Transparency 2026 - Ind SADP,278,Transparency_in_Coverage_PUF.xlsx,27379dc76590027b0e6d21d736331f87376f0ac87810d68e9f7cca555eef4b1f
2585,43512MO0010004,140,13,Individual,PPO,SADP,Low,Transparency 2026 - Ind SADP,279,Transparency_in_Coverage_PUF.xlsx,27379dc76590027b0e6d21d736331f87376f0ac87810d68e9f7cca555eef4b1f
2586,43512MO0010005,140,13,Individual,PPO,SADP,Low,Transparency 2026 - Ind SADP,280,Transparency_in_Coverage_PUF.xlsx,27379dc76590027b0e6d21d736331f87376f0ac87810d68e9f7cca555eef4b1f
2587,43512MO0010006,140,13,Individual,PPO,SADP,High,Transparency 2026 - Ind SADP,281,Transparency_in_Coverage_PUF.xlsx,27379dc76590027b0e6d21d736331f87376f0ac87810d68e9f7cca555eef4b1f
2588,43878TN0010001,141,25,Individual,EPO,SADP,High,Transparency 2026 - Ind SADP,282,Transparency_in_Coverage_PUF.xlsx,27379dc76590027b0e6d21d736331f87376f0ac87810d68e9f7cca555eef4b1f
2589,43878TN0010003,141,25,Individual,EPO,SADP,High,Transparency 2026 - Ind SADP,283,Transparency_in_Coverage_PUF.xlsx,27379dc76590027b0e6d21d736331f87376f0ac87810d68e9f7cca555eef4b1f
2590,43878TN0010004,141,25,Individual,EPO,SADP,Low,Transparency 2026 - Ind SADP,284,Transparency_in_Coverage_PUF.xlsx,27379dc76590027b0e6d21d736331f87376f0ac87810d68e9f7cca555eef4b1f
2591,44228FL0040001,142,6,Individual,HMO,QHP,Bronze,Transparency 2026 - Ind QHP,2255,Transparency_in_Coverage_PUF.xlsx,27379dc76590027b0e6d21d736331f87376f0ac87810d68e9f7cca555eef4b1f
2592,44228FL0040002,142,6,Individual,HMO,QHP,Silver,Transparency 2026 - Ind QHP,2256,Transparency_in_Coverage_PUF.xlsx,27379dc76590027b0e6d21d736331f87376f0ac87810d68e9f7cca555eef4b1f
2593,44228FL0040003,142,6,Individual,HMO,QHP,Gold,Transparency 2026 - Ind QHP,2257,Transparency_in_Coverage_PUF.xlsx,27379dc76590027b0e6d21d736331f87376f0ac87810d68e9f7cca555eef4b1f
2594,44228FL0040004,142,6,Individual,HMO,QHP,Catastrophic,Transparency 2026 - Ind QHP,2258,Transparency_in_Coverage_PUF.xlsx,27379dc76590027b0e6d21d736331f87376f0ac87810d68e9f7cca555eef4b1f
2595,44228FL0040005,142,6,Individual,HMO,QHP,Bronze,Transparency 2026 - Ind QHP,2259,Transparency_in_Coverage_PUF.xlsx,27379dc76590027b0e6d21d736331f87376f0ac87810d68e9f7cca555eef4b1f
2596,44228FL0040007,142,6,Individual,HMO,QHP,Bronze,Transparency 2026 - Ind QHP,2260,Transparency_in_Coverage_PUF.xlsx,27379dc76590027b0e6d21d736331f87376f0ac87810d68e9f7cca555eef4b1f
2597,44228FL0040008,142,6,Individual,HMO,QHP,Bronze,Transparency 2026 - Ind QHP,2261,Transparency_in_Coverage_PUF.xlsx,27379dc76590027b0e6d21d736331f87376f0ac87810d68e9f7cca555eef4b1f
2598,44228FL0040009,142,6,Individual,HMO,QHP,Gold,Transparency 2026 - Ind QHP,2262,Transparency_in_Coverage_PUF.xlsx,27379dc76590027b0e6d21d736331f87376f0ac87810d68e9f7cca555eef4b1f
2599,44228FL0040010,142,6,Individual,HMO,QHP,Gold,Transparency 2026 - Ind QHP,2263,Transparency_in_Coverage_PUF.xlsx,27379dc76590027b0e6d21d736331f87376f0ac87810d68e9f7cca555eef4b1f
2600,44228FL0040011,142,6,Individual,HMO,QHP,Silver,Transparency 2026 - Ind QHP,2264,Transparency_in_Coverage_PUF.xlsx,27379dc76590027b0e6d21d736331f87376f0ac87810d68e9f7cca555eef4b1f
2601,44228FL0040012,142,6,Individual,HMO,QHP,Silver,Transparency 2026 - Ind QHP,2265,Transparency_in_Coverage_PUF.xlsx,27379dc76590027b0e6d21d736331f87376f0ac87810d68e9f7cca555eef4b1f
2602,44228FL0040013,142,6,Individual,HMO,QHP,Silver,Transparency 2026 - Ind QHP,2266,Transparency_in_Coverage_PUF.xlsx,27379dc76590027b0e6d21d736331f87376f0ac87810d68e9f7cca555eef4b1f
2603,44228FL0040014,142,6,Individual,HMO,QHP,Gold,Transparency 2026 - Ind QHP,2267,Transparency_in_Coverage_PUF.xlsx,27379dc76590027b0e6d21d736331f87376f0ac87810d68e9f7cca555eef4b1f
2604,44346OH0010003,143,20,Individual,PPO,SADP,Low,Transparency 2026 - Ind SADP,285,Transparency_in_Coverage_PUF.xlsx,27379dc76590027b0e6d21d736331f87376f0ac87810d68e9f7cca555eef4b1f
2605,44346OH0010004,143,20,Individual,PPO,SADP,Low,Transparency 2026 - Ind SADP,286,Transparency_in_Coverage_PUF.xlsx,27379dc76590027b0e6d21d736331f87376f0ac87810d68e9f7cca555eef4b1f
2606,44346OH0010005,143,20,Individual,PPO,SADP,High,Transparency 2026 - Ind SADP,287,Transparency_in_Coverage_PUF.xlsx,27379dc76590027b0e6d21d736331f87376f0ac87810d68e9f7cca555eef4b1f
2607,44346OH0010006,143,20,Individual,PPO,SADP,Low,Transparency 2026 - Ind SADP,288,Transparency_in_Coverage_PUF.xlsx,27379dc76590027b0e6d21d736331f87376f0ac87810d68e9f7cca555eef4b1f
2608,44580AL0380001,144,2,Individual,PPO,SADP,Low,Transparency 2026 - Ind SADP,289,Transparency_in_Coverage_PUF.xlsx,27379dc76590027b0e6d21d736331f87376f0ac87810d68e9f7cca555eef4b1f
2609,44580AL0380003,144,2,Individual,PPO,SADP,High,Transparency 2026 - Ind SADP,290,Transparency_in_Coverage_PUF.xlsx,27379dc76590027b0e6d21d736331f87376f0ac87810d68e9f7cca555eef4b1f
2610,44580AL0380004,144,2,Individual,PPO,SADP,Low,Transparency 2026 - Ind SADP,291,Transparency_in_Coverage_PUF.xlsx,27379dc76590027b0e6d21d736331f87376f0ac87810d68e9f7cca555eef4b1f
2611,44965LA0590001,145,11,Individual,PPO,SADP,Low,Transparency 2026 - Ind SADP,292,Transparency_in_Coverage_PUF.xlsx,27379dc76590027b0e6d21d736331f87376f0ac87810d68e9f7cca555eef4b1f
2612,45480OK0050028,146,21,Individual,HMO,QHP,Gold,Transparency 2026 - Ind QHP,2268,Transparency_in_Coverage_PUF.xlsx,27379dc76590027b0e6d21d736331f87376f0ac87810d68e9f7cca555eef4b1f
2613,45480OK0050029,146,21,Individual,HMO,QHP,Silver,Transparency 2026 - Ind QHP,2269,Transparency_in_Coverage_PUF.xlsx,27379dc76590027b0e6d21d736331f87376f0ac87810d68e9f7cca555eef4b1f
2614,45480OK0050030,146,21,Individual,HMO,QHP,Bronze,Transparency 2026 - Ind QHP,2270,Transparency_in_Coverage_PUF.xlsx,27379dc76590027b0e6d21d736331f87376f0ac87810d68e9f7cca555eef4b1f
2615,45480OK0050034,146,21,Individual,HMO,QHP,Gold,Transparency 2026 - Ind QHP,2271,Transparency_in_Coverage_PUF.xlsx,27379dc76590027b0e6d21d736331f87376f0ac87810d68e9f7cca555eef4b1f
2616,45480OK0050035,146,21,Individual,HMO,QHP,Bronze,Transparency 2026 - Ind QHP,2272,Transparency_in_Coverage_PUF.xlsx,27379dc76590027b0e6d21d736331f87376f0ac87810d68e9f7cca555eef4b1f
2617,45480OK0050036,146,21,Individual,HMO,QHP,Silver,Transparency 2026 - Ind QHP,2273,Transparency_in_Coverage_PUF.xlsx,27379dc76590027b0e6d21d736331f87376f0ac87810d68e9f7cca555eef4b1f
2618,45480OK0050037,146,21,Individual,HMO,QHP,Silver,Transparency 2026 - Ind QHP,2274,Transparency_in_Coverage_PUF.xlsx,27379dc76590027b0e6d21d736331f87376f0ac87810d68e9f7cca555eef4b1f
2619,45480OK0050038,146,21,Individual,HMO,QHP,Gold,Transparency 2026 - Ind QHP,2275,Transparency_in_Coverage_PUF.xlsx,27379dc76590027b0e6d21d736331f87376f0ac87810d68e9f7cca555eef4b1f
2620,45480OK0050039,146,21,Individual,HMO,QHP,Bronze,Transparency 2026 - Ind QHP,2276,Transparency_in_Coverage_PUF.xlsx,27379dc76590027b0e6d21d736331f87376f0ac87810d68e9f7cca555eef4b1f
2621,45480OK0110001,146,21,Individual,HMO,QHP,Gold,Transparency 2026 - Ind QHP,2277,Transparency_in_Coverage_PUF.xlsx,27379dc76590027b0e6d21d736331f87376f0ac87810d68e9f7cca555eef4b1f
2622,45480OK0110002,146,21,Individual,HMO,QHP,Silver,Transparency 2026 - Ind QHP,2278,Transparency_in_Coverage_PUF.xlsx,27379dc76590027b0e6d21d736331f87376f0ac87810d68e9f7cca555eef4b1f
2623,45480OK0110004,146,21,Individual,HMO,QHP,Silver,Transparency 2026 - Ind QHP,2279,Transparency_in_Coverage_PUF.xlsx,27379dc76590027b0e6d21d736331f87376f0ac87810d68e9f7cca555eef4b1f
2624,45480OK0110005,146,21,Individual,HMO,QHP,Bronze,Transparency 2026 - Ind QHP,2280,Transparency_in_Coverage_PUF.xlsx,27379dc76590027b0e6d21d736331f87376f0ac87810d68e9f7cca555eef4b1f
2625,45550NE0010001,147,18,Individual,PPO,SADP,Low,Transparency 2026 - Ind SADP,293,Transparency_in_Coverage_PUF.xlsx,27379dc76590027b0e6d21d736331f87376f0ac87810d68e9f7cca555eef4b1f
2626,45550NE0020001,147,18,Individual,PPO,SADP,Low,Transparency 2026 - Ind SADP,294,Transparency_in_Coverage_PUF.xlsx,27379dc76590027b0e6d21d736331f87376f0ac87810d68e9f7cca555eef4b1f
2627,45550NE0040001,147,18,Individual,PPO,SADP,Low,Transparency 2026 - Ind SADP,295,Transparency_in_Coverage_PUF.xlsx,27379dc76590027b0e6d21d736331f87376f0ac87810d68e9f7cca555eef4b1f
2628,45550NE0060001,147,18,Individual,PPO,SADP,Low,Transparency 2026 - Ind SADP,296,Transparency_in_Coverage_PUF.xlsx,27379dc76590027b0e6d21d736331f87376f0ac87810d68e9f7cca555eef4b1f
2629,45550NE0080001,147,18,Individual,PPO,SADP,Low,Transparency 2026 - Ind SADP,297,Transparency_in_Coverage_PUF.xlsx,27379dc76590027b0e6d21d736331f87376f0ac87810d68e9f7cca555eef4b1f
2630,45786TX0020001,148,26,Individual,HMO,QHP,Gold,Transparency 2026 - Ind QHP,2281,Transparency_in_Coverage_PUF.xlsx,27379dc76590027b0e6d21d736331f87376f0ac87810d68e9f7cca555eef4b1f
2631,45786TX0020002,148,26,Individual,HMO,QHP,Silver,Transparency 2026 - Ind QHP,2282,Transparency_in_Coverage_PUF.xlsx,27379dc76590027b0e6d21d736331f87376f0ac87810d68e9f7cca555eef4b1f
2632,45786TX0020010,148,26,Individual,HMO,QHP,Gold,Transparency 2026 - Ind QHP,2283,Transparency_in_Coverage_PUF.xlsx,27379dc76590027b0e6d21d736331f87376f0ac87810d68e9f7cca555eef4b1f
2633,45786TX0020011,148,26,Individual,HMO,QHP,Silver,Transparency 2026 - Ind QHP,2284,Transparency_in_Coverage_PUF.xlsx,27379dc76590027b0e6d21d736331f87376f0ac87810d68e9f7cca555eef4b1f
2634,45786TX0020012,148,26,Individual,HMO,QHP,Silver,Transparency 2026 - Ind QHP,2285,Transparency_in_Coverage_PUF.xlsx,27379dc76590027b0e6d21d736331f87376f0ac87810d68e9f7cca555eef4b1f
2635,45786TX0020013,148,26,Individual,HMO,QHP,Gold,Transparency 2026 - Ind QHP,2286,Transparency_in_Coverage_PUF.xlsx,27379dc76590027b0e6d21d736331f87376f0ac87810d68e9f7cca555eef4b1f
2636,45786TX0050001,148,26,Individual,HMO,QHP,Gold,Transparency 2026 - Ind QHP,2287,Transparency_in_Coverage_PUF.xlsx,27379dc76590027b0e6d21d736331f87376f0ac87810d68e9f7cca555eef4b1f
2637,45786TX0050002,148,26,Individual,HMO,QHP,Silver,Transparency 2026 - Ind QHP,2288,Transparency_in_Coverage_PUF.xlsx,27379dc76590027b0e6d21d736331f87376f0ac87810d68e9f7cca555eef4b1f
2638,45786TX0050009,148,26,Individual,HMO,QHP,Gold,Transparency 2026 - Ind QHP,2289,Transparency_in_Coverage_PUF.xlsx,27379dc76590027b0e6d21d736331f87376f0ac87810d68e9f7cca555eef4b1f
2639,45786TX0060001,148,26,Individual,HMO,QHP,Gold,Transparency 2026 - Ind QHP,2290,Transparency_in_Coverage_PUF.xlsx,27379dc76590027b0e6d21d736331f87376f0ac87810d68e9f7cca555eef4b1f
2640,45786TX0060002,148,26,Individual,HMO,QHP,Silver,Transparency 2026 - Ind QHP,2291,Transparency_in_Coverage_PUF.xlsx,27379dc76590027b0e6d21d736331f87376f0ac87810d68e9f7cca555eef4b1f
2641,45786TX0060003,148,26,Individual,HMO,QHP,Gold,Transparency 2026 - Ind QHP,2292,Transparency_in_Coverage_PUF.xlsx,27379dc76590027b0e6d21d736331f87376f0ac87810d68e9f7cca555eef4b1f
2642,45819IA0010005,149,8,Individual,EPO,QHP,Bronze,Transparency 2026 - Ind QHP,2293,Transparency_in_Coverage_PUF.xlsx,27379dc76590027b0e6d21d736331f87376f0ac87810d68e9f7cca555eef4b1f
2643,45819IA0010006,149,8,Individual,EPO,QHP,Silver,Transparency 2026 - Ind QHP,2294,Transparency_in_Coverage_PUF.xlsx,27379dc76590027b0e6d21d736331f87376f0ac87810d68e9f7cca555eef4b1f
2644,45819IA0010011,149,8,Individual,EPO,QHP,Catastrophic,Transparency 2026 - Ind QHP,2295,Transparency_in_Coverage_PUF.xlsx,27379dc76590027b0e6d21d736331f87376f0ac87810d68e9f7cca555eef4b1f
2645,45819IA0010024,149,8,Individual,EPO,QHP,Bronze,Transparency 2026 - Ind QHP,2296,Transparency_in_Coverage_PUF.xlsx,27379dc76590027b0e6d21d736331f87376f0ac87810d68e9f7cca555eef4b1f
2646,45819IA0010025,149,8,Individual,EPO,QHP,Silver,Transparency 2026 - Ind QHP,2297,Transparency_in_Coverage_PUF.xlsx,27379dc76590027b0e6d21d736331f87376f0ac87810d68e9f7cca555eef4b1f
2647,45819IA0010036,149,8,Individual,EPO,QHP,Gold,Transparency 2026 - Ind QHP,2298,Transparency_in_Coverage_PUF.xlsx,27379dc76590027b0e6d21d736331f87376f0ac87810d68e9f7cca555eef4b1f
2648,45819IA0010045,149,8,Individual,EPO,QHP,Silver,Transparency 2026 - Ind QHP,2299,Transparency_in_Coverage_PUF.xlsx,27379dc76590027b0e6d21d736331f87376f0ac87810d68e9f7cca555eef4b1f
2649,45819IA0010050,149,8,Individual,EPO,QHP,Bronze,Transparency 2026 - Ind QHP,2300,Transparency_in_Coverage_PUF.xlsx,27379dc76590027b0e6d21d736331f87376f0ac87810d68e9f7cca555eef4b1f
2650,45819IA0010052,149,8,Individual,EPO,QHP,Silver,Transparency 2026 - Ind QHP,2301,Transparency_in_Coverage_PUF.xlsx,27379dc76590027b0e6d21d736331f87376f0ac87810d68e9f7cca555eef4b1f
2651,45819IA0010053,149,8,Individual,EPO,QHP,Gold,Transparency 2026 - Ind QHP,2302,Transparency_in_Coverage_PUF.xlsx,27379dc76590027b0e6d21d736331f87376f0ac87810d68e9f7cca555eef4b1f
2652,45819IA0010056,149,8,Individual,EPO,QHP,Bronze,Transparency 2026 - Ind QHP,2303,Transparency_in_Coverage_PUF.xlsx,27379dc76590027b0e6d21d736331f87376f0ac87810d68e9f7cca555eef4b1f
2653,45819IA0010057,149,8,Individual,EPO,QHP,Silver,Transparency 2026 - Ind QHP,2304,Transparency_in_Coverage_PUF.xlsx,27379dc76590027b0e6d21d736331f87376f0ac87810d68e9f7cca555eef4b1f
2654,45819IA0010058,149,8,Individual,EPO,QHP,Catastrophic,Transparency 2026 - Ind QHP,2305,Transparency_in_Coverage_PUF.xlsx,27379dc76590027b0e6d21d736331f87376f0ac87810d68e9f7cca555eef4b1f
2655,45819IA0010060,149,8,Individual,EPO,QHP,Bronze,Transparency 2026 - Ind QHP,2306,Transparency_in_Coverage_PUF.xlsx,27379dc76590027b0e6d21d736331f87376f0ac87810d68e9f7cca555eef4b1f
2656,45819IA0010061,149,8,Individual,EPO,QHP,Silver,Transparency 2026 - Ind QHP,2307,Transparency_in_Coverage_PUF.xlsx,27379dc76590027b0e6d21d736331f87376f0ac87810d68e9f7cca555eef4b1f
2657,45819IA0010063,149,8,Individual,EPO,QHP,Gold,Transparency 2026 - Ind QHP,2308,Transparency_in_Coverage_PUF.xlsx,27379dc76590027b0e6d21d736331f87376f0ac87810d68e9f7cca555eef4b1f
2658,45819IA0010064,149,8,Individual,EPO,QHP,Silver,Transparency 2026 - Ind QHP,2309,Transparency_in_Coverage_PUF.xlsx,27379dc76590027b0e6d21d736331f87376f0ac87810d68e9f7cca555eef4b1f
2659,45819IA0010065,149,8,Individual,EPO,QHP,Bronze,Transparency 2026 - Ind QHP,2310,Transparency_in_Coverage_PUF.xlsx,27379dc76590027b0e6d21d736331f87376f0ac87810d68e9f7cca555eef4b1f
2660,45819IA0010066,149,8,Individual,EPO,QHP,Silver,Transparency 2026 - Ind QHP,2311,Transparency_in_Coverage_PUF.xlsx,27379dc76590027b0e6d21d736331f87376f0ac87810d68e9f7cca555eef4b1f
2661,45819IA0010067,149,8,Individual,EPO,QHP,Gold,Transparency 2026 - Ind QHP,2312,Transparency_in_Coverage_PUF.xlsx,27379dc76590027b0e6d21d736331f87376f0ac87810d68e9f7cca555eef4b1f
2662,45819IA0010070,149,8,Individual,EPO,QHP,Bronze,Transparency 2026 - Ind QHP,2313,Transparency_in_Coverage_PUF.xlsx,27379dc76590027b0e6d21d736331f87376f0ac87810d68e9f7cca555eef4b1f
2663,45819IA0010071,149,8,Individual,EPO,QHP,Bronze,Transparency 2026 - Ind QHP,2314,Transparency_in_Coverage_PUF.xlsx,27379dc76590027b0e6d21d736331f87376f0ac87810d68e9f7cca555eef4b1f
2664,45819IA0010072,149,8,Individual,EPO,QHP,Bronze,Transparency 2026 - Ind QHP,2315,Transparency_in_Coverage_PUF.xlsx,27379dc76590027b0e6d21d736331f87376f0ac87810d68e9f7cca555eef4b1f
2665,45819IA0010076,149,8,Individual,EPO,QHP,Silver,Transparency 2026 - Ind QHP,2316,Transparency_in_Coverage_PUF.xlsx,27379dc76590027b0e6d21d736331f87376f0ac87810d68e9f7cca555eef4b1f
2666,45819IA0010077,149,8,Individual,EPO,QHP,Silver,Transparency 2026 - Ind QHP,2317,Transparency_in_Coverage_PUF.xlsx,27379dc76590027b0e6d21d736331f87376f0ac87810d68e9f7cca555eef4b1f
2667,45819IA0010078,149,8,Individual,EPO,QHP,Silver,Transparency 2026 - Ind QHP,2318,Transparency_in_Coverage_PUF.xlsx,27379dc76590027b0e6d21d736331f87376f0ac87810d68e9f7cca555eef4b1f
2668,45845OH0100002,150,20,Individual,HMO,QHP,Bronze,Transparency 2026 - Ind QHP,2319,Transparency_in_Coverage_PUF.xlsx,27379dc76590027b0e6d21d736331f87376f0ac87810d68e9f7cca555eef4b1f
2669,45845OH0100011,150,20,Individual,HMO,QHP,Catastrophic,Transparency 2026 - Ind QHP,2320,Transparency_in_Coverage_PUF.xlsx,27379dc76590027b0e6d21d736331f87376f0ac87810d68e9f7cca555eef4b1f
2670,45845OH0100014,150,20,Individual,HMO,QHP,Bronze,Transparency 2026 - Ind QHP,2321,Transparency_in_Coverage_PUF.xlsx,27379dc76590027b0e6d21d736331f87376f0ac87810d68e9f7cca555eef4b1f
2671,45845OH0100025,150,20,Individual,HMO,QHP,Silver,Transparency 2026 - Ind QHP,2322,Transparency_in_Coverage_PUF.xlsx,27379dc76590027b0e6d21d736331f87376f0ac87810d68e9f7cca555eef4b1f
2672,45845OH0100030,150,20,Individual,HMO,QHP,Silver,Transparency 2026 - Ind QHP,2323,Transparency_in_Coverage_PUF.xlsx,27379dc76590027b0e6d21d736331f87376f0ac87810d68e9f7cca555eef4b1f
2673,45845OH0100035,150,20,Individual,HMO,QHP,Gold,Transparency 2026 - Ind QHP,2324,Transparency_in_Coverage_PUF.xlsx,27379dc76590027b0e6d21d736331f87376f0ac87810d68e9f7cca555eef4b1f
2674,45845OH0100036,150,20,Individual,HMO,QHP,Gold,Transparency 2026 - Ind QHP,2325,Transparency_in_Coverage_PUF.xlsx,27379dc76590027b0e6d21d736331f87376f0ac87810d68e9f7cca555eef4b1f
2675,45845OH0100045,150,20,Individual,HMO,QHP,Silver,Transparency 2026 - Ind QHP,2326,Transparency_in_Coverage_PUF.xlsx,27379dc76590027b0e6d21d736331f87376f0ac87810d68e9f7cca555eef4b1f
2676,45845OH0100050,150,20,Individual,HMO,QHP,Bronze,Transparency 2026 - Ind QHP,2327,Transparency_in_Coverage_PUF.xlsx,27379dc76590027b0e6d21d736331f87376f0ac87810d68e9f7cca555eef4b1f
2677,45845OH0100052,150,20,Individual,HMO,QHP,Silver,Transparency 2026 - Ind QHP,2328,Transparency_in_Coverage_PUF.xlsx,27379dc76590027b0e6d21d736331f87376f0ac87810d68e9f7cca555eef4b1f
2678,45845OH0100053,150,20,Individual,HMO,QHP,Gold,Transparency 2026 - Ind QHP,2329,Transparency_in_Coverage_PUF.xlsx,27379dc76590027b0e6d21d736331f87376f0ac87810d68e9f7cca555eef4b1f
2679,45845OH0100055,150,20,Individual,HMO,QHP,Bronze,Transparency 2026 - Ind QHP,2330,Transparency_in_Coverage_PUF.xlsx,27379dc76590027b0e6d21d736331f87376f0ac87810d68e9f7cca555eef4b1f
2680,45845OH0100056,150,20,Individual,HMO,QHP,Bronze,Transparency 2026 - Ind QHP,2331,Transparency_in_Coverage_PUF.xlsx,27379dc76590027b0e6d21d736331f87376f0ac87810d68e9f7cca555eef4b1f
2681,45845OH0100057,150,20,Individual,HMO,QHP,Bronze,Transparency 2026 - Ind QHP,2332,Transparency_in_Coverage_PUF.xlsx,27379dc76590027b0e6d21d736331f87376f0ac87810d68e9f7cca555eef4b1f
2682,45845OH0100059,150,20,Individual,HMO,QHP,Silver,Transparency 2026 - Ind QHP,2333,Transparency_in_Coverage_PUF.xlsx,27379dc76590027b0e6d21d736331f87376f0ac87810d68e9f7cca555eef4b1f
2683,45845OH0100060,150,20,Individual,HMO,QHP,Silver,Transparency 2026 - Ind QHP,2334,Transparency_in_Coverage_PUF.xlsx,27379dc76590027b0e6d21d736331f87376f0ac87810d68e9f7cca555eef4b1f
2684,45845OH0100061,150,20,Individual,HMO,QHP,Silver,Transparency 2026 - Ind QHP,2335,Transparency_in_Coverage_PUF.xlsx,27379dc76590027b0e6d21d736331f87376f0ac87810d68e9f7cca555eef4b1f
2685,46082HI0020001,151,7,Individual,PPO,SADP,Low,Transparency 2026 - Ind SADP,298,Transparency_in_Coverage_PUF.xlsx,27379dc76590027b0e6d21d736331f87376f0ac87810d68e9f7cca555eef4b1f
2686,46082HI0020003,151,7,Individual,PPO,SADP,Low,Transparency 2026 - Ind SADP,299,Transparency_in_Coverage_PUF.xlsx,27379dc76590027b0e6d21d736331f87376f0ac87810d68e9f7cca555eef4b1f
2687,46082HI0020004,151,7,Individual,PPO,SADP,Low,Transparency 2026 - Ind SADP,300,Transparency_in_Coverage_PUF.xlsx,27379dc76590027b0e6d21d736331f87376f0ac87810d68e9f7cca555eef4b1f
2688,46363AL0010001,152,2,Individual,PPO,SADP,High,Transparency 2026 - Ind SADP,301,Transparency_in_Coverage_PUF.xlsx,27379dc76590027b0e6d21d736331f87376f0ac87810d68e9f7cca555eef4b1f
2689,46363AL0010002,152,2,Individual,PPO,SADP,Low,Transparency 2026 - Ind SADP,302,Transparency_in_Coverage_PUF.xlsx,27379dc76590027b0e6d21d736331f87376f0ac87810d68e9f7cca555eef4b1f
2690,46363AL0010003,152,2,Individual,PPO,SADP,Low,Transparency 2026 - Ind SADP,303,Transparency_in_Coverage_PUF.xlsx,27379dc76590027b0e6d21d736331f87376f0ac87810d68e9f7cca555eef4b1f
2691,46363AL0010004,152,2,Individual,PPO,SADP,Low,Transparency 2026 - Ind SADP,304,Transparency_in_Coverage_PUF.xlsx,27379dc76590027b0e6d21d736331f87376f0ac87810d68e9f7cca555eef4b1f
2692,46944AL0280001,153,2,SHOP,PPO,QHP,Platinum,Transparency 2026 - SHOP,62,Transparency_in_Coverage_PUF.xlsx,27379dc76590027b0e6d21d736331f87376f0ac87810d68e9f7cca555eef4b1f
2693,46944AL0340001,153,2,SHOP,PPO,QHP,Gold,Transparency 2026 - SHOP,63,Transparency_in_Coverage_PUF.xlsx,27379dc76590027b0e6d21d736331f87376f0ac87810d68e9f7cca555eef4b1f
2694,46944AL0370001,153,2,Individual,PPO,QHP,Gold,Transparency 2026 - Ind QHP,2336,Transparency_in_Coverage_PUF.xlsx,27379dc76590027b0e6d21d736331f87376f0ac87810d68e9f7cca555eef4b1f
2695,46944AL0380001,153,2,SHOP,PPO,QHP,Silver,Transparency 2026 - SHOP,64,Transparency_in_Coverage_PUF.xlsx,27379dc76590027b0e6d21d736331f87376f0ac87810d68e9f7cca555eef4b1f
2696,46944AL0410001,153,2,Individual,PPO,QHP,Silver,Transparency 2026 - Ind QHP,2337,Transparency_in_Coverage_PUF.xlsx,27379dc76590027b0e6d21d736331f87376f0ac87810d68e9f7cca555eef4b1f
2697,46944AL0430001,153,2,SHOP,PPO,QHP,Bronze,Transparency 2026 - SHOP,65,Transparency_in_Coverage_PUF.xlsx,27379dc76590027b0e6d21d736331f87376f0ac87810d68e9f7cca555eef4b1f
2698,46944AL0460001,153,2,Individual,PPO,QHP,Bronze,Transparency 2026 - Ind QHP,2338,Transparency_in_Coverage_PUF.xlsx,27379dc76590027b0e6d21d736331f87376f0ac87810d68e9f7cca555eef4b1f
2699,46944AL0470001,153,2,Individual,PPO,QHP,Catastrophic,Transparency 2026 - Ind QHP,2339,Transparency_in_Coverage_PUF.xlsx,27379dc76590027b0e6d21d736331f87376f0ac87810d68e9f7cca555eef4b1f
2700,46944AL0500001,153,2,Individual,PPO,SADP,Low,Transparency 2026 - Ind SADP,305,Transparency_in_Coverage_PUF.xlsx,27379dc76590027b0e6d21d736331f87376f0ac87810d68e9f7cca555eef4b1f
2701,46944AL0560001,153,2,Individual,PPO,QHP,Bronze,Transparency 2026 - Ind QHP,2340,Transparency_in_Coverage_PUF.xlsx,27379dc76590027b0e6d21d736331f87376f0ac87810d68e9f7cca555eef4b1f
2702,46944AL0650001,153,2,Individual,PPO,QHP,Gold,Transparency 2026 - Ind QHP,2341,Transparency_in_Coverage_PUF.xlsx,27379dc76590027b0e6d21d736331f87376f0ac87810d68e9f7cca555eef4b1f
2703,46944AL0660001,153,2,Individual,PPO,QHP,Silver,Transparency 2026 - Ind QHP,2342,Transparency_in_Coverage_PUF.xlsx,27379dc76590027b0e6d21d736331f87376f0ac87810d68e9f7cca555eef4b1f
2704,46944AL0670001,153,2,SHOP,PPO,QHP,Gold,Transparency 2026 - SHOP,66,Transparency_in_Coverage_PUF.xlsx,27379dc76590027b0e6d21d736331f87376f0ac87810d68e9f7cca555eef4b1f
2705,46944AL0680001,153,2,SHOP,PPO,QHP,Silver,Transparency 2026 - SHOP,67,Transparency_in_Coverage_PUF.xlsx,27379dc76590027b0e6d21d736331f87376f0ac87810d68e9f7cca555eef4b1f
2706,46944AL0710001,153,2,Individual,EPO,QHP,Silver,Transparency 2026 - Ind QHP,2343,Transparency_in_Coverage_PUF.xlsx,27379dc76590027b0e6d21d736331f87376f0ac87810d68e9f7cca555eef4b1f
2707,46944AL0720001,153,2,Individual,PPO,QHP,Gold,Transparency 2026 - Ind QHP,2344,Transparency_in_Coverage_PUF.xlsx,27379dc76590027b0e6d21d736331f87376f0ac87810d68e9f7cca555eef4b1f
2708,46944AL0730001,153,2,Individual,PPO,QHP,Silver,Transparency 2026 - Ind QHP,2345,Transparency_in_Coverage_PUF.xlsx,27379dc76590027b0e6d21d736331f87376f0ac87810d68e9f7cca555eef4b1f
2709,46944AL0740001,153,2,Individual,EPO,QHP,Silver,Transparency 2026 - Ind QHP,2346,Transparency_in_Coverage_PUF.xlsx,27379dc76590027b0e6d21d736331f87376f0ac87810d68e9f7cca555eef4b1f
2710,46944AL0750001,153,2,Individual,PPO,QHP,Bronze,Transparency 2026 - Ind QHP,2347,Transparency_in_Coverage_PUF.xlsx,27379dc76590027b0e6d21d736331f87376f0ac87810d68e9f7cca555eef4b1f
2711,46944AL0760001,153,2,SHOP,PPO,QHP,Gold,Transparency 2026 - SHOP,68,Transparency_in_Coverage_PUF.xlsx,27379dc76590027b0e6d21d736331f87376f0ac87810d68e9f7cca555eef4b1f
2712,46944AL0770001,153,2,Individual,EPO,QHP,Silver,Transparency 2026 - Ind QHP,2348,Transparency_in_Coverage_PUF.xlsx,27379dc76590027b0e6d21d736331f87376f0ac87810d68e9f7cca555eef4b1f
2713,46944AL0780001,153,2,Individual,EPO,QHP,Silver,Transparency 2026 - Ind QHP,2349,Transparency_in_Coverage_PUF.xlsx,27379dc76590027b0e6d21d736331f87376f0ac87810d68e9f7cca555eef4b1f
2714,46958UT0470002,154,27,Individual,PPO,SADP,Low,Transparency 2026 - Ind SADP,306,Transparency_in_Coverage_PUF.xlsx,27379dc76590027b0e6d21d736331f87376f0ac87810d68e9f7cca555eef4b1f
2715,46958UT0480001,154,27,Individual,PPO,SADP,High,Transparency 2026 - Ind SADP,307,Transparency_in_Coverage_PUF.xlsx,27379dc76590027b0e6d21d736331f87376f0ac87810d68e9f7cca555eef4b1f
2716,47501TX0030001,155,26,Individual,POS,QHP,Silver,Transparency 2026 - Ind QHP,2350,Transparency_in_Coverage_PUF.xlsx,27379dc76590027b0e6d21d736331f87376f0ac87810d68e9f7cca555eef4b1f
2717,47501TX0030002,155,26,Individual,POS,QHP,Bronze,Transparency 2026 - Ind QHP,2351,Transparency_in_Coverage_PUF.xlsx,27379dc76590027b0e6d21d736331f87376f0ac87810d68e9f7cca555eef4b1f
2718,47501TX0030003,155,26,Individual,POS,QHP,Bronze,Transparency 2026 - Ind QHP,2352,Transparency_in_Coverage_PUF.xlsx,27379dc76590027b0e6d21d736331f87376f0ac87810d68e9f7cca555eef4b1f
2719,47501TX0030004,155,26,Individual,POS,QHP,Bronze,Transparency 2026 - Ind QHP,2353,Transparency_in_Coverage_PUF.xlsx,27379dc76590027b0e6d21d736331f87376f0ac87810d68e9f7cca555eef4b1f
2720,47501TX0030005,155,26,Individual,POS,QHP,Gold,Transparency 2026 - Ind QHP,2354,Transparency_in_Coverage_PUF.xlsx,27379dc76590027b0e6d21d736331f87376f0ac87810d68e9f7cca555eef4b1f
2721,47501TX0030006,155,26,Individual,POS,QHP,Gold,Transparency 2026 - Ind QHP,2355,Transparency_in_Coverage_PUF.xlsx,27379dc76590027b0e6d21d736331f87376f0ac87810d68e9f7cca555eef4b1f
2722,47501TX0030007,155,26,Individual,POS,QHP,Gold,Transparency 2026 - Ind QHP,2356,Transparency_in_Coverage_PUF.xlsx,27379dc76590027b0e6d21d736331f87376f0ac87810d68e9f7cca555eef4b1f
2723,47501TX0030008,155,26,Individual,POS,QHP,Silver,Transparency 2026 - Ind QHP,2357,Transparency_in_Coverage_PUF.xlsx,27379dc76590027b0e6d21d736331f87376f0ac87810d68e9f7cca555eef4b1f
2724,47501TX0030009,155,26,Individual,POS,QHP,Silver,Transparency 2026 - Ind QHP,2358,Transparency_in_Coverage_PUF.xlsx,27379dc76590027b0e6d21d736331f87376f0ac87810d68e9f7cca555eef4b1f
2725,47501TX0040002,155,26,Individual,HMO,QHP,Bronze,Transparency 2026 - Ind QHP,2359,Transparency_in_Coverage_PUF.xlsx,27379dc76590027b0e6d21d736331f87376f0ac87810d68e9f7cca555eef4b1f
2726,47501TX0040003,155,26,Individual,HMO,QHP,Bronze,Transparency 2026 - Ind QHP,2360,Transparency_in_Coverage_PUF.xlsx,27379dc76590027b0e6d21d736331f87376f0ac87810d68e9f7cca555eef4b1f
2727,47501TX0040004,155,26,Individual,HMO,QHP,Bronze,Transparency 2026 - Ind QHP,2361,Transparency_in_Coverage_PUF.xlsx,27379dc76590027b0e6d21d736331f87376f0ac87810d68e9f7cca555eef4b1f
2728,47501TX0040005,155,26,Individual,HMO,QHP,Bronze,Transparency 2026 - Ind QHP,2362,Transparency_in_Coverage_PUF.xlsx,27379dc76590027b0e6d21d736331f87376f0ac87810d68e9f7cca555eef4b1f
2729,47501TX0040006,155,26,Individual,HMO,QHP,Catastrophic,Transparency 2026 - Ind QHP,2363,Transparency_in_Coverage_PUF.xlsx,27379dc76590027b0e6d21d736331f87376f0ac87810d68e9f7cca555eef4b1f
2730,47501TX0040007,155,26,Individual,HMO,QHP,Gold,Transparency 2026 - Ind QHP,2364,Transparency_in_Coverage_PUF.xlsx,27379dc76590027b0e6d21d736331f87376f0ac87810d68e9f7cca555eef4b1f
2731,47501TX0040008,155,26,Individual,HMO,QHP,Gold,Transparency 2026 - Ind QHP,2365,Transparency_in_Coverage_PUF.xlsx,27379dc76590027b0e6d21d736331f87376f0ac87810d68e9f7cca555eef4b1f
2732,47501TX0040009,155,26,Individual,HMO,QHP,Gold,Transparency 2026 - Ind QHP,2366,Transparency_in_Coverage_PUF.xlsx,27379dc76590027b0e6d21d736331f87376f0ac87810d68e9f7cca555eef4b1f
2733,47501TX0040010,155,26,Individual,HMO,QHP,Silver,Transparency 2026 - Ind QHP,2367,Transparency_in_Coverage_PUF.xlsx,27379dc76590027b0e6d21d736331f87376f0ac87810d68e9f7cca555eef4b1f
2734,47501TX0040011,155,26,Individual,HMO,QHP,Silver,Transparency 2026 - Ind QHP,2368,Transparency_in_Coverage_PUF.xlsx,27379dc76590027b0e6d21d736331f87376f0ac87810d68e9f7cca555eef4b1f
2735,47501TX0040012,155,26,Individual,HMO,QHP,Silver,Transparency 2026 - Ind QHP,2369,Transparency_in_Coverage_PUF.xlsx,27379dc76590027b0e6d21d736331f87376f0ac87810d68e9f7cca555eef4b1f
2736,47501TX0040013,155,26,Individual,HMO,QHP,Silver,Transparency 2026 - Ind QHP,2370,Transparency_in_Coverage_PUF.xlsx,27379dc76590027b0e6d21d736331f87376f0ac87810d68e9f7cca555eef4b1f
2737,47509OH0020003,156,20,Individual,PPO,SADP,High,Transparency 2026 - Ind SADP,308,Transparency_in_Coverage_PUF.xlsx,27379dc76590027b0e6d21d736331f87376f0ac87810d68e9f7cca555eef4b1f
2738,47509OH0020006,156,20,Individual,PPO,SADP,Low,Transparency 2026 - Ind SADP,309,Transparency_in_Coverage_PUF.xlsx,27379dc76590027b0e6d21d736331f87376f0ac87810d68e9f7cca555eef4b1f
2739,47509OH0020007,156,20,Individual,PPO,SADP,High,Transparency 2026 - Ind SADP,310,Transparency_in_Coverage_PUF.xlsx,27379dc76590027b0e6d21d736331f87376f0ac87810d68e9f7cca555eef4b1f
2740,47509OH0020008,156,20,Individual,PPO,SADP,Low,Transparency 2026 - Ind SADP,311,Transparency_in_Coverage_PUF.xlsx,27379dc76590027b0e6d21d736331f87376f0ac87810d68e9f7cca555eef4b1f
2741,47665TX0020003,157,26,Individual,PPO,SADP,High,Transparency 2026 - Ind SADP,312,Transparency_in_Coverage_PUF.xlsx,27379dc76590027b0e6d21d736331f87376f0ac87810d68e9f7cca555eef4b1f
2742,47665TX0020006,157,26,Individual,PPO,SADP,Low,Transparency 2026 - Ind SADP,313,Transparency_in_Coverage_PUF.xlsx,27379dc76590027b0e6d21d736331f87376f0ac87810d68e9f7cca555eef4b1f
2743,47665TX0020007,157,26,Individual,PPO,SADP,High,Transparency 2026 - Ind SADP,314,Transparency_in_Coverage_PUF.xlsx,27379dc76590027b0e6d21d736331f87376f0ac87810d68e9f7cca555eef4b1f
2744,47665TX0020008,157,26,Individual,PPO,SADP,Low,Transparency 2026 - Ind SADP,315,Transparency_in_Coverage_PUF.xlsx,27379dc76590027b0e6d21d736331f87376f0ac87810d68e9f7cca555eef4b1f
2745,47731WY0030003,158,30,Individual,PPO,SADP,High,Transparency 2026 - Ind SADP,316,Transparency_in_Coverage_PUF.xlsx,27379dc76590027b0e6d21d736331f87376f0ac87810d68e9f7cca555eef4b1f
2746,47731WY0030006,158,30,Individual,PPO,SADP,Low,Transparency 2026 - Ind SADP,317,Transparency_in_Coverage_PUF.xlsx,27379dc76590027b0e6d21d736331f87376f0ac87810d68e9f7cca555eef4b1f
2747,47731WY0030007,158,30,Individual,PPO,SADP,High,Transparency 2026 - Ind SADP,318,Transparency_in_Coverage_PUF.xlsx,27379dc76590027b0e6d21d736331f87376f0ac87810d68e9f7cca555eef4b1f
2748,47731WY0030008,158,30,Individual,PPO,SADP,Low,Transparency 2026 - Ind SADP,319,Transparency_in_Coverage_PUF.xlsx,27379dc76590027b0e6d21d736331f87376f0ac87810d68e9f7cca555eef4b1f
2749,47840MO0010010,159,13,Individual,EPO,QHP,Catastrophic,Transparency 2026 - Ind QHP,2371,Transparency_in_Coverage_PUF.xlsx,27379dc76590027b0e6d21d736331f87376f0ac87810d68e9f7cca555eef4b1f
2750,47840MO0010015,159,13,Individual,EPO,QHP,Gold,Transparency 2026 - Ind QHP,2372,Transparency_in_Coverage_PUF.xlsx,27379dc76590027b0e6d21d736331f87376f0ac87810d68e9f7cca555eef4b1f
2751,47840MO0010016,159,13,Individual,EPO,QHP,Silver,Transparency 2026 - Ind QHP,2373,Transparency_in_Coverage_PUF.xlsx,27379dc76590027b0e6d21d736331f87376f0ac87810d68e9f7cca555eef4b1f
2752,47840MO0010017,159,13,Individual,EPO,QHP,Bronze,Transparency 2026 - Ind QHP,2374,Transparency_in_Coverage_PUF.xlsx,27379dc76590027b0e6d21d736331f87376f0ac87810d68e9f7cca555eef4b1f
2753,47840MO0010019,159,13,Individual,EPO,QHP,Gold,Transparency 2026 - Ind QHP,2375,Transparency_in_Coverage_PUF.xlsx,27379dc76590027b0e6d21d736331f87376f0ac87810d68e9f7cca555eef4b1f
2754,47840MO0010020,159,13,Individual,EPO,QHP,Silver,Transparency 2026 - Ind QHP,2376,Transparency_in_Coverage_PUF.xlsx,27379dc76590027b0e6d21d736331f87376f0ac87810d68e9f7cca555eef4b1f
2755,47840MO0010021,159,13,Individual,EPO,QHP,Bronze,Transparency 2026 - Ind QHP,2377,Transparency_in_Coverage_PUF.xlsx,27379dc76590027b0e6d21d736331f87376f0ac87810d68e9f7cca555eef4b1f
2756,47840MO0010022,159,13,Individual,EPO,QHP,Bronze,Transparency 2026 - Ind QHP,2378,Transparency_in_Coverage_PUF.xlsx,27379dc76590027b0e6d21d736331f87376f0ac87810d68e9f7cca555eef4b1f
2757,47840MO0010023,159,13,Individual,EPO,QHP,Gold,Transparency 2026 - Ind QHP,2379,Transparency_in_Coverage_PUF.xlsx,27379dc76590027b0e6d21d736331f87376f0ac87810d68e9f7cca555eef4b1f
2758,47840MO0010024,159,13,Individual,EPO,QHP,Silver,Transparency 2026 - Ind QHP,2380,Transparency_in_Coverage_PUF.xlsx,27379dc76590027b0e6d21d736331f87376f0ac87810d68e9f7cca555eef4b1f
2759,47973SC0060001,160,23,Individual,PPO,SADP,High,Transparency 2026 - Ind SADP,320,Transparency_in_Coverage_PUF.xlsx,27379dc76590027b0e6d21d736331f87376f0ac87810d68e9f7cca555eef4b1f
2760,47973SC0060002,160,23,Individual,PPO,SADP,Low,Transparency 2026 - Ind SADP,321,Transparency_in_Coverage_PUF.xlsx,27379dc76590027b0e6d21d736331f87376f0ac87810d68e9f7cca555eef4b1f
2761,47973SC0060003,160,23,Individual,PPO,SADP,Low,Transparency 2026 - Ind SADP,322,Transparency_in_Coverage_PUF.xlsx,27379dc76590027b0e6d21d736331f87376f0ac87810d68e9f7cca555eef4b1f
2762,47973SC0060004,160,23,Individual,PPO,SADP,Low,Transparency 2026 - Ind SADP,323,Transparency_in_Coverage_PUF.xlsx,27379dc76590027b0e6d21d736331f87376f0ac87810d68e9f7cca555eef4b1f
2763,48121FL0030001,161,6,Individual,PPO,SADP,Low,Transparency 2026 - Ind SADP,324,Transparency_in_Coverage_PUF.xlsx,27379dc76590027b0e6d21d736331f87376f0ac87810d68e9f7cca555eef4b1f
2764,48121FL0030002,161,6,Individual,PPO,SADP,Low,Transparency 2026 - Ind SADP,325,Transparency_in_Coverage_PUF.xlsx,27379dc76590027b0e6d21d736331f87376f0ac87810d68e9f7cca555eef4b1f
2765,48121FL0070029,161,6,Individual,EPO,QHP,Silver,Transparency 2026 - Ind QHP,2381,Transparency_in_Coverage_PUF.xlsx,27379dc76590027b0e6d21d736331f87376f0ac87810d68e9f7cca555eef4b1f
2766,48121FL0070030,161,6,Individual,EPO,QHP,Silver,Transparency 2026 - Ind QHP,2382,Transparency_in_Coverage_PUF.xlsx,27379dc76590027b0e6d21d736331f87376f0ac87810d68e9f7cca555eef4b1f
2767,48121FL0070033,161,6,Individual,EPO,QHP,Gold,Transparency 2026 - Ind QHP,2383,Transparency_in_Coverage_PUF.xlsx,27379dc76590027b0e6d21d736331f87376f0ac87810d68e9f7cca555eef4b1f
2768,48121FL0070051,161,6,Individual,EPO,QHP,Bronze,Transparency 2026 - Ind QHP,2384,Transparency_in_Coverage_PUF.xlsx,27379dc76590027b0e6d21d736331f87376f0ac87810d68e9f7cca555eef4b1f
2769,48121FL0070057,161,6,Individual,EPO,QHP,Gold,Transparency 2026 - Ind QHP,2385,Transparency_in_Coverage_PUF.xlsx,27379dc76590027b0e6d21d736331f87376f0ac87810d68e9f7cca555eef4b1f
2770,48121FL0070104,161,6,Individual,EPO,QHP,Gold,Transparency 2026 - Ind QHP,2386,Transparency_in_Coverage_PUF.xlsx,27379dc76590027b0e6d21d736331f87376f0ac87810d68e9f7cca555eef4b1f
2771,48121FL0070105,161,6,Individual,EPO,QHP,Silver,Transparency 2026 - Ind QHP,2387,Transparency_in_Coverage_PUF.xlsx,27379dc76590027b0e6d21d736331f87376f0ac87810d68e9f7cca555eef4b1f
2772,48121FL0070107,161,6,Individual,EPO,QHP,Bronze,Transparency 2026 - Ind QHP,2388,Transparency_in_Coverage_PUF.xlsx,27379dc76590027b0e6d21d736331f87376f0ac87810d68e9f7cca555eef4b1f
2773,48121FL0070108,161,6,Individual,EPO,QHP,Bronze,Transparency 2026 - Ind QHP,2389,Transparency_in_Coverage_PUF.xlsx,27379dc76590027b0e6d21d736331f87376f0ac87810d68e9f7cca555eef4b1f
2774,48121FL0070122,161,6,Individual,EPO,QHP,Bronze,Transparency 2026 - Ind QHP,2390,Transparency_in_Coverage_PUF.xlsx,27379dc76590027b0e6d21d736331f87376f0ac87810d68e9f7cca555eef4b1f
2775,48121FL0070127,161,6,Individual,EPO,QHP,Silver,Transparency 2026 - Ind QHP,2391,Transparency_in_Coverage_PUF.xlsx,27379dc76590027b0e6d21d736331f87376f0ac87810d68e9f7cca555eef4b1f
2776,48121FL0070128,161,6,Individual,EPO,QHP,Silver,Transparency 2026 - Ind QHP,2392,Transparency_in_Coverage_PUF.xlsx,27379dc76590027b0e6d21d736331f87376f0ac87810d68e9f7cca555eef4b1f
2777,48121FL0070129,161,6,Individual,EPO,QHP,Bronze,Transparency 2026 - Ind QHP,2393,Transparency_in_Coverage_PUF.xlsx,27379dc76590027b0e6d21d736331f87376f0ac87810d68e9f7cca555eef4b1f
2778,48121FL0070130,161,6,Individual,EPO,QHP,Bronze,Transparency 2026 - Ind QHP,2394,Transparency_in_Coverage_PUF.xlsx,27379dc76590027b0e6d21d736331f87376f0ac87810d68e9f7cca555eef4b1f
2779,48121FL0070131,161,6,Individual,EPO,QHP,Gold,Transparency 2026 - Ind QHP,2395,Transparency_in_Coverage_PUF.xlsx,27379dc76590027b0e6d21d736331f87376f0ac87810d68e9f7cca555eef4b1f
2780,48121FL0070135,161,6,Individual,EPO,QHP,Silver,Transparency 2026 - Ind QHP,2396,Transparency_in_Coverage_PUF.xlsx,27379dc76590027b0e6d21d736331f87376f0ac87810d68e9f7cca555eef4b1f
2781,48121FL0070136,161,6,Individual,EPO,QHP,Bronze,Transparency 2026 - Ind QHP,2397,Transparency_in_Coverage_PUF.xlsx,27379dc76590027b0e6d21d736331f87376f0ac87810d68e9f7cca555eef4b1f
2782,48121FL0070137,161,6,Individual,EPO,QHP,Gold,Transparency 2026 - Ind QHP,2398,Transparency_in_Coverage_PUF.xlsx,27379dc76590027b0e6d21d736331f87376f0ac87810d68e9f7cca555eef4b1f
2783,48121FL0070138,161,6,Individual,EPO,QHP,Silver,Transparency 2026 - Ind QHP,2399,Transparency_in_Coverage_PUF.xlsx,27379dc76590027b0e6d21d736331f87376f0ac87810d68e9f7cca555eef4b1f
2784,48121FL0070139,161,6,Individual,EPO,QHP,Silver,Transparency 2026 - Ind QHP,2400,Transparency_in_Coverage_PUF.xlsx,27379dc76590027b0e6d21d736331f87376f0ac87810d68e9f7cca555eef4b1f
2785,48121FL0070140,161,6,Individual,EPO,QHP,Bronze,Transparency 2026 - Ind QHP,2401,Transparency_in_Coverage_PUF.xlsx,27379dc76590027b0e6d21d736331f87376f0ac87810d68e9f7cca555eef4b1f
2786,48121FL0070141,161,6,Individual,EPO,QHP,Bronze,Transparency 2026 - Ind QHP,2402,Transparency_in_Coverage_PUF.xlsx,27379dc76590027b0e6d21d736331f87376f0ac87810d68e9f7cca555eef4b1f
2787,48121FL0070142,161,6,Individual,EPO,QHP,Gold,Transparency 2026 - Ind QHP,2403,Transparency_in_Coverage_PUF.xlsx,27379dc76590027b0e6d21d736331f87376f0ac87810d68e9f7cca555eef4b1f
2788,48121FL0070145,161,6,Individual,EPO,QHP,Bronze,Transparency 2026 - Ind QHP,2404,Transparency_in_Coverage_PUF.xlsx,27379dc76590027b0e6d21d736331f87376f0ac87810d68e9f7cca555eef4b1f
2789,48121FL0070146,161,6,Individual,EPO,QHP,Silver,Transparency 2026 - Ind QHP,2405,Transparency_in_Coverage_PUF.xlsx,27379dc76590027b0e6d21d736331f87376f0ac87810d68e9f7cca555eef4b1f
2790,48121FL0070147,161,6,Individual,EPO,QHP,Gold,Transparency 2026 - Ind QHP,2406,Transparency_in_Coverage_PUF.xlsx,27379dc76590027b0e6d21d736331f87376f0ac87810d68e9f7cca555eef4b1f
2791,48129FL0130003,162,6,Individual,PPO,SADP,High,Transparency 2026 - Ind SADP,326,Transparency_in_Coverage_PUF.xlsx,27379dc76590027b0e6d21d736331f87376f0ac87810d68e9f7cca555eef4b1f
2792,48129FL0130004,162,6,Individual,PPO,SADP,Low,Transparency 2026 - Ind SADP,327,Transparency_in_Coverage_PUF.xlsx,27379dc76590027b0e6d21d736331f87376f0ac87810d68e9f7cca555eef4b1f
2793,48129FL0150003,162,6,Individual,PPO,SADP,High,Transparency 2026 - Ind SADP,328,Transparency_in_Coverage_PUF.xlsx,27379dc76590027b0e6d21d736331f87376f0ac87810d68e9f7cca555eef4b1f
2794,48129FL0150004,162,6,Individual,PPO,SADP,Low,Transparency 2026 - Ind SADP,329,Transparency_in_Coverage_PUF.xlsx,27379dc76590027b0e6d21d736331f87376f0ac87810d68e9f7cca555eef4b1f
2795,48129FL0180001,162,6,Individual,PPO,SADP,Low,Transparency 2026 - Ind SADP,330,Transparency_in_Coverage_PUF.xlsx,27379dc76590027b0e6d21d736331f87376f0ac87810d68e9f7cca555eef4b1f
2796,48282NE0010001,163,18,Individual,PPO,SADP,Low,Transparency 2026 - Ind SADP,331,Transparency_in_Coverage_PUF.xlsx,27379dc76590027b0e6d21d736331f87376f0ac87810d68e9f7cca555eef4b1f
2797,48282NE0020001,163,18,Individual,PPO,SADP,High,Transparency 2026 - Ind SADP,332,Transparency_in_Coverage_PUF.xlsx,27379dc76590027b0e6d21d736331f87376f0ac87810d68e9f7cca555eef4b1f
2798,48282NE0050001,163,18,Individual,PPO,SADP,Low,Transparency 2026 - Ind SADP,333,Transparency_in_Coverage_PUF.xlsx,27379dc76590027b0e6d21d736331f87376f0ac87810d68e9f7cca555eef4b1f
2799,48286IA0010012,164,8,Individual,HMO,QHP,Bronze,Transparency 2026 - Ind QHP,2407,Transparency_in_Coverage_PUF.xlsx,27379dc76590027b0e6d21d736331f87376f0ac87810d68e9f7cca555eef4b1f
2800,48286IA0010013,164,8,Individual,HMO,QHP,Bronze,Transparency 2026 - Ind QHP,2408,Transparency_in_Coverage_PUF.xlsx,27379dc76590027b0e6d21d736331f87376f0ac87810d68e9f7cca555eef4b1f
2801,48286IA0010014,164,8,Individual,HMO,QHP,Bronze,Transparency 2026 - Ind QHP,2409,Transparency_in_Coverage_PUF.xlsx,27379dc76590027b0e6d21d736331f87376f0ac87810d68e9f7cca555eef4b1f
2802,48286IA0010015,164,8,Individual,HMO,QHP,Gold,Transparency 2026 - Ind QHP,2410,Transparency_in_Coverage_PUF.xlsx,27379dc76590027b0e6d21d736331f87376f0ac87810d68e9f7cca555eef4b1f
2803,48286IA0010016,164,8,Individual,HMO,QHP,Gold,Transparency 2026 - Ind QHP,2411,Transparency_in_Coverage_PUF.xlsx,27379dc76590027b0e6d21d736331f87376f0ac87810d68e9f7cca555eef4b1f
2804,48286IA0010017,164,8,Individual,HMO,QHP,Gold,Transparency 2026 - Ind QHP,2412,Transparency_in_Coverage_PUF.xlsx,27379dc76590027b0e6d21d736331f87376f0ac87810d68e9f7cca555eef4b1f
2805,48286IA0010019,164,8,Individual,HMO,QHP,Silver,Transparency 2026 - Ind QHP,2413,Transparency_in_Coverage_PUF.xlsx,27379dc76590027b0e6d21d736331f87376f0ac87810d68e9f7cca555eef4b1f
2806,48286IA0010020,164,8,Individual,HMO,QHP,Silver,Transparency 2026 - Ind QHP,2414,Transparency_in_Coverage_PUF.xlsx,27379dc76590027b0e6d21d736331f87376f0ac87810d68e9f7cca555eef4b1f
2807,48286IA0010024,164,8,Individual,HMO,QHP,Silver,Transparency 2026 - Ind QHP,2415,Transparency_in_Coverage_PUF.xlsx,27379dc76590027b0e6d21d736331f87376f0ac87810d68e9f7cca555eef4b1f
2808,48286IA0020012,164,8,Individual,HMO,QHP,Bronze,Transparency 2026 - Ind QHP,2416,Transparency_in_Coverage_PUF.xlsx,27379dc76590027b0e6d21d736331f87376f0ac87810d68e9f7cca555eef4b1f
2809,48286IA0020013,164,8,Individual,HMO,QHP,Bronze,Transparency 2026 - Ind QHP,2417,Transparency_in_Coverage_PUF.xlsx,27379dc76590027b0e6d21d736331f87376f0ac87810d68e9f7cca555eef4b1f
2810,48286IA0020014,164,8,Individual,HMO,QHP,Bronze,Transparency 2026 - Ind QHP,2418,Transparency_in_Coverage_PUF.xlsx,27379dc76590027b0e6d21d736331f87376f0ac87810d68e9f7cca555eef4b1f
2811,48286IA0020015,164,8,Individual,HMO,QHP,Gold,Transparency 2026 - Ind QHP,2419,Transparency_in_Coverage_PUF.xlsx,27379dc76590027b0e6d21d736331f87376f0ac87810d68e9f7cca555eef4b1f
2812,48286IA0020016,164,8,Individual,HMO,QHP,Gold,Transparency 2026 - Ind QHP,2420,Transparency_in_Coverage_PUF.xlsx,27379dc76590027b0e6d21d736331f87376f0ac87810d68e9f7cca555eef4b1f
2813,48286IA0020017,164,8,Individual,HMO,QHP,Gold,Transparency 2026 - Ind QHP,2421,Transparency_in_Coverage_PUF.xlsx,27379dc76590027b0e6d21d736331f87376f0ac87810d68e9f7cca555eef4b1f
2814,48286IA0020019,164,8,Individual,HMO,QHP,Silver,Transparency 2026 - Ind QHP,2422,Transparency_in_Coverage_PUF.xlsx,27379dc76590027b0e6d21d736331f87376f0ac87810d68e9f7cca555eef4b1f
2815,48286IA0020023,164,8,Individual,HMO,QHP,Silver,Transparency 2026 - Ind QHP,2423,Transparency_in_Coverage_PUF.xlsx,27379dc76590027b0e6d21d736331f87376f0ac87810d68e9f7cca555eef4b1f
2816,48772AR0010001,165,3,Individual,POS,QHP,Gold,Transparency 2026 - Ind QHP,2424,Transparency_in_Coverage_PUF.xlsx,27379dc76590027b0e6d21d736331f87376f0ac87810d68e9f7cca555eef4b1f
2817,48772AR0010002,165,3,Individual,POS,QHP,Silver,Transparency 2026 - Ind QHP,2425,Transparency_in_Coverage_PUF.xlsx,27379dc76590027b0e6d21d736331f87376f0ac87810d68e9f7cca555eef4b1f
2818,48772AR0010003,165,3,Individual,POS,QHP,Silver,Transparency 2026 - Ind QHP,2426,Transparency_in_Coverage_PUF.xlsx,27379dc76590027b0e6d21d736331f87376f0ac87810d68e9f7cca555eef4b1f
2819,48772AR0010004,165,3,Individual,POS,QHP,Bronze,Transparency 2026 - Ind QHP,2427,Transparency_in_Coverage_PUF.xlsx,27379dc76590027b0e6d21d736331f87376f0ac87810d68e9f7cca555eef4b1f
2820,48772AR0010005,165,3,Individual,POS,QHP,Bronze,Transparency 2026 - Ind QHP,2428,Transparency_in_Coverage_PUF.xlsx,27379dc76590027b0e6d21d736331f87376f0ac87810d68e9f7cca555eef4b1f
2821,48772AR0010008,165,3,Individual,POS,QHP,Gold,Transparency 2026 - Ind QHP,2429,Transparency_in_Coverage_PUF.xlsx,27379dc76590027b0e6d21d736331f87376f0ac87810d68e9f7cca555eef4b1f
2822,48786MO0150006,166,13,Individual,PPO,SADP,Low,Transparency 2026 - Ind SADP,334,Transparency_in_Coverage_PUF.xlsx,27379dc76590027b0e6d21d736331f87376f0ac87810d68e9f7cca555eef4b1f
2823,48786MO0160006,166,13,Individual,PPO,SADP,Low,Transparency 2026 - Ind SADP,335,Transparency_in_Coverage_PUF.xlsx,27379dc76590027b0e6d21d736331f87376f0ac87810d68e9f7cca555eef4b1f
2824,48786MO0170005,166,13,Individual,PPO,SADP,Low,Transparency 2026 - Ind SADP,336,Transparency_in_Coverage_PUF.xlsx,27379dc76590027b0e6d21d736331f87376f0ac87810d68e9f7cca555eef4b1f
2825,48963MS0510002,167,14,Individual,PPO,SADP,Low,Transparency 2026 - Ind SADP,337,Transparency_in_Coverage_PUF.xlsx,27379dc76590027b0e6d21d736331f87376f0ac87810d68e9f7cca555eef4b1f
2826,48963MS0510003,167,14,Individual,PPO,SADP,High,Transparency 2026 - Ind SADP,338,Transparency_in_Coverage_PUF.xlsx,27379dc76590027b0e6d21d736331f87376f0ac87810d68e9f7cca555eef4b1f
2827,49004FL0010001,168,6,Individual,HMO,QHP,Bronze,Transparency 2026 - Ind QHP,2430,Transparency_in_Coverage_PUF.xlsx,27379dc76590027b0e6d21d736331f87376f0ac87810d68e9f7cca555eef4b1f
2828,49004FL0010002,168,6,Individual,HMO,QHP,Bronze,Transparency 2026 - Ind QHP,2431,Transparency_in_Coverage_PUF.xlsx,27379dc76590027b0e6d21d736331f87376f0ac87810d68e9f7cca555eef4b1f
2829,49004FL0010004,168,6,Individual,HMO,QHP,Bronze,Transparency 2026 - Ind QHP,2432,Transparency_in_Coverage_PUF.xlsx,27379dc76590027b0e6d21d736331f87376f0ac87810d68e9f7cca555eef4b1f
2830,49004FL0010006,168,6,Individual,HMO,QHP,Silver,Transparency 2026 - Ind QHP,2433,Transparency_in_Coverage_PUF.xlsx,27379dc76590027b0e6d21d736331f87376f0ac87810d68e9f7cca555eef4b1f
2831,49004FL0010007,168,6,Individual,HMO,QHP,Silver,Transparency 2026 - Ind QHP,2434,Transparency_in_Coverage_PUF.xlsx,27379dc76590027b0e6d21d736331f87376f0ac87810d68e9f7cca555eef4b1f
2832,49004FL0010009,168,6,Individual,HMO,QHP,Silver,Transparency 2026 - Ind QHP,2435,Transparency_in_Coverage_PUF.xlsx,27379dc76590027b0e6d21d736331f87376f0ac87810d68e9f7cca555eef4b1f
2833,49004FL0010010,168,6,Individual,HMO,QHP,Gold,Transparency 2026 - Ind QHP,2436,Transparency_in_Coverage_PUF.xlsx,27379dc76590027b0e6d21d736331f87376f0ac87810d68e9f7cca555eef4b1f
2834,49004FL0010011,168,6,Individual,HMO,QHP,Gold,Transparency 2026 - Ind QHP,2437,Transparency_in_Coverage_PUF.xlsx,27379dc76590027b0e6d21d736331f87376f0ac87810d68e9f7cca555eef4b1f
2835,49004FL0010013,168,6,Individual,HMO,QHP,Gold,Transparency 2026 - Ind QHP,2438,Transparency_in_Coverage_PUF.xlsx,27379dc76590027b0e6d21d736331f87376f0ac87810d68e9f7cca555eef4b1f
2836,49004FL0010015,168,6,Individual,HMO,QHP,Bronze,Transparency 2026 - Ind QHP,2439,Transparency_in_Coverage_PUF.xlsx,27379dc76590027b0e6d21d736331f87376f0ac87810d68e9f7cca555eef4b1f
2837,49004FL0010017,168,6,Individual,HMO,QHP,Bronze,Transparency 2026 - Ind QHP,2440,Transparency_in_Coverage_PUF.xlsx,27379dc76590027b0e6d21d736331f87376f0ac87810d68e9f7cca555eef4b1f
2838,49004FL0010018,168,6,Individual,HMO,QHP,Bronze,Transparency 2026 - Ind QHP,2441,Transparency_in_Coverage_PUF.xlsx,27379dc76590027b0e6d21d736331f87376f0ac87810d68e9f7cca555eef4b1f
2839,49004FL0010021,168,6,Individual,HMO,QHP,Silver,Transparency 2026 - Ind QHP,2442,Transparency_in_Coverage_PUF.xlsx,27379dc76590027b0e6d21d736331f87376f0ac87810d68e9f7cca555eef4b1f
2840,49004FL0010023,168,6,Individual,HMO,QHP,Silver,Transparency 2026 - Ind QHP,2443,Transparency_in_Coverage_PUF.xlsx,27379dc76590027b0e6d21d736331f87376f0ac87810d68e9f7cca555eef4b1f
2841,49004FL0010024,168,6,Individual,HMO,QHP,Silver,Transparency 2026 - Ind QHP,2444,Transparency_in_Coverage_PUF.xlsx,27379dc76590027b0e6d21d736331f87376f0ac87810d68e9f7cca555eef4b1f
2842,49004FL0010025,168,6,Individual,HMO,QHP,Gold,Transparency 2026 - Ind QHP,2445,Transparency_in_Coverage_PUF.xlsx,27379dc76590027b0e6d21d736331f87376f0ac87810d68e9f7cca555eef4b1f
2843,49004FL0010026,168,6,Individual,HMO,QHP,Gold,Transparency 2026 - Ind QHP,2446,Transparency_in_Coverage_PUF.xlsx,27379dc76590027b0e6d21d736331f87376f0ac87810d68e9f7cca555eef4b1f
2844,49004FL0010028,168,6,Individual,HMO,QHP,Gold,Transparency 2026 - Ind QHP,2447,Transparency_in_Coverage_PUF.xlsx,27379dc76590027b0e6d21d736331f87376f0ac87810d68e9f7cca555eef4b1f
2845,49004FL0010031,168,6,Individual,HMO,QHP,Silver,Transparency 2026 - Ind QHP,2448,Transparency_in_Coverage_PUF.xlsx,27379dc76590027b0e6d21d736331f87376f0ac87810d68e9f7cca555eef4b1f
2846,49004FL0010032,168,6,Individual,HMO,QHP,Silver,Transparency 2026 - Ind QHP,2449,Transparency_in_Coverage_PUF.xlsx,27379dc76590027b0e6d21d736331f87376f0ac87810d68e9f7cca555eef4b1f
2847,49004FL0020001,168,6,Individual,HMO,QHP,Bronze,Transparency 2026 - Ind QHP,2450,Transparency_in_Coverage_PUF.xlsx,27379dc76590027b0e6d21d736331f87376f0ac87810d68e9f7cca555eef4b1f
2848,49004FL0020002,168,6,Individual,HMO,QHP,Bronze,Transparency 2026 - Ind QHP,2451,Transparency_in_Coverage_PUF.xlsx,27379dc76590027b0e6d21d736331f87376f0ac87810d68e9f7cca555eef4b1f
2849,49004FL0020004,168,6,Individual,HMO,QHP,Bronze,Transparency 2026 - Ind QHP,2452,Transparency_in_Coverage_PUF.xlsx,27379dc76590027b0e6d21d736331f87376f0ac87810d68e9f7cca555eef4b1f
2850,49004FL0020006,168,6,Individual,HMO,QHP,Silver,Transparency 2026 - Ind QHP,2453,Transparency_in_Coverage_PUF.xlsx,27379dc76590027b0e6d21d736331f87376f0ac87810d68e9f7cca555eef4b1f
2851,49004FL0020008,168,6,Individual,HMO,QHP,Silver,Transparency 2026 - Ind QHP,2454,Transparency_in_Coverage_PUF.xlsx,27379dc76590027b0e6d21d736331f87376f0ac87810d68e9f7cca555eef4b1f
2852,49004FL0020009,168,6,Individual,HMO,QHP,Gold,Transparency 2026 - Ind QHP,2455,Transparency_in_Coverage_PUF.xlsx,27379dc76590027b0e6d21d736331f87376f0ac87810d68e9f7cca555eef4b1f
2853,49004FL0020010,168,6,Individual,HMO,QHP,Gold,Transparency 2026 - Ind QHP,2456,Transparency_in_Coverage_PUF.xlsx,27379dc76590027b0e6d21d736331f87376f0ac87810d68e9f7cca555eef4b1f
2854,49004FL0020012,168,6,Individual,HMO,QHP,Gold,Transparency 2026 - Ind QHP,2457,Transparency_in_Coverage_PUF.xlsx,27379dc76590027b0e6d21d736331f87376f0ac87810d68e9f7cca555eef4b1f
2855,49004FL0020013,168,6,Individual,HMO,QHP,Bronze,Transparency 2026 - Ind QHP,2458,Transparency_in_Coverage_PUF.xlsx,27379dc76590027b0e6d21d736331f87376f0ac87810d68e9f7cca555eef4b1f
2856,49004FL0020015,168,6,Individual,HMO,QHP,Bronze,Transparency 2026 - Ind QHP,2459,Transparency_in_Coverage_PUF.xlsx,27379dc76590027b0e6d21d736331f87376f0ac87810d68e9f7cca555eef4b1f
2857,49004FL0020016,168,6,Individual,HMO,QHP,Bronze,Transparency 2026 - Ind QHP,2460,Transparency_in_Coverage_PUF.xlsx,27379dc76590027b0e6d21d736331f87376f0ac87810d68e9f7cca555eef4b1f
2858,49004FL0020018,168,6,Individual,HMO,QHP,Silver,Transparency 2026 - Ind QHP,2461,Transparency_in_Coverage_PUF.xlsx,27379dc76590027b0e6d21d736331f87376f0ac87810d68e9f7cca555eef4b1f
2859,49004FL0020020,168,6,Individual,HMO,QHP,Silver,Transparency 2026 - Ind QHP,2462,Transparency_in_Coverage_PUF.xlsx,27379dc76590027b0e6d21d736331f87376f0ac87810d68e9f7cca555eef4b1f
2860,49004FL0020021,168,6,Individual,HMO,QHP,Gold,Transparency 2026 - Ind QHP,2463,Transparency_in_Coverage_PUF.xlsx,27379dc76590027b0e6d21d736331f87376f0ac87810d68e9f7cca555eef4b1f
2861,49004FL0020022,168,6,Individual,HMO,QHP,Gold,Transparency 2026 - Ind QHP,2464,Transparency_in_Coverage_PUF.xlsx,27379dc76590027b0e6d21d736331f87376f0ac87810d68e9f7cca555eef4b1f
2862,49004FL0020024,168,6,Individual,HMO,QHP,Gold,Transparency 2026 - Ind QHP,2465,Transparency_in_Coverage_PUF.xlsx,27379dc76590027b0e6d21d736331f87376f0ac87810d68e9f7cca555eef4b1f
2863,49004FL0020027,168,6,Individual,HMO,QHP,Silver,Transparency 2026 - Ind QHP,2466,Transparency_in_Coverage_PUF.xlsx,27379dc76590027b0e6d21d736331f87376f0ac87810d68e9f7cca555eef4b1f
2864,49004FL0020028,168,6,Individual,HMO,QHP,Silver,Transparency 2026 - Ind QHP,2467,Transparency_in_Coverage_PUF.xlsx,27379dc76590027b0e6d21d736331f87376f0ac87810d68e9f7cca555eef4b1f
2865,49327MS0070004,169,14,Individual,PPO,SADP,Low,Transparency 2026 - Ind SADP,339,Transparency_in_Coverage_PUF.xlsx,27379dc76590027b0e6d21d736331f87376f0ac87810d68e9f7cca555eef4b1f
2866,49327MS0080004,169,14,Individual,PPO,SADP,Low,Transparency 2026 - Ind SADP,340,Transparency_in_Coverage_PUF.xlsx,27379dc76590027b0e6d21d736331f87376f0ac87810d68e9f7cca555eef4b1f
2867,49327MS0090004,169,14,Individual,PPO,SADP,Low,Transparency 2026 - Ind SADP,341,Transparency_in_Coverage_PUF.xlsx,27379dc76590027b0e6d21d736331f87376f0ac87810d68e9f7cca555eef4b1f
2868,49374MS0010004,170,14,Individual,PPO,SADP,High,Transparency 2026 - Ind SADP,342,Transparency_in_Coverage_PUF.xlsx,27379dc76590027b0e6d21d736331f87376f0ac87810d68e9f7cca555eef4b1f
2869,49374MS0010006,170,14,Individual,PPO,SADP,Low,Transparency 2026 - Ind SADP,343,Transparency_in_Coverage_PUF.xlsx,27379dc76590027b0e6d21d736331f87376f0ac87810d68e9f7cca555eef4b1f
2870,49714WY0200001,171,30,Individual,EPO,QHP,Bronze,Transparency 2026 - Ind QHP,2468,Transparency_in_Coverage_PUF.xlsx,27379dc76590027b0e6d21d736331f87376f0ac87810d68e9f7cca555eef4b1f
2871,49714WY0200002,171,30,Individual,EPO,QHP,Bronze,Transparency 2026 - Ind QHP,2469,Transparency_in_Coverage_PUF.xlsx,27379dc76590027b0e6d21d736331f87376f0ac87810d68e9f7cca555eef4b1f
2872,49714WY0200003,171,30,Individual,EPO,QHP,Bronze,Transparency 2026 - Ind QHP,2470,Transparency_in_Coverage_PUF.xlsx,27379dc76590027b0e6d21d736331f87376f0ac87810d68e9f7cca555eef4b1f
2873,49714WY0200004,171,30,Individual,EPO,QHP,Silver,Transparency 2026 - Ind QHP,2471,Transparency_in_Coverage_PUF.xlsx,27379dc76590027b0e6d21d736331f87376f0ac87810d68e9f7cca555eef4b1f
2874,49714WY0200005,171,30,Individual,EPO,QHP,Silver,Transparency 2026 - Ind QHP,2472,Transparency_in_Coverage_PUF.xlsx,27379dc76590027b0e6d21d736331f87376f0ac87810d68e9f7cca555eef4b1f
2875,49714WY0200006,171,30,Individual,EPO,QHP,Silver,Transparency 2026 - Ind QHP,2473,Transparency_in_Coverage_PUF.xlsx,27379dc76590027b0e6d21d736331f87376f0ac87810d68e9f7cca555eef4b1f
2876,49714WY0200007,171,30,Individual,EPO,QHP,Gold,Transparency 2026 - Ind QHP,2474,Transparency_in_Coverage_PUF.xlsx,27379dc76590027b0e6d21d736331f87376f0ac87810d68e9f7cca555eef4b1f
2877,49714WY0200008,171,30,Individual,EPO,QHP,Gold,Transparency 2026 - Ind QHP,2475,Transparency_in_Coverage_PUF.xlsx,27379dc76590027b0e6d21d736331f87376f0ac87810d68e9f7cca555eef4b1f
2878,49714WY0200009,171,30,Individual,EPO,QHP,Gold,Transparency 2026 - Ind QHP,2476,Transparency_in_Coverage_PUF.xlsx,27379dc76590027b0e6d21d736331f87376f0ac87810d68e9f7cca555eef4b1f
2879,49714WY0210001,171,30,Individual,EPO,QHP,Bronze,Transparency 2026 - Ind QHP,2477,Transparency_in_Coverage_PUF.xlsx,27379dc76590027b0e6d21d736331f87376f0ac87810d68e9f7cca555eef4b1f
2880,49714WY0210002,171,30,Individual,EPO,QHP,Silver,Transparency 2026 - Ind QHP,2478,Transparency_in_Coverage_PUF.xlsx,27379dc76590027b0e6d21d736331f87376f0ac87810d68e9f7cca555eef4b1f
2881,49714WY0210003,171,30,Individual,EPO,QHP,Gold,Transparency 2026 - Ind QHP,2479,Transparency_in_Coverage_PUF.xlsx,27379dc76590027b0e6d21d736331f87376f0ac87810d68e9f7cca555eef4b1f
2882,50022NE0020003,172,18,Individual,PPO,SADP,High,Transparency 2026 - Ind SADP,344,Transparency_in_Coverage_PUF.xlsx,27379dc76590027b0e6d21d736331f87376f0ac87810d68e9f7cca555eef4b1f
2883,50022NE0020006,172,18,Individual,PPO,SADP,Low,Transparency 2026 - Ind SADP,345,Transparency_in_Coverage_PUF.xlsx,27379dc76590027b0e6d21d736331f87376f0ac87810d68e9f7cca555eef4b1f
2884,50022NE0020007,172,18,Individual,PPO,SADP,High,Transparency 2026 - Ind SADP,346,Transparency_in_Coverage_PUF.xlsx,27379dc76590027b0e6d21d736331f87376f0ac87810d68e9f7cca555eef4b1f
2885,50022NE0020008,172,18,Individual,PPO,SADP,Low,Transparency 2026 - Ind SADP,347,Transparency_in_Coverage_PUF.xlsx,27379dc76590027b0e6d21d736331f87376f0ac87810d68e9f7cca555eef4b1f
2886,50305SD0310001,173,24,Individual,EPO,QHP,Bronze,Transparency 2026 - Ind QHP,2480,Transparency_in_Coverage_PUF.xlsx,27379dc76590027b0e6d21d736331f87376f0ac87810d68e9f7cca555eef4b1f
2887,50305SD0310002,173,24,Individual,EPO,QHP,Bronze,Transparency 2026 - Ind QHP,2481,Transparency_in_Coverage_PUF.xlsx,27379dc76590027b0e6d21d736331f87376f0ac87810d68e9f7cca555eef4b1f
2888,50305SD0310003,173,24,Individual,EPO,QHP,Silver,Transparency 2026 - Ind QHP,2482,Transparency_in_Coverage_PUF.xlsx,27379dc76590027b0e6d21d736331f87376f0ac87810d68e9f7cca555eef4b1f
2889,50305SD0310004,173,24,Individual,EPO,QHP,Gold,Transparency 2026 - Ind QHP,2483,Transparency_in_Coverage_PUF.xlsx,27379dc76590027b0e6d21d736331f87376f0ac87810d68e9f7cca555eef4b1f
2890,50305SD0310005,173,24,Individual,EPO,QHP,Bronze,Transparency 2026 - Ind QHP,2484,Transparency_in_Coverage_PUF.xlsx,27379dc76590027b0e6d21d736331f87376f0ac87810d68e9f7cca555eef4b1f
2891,50305SD0310006,173,24,Individual,EPO,QHP,Silver,Transparency 2026 - Ind QHP,2485,Transparency_in_Coverage_PUF.xlsx,27379dc76590027b0e6d21d736331f87376f0ac87810d68e9f7cca555eef4b1f
2892,50305SD0310007,173,24,Individual,EPO,QHP,Gold,Transparency 2026 - Ind QHP,2486,Transparency_in_Coverage_PUF.xlsx,27379dc76590027b0e6d21d736331f87376f0ac87810d68e9f7cca555eef4b1f
2893,50305SD0310008,173,24,Individual,EPO,QHP,Bronze,Transparency 2026 - Ind QHP,2487,Transparency_in_Coverage_PUF.xlsx,27379dc76590027b0e6d21d736331f87376f0ac87810d68e9f7cca555eef4b1f
2894,50305SD0310009,173,24,Individual,EPO,QHP,Bronze,Transparency 2026 - Ind QHP,2488,Transparency_in_Coverage_PUF.xlsx,27379dc76590027b0e6d21d736331f87376f0ac87810d68e9f7cca555eef4b1f
2895,50305SD0310010,173,24,Individual,EPO,QHP,Silver,Transparency 2026 - Ind QHP,2489,Transparency_in_Coverage_PUF.xlsx,27379dc76590027b0e6d21d736331f87376f0ac87810d68e9f7cca555eef4b1f
2896,50305SD0310011,173,24,Individual,EPO,QHP,Gold,Transparency 2026 - Ind QHP,2490,Transparency_in_Coverage_PUF.xlsx,27379dc76590027b0e6d21d736331f87376f0ac87810d68e9f7cca555eef4b1f
2897,50305SD0310012,173,24,Individual,EPO,QHP,Bronze,Transparency 2026 - Ind QHP,2491,Transparency_in_Coverage_PUF.xlsx,27379dc76590027b0e6d21d736331f87376f0ac87810d68e9f7cca555eef4b1f
2898,50305SD0310013,173,24,Individual,EPO,QHP,Silver,Transparency 2026 - Ind QHP,2492,Transparency_in_Coverage_PUF.xlsx,27379dc76590027b0e6d21d736331f87376f0ac87810d68e9f7cca555eef4b1f
2899,50305SD0310014,173,24,Individual,EPO,QHP,Gold,Transparency 2026 - Ind QHP,2493,Transparency_in_Coverage_PUF.xlsx,27379dc76590027b0e6d21d736331f87376f0ac87810d68e9f7cca555eef4b1f
2900,50328WV0010021,174,29,Individual,HMO,QHP,Silver,Transparency 2026 - Ind QHP,2494,Transparency_in_Coverage_PUF.xlsx,27379dc76590027b0e6d21d736331f87376f0ac87810d68e9f7cca555eef4b1f
2901,50328WV0010022,174,29,Individual,HMO,QHP,Gold,Transparency 2026 - Ind QHP,2495,Transparency_in_Coverage_PUF.xlsx,27379dc76590027b0e6d21d736331f87376f0ac87810d68e9f7cca555eef4b1f
2902,50328WV0010023,174,29,Individual,HMO,QHP,Silver,Transparency 2026 - Ind QHP,2496,Transparency_in_Coverage_PUF.xlsx,27379dc76590027b0e6d21d736331f87376f0ac87810d68e9f7cca555eef4b1f
2903,50328WV0010024,174,29,Individual,HMO,QHP,Bronze,Transparency 2026 - Ind QHP,2497,Transparency_in_Coverage_PUF.xlsx,27379dc76590027b0e6d21d736331f87376f0ac87810d68e9f7cca555eef4b1f
2904,50328WV0010025,174,29,Individual,HMO,QHP,Silver,Transparency 2026 - Ind QHP,2498,Transparency_in_Coverage_PUF.xlsx,27379dc76590027b0e6d21d736331f87376f0ac87810d68e9f7cca555eef4b1f
2905,50328WV0010031,174,29,Individual,HMO,QHP,Silver,Transparency 2026 - Ind QHP,2499,Transparency_in_Coverage_PUF.xlsx,27379dc76590027b0e6d21d736331f87376f0ac87810d68e9f7cca555eef4b1f
2906,50328WV0010032,174,29,Individual,HMO,QHP,Gold,Transparency 2026 - Ind QHP,2500,Transparency_in_Coverage_PUF.xlsx,27379dc76590027b0e6d21d736331f87376f0ac87810d68e9f7cca555eef4b1f
2907,50328WV0010034,174,29,Individual,HMO,QHP,Platinum,Transparency 2026 - Ind QHP,2501,Transparency_in_Coverage_PUF.xlsx,27379dc76590027b0e6d21d736331f87376f0ac87810d68e9f7cca555eef4b1f
2908,50328WV0010035,174,29,Individual,HMO,QHP,Gold,Transparency 2026 - Ind QHP,2502,Transparency_in_Coverage_PUF.xlsx,27379dc76590027b0e6d21d736331f87376f0ac87810d68e9f7cca555eef4b1f
2909,50328WV0010036,174,29,Individual,HMO,QHP,Silver,Transparency 2026 - Ind QHP,2503,Transparency_in_Coverage_PUF.xlsx,27379dc76590027b0e6d21d736331f87376f0ac87810d68e9f7cca555eef4b1f
2910,50328WV0010038,174,29,Individual,HMO,QHP,Bronze,Transparency 2026 - Ind QHP,2504,Transparency_in_Coverage_PUF.xlsx,27379dc76590027b0e6d21d736331f87376f0ac87810d68e9f7cca555eef4b1f
2911,50328WV0020021,174,29,Individual,HMO,QHP,Silver,Transparency 2026 - Ind QHP,2505,Transparency_in_Coverage_PUF.xlsx,27379dc76590027b0e6d21d736331f87376f0ac87810d68e9f7cca555eef4b1f
2912,50328WV0020022,174,29,Individual,HMO,QHP,Gold,Transparency 2026 - Ind QHP,2506,Transparency_in_Coverage_PUF.xlsx,27379dc76590027b0e6d21d736331f87376f0ac87810d68e9f7cca555eef4b1f
2913,50328WV0020023,174,29,Individual,HMO,QHP,Silver,Transparency 2026 - Ind QHP,2507,Transparency_in_Coverage_PUF.xlsx,27379dc76590027b0e6d21d736331f87376f0ac87810d68e9f7cca555eef4b1f
2914,50328WV0020024,174,29,Individual,HMO,QHP,Bronze,Transparency 2026 - Ind QHP,2508,Transparency_in_Coverage_PUF.xlsx,27379dc76590027b0e6d21d736331f87376f0ac87810d68e9f7cca555eef4b1f
2915,50328WV0020025,174,29,Individual,HMO,QHP,Silver,Transparency 2026 - Ind QHP,2509,Transparency_in_Coverage_PUF.xlsx,27379dc76590027b0e6d21d736331f87376f0ac87810d68e9f7cca555eef4b1f
2916,50328WV0020031,174,29,Individual,HMO,QHP,Silver,Transparency 2026 - Ind QHP,2510,Transparency_in_Coverage_PUF.xlsx,27379dc76590027b0e6d21d736331f87376f0ac87810d68e9f7cca555eef4b1f
2917,50328WV0020032,174,29,Individual,HMO,QHP,Gold,Transparency 2026 - Ind QHP,2511,Transparency_in_Coverage_PUF.xlsx,27379dc76590027b0e6d21d736331f87376f0ac87810d68e9f7cca555eef4b1f
2918,50328WV0020034,174,29,Individual,HMO,QHP,Platinum,Transparency 2026 - Ind QHP,2512,Transparency_in_Coverage_PUF.xlsx,27379dc76590027b0e6d21d736331f87376f0ac87810d68e9f7cca555eef4b1f
2919,50328WV0020035,174,29,Individual,HMO,QHP,Gold,Transparency 2026 - Ind QHP,2513,Transparency_in_Coverage_PUF.xlsx,27379dc76590027b0e6d21d736331f87376f0ac87810d68e9f7cca555eef4b1f
2920,50328WV0020036,174,29,Individual,HMO,QHP,Silver,Transparency 2026 - Ind QHP,2514,Transparency_in_Coverage_PUF.xlsx,27379dc76590027b0e6d21d736331f87376f0ac87810d68e9f7cca555eef4b1f
2921,50328WV0020038,174,29,Individual,HMO,QHP,Bronze,Transparency 2026 - Ind QHP,2515,Transparency_in_Coverage_PUF.xlsx,27379dc76590027b0e6d21d736331f87376f0ac87810d68e9f7cca555eef4b1f
2922,50730IA0070004,175,8,Individual,PPO,SADP,Low,Transparency 2026 - Ind SADP,348,Transparency_in_Coverage_PUF.xlsx,27379dc76590027b0e6d21d736331f87376f0ac87810d68e9f7cca555eef4b1f
2923,50730IA0080004,175,8,Individual,PPO,SADP,Low,Transparency 2026 - Ind SADP,349,Transparency_in_Coverage_PUF.xlsx,27379dc76590027b0e6d21d736331f87376f0ac87810d68e9f7cca555eef4b1f
2924,50730IA0090004,175,8,Individual,PPO,SADP,Low,Transparency 2026 - Ind SADP,350,Transparency_in_Coverage_PUF.xlsx,27379dc76590027b0e6d21d736331f87376f0ac87810d68e9f7cca555eef4b1f
2925,50730IA0100004,175,8,Individual,PPO,SADP,Low,Transparency 2026 - Ind SADP,351,Transparency_in_Coverage_PUF.xlsx,27379dc76590027b0e6d21d736331f87376f0ac87810d68e9f7cca555eef4b1f
2926,52664OH1530022,176,20,Individual,HMO,QHP,Bronze,Transparency 2026 - Ind QHP,2516,Transparency_in_Coverage_PUF.xlsx,27379dc76590027b0e6d21d736331f87376f0ac87810d68e9f7cca555eef4b1f
2927,52664OH1530023,176,20,Individual,HMO,QHP,Bronze,Transparency 2026 - Ind QHP,2517,Transparency_in_Coverage_PUF.xlsx,27379dc76590027b0e6d21d736331f87376f0ac87810d68e9f7cca555eef4b1f
2928,52664OH1530025,176,20,Individual,HMO,QHP,Silver,Transparency 2026 - Ind QHP,2518,Transparency_in_Coverage_PUF.xlsx,27379dc76590027b0e6d21d736331f87376f0ac87810d68e9f7cca555eef4b1f
2929,52664OH1530026,176,20,Individual,HMO,QHP,Gold,Transparency 2026 - Ind QHP,2519,Transparency_in_Coverage_PUF.xlsx,27379dc76590027b0e6d21d736331f87376f0ac87810d68e9f7cca555eef4b1f
2930,52664OH1530030,176,20,Individual,HMO,QHP,Silver,Transparency 2026 - Ind QHP,2520,Transparency_in_Coverage_PUF.xlsx,27379dc76590027b0e6d21d736331f87376f0ac87810d68e9f7cca555eef4b1f
2931,52664OH1530032,176,20,Individual,HMO,QHP,Bronze,Transparency 2026 - Ind QHP,2521,Transparency_in_Coverage_PUF.xlsx,27379dc76590027b0e6d21d736331f87376f0ac87810d68e9f7cca555eef4b1f
2932,52664OH1530035,176,20,Individual,HMO,QHP,Silver,Transparency 2026 - Ind QHP,2522,Transparency_in_Coverage_PUF.xlsx,27379dc76590027b0e6d21d736331f87376f0ac87810d68e9f7cca555eef4b1f
2933,52664OH1530036,176,20,Individual,HMO,QHP,Gold,Transparency 2026 - Ind QHP,2523,Transparency_in_Coverage_PUF.xlsx,27379dc76590027b0e6d21d736331f87376f0ac87810d68e9f7cca555eef4b1f
2934,52664OH1540001,176,20,Individual,HMO,QHP,Catastrophic,Transparency 2026 - Ind QHP,2524,Transparency_in_Coverage_PUF.xlsx,27379dc76590027b0e6d21d736331f87376f0ac87810d68e9f7cca555eef4b1f
2935,52664OH1540002,176,20,Individual,HMO,QHP,Bronze,Transparency 2026 - Ind QHP,2525,Transparency_in_Coverage_PUF.xlsx,27379dc76590027b0e6d21d736331f87376f0ac87810d68e9f7cca555eef4b1f
2936,52664OH1540003,176,20,Individual,HMO,QHP,Bronze,Transparency 2026 - Ind QHP,2526,Transparency_in_Coverage_PUF.xlsx,27379dc76590027b0e6d21d736331f87376f0ac87810d68e9f7cca555eef4b1f
2937,52664OH1540004,176,20,Individual,HMO,QHP,Silver,Transparency 2026 - Ind QHP,2527,Transparency_in_Coverage_PUF.xlsx,27379dc76590027b0e6d21d736331f87376f0ac87810d68e9f7cca555eef4b1f
2938,52664OH1540005,176,20,Individual,HMO,QHP,Silver,Transparency 2026 - Ind QHP,2528,Transparency_in_Coverage_PUF.xlsx,27379dc76590027b0e6d21d736331f87376f0ac87810d68e9f7cca555eef4b1f
2939,52664OH1540006,176,20,Individual,HMO,QHP,Gold,Transparency 2026 - Ind QHP,2529,Transparency_in_Coverage_PUF.xlsx,27379dc76590027b0e6d21d736331f87376f0ac87810d68e9f7cca555eef4b1f
2940,52664OH1540010,176,20,Individual,HMO,QHP,Bronze,Transparency 2026 - Ind QHP,2530,Transparency_in_Coverage_PUF.xlsx,27379dc76590027b0e6d21d736331f87376f0ac87810d68e9f7cca555eef4b1f
2941,52664OH1540011,176,20,Individual,HMO,QHP,Silver,Transparency 2026 - Ind QHP,2531,Transparency_in_Coverage_PUF.xlsx,27379dc76590027b0e6d21d736331f87376f0ac87810d68e9f7cca555eef4b1f
2942,52664OH1540012,176,20,Individual,HMO,QHP,Gold,Transparency 2026 - Ind QHP,2532,Transparency_in_Coverage_PUF.xlsx,27379dc76590027b0e6d21d736331f87376f0ac87810d68e9f7cca555eef4b1f
2943,52664OH1540013,176,20,Individual,HMO,QHP,Gold,Transparency 2026 - Ind QHP,2533,Transparency_in_Coverage_PUF.xlsx,27379dc76590027b0e6d21d736331f87376f0ac87810d68e9f7cca555eef4b1f
2944,53461MO0010013,177,13,Individual,EPO,QHP,Catastrophic,Transparency 2026 - Ind QHP,2534,Transparency_in_Coverage_PUF.xlsx,27379dc76590027b0e6d21d736331f87376f0ac87810d68e9f7cca555eef4b1f
2945,53461MO0010029,177,13,Individual,EPO,QHP,Bronze,Transparency 2026 - Ind QHP,2535,Transparency_in_Coverage_PUF.xlsx,27379dc76590027b0e6d21d736331f87376f0ac87810d68e9f7cca555eef4b1f
2946,53461MO0010041,177,13,Individual,EPO,QHP,Bronze,Transparency 2026 - Ind QHP,2536,Transparency_in_Coverage_PUF.xlsx,27379dc76590027b0e6d21d736331f87376f0ac87810d68e9f7cca555eef4b1f
2947,53461MO0010045,177,13,Individual,EPO,QHP,Gold,Transparency 2026 - Ind QHP,2537,Transparency_in_Coverage_PUF.xlsx,27379dc76590027b0e6d21d736331f87376f0ac87810d68e9f7cca555eef4b1f
2948,53461MO0010047,177,13,Individual,EPO,QHP,Silver,Transparency 2026 - Ind QHP,2538,Transparency_in_Coverage_PUF.xlsx,27379dc76590027b0e6d21d736331f87376f0ac87810d68e9f7cca555eef4b1f
2949,53461MO0010055,177,13,Individual,EPO,QHP,Gold,Transparency 2026 - Ind QHP,2539,Transparency_in_Coverage_PUF.xlsx,27379dc76590027b0e6d21d736331f87376f0ac87810d68e9f7cca555eef4b1f
2950,53461MO0010057,177,13,Individual,EPO,QHP,Silver,Transparency 2026 - Ind QHP,2540,Transparency_in_Coverage_PUF.xlsx,27379dc76590027b0e6d21d736331f87376f0ac87810d68e9f7cca555eef4b1f
2951,53461MO0010073,177,13,Individual,EPO,QHP,Bronze,Transparency 2026 - Ind QHP,2541,Transparency_in_Coverage_PUF.xlsx,27379dc76590027b0e6d21d736331f87376f0ac87810d68e9f7cca555eef4b1f
2952,53461MO0010074,177,13,Individual,EPO,QHP,Gold,Transparency 2026 - Ind QHP,2542,Transparency_in_Coverage_PUF.xlsx,27379dc76590027b0e6d21d736331f87376f0ac87810d68e9f7cca555eef4b1f
2953,53461MO0010075,177,13,Individual,EPO,QHP,Silver,Transparency 2026 - Ind QHP,2543,Transparency_in_Coverage_PUF.xlsx,27379dc76590027b0e6d21d736331f87376f0ac87810d68e9f7cca555eef4b1f
2954,53461MO0070013,177,13,Individual,EPO,QHP,Catastrophic,Transparency 2026 - Ind QHP,2544,Transparency_in_Coverage_PUF.xlsx,27379dc76590027b0e6d21d736331f87376f0ac87810d68e9f7cca555eef4b1f
2955,53461MO0070041,177,13,Individual,EPO,QHP,Bronze,Transparency 2026 - Ind QHP,2545,Transparency_in_Coverage_PUF.xlsx,27379dc76590027b0e6d21d736331f87376f0ac87810d68e9f7cca555eef4b1f
2956,53461MO0070045,177,13,Individual,EPO,QHP,Gold,Transparency 2026 - Ind QHP,2546,Transparency_in_Coverage_PUF.xlsx,27379dc76590027b0e6d21d736331f87376f0ac87810d68e9f7cca555eef4b1f
2957,53461MO0070047,177,13,Individual,EPO,QHP,Silver,Transparency 2026 - Ind QHP,2547,Transparency_in_Coverage_PUF.xlsx,27379dc76590027b0e6d21d736331f87376f0ac87810d68e9f7cca555eef4b1f
2958,53461MO0070051,177,13,Individual,EPO,QHP,Bronze,Transparency 2026 - Ind QHP,2548,Transparency_in_Coverage_PUF.xlsx,27379dc76590027b0e6d21d736331f87376f0ac87810d68e9f7cca555eef4b1f
2959,53461MO0070055,177,13,Individual,EPO,QHP,Gold,Transparency 2026 - Ind QHP,2549,Transparency_in_Coverage_PUF.xlsx,27379dc76590027b0e6d21d736331f87376f0ac87810d68e9f7cca555eef4b1f
2960,53461MO0070057,177,13,Individual,EPO,QHP,Silver,Transparency 2026 - Ind QHP,2550,Transparency_in_Coverage_PUF.xlsx,27379dc76590027b0e6d21d736331f87376f0ac87810d68e9f7cca555eef4b1f
2961,53461MO0070073,177,13,Individual,EPO,QHP,Bronze,Transparency 2026 - Ind QHP,2551,Transparency_in_Coverage_PUF.xlsx,27379dc76590027b0e6d21d736331f87376f0ac87810d68e9f7cca555eef4b1f
2962,53461MO0070074,177,13,Individual,EPO,QHP,Gold,Transparency 2026 - Ind QHP,2552,Transparency_in_Coverage_PUF.xlsx,27379dc76590027b0e6d21d736331f87376f0ac87810d68e9f7cca555eef4b1f
2963,53461MO0070075,177,13,Individual,EPO,QHP,Silver,Transparency 2026 - Ind QHP,2553,Transparency_in_Coverage_PUF.xlsx,27379dc76590027b0e6d21d736331f87376f0ac87810d68e9f7cca555eef4b1f
2964,53461MO0080013,177,13,Individual,EPO,QHP,Catastrophic,Transparency 2026 - Ind QHP,2554,Transparency_in_Coverage_PUF.xlsx,27379dc76590027b0e6d21d736331f87376f0ac87810d68e9f7cca555eef4b1f
2965,53461MO0080041,177,13,Individual,EPO,QHP,Bronze,Transparency 2026 - Ind QHP,2555,Transparency_in_Coverage_PUF.xlsx,27379dc76590027b0e6d21d736331f87376f0ac87810d68e9f7cca555eef4b1f
2966,53461MO0080045,177,13,Individual,EPO,QHP,Gold,Transparency 2026 - Ind QHP,2556,Transparency_in_Coverage_PUF.xlsx,27379dc76590027b0e6d21d736331f87376f0ac87810d68e9f7cca555eef4b1f
2967,53461MO0080047,177,13,Individual,EPO,QHP,Silver,Transparency 2026 - Ind QHP,2557,Transparency_in_Coverage_PUF.xlsx,27379dc76590027b0e6d21d736331f87376f0ac87810d68e9f7cca555eef4b1f
2968,53461MO0080051,177,13,Individual,EPO,QHP,Bronze,Transparency 2026 - Ind QHP,2558,Transparency_in_Coverage_PUF.xlsx,27379dc76590027b0e6d21d736331f87376f0ac87810d68e9f7cca555eef4b1f
2969,53461MO0080055,177,13,Individual,EPO,QHP,Gold,Transparency 2026 - Ind QHP,2559,Transparency_in_Coverage_PUF.xlsx,27379dc76590027b0e6d21d736331f87376f0ac87810d68e9f7cca555eef4b1f
2970,53461MO0080057,177,13,Individual,EPO,QHP,Silver,Transparency 2026 - Ind QHP,2560,Transparency_in_Coverage_PUF.xlsx,27379dc76590027b0e6d21d736331f87376f0ac87810d68e9f7cca555eef4b1f
2971,53461MO0080073,177,13,Individual,EPO,QHP,Bronze,Transparency 2026 - Ind QHP,2561,Transparency_in_Coverage_PUF.xlsx,27379dc76590027b0e6d21d736331f87376f0ac87810d68e9f7cca555eef4b1f
2972,53461MO0080074,177,13,Individual,EPO,QHP,Gold,Transparency 2026 - Ind QHP,2562,Transparency_in_Coverage_PUF.xlsx,27379dc76590027b0e6d21d736331f87376f0ac87810d68e9f7cca555eef4b1f
2973,53461MO0080075,177,13,Individual,EPO,QHP,Silver,Transparency 2026 - Ind QHP,2563,Transparency_in_Coverage_PUF.xlsx,27379dc76590027b0e6d21d736331f87376f0ac87810d68e9f7cca555eef4b1f
2974,53613AZ0010003,178,4,Individual,PPO,SADP,Low,Transparency 2026 - Ind SADP,352,Transparency_in_Coverage_PUF.xlsx,27379dc76590027b0e6d21d736331f87376f0ac87810d68e9f7cca555eef4b1f
2975,53613AZ0010004,178,4,Individual,PPO,SADP,Low,Transparency 2026 - Ind SADP,353,Transparency_in_Coverage_PUF.xlsx,27379dc76590027b0e6d21d736331f87376f0ac87810d68e9f7cca555eef4b1f
2976,53613AZ0010005,178,4,Individual,PPO,SADP,High,Transparency 2026 - Ind SADP,354,Transparency_in_Coverage_PUF.xlsx,27379dc76590027b0e6d21d736331f87376f0ac87810d68e9f7cca555eef4b1f
2977,53613AZ0010006,178,4,Individual,PPO,SADP,Low,Transparency 2026 - Ind SADP,355,Transparency_in_Coverage_PUF.xlsx,27379dc76590027b0e6d21d736331f87376f0ac87810d68e9f7cca555eef4b1f
2978,53613AZ0020002,178,4,Individual,PPO,SADP,Low,Transparency 2026 - Ind SADP,356,Transparency_in_Coverage_PUF.xlsx,27379dc76590027b0e6d21d736331f87376f0ac87810d68e9f7cca555eef4b1f
2979,53901AZ1420001,179,4,Individual,HMO,QHP,Gold,Transparency 2026 - Ind QHP,2564,Transparency_in_Coverage_PUF.xlsx,27379dc76590027b0e6d21d736331f87376f0ac87810d68e9f7cca555eef4b1f
2980,53901AZ1420002,179,4,Individual,HMO,QHP,Gold,Transparency 2026 - Ind QHP,2565,Transparency_in_Coverage_PUF.xlsx,27379dc76590027b0e6d21d736331f87376f0ac87810d68e9f7cca555eef4b1f
2981,53901AZ1420003,179,4,Individual,HMO,QHP,Gold,Transparency 2026 - Ind QHP,2566,Transparency_in_Coverage_PUF.xlsx,27379dc76590027b0e6d21d736331f87376f0ac87810d68e9f7cca555eef4b1f
2982,53901AZ1420006,179,4,Individual,HMO,QHP,Gold,Transparency 2026 - Ind QHP,2567,Transparency_in_Coverage_PUF.xlsx,27379dc76590027b0e6d21d736331f87376f0ac87810d68e9f7cca555eef4b1f
2983,53901AZ1420007,179,4,Individual,HMO,QHP,Gold,Transparency 2026 - Ind QHP,2568,Transparency_in_Coverage_PUF.xlsx,27379dc76590027b0e6d21d736331f87376f0ac87810d68e9f7cca555eef4b1f
2984,53901AZ1420008,179,4,Individual,HMO,QHP,Silver,Transparency 2026 - Ind QHP,2569,Transparency_in_Coverage_PUF.xlsx,27379dc76590027b0e6d21d736331f87376f0ac87810d68e9f7cca555eef4b1f
2985,53901AZ1420009,179,4,Individual,HMO,QHP,Silver,Transparency 2026 - Ind QHP,2570,Transparency_in_Coverage_PUF.xlsx,27379dc76590027b0e6d21d736331f87376f0ac87810d68e9f7cca555eef4b1f
2986,53901AZ1420010,179,4,Individual,HMO,QHP,Silver,Transparency 2026 - Ind QHP,2571,Transparency_in_Coverage_PUF.xlsx,27379dc76590027b0e6d21d736331f87376f0ac87810d68e9f7cca555eef4b1f
2987,53901AZ1420013,179,4,Individual,HMO,QHP,Silver,Transparency 2026 - Ind QHP,2572,Transparency_in_Coverage_PUF.xlsx,27379dc76590027b0e6d21d736331f87376f0ac87810d68e9f7cca555eef4b1f
2988,53901AZ1420014,179,4,Individual,HMO,QHP,Silver,Transparency 2026 - Ind QHP,2573,Transparency_in_Coverage_PUF.xlsx,27379dc76590027b0e6d21d736331f87376f0ac87810d68e9f7cca555eef4b1f
2989,53901AZ1420022,179,4,Individual,HMO,QHP,Bronze,Transparency 2026 - Ind QHP,2574,Transparency_in_Coverage_PUF.xlsx,27379dc76590027b0e6d21d736331f87376f0ac87810d68e9f7cca555eef4b1f
2990,53901AZ1420023,179,4,Individual,HMO,QHP,Bronze,Transparency 2026 - Ind QHP,2575,Transparency_in_Coverage_PUF.xlsx,27379dc76590027b0e6d21d736331f87376f0ac87810d68e9f7cca555eef4b1f
2991,53901AZ1420024,179,4,Individual,HMO,QHP,Bronze,Transparency 2026 - Ind QHP,2576,Transparency_in_Coverage_PUF.xlsx,27379dc76590027b0e6d21d736331f87376f0ac87810d68e9f7cca555eef4b1f
2992,53901AZ1420027,179,4,Individual,HMO,QHP,Bronze,Transparency 2026 - Ind QHP,2577,Transparency_in_Coverage_PUF.xlsx,27379dc76590027b0e6d21d736331f87376f0ac87810d68e9f7cca555eef4b1f
2993,53901AZ1420028,179,4,Individual,HMO,QHP,Bronze,Transparency 2026 - Ind QHP,2578,Transparency_in_Coverage_PUF.xlsx,27379dc76590027b0e6d21d736331f87376f0ac87810d68e9f7cca555eef4b1f
2994,53901AZ1420048,179,4,Individual,HMO,QHP,Gold,Transparency 2026 - Ind QHP,2579,Transparency_in_Coverage_PUF.xlsx,27379dc76590027b0e6d21d736331f87376f0ac87810d68e9f7cca555eef4b1f
2995,53901AZ1420049,179,4,Individual,HMO,QHP,Gold,Transparency 2026 - Ind QHP,2580,Transparency_in_Coverage_PUF.xlsx,27379dc76590027b0e6d21d736331f87376f0ac87810d68e9f7cca555eef4b1f
2996,53901AZ1420050,179,4,Individual,HMO,QHP,Gold,Transparency 2026 - Ind QHP,2581,Transparency_in_Coverage_PUF.xlsx,27379dc76590027b0e6d21d736331f87376f0ac87810d68e9f7cca555eef4b1f
2997,53901AZ1420051,179,4,Individual,HMO,QHP,Gold,Transparency 2026 - Ind QHP,2582,Transparency_in_Coverage_PUF.xlsx,27379dc76590027b0e6d21d736331f87376f0ac87810d68e9f7cca555eef4b1f
2998,53901AZ1420052,179,4,Individual,HMO,QHP,Gold,Transparency 2026 - Ind QHP,2583,Transparency_in_Coverage_PUF.xlsx,27379dc76590027b0e6d21d736331f87376f0ac87810d68e9f7cca555eef4b1f
2999,53901AZ1420053,179,4,Individual,HMO,QHP,Gold,Transparency 2026 - Ind QHP,2584,Transparency_in_Coverage_PUF.xlsx,27379dc76590027b0e6d21d736331f87376f0ac87810d68e9f7cca555eef4b1f
3000,53901AZ1420054,179,4,Individual,HMO,QHP,Silver,Transparency 2026 - Ind QHP,2585,Transparency_in_Coverage_PUF.xlsx,27379dc76590027b0e6d21d736331f87376f0ac87810d68e9f7cca555eef4b1f
3001,53901AZ1420055,179,4,Individual,HMO,QHP,Silver,Transparency 2026 - Ind QHP,2586,Transparency_in_Coverage_PUF.xlsx,27379dc76590027b0e6d21d736331f87376f0ac87810d68e9f7cca555eef4b1f
3002,53901AZ1420056,179,4,Individual,HMO,QHP,Silver,Transparency 2026 - Ind QHP,2587,Transparency_in_Coverage_PUF.xlsx,27379dc76590027b0e6d21d736331f87376f0ac87810d68e9f7cca555eef4b1f
3003,53901AZ1420057,179,4,Individual,HMO,QHP,Silver,Transparency 2026 - Ind QHP,2588,Transparency_in_Coverage_PUF.xlsx,27379dc76590027b0e6d21d736331f87376f0ac87810d68e9f7cca555eef4b1f
3004,53901AZ1420058,179,4,Individual,HMO,QHP,Silver,Transparency 2026 - Ind QHP,2589,Transparency_in_Coverage_PUF.xlsx,27379dc76590027b0e6d21d736331f87376f0ac87810d68e9f7cca555eef4b1f
3005,53901AZ1420059,179,4,Individual,HMO,QHP,Silver,Transparency 2026 - Ind QHP,2590,Transparency_in_Coverage_PUF.xlsx,27379dc76590027b0e6d21d736331f87376f0ac87810d68e9f7cca555eef4b1f
3006,53901AZ1420066,179,4,Individual,HMO,QHP,Bronze,Transparency 2026 - Ind QHP,2591,Transparency_in_Coverage_PUF.xlsx,27379dc76590027b0e6d21d736331f87376f0ac87810d68e9f7cca555eef4b1f
3007,53901AZ1420067,179,4,Individual,HMO,QHP,Bronze,Transparency 2026 - Ind QHP,2592,Transparency_in_Coverage_PUF.xlsx,27379dc76590027b0e6d21d736331f87376f0ac87810d68e9f7cca555eef4b1f
3008,53901AZ1420068,179,4,Individual,HMO,QHP,Bronze,Transparency 2026 - Ind QHP,2593,Transparency_in_Coverage_PUF.xlsx,27379dc76590027b0e6d21d736331f87376f0ac87810d68e9f7cca555eef4b1f
3009,53901AZ1420069,179,4,Individual,HMO,QHP,Bronze,Transparency 2026 - Ind QHP,2594,Transparency_in_Coverage_PUF.xlsx,27379dc76590027b0e6d21d736331f87376f0ac87810d68e9f7cca555eef4b1f
3010,53901AZ1420070,179,4,Individual,HMO,QHP,Bronze,Transparency 2026 - Ind QHP,2595,Transparency_in_Coverage_PUF.xlsx,27379dc76590027b0e6d21d736331f87376f0ac87810d68e9f7cca555eef4b1f
3011,53901AZ1420071,179,4,Individual,HMO,QHP,Bronze,Transparency 2026 - Ind QHP,2596,Transparency_in_Coverage_PUF.xlsx,27379dc76590027b0e6d21d736331f87376f0ac87810d68e9f7cca555eef4b1f
3012,53901AZ1420078,179,4,Individual,HMO,QHP,Gold,Transparency 2026 - Ind QHP,2597,Transparency_in_Coverage_PUF.xlsx,27379dc76590027b0e6d21d736331f87376f0ac87810d68e9f7cca555eef4b1f
3013,53901AZ1420079,179,4,Individual,HMO,QHP,Silver,Transparency 2026 - Ind QHP,2598,Transparency_in_Coverage_PUF.xlsx,27379dc76590027b0e6d21d736331f87376f0ac87810d68e9f7cca555eef4b1f
3014,53901AZ1420082,179,4,Individual,HMO,QHP,Silver,Transparency 2026 - Ind QHP,2599,Transparency_in_Coverage_PUF.xlsx,27379dc76590027b0e6d21d736331f87376f0ac87810d68e9f7cca555eef4b1f
3015,53901AZ1420083,179,4,Individual,HMO,QHP,Silver,Transparency 2026 - Ind QHP,2600,Transparency_in_Coverage_PUF.xlsx,27379dc76590027b0e6d21d736331f87376f0ac87810d68e9f7cca555eef4b1f
3016,53901AZ1420085,179,4,Individual,HMO,QHP,Bronze,Transparency 2026 - Ind QHP,2601,Transparency_in_Coverage_PUF.xlsx,27379dc76590027b0e6d21d736331f87376f0ac87810d68e9f7cca555eef4b1f
3017,53901AZ1420086,179,4,Individual,HMO,QHP,Bronze,Transparency 2026 - Ind QHP,2602,Transparency_in_Coverage_PUF.xlsx,27379dc76590027b0e6d21d736331f87376f0ac87810d68e9f7cca555eef4b1f
3018,53901AZ1420087,179,4,Individual,HMO,QHP,Bronze,Transparency 2026 - Ind QHP,2603,Transparency_in_Coverage_PUF.xlsx,27379dc76590027b0e6d21d736331f87376f0ac87810d68e9f7cca555eef4b1f
3019,53901AZ1420088,179,4,Individual,HMO,QHP,Bronze,Transparency 2026 - Ind QHP,2604,Transparency_in_Coverage_PUF.xlsx,27379dc76590027b0e6d21d736331f87376f0ac87810d68e9f7cca555eef4b1f
3020,53901AZ1420089,179,4,Individual,HMO,QHP,Bronze,Transparency 2026 - Ind QHP,2605,Transparency_in_Coverage_PUF.xlsx,27379dc76590027b0e6d21d736331f87376f0ac87810d68e9f7cca555eef4b1f
3021,53901AZ1420090,179,4,Individual,HMO,QHP,Bronze,Transparency 2026 - Ind QHP,2606,Transparency_in_Coverage_PUF.xlsx,27379dc76590027b0e6d21d736331f87376f0ac87810d68e9f7cca555eef4b1f
3022,53901AZ1420091,179,4,Individual,HMO,QHP,Bronze,Transparency 2026 - Ind QHP,2607,Transparency_in_Coverage_PUF.xlsx,27379dc76590027b0e6d21d736331f87376f0ac87810d68e9f7cca555eef4b1f
3023,53901AZ1420092,179,4,Individual,HMO,QHP,Bronze,Transparency 2026 - Ind QHP,2608,Transparency_in_Coverage_PUF.xlsx,27379dc76590027b0e6d21d736331f87376f0ac87810d68e9f7cca555eef4b1f
3024,53901AZ1420093,179,4,Individual,HMO,QHP,Bronze,Transparency 2026 - Ind QHP,2609,Transparency_in_Coverage_PUF.xlsx,27379dc76590027b0e6d21d736331f87376f0ac87810d68e9f7cca555eef4b1f
3025,53901AZ1420094,179,4,Individual,HMO,QHP,Bronze,Transparency 2026 - Ind QHP,2610,Transparency_in_Coverage_PUF.xlsx,27379dc76590027b0e6d21d736331f87376f0ac87810d68e9f7cca555eef4b1f
3026,53901AZ1420095,179,4,Individual,HMO,QHP,Bronze,Transparency 2026 - Ind QHP,2611,Transparency_in_Coverage_PUF.xlsx,27379dc76590027b0e6d21d736331f87376f0ac87810d68e9f7cca555eef4b1f
3027,53901AZ1420096,179,4,Individual,HMO,QHP,Bronze,Transparency 2026 - Ind QHP,2612,Transparency_in_Coverage_PUF.xlsx,27379dc76590027b0e6d21d736331f87376f0ac87810d68e9f7cca555eef4b1f
3028,53901AZ1420097,179,4,Individual,HMO,QHP,Silver,Transparency 2026 - Ind QHP,2613,Transparency_in_Coverage_PUF.xlsx,27379dc76590027b0e6d21d736331f87376f0ac87810d68e9f7cca555eef4b1f
3029,53901AZ1420098,179,4,Individual,HMO,QHP,Silver,Transparency 2026 - Ind QHP,2614,Transparency_in_Coverage_PUF.xlsx,27379dc76590027b0e6d21d736331f87376f0ac87810d68e9f7cca555eef4b1f
3030,53901AZ1420099,179,4,Individual,HMO,QHP,Silver,Transparency 2026 - Ind QHP,2615,Transparency_in_Coverage_PUF.xlsx,27379dc76590027b0e6d21d736331f87376f0ac87810d68e9f7cca555eef4b1f
3031,53901AZ1420100,179,4,Individual,HMO,QHP,Silver,Transparency 2026 - Ind QHP,2616,Transparency_in_Coverage_PUF.xlsx,27379dc76590027b0e6d21d736331f87376f0ac87810d68e9f7cca555eef4b1f
3032,53901AZ1420101,179,4,Individual,HMO,QHP,Silver,Transparency 2026 - Ind QHP,2617,Transparency_in_Coverage_PUF.xlsx,27379dc76590027b0e6d21d736331f87376f0ac87810d68e9f7cca555eef4b1f
3033,53901AZ1420102,179,4,Individual,HMO,QHP,Silver,Transparency 2026 - Ind QHP,2618,Transparency_in_Coverage_PUF.xlsx,27379dc76590027b0e6d21d736331f87376f0ac87810d68e9f7cca555eef4b1f
3034,53901AZ1420103,179,4,Individual,HMO,QHP,Silver,Transparency 2026 - Ind QHP,2619,Transparency_in_Coverage_PUF.xlsx,27379dc76590027b0e6d21d736331f87376f0ac87810d68e9f7cca555eef4b1f
3035,53901AZ1420104,179,4,Individual,HMO,QHP,Silver,Transparency 2026 - Ind QHP,2620,Transparency_in_Coverage_PUF.xlsx,27379dc76590027b0e6d21d736331f87376f0ac87810d68e9f7cca555eef4b1f
3036,53901AZ1420105,179,4,Individual,HMO,QHP,Silver,Transparency 2026 - Ind QHP,2621,Transparency_in_Coverage_PUF.xlsx,27379dc76590027b0e6d21d736331f87376f0ac87810d68e9f7cca555eef4b1f
3037,53901AZ1420106,179,4,Individual,HMO,QHP,Silver,Transparency 2026 - Ind QHP,2622,Transparency_in_Coverage_PUF.xlsx,27379dc76590027b0e6d21d736331f87376f0ac87810d68e9f7cca555eef4b1f
3038,53901AZ1420107,179,4,Individual,HMO,QHP,Bronze,Transparency 2026 - Ind QHP,2623,Transparency_in_Coverage_PUF.xlsx,27379dc76590027b0e6d21d736331f87376f0ac87810d68e9f7cca555eef4b1f
3039,53901AZ1420108,179,4,Individual,HMO,QHP,Gold,Transparency 2026 - Ind QHP,2624,Transparency_in_Coverage_PUF.xlsx,27379dc76590027b0e6d21d736331f87376f0ac87810d68e9f7cca555eef4b1f
3040,53901AZ1420109,179,4,Individual,HMO,QHP,Gold,Transparency 2026 - Ind QHP,2625,Transparency_in_Coverage_PUF.xlsx,27379dc76590027b0e6d21d736331f87376f0ac87810d68e9f7cca555eef4b1f
3041,53901AZ1420110,179,4,Individual,HMO,QHP,Gold,Transparency 2026 - Ind QHP,2626,Transparency_in_Coverage_PUF.xlsx,27379dc76590027b0e6d21d736331f87376f0ac87810d68e9f7cca555eef4b1f
3042,53901AZ1420111,179,4,Individual,HMO,QHP,Gold,Transparency 2026 - Ind QHP,2627,Transparency_in_Coverage_PUF.xlsx,27379dc76590027b0e6d21d736331f87376f0ac87810d68e9f7cca555eef4b1f
3043,53901AZ1420112,179,4,Individual,HMO,QHP,Gold,Transparency 2026 - Ind QHP,2628,Transparency_in_Coverage_PUF.xlsx,27379dc76590027b0e6d21d736331f87376f0ac87810d68e9f7cca555eef4b1f
3044,53901AZ1420113,179,4,Individual,HMO,QHP,Gold,Transparency 2026 - Ind QHP,2629,Transparency_in_Coverage_PUF.xlsx,27379dc76590027b0e6d21d736331f87376f0ac87810d68e9f7cca555eef4b1f
3045,53901AZ1420114,179,4,Individual,HMO,QHP,Gold,Transparency 2026 - Ind QHP,2630,Transparency_in_Coverage_PUF.xlsx,27379dc76590027b0e6d21d736331f87376f0ac87810d68e9f7cca555eef4b1f
3046,53901AZ1420115,179,4,Individual,HMO,QHP,Gold,Transparency 2026 - Ind QHP,2631,Transparency_in_Coverage_PUF.xlsx,27379dc76590027b0e6d21d736331f87376f0ac87810d68e9f7cca555eef4b1f
3047,53901AZ1420116,179,4,Individual,HMO,QHP,Gold,Transparency 2026 - Ind QHP,2632,Transparency_in_Coverage_PUF.xlsx,27379dc76590027b0e6d21d736331f87376f0ac87810d68e9f7cca555eef4b1f
3048,53901AZ1420117,179,4,Individual,HMO,QHP,Gold,Transparency 2026 - Ind QHP,2633,Transparency_in_Coverage_PUF.xlsx,27379dc76590027b0e6d21d736331f87376f0ac87810d68e9f7cca555eef4b1f
3049,53901AZ1420118,179,4,Individual,HMO,QHP,Gold,Transparency 2026 - Ind QHP,2634,Transparency_in_Coverage_PUF.xlsx,27379dc76590027b0e6d21d736331f87376f0ac87810d68e9f7cca555eef4b1f
3050,53901AZ1420119,179,4,Individual,HMO,QHP,Gold,Transparency 2026 - Ind QHP,2635,Transparency_in_Coverage_PUF.xlsx,27379dc76590027b0e6d21d736331f87376f0ac87810d68e9f7cca555eef4b1f
3051,53901AZ1420120,179,4,Individual,HMO,QHP,Gold,Transparency 2026 - Ind QHP,2636,Transparency_in_Coverage_PUF.xlsx,27379dc76590027b0e6d21d736331f87376f0ac87810d68e9f7cca555eef4b1f
3052,53901AZ1420121,179,4,Individual,HMO,QHP,Silver,Transparency 2026 - Ind QHP,2637,Transparency_in_Coverage_PUF.xlsx,27379dc76590027b0e6d21d736331f87376f0ac87810d68e9f7cca555eef4b1f
3053,53901AZ1420122,179,4,Individual,HMO,QHP,Bronze,Transparency 2026 - Ind QHP,2638,Transparency_in_Coverage_PUF.xlsx,27379dc76590027b0e6d21d736331f87376f0ac87810d68e9f7cca555eef4b1f
3054,53901AZ1420123,179,4,Individual,HMO,QHP,Gold,Transparency 2026 - Ind QHP,2639,Transparency_in_Coverage_PUF.xlsx,27379dc76590027b0e6d21d736331f87376f0ac87810d68e9f7cca555eef4b1f
3055,53901AZ1420124,179,4,Individual,HMO,QHP,Silver,Transparency 2026 - Ind QHP,2640,Transparency_in_Coverage_PUF.xlsx,27379dc76590027b0e6d21d736331f87376f0ac87810d68e9f7cca555eef4b1f
3056,53901AZ1420125,179,4,Individual,HMO,QHP,Bronze,Transparency 2026 - Ind QHP,2641,Transparency_in_Coverage_PUF.xlsx,27379dc76590027b0e6d21d736331f87376f0ac87810d68e9f7cca555eef4b1f
3057,53901AZ1420126,179,4,Individual,HMO,QHP,Gold,Transparency 2026 - Ind QHP,2642,Transparency_in_Coverage_PUF.xlsx,27379dc76590027b0e6d21d736331f87376f0ac87810d68e9f7cca555eef4b1f
3058,53901AZ1420127,179,4,Individual,HMO,QHP,Silver,Transparency 2026 - Ind QHP,2643,Transparency_in_Coverage_PUF.xlsx,27379dc76590027b0e6d21d736331f87376f0ac87810d68e9f7cca555eef4b1f
3059,53901AZ1420128,179,4,Individual,HMO,QHP,Bronze,Transparency 2026 - Ind QHP,2644,Transparency_in_Coverage_PUF.xlsx,27379dc76590027b0e6d21d736331f87376f0ac87810d68e9f7cca555eef4b1f
3060,53901AZ1420129,179,4,Individual,HMO,QHP,Gold,Transparency 2026 - Ind QHP,2645,Transparency_in_Coverage_PUF.xlsx,27379dc76590027b0e6d21d736331f87376f0ac87810d68e9f7cca555eef4b1f
3061,53901AZ1420130,179,4,Individual,HMO,QHP,Silver,Transparency 2026 - Ind QHP,2646,Transparency_in_Coverage_PUF.xlsx,27379dc76590027b0e6d21d736331f87376f0ac87810d68e9f7cca555eef4b1f
3062,53901AZ1420131,179,4,Individual,HMO,QHP,Bronze,Transparency 2026 - Ind QHP,2647,Transparency_in_Coverage_PUF.xlsx,27379dc76590027b0e6d21d736331f87376f0ac87810d68e9f7cca555eef4b1f
3063,53901AZ1420132,179,4,Individual,HMO,QHP,Gold,Transparency 2026 - Ind QHP,2648,Transparency_in_Coverage_PUF.xlsx,27379dc76590027b0e6d21d736331f87376f0ac87810d68e9f7cca555eef4b1f
3064,53901AZ1420133,179,4,Individual,HMO,QHP,Silver,Transparency 2026 - Ind QHP,2649,Transparency_in_Coverage_PUF.xlsx,27379dc76590027b0e6d21d736331f87376f0ac87810d68e9f7cca555eef4b1f
3065,53901AZ1420134,179,4,Individual,HMO,QHP,Bronze,Transparency 2026 - Ind QHP,2650,Transparency_in_Coverage_PUF.xlsx,27379dc76590027b0e6d21d736331f87376f0ac87810d68e9f7cca555eef4b1f
3066,53901AZ1420135,179,4,Individual,HMO,QHP,Gold,Transparency 2026 - Ind QHP,2651,Transparency_in_Coverage_PUF.xlsx,27379dc76590027b0e6d21d736331f87376f0ac87810d68e9f7cca555eef4b1f
3067,53901AZ1420136,179,4,Individual,HMO,QHP,Silver,Transparency 2026 - Ind QHP,2652,Transparency_in_Coverage_PUF.xlsx,27379dc76590027b0e6d21d736331f87376f0ac87810d68e9f7cca555eef4b1f
3068,53901AZ1420137,179,4,Individual,HMO,QHP,Bronze,Transparency 2026 - Ind QHP,2653,Transparency_in_Coverage_PUF.xlsx,27379dc76590027b0e6d21d736331f87376f0ac87810d68e9f7cca555eef4b1f
3069,53901AZ1420138,179,4,Individual,HMO,QHP,Gold,Transparency 2026 - Ind QHP,2654,Transparency_in_Coverage_PUF.xlsx,27379dc76590027b0e6d21d736331f87376f0ac87810d68e9f7cca555eef4b1f
3070,53901AZ1420139,179,4,Individual,HMO,QHP,Silver,Transparency 2026 - Ind QHP,2655,Transparency_in_Coverage_PUF.xlsx,27379dc76590027b0e6d21d736331f87376f0ac87810d68e9f7cca555eef4b1f
3071,53901AZ1420140,179,4,Individual,HMO,QHP,Bronze,Transparency 2026 - Ind QHP,2656,Transparency_in_Coverage_PUF.xlsx,27379dc76590027b0e6d21d736331f87376f0ac87810d68e9f7cca555eef4b1f
3072,53901AZ1420141,179,4,Individual,HMO,QHP,Gold,Transparency 2026 - Ind QHP,2657,Transparency_in_Coverage_PUF.xlsx,27379dc76590027b0e6d21d736331f87376f0ac87810d68e9f7cca555eef4b1f
3073,53901AZ1420142,179,4,Individual,HMO,QHP,Silver,Transparency 2026 - Ind QHP,2658,Transparency_in_Coverage_PUF.xlsx,27379dc76590027b0e6d21d736331f87376f0ac87810d68e9f7cca555eef4b1f
3074,53901AZ1420143,179,4,Individual,HMO,QHP,Bronze,Transparency 2026 - Ind QHP,2659,Transparency_in_Coverage_PUF.xlsx,27379dc76590027b0e6d21d736331f87376f0ac87810d68e9f7cca555eef4b1f
3075,53901AZ1420144,179,4,Individual,HMO,QHP,Gold,Transparency 2026 - Ind QHP,2660,Transparency_in_Coverage_PUF.xlsx,27379dc76590027b0e6d21d736331f87376f0ac87810d68e9f7cca555eef4b1f
3076,53901AZ1420145,179,4,Individual,HMO,QHP,Silver,Transparency 2026 - Ind QHP,2661,Transparency_in_Coverage_PUF.xlsx,27379dc76590027b0e6d21d736331f87376f0ac87810d68e9f7cca555eef4b1f
3077,53901AZ1420146,179,4,Individual,HMO,QHP,Bronze,Transparency 2026 - Ind QHP,2662,Transparency_in_Coverage_PUF.xlsx,27379dc76590027b0e6d21d736331f87376f0ac87810d68e9f7cca555eef4b1f
3078,53901AZ1420147,179,4,Individual,HMO,QHP,Gold,Transparency 2026 - Ind QHP,2663,Transparency_in_Coverage_PUF.xlsx,27379dc76590027b0e6d21d736331f87376f0ac87810d68e9f7cca555eef4b1f
3079,53901AZ1420148,179,4,Individual,HMO,QHP,Silver,Transparency 2026 - Ind QHP,2664,Transparency_in_Coverage_PUF.xlsx,27379dc76590027b0e6d21d736331f87376f0ac87810d68e9f7cca555eef4b1f
3080,53901AZ1420149,179,4,Individual,HMO,QHP,Bronze,Transparency 2026 - Ind QHP,2665,Transparency_in_Coverage_PUF.xlsx,27379dc76590027b0e6d21d736331f87376f0ac87810d68e9f7cca555eef4b1f
3081,53901AZ1420150,179,4,Individual,HMO,QHP,Gold,Transparency 2026 - Ind QHP,2666,Transparency_in_Coverage_PUF.xlsx,27379dc76590027b0e6d21d736331f87376f0ac87810d68e9f7cca555eef4b1f
3082,53901AZ1420151,179,4,Individual,HMO,QHP,Silver,Transparency 2026 - Ind QHP,2667,Transparency_in_Coverage_PUF.xlsx,27379dc76590027b0e6d21d736331f87376f0ac87810d68e9f7cca555eef4b1f
3083,53901AZ1420152,179,4,Individual,HMO,QHP,Bronze,Transparency 2026 - Ind QHP,2668,Transparency_in_Coverage_PUF.xlsx,27379dc76590027b0e6d21d736331f87376f0ac87810d68e9f7cca555eef4b1f
3084,53901AZ1420153,179,4,Individual,HMO,QHP,Gold,Transparency 2026 - Ind QHP,2669,Transparency_in_Coverage_PUF.xlsx,27379dc76590027b0e6d21d736331f87376f0ac87810d68e9f7cca555eef4b1f
3085,53901AZ1420154,179,4,Individual,HMO,QHP,Silver,Transparency 2026 - Ind QHP,2670,Transparency_in_Coverage_PUF.xlsx,27379dc76590027b0e6d21d736331f87376f0ac87810d68e9f7cca555eef4b1f
3086,53901AZ1420155,179,4,Individual,HMO,QHP,Bronze,Transparency 2026 - Ind QHP,2671,Transparency_in_Coverage_PUF.xlsx,27379dc76590027b0e6d21d736331f87376f0ac87810d68e9f7cca555eef4b1f
3087,53901AZ1420156,179,4,Individual,HMO,QHP,Silver,Transparency 2026 - Ind QHP,2672,Transparency_in_Coverage_PUF.xlsx,27379dc76590027b0e6d21d736331f87376f0ac87810d68e9f7cca555eef4b1f
3088,53901AZ1420157,179,4,Individual,HMO,QHP,Silver,Transparency 2026 - Ind QHP,2673,Transparency_in_Coverage_PUF.xlsx,27379dc76590027b0e6d21d736331f87376f0ac87810d68e9f7cca555eef4b1f
3089,53901AZ1420161,179,4,Individual,HMO,QHP,Silver,Transparency 2026 - Ind QHP,2674,Transparency_in_Coverage_PUF.xlsx,27379dc76590027b0e6d21d736331f87376f0ac87810d68e9f7cca555eef4b1f
3090,53901AZ1420162,179,4,Individual,HMO,QHP,Silver,Transparency 2026 - Ind QHP,2675,Transparency_in_Coverage_PUF.xlsx,27379dc76590027b0e6d21d736331f87376f0ac87810d68e9f7cca555eef4b1f
3091,53901AZ1420163,179,4,Individual,HMO,QHP,Silver,Transparency 2026 - Ind QHP,2676,Transparency_in_Coverage_PUF.xlsx,27379dc76590027b0e6d21d736331f87376f0ac87810d68e9f7cca555eef4b1f
3092,53901AZ1420166,179,4,Individual,HMO,QHP,Silver,Transparency 2026 - Ind QHP,2677,Transparency_in_Coverage_PUF.xlsx,27379dc76590027b0e6d21d736331f87376f0ac87810d68e9f7cca555eef4b1f
3093,53901AZ1420167,179,4,Individual,HMO,QHP,Silver,Transparency 2026 - Ind QHP,2678,Transparency_in_Coverage_PUF.xlsx,27379dc76590027b0e6d21d736331f87376f0ac87810d68e9f7cca555eef4b1f
3094,53932AL0100003,180,2,Individual,EPO,QHP,Bronze,Transparency 2026 - Ind QHP,2679,Transparency_in_Coverage_PUF.xlsx,27379dc76590027b0e6d21d736331f87376f0ac87810d68e9f7cca555eef4b1f
3095,53932AL0100005,180,2,Individual,EPO,QHP,Silver,Transparency 2026 - Ind QHP,2680,Transparency_in_Coverage_PUF.xlsx,27379dc76590027b0e6d21d736331f87376f0ac87810d68e9f7cca555eef4b1f
3096,53932AL0100011,180,2,Individual,EPO,QHP,Bronze,Transparency 2026 - Ind QHP,2681,Transparency_in_Coverage_PUF.xlsx,27379dc76590027b0e6d21d736331f87376f0ac87810d68e9f7cca555eef4b1f
3097,53932AL0100012,180,2,Individual,EPO,QHP,Silver,Transparency 2026 - Ind QHP,2682,Transparency_in_Coverage_PUF.xlsx,27379dc76590027b0e6d21d736331f87376f0ac87810d68e9f7cca555eef4b1f
3098,53932AL0100013,180,2,Individual,EPO,QHP,Gold,Transparency 2026 - Ind QHP,2683,Transparency_in_Coverage_PUF.xlsx,27379dc76590027b0e6d21d736331f87376f0ac87810d68e9f7cca555eef4b1f
3099,53932AL0100014,180,2,Individual,EPO,QHP,Bronze,Transparency 2026 - Ind QHP,2684,Transparency_in_Coverage_PUF.xlsx,27379dc76590027b0e6d21d736331f87376f0ac87810d68e9f7cca555eef4b1f
3100,53932AL0100015,180,2,Individual,EPO,QHP,Gold,Transparency 2026 - Ind QHP,2685,Transparency_in_Coverage_PUF.xlsx,27379dc76590027b0e6d21d736331f87376f0ac87810d68e9f7cca555eef4b1f
3101,53932AL0100016,180,2,Individual,EPO,QHP,Gold,Transparency 2026 - Ind QHP,2686,Transparency_in_Coverage_PUF.xlsx,27379dc76590027b0e6d21d736331f87376f0ac87810d68e9f7cca555eef4b1f
3102,53932AL0100018,180,2,Individual,EPO,QHP,Silver,Transparency 2026 - Ind QHP,2687,Transparency_in_Coverage_PUF.xlsx,27379dc76590027b0e6d21d736331f87376f0ac87810d68e9f7cca555eef4b1f
3103,53932AL0100019,180,2,Individual,EPO,QHP,Silver,Transparency 2026 - Ind QHP,2688,Transparency_in_Coverage_PUF.xlsx,27379dc76590027b0e6d21d736331f87376f0ac87810d68e9f7cca555eef4b1f
3104,53932AL0110003,180,2,Individual,EPO,QHP,Bronze,Transparency 2026 - Ind QHP,2689,Transparency_in_Coverage_PUF.xlsx,27379dc76590027b0e6d21d736331f87376f0ac87810d68e9f7cca555eef4b1f
3105,53932AL0110005,180,2,Individual,EPO,QHP,Silver,Transparency 2026 - Ind QHP,2690,Transparency_in_Coverage_PUF.xlsx,27379dc76590027b0e6d21d736331f87376f0ac87810d68e9f7cca555eef4b1f
3106,53932AL0110010,180,2,Individual,EPO,QHP,Gold,Transparency 2026 - Ind QHP,2691,Transparency_in_Coverage_PUF.xlsx,27379dc76590027b0e6d21d736331f87376f0ac87810d68e9f7cca555eef4b1f
3107,53932AL0110011,180,2,Individual,EPO,QHP,Bronze,Transparency 2026 - Ind QHP,2692,Transparency_in_Coverage_PUF.xlsx,27379dc76590027b0e6d21d736331f87376f0ac87810d68e9f7cca555eef4b1f
3108,53932AL0110013,180,2,Individual,EPO,QHP,Gold,Transparency 2026 - Ind QHP,2693,Transparency_in_Coverage_PUF.xlsx,27379dc76590027b0e6d21d736331f87376f0ac87810d68e9f7cca555eef4b1f
3109,53932AL0110014,180,2,Individual,EPO,QHP,Bronze,Transparency 2026 - Ind QHP,2694,Transparency_in_Coverage_PUF.xlsx,27379dc76590027b0e6d21d736331f87376f0ac87810d68e9f7cca555eef4b1f
3110,53932AL0110015,180,2,Individual,EPO,QHP,Gold,Transparency 2026 - Ind QHP,2695,Transparency_in_Coverage_PUF.xlsx,27379dc76590027b0e6d21d736331f87376f0ac87810d68e9f7cca555eef4b1f
3111,53932AL0110017,180,2,Individual,EPO,QHP,Silver,Transparency 2026 - Ind QHP,2696,Transparency_in_Coverage_PUF.xlsx,27379dc76590027b0e6d21d736331f87376f0ac87810d68e9f7cca555eef4b1f
3112,53932AL0110018,180,2,Individual,EPO,QHP,Silver,Transparency 2026 - Ind QHP,2697,Transparency_in_Coverage_PUF.xlsx,27379dc76590027b0e6d21d736331f87376f0ac87810d68e9f7cca555eef4b1f
3113,54172FL0010001,181,6,Individual,HMO,QHP,Gold,Transparency 2026 - Ind QHP,2698,Transparency_in_Coverage_PUF.xlsx,27379dc76590027b0e6d21d736331f87376f0ac87810d68e9f7cca555eef4b1f
3114,54172FL0010002,181,6,Individual,HMO,QHP,Silver,Transparency 2026 - Ind QHP,2699,Transparency_in_Coverage_PUF.xlsx,27379dc76590027b0e6d21d736331f87376f0ac87810d68e9f7cca555eef4b1f
3115,54172FL0010008,181,6,Individual,HMO,QHP,Gold,Transparency 2026 - Ind QHP,2700,Transparency_in_Coverage_PUF.xlsx,27379dc76590027b0e6d21d736331f87376f0ac87810d68e9f7cca555eef4b1f
3116,54172FL0010009,181,6,Individual,HMO,QHP,Silver,Transparency 2026 - Ind QHP,2701,Transparency_in_Coverage_PUF.xlsx,27379dc76590027b0e6d21d736331f87376f0ac87810d68e9f7cca555eef4b1f
3117,54172FL0010010,181,6,Individual,HMO,QHP,Bronze,Transparency 2026 - Ind QHP,2702,Transparency_in_Coverage_PUF.xlsx,27379dc76590027b0e6d21d736331f87376f0ac87810d68e9f7cca555eef4b1f
3118,54172FL0010011,181,6,Individual,HMO,QHP,Silver,Transparency 2026 - Ind QHP,2703,Transparency_in_Coverage_PUF.xlsx,27379dc76590027b0e6d21d736331f87376f0ac87810d68e9f7cca555eef4b1f
3119,54172FL0010012,181,6,Individual,HMO,QHP,Gold,Transparency 2026 - Ind QHP,2704,Transparency_in_Coverage_PUF.xlsx,27379dc76590027b0e6d21d736331f87376f0ac87810d68e9f7cca555eef4b1f
3120,54172FL0010013,181,6,Individual,HMO,QHP,Bronze,Transparency 2026 - Ind QHP,2705,Transparency_in_Coverage_PUF.xlsx,27379dc76590027b0e6d21d736331f87376f0ac87810d68e9f7cca555eef4b1f
3121,54172FL0010020,181,6,Individual,HMO,QHP,Bronze,Transparency 2026 - Ind QHP,2706,Transparency_in_Coverage_PUF.xlsx,27379dc76590027b0e6d21d736331f87376f0ac87810d68e9f7cca555eef4b1f
3122,54172FL0040001,181,6,Individual,HMO,QHP,Gold,Transparency 2026 - Ind QHP,2707,Transparency_in_Coverage_PUF.xlsx,27379dc76590027b0e6d21d736331f87376f0ac87810d68e9f7cca555eef4b1f
3123,54172FL0040002,181,6,Individual,HMO,QHP,Silver,Transparency 2026 - Ind QHP,2708,Transparency_in_Coverage_PUF.xlsx,27379dc76590027b0e6d21d736331f87376f0ac87810d68e9f7cca555eef4b1f
3124,54172FL0040004,181,6,Individual,HMO,QHP,Gold,Transparency 2026 - Ind QHP,2709,Transparency_in_Coverage_PUF.xlsx,27379dc76590027b0e6d21d736331f87376f0ac87810d68e9f7cca555eef4b1f
3125,54172FL0040005,181,6,Individual,HMO,QHP,Bronze,Transparency 2026 - Ind QHP,2710,Transparency_in_Coverage_PUF.xlsx,27379dc76590027b0e6d21d736331f87376f0ac87810d68e9f7cca555eef4b1f
3126,54172FL0040012,181,6,Individual,HMO,QHP,Bronze,Transparency 2026 - Ind QHP,2711,Transparency_in_Coverage_PUF.xlsx,27379dc76590027b0e6d21d736331f87376f0ac87810d68e9f7cca555eef4b1f
3127,54172FL0060002,181,6,Individual,HMO,QHP,Silver,Transparency 2026 - Ind QHP,2712,Transparency_in_Coverage_PUF.xlsx,27379dc76590027b0e6d21d736331f87376f0ac87810d68e9f7cca555eef4b1f
3128,54172FL0070001,181,6,Individual,HMO,QHP,Gold,Transparency 2026 - Ind QHP,2713,Transparency_in_Coverage_PUF.xlsx,27379dc76590027b0e6d21d736331f87376f0ac87810d68e9f7cca555eef4b1f
3129,54172FL0070002,181,6,Individual,HMO,QHP,Silver,Transparency 2026 - Ind QHP,2714,Transparency_in_Coverage_PUF.xlsx,27379dc76590027b0e6d21d736331f87376f0ac87810d68e9f7cca555eef4b1f
3130,54172FL0070003,181,6,Individual,HMO,QHP,Bronze,Transparency 2026 - Ind QHP,2715,Transparency_in_Coverage_PUF.xlsx,27379dc76590027b0e6d21d736331f87376f0ac87810d68e9f7cca555eef4b1f
3131,54172FL0070004,181,6,Individual,HMO,QHP,Gold,Transparency 2026 - Ind QHP,2716,Transparency_in_Coverage_PUF.xlsx,27379dc76590027b0e6d21d736331f87376f0ac87810d68e9f7cca555eef4b1f
3132,54172FL0070005,181,6,Individual,HMO,QHP,Bronze,Transparency 2026 - Ind QHP,2717,Transparency_in_Coverage_PUF.xlsx,27379dc76590027b0e6d21d736331f87376f0ac87810d68e9f7cca555eef4b1f
3133,54172FL0080001,181,6,Individual,HMO,QHP,Silver,Transparency 2026 - Ind QHP,2718,Transparency_in_Coverage_PUF.xlsx,27379dc76590027b0e6d21d736331f87376f0ac87810d68e9f7cca555eef4b1f
3134,54172FL0090001,181,6,Individual,HMO,QHP,Silver,Transparency 2026 - Ind QHP,2719,Transparency_in_Coverage_PUF.xlsx,27379dc76590027b0e6d21d736331f87376f0ac87810d68e9f7cca555eef4b1f
3135,54192IN0010010,182,9,Individual,HMO,QHP,Bronze,Transparency 2026 - Ind QHP,2720,Transparency_in_Coverage_PUF.xlsx,27379dc76590027b0e6d21d736331f87376f0ac87810d68e9f7cca555eef4b1f
3136,54192IN0010011,182,9,Individual,HMO,QHP,Silver,Transparency 2026 - Ind QHP,2721,Transparency_in_Coverage_PUF.xlsx,27379dc76590027b0e6d21d736331f87376f0ac87810d68e9f7cca555eef4b1f
3137,54192IN0010012,182,9,Individual,HMO,QHP,Gold,Transparency 2026 - Ind QHP,2722,Transparency_in_Coverage_PUF.xlsx,27379dc76590027b0e6d21d736331f87376f0ac87810d68e9f7cca555eef4b1f
3138,54192IN0010014,182,9,Individual,HMO,QHP,Silver,Transparency 2026 - Ind QHP,2723,Transparency_in_Coverage_PUF.xlsx,27379dc76590027b0e6d21d736331f87376f0ac87810d68e9f7cca555eef4b1f
3139,54192IN0010015,182,9,Individual,HMO,QHP,Bronze,Transparency 2026 - Ind QHP,2724,Transparency_in_Coverage_PUF.xlsx,27379dc76590027b0e6d21d736331f87376f0ac87810d68e9f7cca555eef4b1f
3140,54192IN0010020,182,9,Individual,HMO,QHP,Bronze,Transparency 2026 - Ind QHP,2725,Transparency_in_Coverage_PUF.xlsx,27379dc76590027b0e6d21d736331f87376f0ac87810d68e9f7cca555eef4b1f
3141,54192IN0010025,182,9,Individual,HMO,QHP,Silver,Transparency 2026 - Ind QHP,2726,Transparency_in_Coverage_PUF.xlsx,27379dc76590027b0e6d21d736331f87376f0ac87810d68e9f7cca555eef4b1f
3142,54192IN0010026,182,9,Individual,HMO,QHP,Gold,Transparency 2026 - Ind QHP,2727,Transparency_in_Coverage_PUF.xlsx,27379dc76590027b0e6d21d736331f87376f0ac87810d68e9f7cca555eef4b1f
3143,54192IN0010029,182,9,Individual,HMO,QHP,Platinum,Transparency 2026 - Ind QHP,2728,Transparency_in_Coverage_PUF.xlsx,27379dc76590027b0e6d21d736331f87376f0ac87810d68e9f7cca555eef4b1f
3144,54192IN0010030,182,9,Individual,HMO,QHP,Gold,Transparency 2026 - Ind QHP,2729,Transparency_in_Coverage_PUF.xlsx,27379dc76590027b0e6d21d736331f87376f0ac87810d68e9f7cca555eef4b1f
3145,54192IN0010032,182,9,Individual,HMO,QHP,Silver,Transparency 2026 - Ind QHP,2730,Transparency_in_Coverage_PUF.xlsx,27379dc76590027b0e6d21d736331f87376f0ac87810d68e9f7cca555eef4b1f
3146,54192IN0010033,182,9,Individual,HMO,QHP,Silver,Transparency 2026 - Ind QHP,2731,Transparency_in_Coverage_PUF.xlsx,27379dc76590027b0e6d21d736331f87376f0ac87810d68e9f7cca555eef4b1f
3147,54192IN0020011,182,9,Individual,HMO,QHP,Silver,Transparency 2026 - Ind QHP,2732,Transparency_in_Coverage_PUF.xlsx,27379dc76590027b0e6d21d736331f87376f0ac87810d68e9f7cca555eef4b1f
3148,54192IN0020012,182,9,Individual,HMO,QHP,Gold,Transparency 2026 - Ind QHP,2733,Transparency_in_Coverage_PUF.xlsx,27379dc76590027b0e6d21d736331f87376f0ac87810d68e9f7cca555eef4b1f
3149,54192IN0020014,182,9,Individual,HMO,QHP,Silver,Transparency 2026 - Ind QHP,2734,Transparency_in_Coverage_PUF.xlsx,27379dc76590027b0e6d21d736331f87376f0ac87810d68e9f7cca555eef4b1f
3150,54192IN0020015,182,9,Individual,HMO,QHP,Bronze,Transparency 2026 - Ind QHP,2735,Transparency_in_Coverage_PUF.xlsx,27379dc76590027b0e6d21d736331f87376f0ac87810d68e9f7cca555eef4b1f
3151,54192IN0020020,182,9,Individual,HMO,QHP,Bronze,Transparency 2026 - Ind QHP,2736,Transparency_in_Coverage_PUF.xlsx,27379dc76590027b0e6d21d736331f87376f0ac87810d68e9f7cca555eef4b1f
3152,54192IN0020025,182,9,Individual,HMO,QHP,Silver,Transparency 2026 - Ind QHP,2737,Transparency_in_Coverage_PUF.xlsx,27379dc76590027b0e6d21d736331f87376f0ac87810d68e9f7cca555eef4b1f
3153,54192IN0020026,182,9,Individual,HMO,QHP,Gold,Transparency 2026 - Ind QHP,2738,Transparency_in_Coverage_PUF.xlsx,27379dc76590027b0e6d21d736331f87376f0ac87810d68e9f7cca555eef4b1f
3154,54192IN0020029,182,9,Individual,HMO,QHP,Platinum,Transparency 2026 - Ind QHP,2739,Transparency_in_Coverage_PUF.xlsx,27379dc76590027b0e6d21d736331f87376f0ac87810d68e9f7cca555eef4b1f
3155,54192IN0020030,182,9,Individual,HMO,QHP,Gold,Transparency 2026 - Ind QHP,2740,Transparency_in_Coverage_PUF.xlsx,27379dc76590027b0e6d21d736331f87376f0ac87810d68e9f7cca555eef4b1f
3156,54192IN0020032,182,9,Individual,HMO,QHP,Silver,Transparency 2026 - Ind QHP,2741,Transparency_in_Coverage_PUF.xlsx,27379dc76590027b0e6d21d736331f87376f0ac87810d68e9f7cca555eef4b1f
3157,54332NC0030020,183,16,Individual,HMO,QHP,Silver,Transparency 2026 - Ind QHP,2742,Transparency_in_Coverage_PUF.xlsx,27379dc76590027b0e6d21d736331f87376f0ac87810d68e9f7cca555eef4b1f
3158,54332NC0030022,183,16,Individual,HMO,QHP,Gold,Transparency 2026 - Ind QHP,2743,Transparency_in_Coverage_PUF.xlsx,27379dc76590027b0e6d21d736331f87376f0ac87810d68e9f7cca555eef4b1f
3159,54332NC0030026,183,16,Individual,HMO,QHP,Bronze,Transparency 2026 - Ind QHP,2744,Transparency_in_Coverage_PUF.xlsx,27379dc76590027b0e6d21d736331f87376f0ac87810d68e9f7cca555eef4b1f
3160,54332NC0030027,183,16,Individual,HMO,QHP,Silver,Transparency 2026 - Ind QHP,2745,Transparency_in_Coverage_PUF.xlsx,27379dc76590027b0e6d21d736331f87376f0ac87810d68e9f7cca555eef4b1f
3161,54332NC0030030,183,16,Individual,HMO,QHP,Bronze,Transparency 2026 - Ind QHP,2746,Transparency_in_Coverage_PUF.xlsx,27379dc76590027b0e6d21d736331f87376f0ac87810d68e9f7cca555eef4b1f
3162,54332NC0030033,183,16,Individual,HMO,QHP,Bronze,Transparency 2026 - Ind QHP,2747,Transparency_in_Coverage_PUF.xlsx,27379dc76590027b0e6d21d736331f87376f0ac87810d68e9f7cca555eef4b1f
3163,54332NC0030035,183,16,Individual,HMO,QHP,Gold,Transparency 2026 - Ind QHP,2748,Transparency_in_Coverage_PUF.xlsx,27379dc76590027b0e6d21d736331f87376f0ac87810d68e9f7cca555eef4b1f
3164,54332NC0030039,183,16,Individual,HMO,QHP,Silver,Transparency 2026 - Ind QHP,2749,Transparency_in_Coverage_PUF.xlsx,27379dc76590027b0e6d21d736331f87376f0ac87810d68e9f7cca555eef4b1f
3165,54332NC0030040,183,16,Individual,HMO,QHP,Gold,Transparency 2026 - Ind QHP,2750,Transparency_in_Coverage_PUF.xlsx,27379dc76590027b0e6d21d736331f87376f0ac87810d68e9f7cca555eef4b1f
3166,54332NC0060004,183,16,Individual,HMO,QHP,Silver,Transparency 2026 - Ind QHP,2751,Transparency_in_Coverage_PUF.xlsx,27379dc76590027b0e6d21d736331f87376f0ac87810d68e9f7cca555eef4b1f
3167,54332NC0060005,183,16,Individual,HMO,QHP,Bronze,Transparency 2026 - Ind QHP,2752,Transparency_in_Coverage_PUF.xlsx,27379dc76590027b0e6d21d736331f87376f0ac87810d68e9f7cca555eef4b1f
3168,54332NC0060006,183,16,Individual,HMO,QHP,Silver,Transparency 2026 - Ind QHP,2753,Transparency_in_Coverage_PUF.xlsx,27379dc76590027b0e6d21d736331f87376f0ac87810d68e9f7cca555eef4b1f
3169,54332NC0060007,183,16,Individual,HMO,QHP,Gold,Transparency 2026 - Ind QHP,2754,Transparency_in_Coverage_PUF.xlsx,27379dc76590027b0e6d21d736331f87376f0ac87810d68e9f7cca555eef4b1f
3170,55440NC0210007,184,16,Individual,PPO,SADP,Low,Transparency 2026 - Ind SADP,357,Transparency_in_Coverage_PUF.xlsx,27379dc76590027b0e6d21d736331f87376f0ac87810d68e9f7cca555eef4b1f
3171,55440NC0220007,184,16,Individual,PPO,SADP,Low,Transparency 2026 - Ind SADP,358,Transparency_in_Coverage_PUF.xlsx,27379dc76590027b0e6d21d736331f87376f0ac87810d68e9f7cca555eef4b1f
3172,55440NC0230005,184,16,Individual,PPO,SADP,Low,Transparency 2026 - Ind SADP,359,Transparency_in_Coverage_PUF.xlsx,27379dc76590027b0e6d21d736331f87376f0ac87810d68e9f7cca555eef4b1f
3173,55440NC0240005,184,16,Individual,PPO,SADP,Low,Transparency 2026 - Ind SADP,360,Transparency_in_Coverage_PUF.xlsx,27379dc76590027b0e6d21d736331f87376f0ac87810d68e9f7cca555eef4b1f
3174,56503FL2010001,185,6,Individual,POS,QHP,Gold,Transparency 2026 - Ind QHP,2755,Transparency_in_Coverage_PUF.xlsx,27379dc76590027b0e6d21d736331f87376f0ac87810d68e9f7cca555eef4b1f
3175,56503FL2090002,185,6,Individual,HMO,QHP,Gold,Transparency 2026 - Ind QHP,2756,Transparency_in_Coverage_PUF.xlsx,27379dc76590027b0e6d21d736331f87376f0ac87810d68e9f7cca555eef4b1f
3176,56503FL2540002,185,6,Individual,POS,QHP,Bronze,Transparency 2026 - Ind QHP,2757,Transparency_in_Coverage_PUF.xlsx,27379dc76590027b0e6d21d736331f87376f0ac87810d68e9f7cca555eef4b1f
3177,56503FL2550002,185,6,Individual,HMO,QHP,Silver,Transparency 2026 - Ind QHP,2758,Transparency_in_Coverage_PUF.xlsx,27379dc76590027b0e6d21d736331f87376f0ac87810d68e9f7cca555eef4b1f
3178,56503FL2560002,185,6,Individual,POS,QHP,Silver,Transparency 2026 - Ind QHP,2759,Transparency_in_Coverage_PUF.xlsx,27379dc76590027b0e6d21d736331f87376f0ac87810d68e9f7cca555eef4b1f
3179,56503FL2570001,185,6,Individual,HMO,QHP,Silver,Transparency 2026 - Ind QHP,2760,Transparency_in_Coverage_PUF.xlsx,27379dc76590027b0e6d21d736331f87376f0ac87810d68e9f7cca555eef4b1f
3180,56503FL2580002,185,6,Individual,POS,QHP,Silver,Transparency 2026 - Ind QHP,2761,Transparency_in_Coverage_PUF.xlsx,27379dc76590027b0e6d21d736331f87376f0ac87810d68e9f7cca555eef4b1f
3181,56503FL2590002,185,6,Individual,HMO,QHP,Gold,Transparency 2026 - Ind QHP,2762,Transparency_in_Coverage_PUF.xlsx,27379dc76590027b0e6d21d736331f87376f0ac87810d68e9f7cca555eef4b1f
3182,56503FL2600002,185,6,Individual,POS,QHP,Gold,Transparency 2026 - Ind QHP,2763,Transparency_in_Coverage_PUF.xlsx,27379dc76590027b0e6d21d736331f87376f0ac87810d68e9f7cca555eef4b1f
3183,56503FL2670001,185,6,Individual,HMO,QHP,Bronze,Transparency 2026 - Ind QHP,2764,Transparency_in_Coverage_PUF.xlsx,27379dc76590027b0e6d21d736331f87376f0ac87810d68e9f7cca555eef4b1f
3184,56503FL2730001,185,6,Individual,HMO,QHP,Bronze,Transparency 2026 - Ind QHP,2765,Transparency_in_Coverage_PUF.xlsx,27379dc76590027b0e6d21d736331f87376f0ac87810d68e9f7cca555eef4b1f
3185,56503FL2790001,185,6,Individual,POS,QHP,Bronze,Transparency 2026 - Ind QHP,2766,Transparency_in_Coverage_PUF.xlsx,27379dc76590027b0e6d21d736331f87376f0ac87810d68e9f7cca555eef4b1f
3186,56503FL2860001,185,6,Individual,HMO,QHP,Gold,Transparency 2026 - Ind QHP,2767,Transparency_in_Coverage_PUF.xlsx,27379dc76590027b0e6d21d736331f87376f0ac87810d68e9f7cca555eef4b1f
3187,56503FL2930001,185,6,Individual,HMO,QHP,Bronze,Transparency 2026 - Ind QHP,2768,Transparency_in_Coverage_PUF.xlsx,27379dc76590027b0e6d21d736331f87376f0ac87810d68e9f7cca555eef4b1f
3188,56503FL2940001,185,6,Individual,HMO,QHP,Silver,Transparency 2026 - Ind QHP,2769,Transparency_in_Coverage_PUF.xlsx,27379dc76590027b0e6d21d736331f87376f0ac87810d68e9f7cca555eef4b1f
3189,56503FL3040001,185,6,Individual,HMO,QHP,Bronze,Transparency 2026 - Ind QHP,2770,Transparency_in_Coverage_PUF.xlsx,27379dc76590027b0e6d21d736331f87376f0ac87810d68e9f7cca555eef4b1f
3190,56503FL3050001,185,6,Individual,HMO,QHP,Silver,Transparency 2026 - Ind QHP,2771,Transparency_in_Coverage_PUF.xlsx,27379dc76590027b0e6d21d736331f87376f0ac87810d68e9f7cca555eef4b1f
3191,56503FL3060001,185,6,Individual,HMO,QHP,Gold,Transparency 2026 - Ind QHP,2772,Transparency_in_Coverage_PUF.xlsx,27379dc76590027b0e6d21d736331f87376f0ac87810d68e9f7cca555eef4b1f
3192,56503FL3290001,185,6,Individual,POS,QHP,Bronze,Transparency 2026 - Ind QHP,2773,Transparency_in_Coverage_PUF.xlsx,27379dc76590027b0e6d21d736331f87376f0ac87810d68e9f7cca555eef4b1f
3193,56503FL3300001,185,6,Individual,POS,QHP,Silver,Transparency 2026 - Ind QHP,2774,Transparency_in_Coverage_PUF.xlsx,27379dc76590027b0e6d21d736331f87376f0ac87810d68e9f7cca555eef4b1f
3194,56503FL3310001,185,6,Individual,POS,QHP,Gold,Transparency 2026 - Ind QHP,2775,Transparency_in_Coverage_PUF.xlsx,27379dc76590027b0e6d21d736331f87376f0ac87810d68e9f7cca555eef4b1f
3195,56503FL3340001,185,6,Individual,POS,QHP,Bronze,Transparency 2026 - Ind QHP,2776,Transparency_in_Coverage_PUF.xlsx,27379dc76590027b0e6d21d736331f87376f0ac87810d68e9f7cca555eef4b1f
3196,56503FL3370001,185,6,Individual,POS,QHP,Silver,Transparency 2026 - Ind QHP,2777,Transparency_in_Coverage_PUF.xlsx,27379dc76590027b0e6d21d736331f87376f0ac87810d68e9f7cca555eef4b1f
3197,56610IA0100001,186,8,Individual,HMO,QHP,Bronze,Transparency 2026 - Ind QHP,2778,Transparency_in_Coverage_PUF.xlsx,27379dc76590027b0e6d21d736331f87376f0ac87810d68e9f7cca555eef4b1f
3198,56610IA0100002,186,8,Individual,HMO,QHP,Bronze,Transparency 2026 - Ind QHP,2779,Transparency_in_Coverage_PUF.xlsx,27379dc76590027b0e6d21d736331f87376f0ac87810d68e9f7cca555eef4b1f
3199,56610IA0100003,186,8,Individual,HMO,QHP,Bronze,Transparency 2026 - Ind QHP,2780,Transparency_in_Coverage_PUF.xlsx,27379dc76590027b0e6d21d736331f87376f0ac87810d68e9f7cca555eef4b1f
3200,56610IA0100004,186,8,Individual,HMO,QHP,Silver,Transparency 2026 - Ind QHP,2781,Transparency_in_Coverage_PUF.xlsx,27379dc76590027b0e6d21d736331f87376f0ac87810d68e9f7cca555eef4b1f
3201,56610IA0100005,186,8,Individual,HMO,QHP,Silver,Transparency 2026 - Ind QHP,2782,Transparency_in_Coverage_PUF.xlsx,27379dc76590027b0e6d21d736331f87376f0ac87810d68e9f7cca555eef4b1f
3202,56610IA0100006,186,8,Individual,HMO,QHP,Silver,Transparency 2026 - Ind QHP,2783,Transparency_in_Coverage_PUF.xlsx,27379dc76590027b0e6d21d736331f87376f0ac87810d68e9f7cca555eef4b1f
3203,56610IA0100007,186,8,Individual,HMO,QHP,Gold,Transparency 2026 - Ind QHP,2784,Transparency_in_Coverage_PUF.xlsx,27379dc76590027b0e6d21d736331f87376f0ac87810d68e9f7cca555eef4b1f
3204,56610IA0100008,186,8,Individual,HMO,QHP,Gold,Transparency 2026 - Ind QHP,2785,Transparency_in_Coverage_PUF.xlsx,27379dc76590027b0e6d21d736331f87376f0ac87810d68e9f7cca555eef4b1f
3205,56610IA0100009,186,8,Individual,HMO,QHP,Gold,Transparency 2026 - Ind QHP,2786,Transparency_in_Coverage_PUF.xlsx,27379dc76590027b0e6d21d736331f87376f0ac87810d68e9f7cca555eef4b1f
3206,56610IA0110001,186,8,Individual,HMO,QHP,Bronze,Transparency 2026 - Ind QHP,2787,Transparency_in_Coverage_PUF.xlsx,27379dc76590027b0e6d21d736331f87376f0ac87810d68e9f7cca555eef4b1f
3207,56610IA0110002,186,8,Individual,HMO,QHP,Silver,Transparency 2026 - Ind QHP,2788,Transparency_in_Coverage_PUF.xlsx,27379dc76590027b0e6d21d736331f87376f0ac87810d68e9f7cca555eef4b1f
3208,56610IA0110003,186,8,Individual,HMO,QHP,Gold,Transparency 2026 - Ind QHP,2789,Transparency_in_Coverage_PUF.xlsx,27379dc76590027b0e6d21d736331f87376f0ac87810d68e9f7cca555eef4b1f
3209,56707OR1320004,187,22,Individual,EPO,QHP,Gold,Transparency 2026 - Ind QHP,2790,Transparency_in_Coverage_PUF.xlsx,27379dc76590027b0e6d21d736331f87376f0ac87810d68e9f7cca555eef4b1f
3210,56707OR1330004,187,22,Individual,EPO,QHP,Silver,Transparency 2026 - Ind QHP,2791,Transparency_in_Coverage_PUF.xlsx,27379dc76590027b0e6d21d736331f87376f0ac87810d68e9f7cca555eef4b1f
3211,56707OR1350004,187,22,Individual,EPO,QHP,Gold,Transparency 2026 - Ind QHP,2792,Transparency_in_Coverage_PUF.xlsx,27379dc76590027b0e6d21d736331f87376f0ac87810d68e9f7cca555eef4b1f
3212,56707OR1360004,187,22,Individual,EPO,QHP,Silver,Transparency 2026 - Ind QHP,2793,Transparency_in_Coverage_PUF.xlsx,27379dc76590027b0e6d21d736331f87376f0ac87810d68e9f7cca555eef4b1f
3213,56707OR1380008,187,22,Individual,EPO,QHP,Gold,Transparency 2026 - Ind QHP,2794,Transparency_in_Coverage_PUF.xlsx,27379dc76590027b0e6d21d736331f87376f0ac87810d68e9f7cca555eef4b1f
3214,56707OR1380013,187,22,Individual,EPO,QHP,Silver,Transparency 2026 - Ind QHP,2795,Transparency_in_Coverage_PUF.xlsx,27379dc76590027b0e6d21d736331f87376f0ac87810d68e9f7cca555eef4b1f
3215,56707OR1380014,187,22,Individual,EPO,QHP,Bronze,Transparency 2026 - Ind QHP,2796,Transparency_in_Coverage_PUF.xlsx,27379dc76590027b0e6d21d736331f87376f0ac87810d68e9f7cca555eef4b1f
3216,56707OR1400003,187,22,Individual,EPO,QHP,Bronze,Transparency 2026 - Ind QHP,2797,Transparency_in_Coverage_PUF.xlsx,27379dc76590027b0e6d21d736331f87376f0ac87810d68e9f7cca555eef4b1f
3217,56707OR1410003,187,22,Individual,EPO,QHP,Bronze,Transparency 2026 - Ind QHP,2798,Transparency_in_Coverage_PUF.xlsx,27379dc76590027b0e6d21d736331f87376f0ac87810d68e9f7cca555eef4b1f
3218,56707OR1420003,187,22,Individual,EPO,QHP,Bronze,Transparency 2026 - Ind QHP,2799,Transparency_in_Coverage_PUF.xlsx,27379dc76590027b0e6d21d736331f87376f0ac87810d68e9f7cca555eef4b1f
3219,56707OR1430003,187,22,Individual,EPO,QHP,Bronze,Transparency 2026 - Ind QHP,2800,Transparency_in_Coverage_PUF.xlsx,27379dc76590027b0e6d21d736331f87376f0ac87810d68e9f7cca555eef4b1f
3220,56726OH0080001,188,20,Individual,PPO,SADP,Low,Transparency 2026 - Ind SADP,361,Transparency_in_Coverage_PUF.xlsx,27379dc76590027b0e6d21d736331f87376f0ac87810d68e9f7cca555eef4b1f
3221,56766MS0010002,189,14,Individual,EPO,QHP,Bronze,Transparency 2026 - Ind QHP,2801,Transparency_in_Coverage_PUF.xlsx,27379dc76590027b0e6d21d736331f87376f0ac87810d68e9f7cca555eef4b1f
3222,56766MS0010003,189,14,Individual,EPO,QHP,Bronze,Transparency 2026 - Ind QHP,2802,Transparency_in_Coverage_PUF.xlsx,27379dc76590027b0e6d21d736331f87376f0ac87810d68e9f7cca555eef4b1f
3223,56766MS0010004,189,14,Individual,EPO,QHP,Silver,Transparency 2026 - Ind QHP,2803,Transparency_in_Coverage_PUF.xlsx,27379dc76590027b0e6d21d736331f87376f0ac87810d68e9f7cca555eef4b1f
3224,56766MS0010005,189,14,Individual,EPO,QHP,Silver,Transparency 2026 - Ind QHP,2804,Transparency_in_Coverage_PUF.xlsx,27379dc76590027b0e6d21d736331f87376f0ac87810d68e9f7cca555eef4b1f
3225,56766MS0010008,189,14,Individual,EPO,QHP,Silver,Transparency 2026 - Ind QHP,2805,Transparency_in_Coverage_PUF.xlsx,27379dc76590027b0e6d21d736331f87376f0ac87810d68e9f7cca555eef4b1f
3226,56766MS0010011,189,14,Individual,EPO,QHP,Silver,Transparency 2026 - Ind QHP,2806,Transparency_in_Coverage_PUF.xlsx,27379dc76590027b0e6d21d736331f87376f0ac87810d68e9f7cca555eef4b1f
3227,56766MS0010012,189,14,Individual,EPO,QHP,Bronze,Transparency 2026 - Ind QHP,2807,Transparency_in_Coverage_PUF.xlsx,27379dc76590027b0e6d21d736331f87376f0ac87810d68e9f7cca555eef4b1f
3228,56766MS0010014,189,14,Individual,EPO,QHP,Gold,Transparency 2026 - Ind QHP,2808,Transparency_in_Coverage_PUF.xlsx,27379dc76590027b0e6d21d736331f87376f0ac87810d68e9f7cca555eef4b1f
3229,56766MS0010015,189,14,Individual,EPO,QHP,Bronze,Transparency 2026 - Ind QHP,2809,Transparency_in_Coverage_PUF.xlsx,27379dc76590027b0e6d21d736331f87376f0ac87810d68e9f7cca555eef4b1f
3230,56766MS0010016,189,14,Individual,EPO,QHP,Silver,Transparency 2026 - Ind QHP,2810,Transparency_in_Coverage_PUF.xlsx,27379dc76590027b0e6d21d736331f87376f0ac87810d68e9f7cca555eef4b1f
3231,56891NC0110001,190,16,Individual,PPO,SADP,Low,Transparency 2026 - Ind SADP,362,Transparency_in_Coverage_PUF.xlsx,27379dc76590027b0e6d21d736331f87376f0ac87810d68e9f7cca555eef4b1f
3232,56891NC0120001,190,16,Individual,PPO,SADP,High,Transparency 2026 - Ind SADP,363,Transparency_in_Coverage_PUF.xlsx,27379dc76590027b0e6d21d736331f87376f0ac87810d68e9f7cca555eef4b1f
3233,56891NC0130001,190,16,Individual,PPO,SADP,High,Transparency 2026 - Ind SADP,364,Transparency_in_Coverage_PUF.xlsx,27379dc76590027b0e6d21d736331f87376f0ac87810d68e9f7cca555eef4b1f
3234,57424NE0010003,191,18,Individual,EPO,QHP,Bronze,Transparency 2026 - Ind QHP,2811,Transparency_in_Coverage_PUF.xlsx,27379dc76590027b0e6d21d736331f87376f0ac87810d68e9f7cca555eef4b1f
3235,57424NE0010005,191,18,Individual,EPO,QHP,Bronze,Transparency 2026 - Ind QHP,2812,Transparency_in_Coverage_PUF.xlsx,27379dc76590027b0e6d21d736331f87376f0ac87810d68e9f7cca555eef4b1f
3236,57424NE0010006,191,18,Individual,EPO,QHP,Silver,Transparency 2026 - Ind QHP,2813,Transparency_in_Coverage_PUF.xlsx,27379dc76590027b0e6d21d736331f87376f0ac87810d68e9f7cca555eef4b1f
3237,57424NE0010011,191,18,Individual,EPO,QHP,Catastrophic,Transparency 2026 - Ind QHP,2814,Transparency_in_Coverage_PUF.xlsx,27379dc76590027b0e6d21d736331f87376f0ac87810d68e9f7cca555eef4b1f
3238,57424NE0010025,191,18,Individual,EPO,QHP,Silver,Transparency 2026 - Ind QHP,2815,Transparency_in_Coverage_PUF.xlsx,27379dc76590027b0e6d21d736331f87376f0ac87810d68e9f7cca555eef4b1f
3239,57424NE0010036,191,18,Individual,EPO,QHP,Gold,Transparency 2026 - Ind QHP,2816,Transparency_in_Coverage_PUF.xlsx,27379dc76590027b0e6d21d736331f87376f0ac87810d68e9f7cca555eef4b1f
3240,57424NE0010045,191,18,Individual,EPO,QHP,Silver,Transparency 2026 - Ind QHP,2817,Transparency_in_Coverage_PUF.xlsx,27379dc76590027b0e6d21d736331f87376f0ac87810d68e9f7cca555eef4b1f
3241,57424NE0010050,191,18,Individual,EPO,QHP,Bronze,Transparency 2026 - Ind QHP,2818,Transparency_in_Coverage_PUF.xlsx,27379dc76590027b0e6d21d736331f87376f0ac87810d68e9f7cca555eef4b1f
3242,57424NE0010052,191,18,Individual,EPO,QHP,Silver,Transparency 2026 - Ind QHP,2819,Transparency_in_Coverage_PUF.xlsx,27379dc76590027b0e6d21d736331f87376f0ac87810d68e9f7cca555eef4b1f
3243,57424NE0010053,191,18,Individual,EPO,QHP,Gold,Transparency 2026 - Ind QHP,2820,Transparency_in_Coverage_PUF.xlsx,27379dc76590027b0e6d21d736331f87376f0ac87810d68e9f7cca555eef4b1f
3244,57424NE0010055,191,18,Individual,EPO,QHP,Silver,Transparency 2026 - Ind QHP,2821,Transparency_in_Coverage_PUF.xlsx,27379dc76590027b0e6d21d736331f87376f0ac87810d68e9f7cca555eef4b1f
3245,57424NE0010056,191,18,Individual,EPO,QHP,Bronze,Transparency 2026 - Ind QHP,2822,Transparency_in_Coverage_PUF.xlsx,27379dc76590027b0e6d21d736331f87376f0ac87810d68e9f7cca555eef4b1f
3246,57424NE0010057,191,18,Individual,EPO,QHP,Bronze,Transparency 2026 - Ind QHP,2823,Transparency_in_Coverage_PUF.xlsx,27379dc76590027b0e6d21d736331f87376f0ac87810d68e9f7cca555eef4b1f
3247,57424NE0010058,191,18,Individual,EPO,QHP,Bronze,Transparency 2026 - Ind QHP,2824,Transparency_in_Coverage_PUF.xlsx,27379dc76590027b0e6d21d736331f87376f0ac87810d68e9f7cca555eef4b1f
3248,57424NE0010059,191,18,Individual,EPO,QHP,Bronze,Transparency 2026 - Ind QHP,2825,Transparency_in_Coverage_PUF.xlsx,27379dc76590027b0e6d21d736331f87376f0ac87810d68e9f7cca555eef4b1f
3249,57424NE0010060,191,18,Individual,EPO,QHP,Bronze,Transparency 2026 - Ind QHP,2826,Transparency_in_Coverage_PUF.xlsx,27379dc76590027b0e6d21d736331f87376f0ac87810d68e9f7cca555eef4b1f
3250,57424NE0010061,191,18,Individual,EPO,QHP,Silver,Transparency 2026 - Ind QHP,2827,Transparency_in_Coverage_PUF.xlsx,27379dc76590027b0e6d21d736331f87376f0ac87810d68e9f7cca555eef4b1f
3251,57424NE0010062,191,18,Individual,EPO,QHP,Silver,Transparency 2026 - Ind QHP,2828,Transparency_in_Coverage_PUF.xlsx,27379dc76590027b0e6d21d736331f87376f0ac87810d68e9f7cca555eef4b1f
3252,57424NE0010063,191,18,Individual,EPO,QHP,Silver,Transparency 2026 - Ind QHP,2829,Transparency_in_Coverage_PUF.xlsx,27379dc76590027b0e6d21d736331f87376f0ac87810d68e9f7cca555eef4b1f
3253,57424NE0010064,191,18,Individual,EPO,QHP,Silver,Transparency 2026 - Ind QHP,2830,Transparency_in_Coverage_PUF.xlsx,27379dc76590027b0e6d21d736331f87376f0ac87810d68e9f7cca555eef4b1f
3254,57424NE0010065,191,18,Individual,EPO,QHP,Silver,Transparency 2026 - Ind QHP,2831,Transparency_in_Coverage_PUF.xlsx,27379dc76590027b0e6d21d736331f87376f0ac87810d68e9f7cca555eef4b1f
3255,57424NE0010066,191,18,Individual,EPO,QHP,Gold,Transparency 2026 - Ind QHP,2832,Transparency_in_Coverage_PUF.xlsx,27379dc76590027b0e6d21d736331f87376f0ac87810d68e9f7cca555eef4b1f
3256,57424NE0010067,191,18,Individual,EPO,QHP,Gold,Transparency 2026 - Ind QHP,2833,Transparency_in_Coverage_PUF.xlsx,27379dc76590027b0e6d21d736331f87376f0ac87810d68e9f7cca555eef4b1f
3257,57601NH0350001,192,19,SHOP,PPO,QHP,Bronze,Transparency 2026 - SHOP,69,Transparency_in_Coverage_PUF.xlsx,27379dc76590027b0e6d21d736331f87376f0ac87810d68e9f7cca555eef4b1f
3258,57601NH0350002,192,19,SHOP,PPO,QHP,Bronze,Transparency 2026 - SHOP,70,Transparency_in_Coverage_PUF.xlsx,27379dc76590027b0e6d21d736331f87376f0ac87810d68e9f7cca555eef4b1f
3259,57601NH0350003,192,19,SHOP,PPO,QHP,Gold,Transparency 2026 - SHOP,71,Transparency_in_Coverage_PUF.xlsx,27379dc76590027b0e6d21d736331f87376f0ac87810d68e9f7cca555eef4b1f
3260,57601NH0350005,192,19,SHOP,PPO,QHP,Gold,Transparency 2026 - SHOP,72,Transparency_in_Coverage_PUF.xlsx,27379dc76590027b0e6d21d736331f87376f0ac87810d68e9f7cca555eef4b1f
3261,57601NH0350006,192,19,SHOP,PPO,QHP,Gold,Transparency 2026 - SHOP,73,Transparency_in_Coverage_PUF.xlsx,27379dc76590027b0e6d21d736331f87376f0ac87810d68e9f7cca555eef4b1f
3262,57601NH0350007,192,19,SHOP,PPO,QHP,Gold,Transparency 2026 - SHOP,74,Transparency_in_Coverage_PUF.xlsx,27379dc76590027b0e6d21d736331f87376f0ac87810d68e9f7cca555eef4b1f
3263,57601NH0350008,192,19,SHOP,PPO,QHP,Gold,Transparency 2026 - SHOP,75,Transparency_in_Coverage_PUF.xlsx,27379dc76590027b0e6d21d736331f87376f0ac87810d68e9f7cca555eef4b1f
3264,57601NH0350012,192,19,SHOP,PPO,QHP,Silver,Transparency 2026 - SHOP,76,Transparency_in_Coverage_PUF.xlsx,27379dc76590027b0e6d21d736331f87376f0ac87810d68e9f7cca555eef4b1f
3265,57601NH0350013,192,19,SHOP,PPO,QHP,Silver,Transparency 2026 - SHOP,77,Transparency_in_Coverage_PUF.xlsx,27379dc76590027b0e6d21d736331f87376f0ac87810d68e9f7cca555eef4b1f
3266,57601NH0350014,192,19,SHOP,PPO,QHP,Silver,Transparency 2026 - SHOP,78,Transparency_in_Coverage_PUF.xlsx,27379dc76590027b0e6d21d736331f87376f0ac87810d68e9f7cca555eef4b1f
3267,57601NH0350015,192,19,SHOP,PPO,QHP,Silver,Transparency 2026 - SHOP,79,Transparency_in_Coverage_PUF.xlsx,27379dc76590027b0e6d21d736331f87376f0ac87810d68e9f7cca555eef4b1f
3268,57601NH0350016,192,19,SHOP,PPO,QHP,Silver,Transparency 2026 - SHOP,80,Transparency_in_Coverage_PUF.xlsx,27379dc76590027b0e6d21d736331f87376f0ac87810d68e9f7cca555eef4b1f
3269,57601NH0350019,192,19,SHOP,PPO,QHP,Silver,Transparency 2026 - SHOP,81,Transparency_in_Coverage_PUF.xlsx,27379dc76590027b0e6d21d736331f87376f0ac87810d68e9f7cca555eef4b1f
3270,57601NH0350023,192,19,SHOP,PPO,QHP,Silver,Transparency 2026 - SHOP,82,Transparency_in_Coverage_PUF.xlsx,27379dc76590027b0e6d21d736331f87376f0ac87810d68e9f7cca555eef4b1f
3271,57601NH0350024,192,19,SHOP,PPO,QHP,Gold,Transparency 2026 - SHOP,83,Transparency_in_Coverage_PUF.xlsx,27379dc76590027b0e6d21d736331f87376f0ac87810d68e9f7cca555eef4b1f
3272,57601NH0350027,192,19,SHOP,PPO,QHP,Silver,Transparency 2026 - SHOP,84,Transparency_in_Coverage_PUF.xlsx,27379dc76590027b0e6d21d736331f87376f0ac87810d68e9f7cca555eef4b1f
3273,57601NH0350028,192,19,SHOP,PPO,QHP,Silver,Transparency 2026 - SHOP,85,Transparency_in_Coverage_PUF.xlsx,27379dc76590027b0e6d21d736331f87376f0ac87810d68e9f7cca555eef4b1f
3274,57601NH0350031,192,19,SHOP,PPO,QHP,Silver,Transparency 2026 - SHOP,86,Transparency_in_Coverage_PUF.xlsx,27379dc76590027b0e6d21d736331f87376f0ac87810d68e9f7cca555eef4b1f
3275,57601NH0350032,192,19,SHOP,PPO,QHP,Platinum,Transparency 2026 - SHOP,87,Transparency_in_Coverage_PUF.xlsx,27379dc76590027b0e6d21d736331f87376f0ac87810d68e9f7cca555eef4b1f
3276,57601NH0350033,192,19,SHOP,PPO,QHP,Silver,Transparency 2026 - SHOP,88,Transparency_in_Coverage_PUF.xlsx,27379dc76590027b0e6d21d736331f87376f0ac87810d68e9f7cca555eef4b1f
3277,57601NH0350034,192,19,SHOP,PPO,QHP,Silver,Transparency 2026 - SHOP,89,Transparency_in_Coverage_PUF.xlsx,27379dc76590027b0e6d21d736331f87376f0ac87810d68e9f7cca555eef4b1f
3278,57601NH0350035,192,19,SHOP,PPO,QHP,Gold,Transparency 2026 - SHOP,90,Transparency_in_Coverage_PUF.xlsx,27379dc76590027b0e6d21d736331f87376f0ac87810d68e9f7cca555eef4b1f
3279,57601NH0350036,192,19,SHOP,PPO,QHP,Silver,Transparency 2026 - SHOP,91,Transparency_in_Coverage_PUF.xlsx,27379dc76590027b0e6d21d736331f87376f0ac87810d68e9f7cca555eef4b1f
3280,57601NH0350037,192,19,SHOP,PPO,QHP,Silver,Transparency 2026 - SHOP,92,Transparency_in_Coverage_PUF.xlsx,27379dc76590027b0e6d21d736331f87376f0ac87810d68e9f7cca555eef4b1f
3281,57601NH0350040,192,19,SHOP,PPO,QHP,Bronze,Transparency 2026 - SHOP,93,Transparency_in_Coverage_PUF.xlsx,27379dc76590027b0e6d21d736331f87376f0ac87810d68e9f7cca555eef4b1f
3282,57601NH0350042,192,19,SHOP,PPO,QHP,Bronze,Transparency 2026 - SHOP,94,Transparency_in_Coverage_PUF.xlsx,27379dc76590027b0e6d21d736331f87376f0ac87810d68e9f7cca555eef4b1f
3283,57601NH0420003,192,19,Individual,PPO,SADP,Low,Transparency 2026 - Ind SADP,365,Transparency_in_Coverage_PUF.xlsx,27379dc76590027b0e6d21d736331f87376f0ac87810d68e9f7cca555eef4b1f
3284,57601NH0420004,192,19,Individual,PPO,SADP,High,Transparency 2026 - Ind SADP,366,Transparency_in_Coverage_PUF.xlsx,27379dc76590027b0e6d21d736331f87376f0ac87810d68e9f7cca555eef4b1f
3285,57601NH0420005,192,19,Individual,PPO,SADP,Low,Transparency 2026 - Ind SADP,367,Transparency_in_Coverage_PUF.xlsx,27379dc76590027b0e6d21d736331f87376f0ac87810d68e9f7cca555eef4b1f
3286,57601NH0420006,192,19,Individual,PPO,SADP,Low,Transparency 2026 - Ind SADP,368,Transparency_in_Coverage_PUF.xlsx,27379dc76590027b0e6d21d736331f87376f0ac87810d68e9f7cca555eef4b1f
3287,57845WI0040011,193,28,Individual,EPO,QHP,Bronze,Transparency 2026 - Ind QHP,2834,Transparency_in_Coverage_PUF.xlsx,27379dc76590027b0e6d21d736331f87376f0ac87810d68e9f7cca555eef4b1f
3288,57845WI0040027,193,28,Individual,EPO,QHP,Silver,Transparency 2026 - Ind QHP,2835,Transparency_in_Coverage_PUF.xlsx,27379dc76590027b0e6d21d736331f87376f0ac87810d68e9f7cca555eef4b1f
3289,57845WI0040029,193,28,Individual,EPO,QHP,Bronze,Transparency 2026 - Ind QHP,2836,Transparency_in_Coverage_PUF.xlsx,27379dc76590027b0e6d21d736331f87376f0ac87810d68e9f7cca555eef4b1f
3290,57845WI0040055,193,28,Individual,EPO,QHP,Gold,Transparency 2026 - Ind QHP,2837,Transparency_in_Coverage_PUF.xlsx,27379dc76590027b0e6d21d736331f87376f0ac87810d68e9f7cca555eef4b1f
3291,57845WI0040057,193,28,Individual,EPO,QHP,Silver,Transparency 2026 - Ind QHP,2838,Transparency_in_Coverage_PUF.xlsx,27379dc76590027b0e6d21d736331f87376f0ac87810d68e9f7cca555eef4b1f
3292,57845WI0040073,193,28,Individual,EPO,QHP,Bronze,Transparency 2026 - Ind QHP,2839,Transparency_in_Coverage_PUF.xlsx,27379dc76590027b0e6d21d736331f87376f0ac87810d68e9f7cca555eef4b1f
3293,57845WI0040074,193,28,Individual,EPO,QHP,Gold,Transparency 2026 - Ind QHP,2840,Transparency_in_Coverage_PUF.xlsx,27379dc76590027b0e6d21d736331f87376f0ac87810d68e9f7cca555eef4b1f
3294,57845WI0040075,193,28,Individual,EPO,QHP,Silver,Transparency 2026 - Ind QHP,2841,Transparency_in_Coverage_PUF.xlsx,27379dc76590027b0e6d21d736331f87376f0ac87810d68e9f7cca555eef4b1f
3295,57845WI0040076,193,28,Individual,EPO,QHP,Gold,Transparency 2026 - Ind QHP,2842,Transparency_in_Coverage_PUF.xlsx,27379dc76590027b0e6d21d736331f87376f0ac87810d68e9f7cca555eef4b1f
3296,57845WI0050011,193,28,Individual,EPO,QHP,Bronze,Transparency 2026 - Ind QHP,2843,Transparency_in_Coverage_PUF.xlsx,27379dc76590027b0e6d21d736331f87376f0ac87810d68e9f7cca555eef4b1f
3297,57845WI0050027,193,28,Individual,EPO,QHP,Silver,Transparency 2026 - Ind QHP,2844,Transparency_in_Coverage_PUF.xlsx,27379dc76590027b0e6d21d736331f87376f0ac87810d68e9f7cca555eef4b1f
3298,57845WI0050029,193,28,Individual,EPO,QHP,Bronze,Transparency 2026 - Ind QHP,2845,Transparency_in_Coverage_PUF.xlsx,27379dc76590027b0e6d21d736331f87376f0ac87810d68e9f7cca555eef4b1f
3299,57845WI0050055,193,28,Individual,EPO,QHP,Gold,Transparency 2026 - Ind QHP,2846,Transparency_in_Coverage_PUF.xlsx,27379dc76590027b0e6d21d736331f87376f0ac87810d68e9f7cca555eef4b1f
3300,57845WI0050057,193,28,Individual,EPO,QHP,Silver,Transparency 2026 - Ind QHP,2847,Transparency_in_Coverage_PUF.xlsx,27379dc76590027b0e6d21d736331f87376f0ac87810d68e9f7cca555eef4b1f
3301,57845WI0050073,193,28,Individual,EPO,QHP,Bronze,Transparency 2026 - Ind QHP,2848,Transparency_in_Coverage_PUF.xlsx,27379dc76590027b0e6d21d736331f87376f0ac87810d68e9f7cca555eef4b1f
3302,57845WI0050074,193,28,Individual,EPO,QHP,Gold,Transparency 2026 - Ind QHP,2849,Transparency_in_Coverage_PUF.xlsx,27379dc76590027b0e6d21d736331f87376f0ac87810d68e9f7cca555eef4b1f
3303,57845WI0050075,193,28,Individual,EPO,QHP,Silver,Transparency 2026 - Ind QHP,2850,Transparency_in_Coverage_PUF.xlsx,27379dc76590027b0e6d21d736331f87376f0ac87810d68e9f7cca555eef4b1f
3304,57845WI0050076,193,28,Individual,EPO,QHP,Gold,Transparency 2026 - Ind QHP,2851,Transparency_in_Coverage_PUF.xlsx,27379dc76590027b0e6d21d736331f87376f0ac87810d68e9f7cca555eef4b1f
3305,57845WI0060011,193,28,Individual,EPO,QHP,Bronze,Transparency 2026 - Ind QHP,2852,Transparency_in_Coverage_PUF.xlsx,27379dc76590027b0e6d21d736331f87376f0ac87810d68e9f7cca555eef4b1f
3306,57845WI0060027,193,28,Individual,EPO,QHP,Silver,Transparency 2026 - Ind QHP,2853,Transparency_in_Coverage_PUF.xlsx,27379dc76590027b0e6d21d736331f87376f0ac87810d68e9f7cca555eef4b1f
3307,57845WI0060029,193,28,Individual,EPO,QHP,Bronze,Transparency 2026 - Ind QHP,2854,Transparency_in_Coverage_PUF.xlsx,27379dc76590027b0e6d21d736331f87376f0ac87810d68e9f7cca555eef4b1f
3308,57845WI0060055,193,28,Individual,EPO,QHP,Gold,Transparency 2026 - Ind QHP,2855,Transparency_in_Coverage_PUF.xlsx,27379dc76590027b0e6d21d736331f87376f0ac87810d68e9f7cca555eef4b1f
3309,57845WI0060057,193,28,Individual,EPO,QHP,Silver,Transparency 2026 - Ind QHP,2856,Transparency_in_Coverage_PUF.xlsx,27379dc76590027b0e6d21d736331f87376f0ac87810d68e9f7cca555eef4b1f
3310,57845WI0060073,193,28,Individual,EPO,QHP,Bronze,Transparency 2026 - Ind QHP,2857,Transparency_in_Coverage_PUF.xlsx,27379dc76590027b0e6d21d736331f87376f0ac87810d68e9f7cca555eef4b1f
3311,57845WI0060074,193,28,Individual,EPO,QHP,Gold,Transparency 2026 - Ind QHP,2858,Transparency_in_Coverage_PUF.xlsx,27379dc76590027b0e6d21d736331f87376f0ac87810d68e9f7cca555eef4b1f
3312,57845WI0060075,193,28,Individual,EPO,QHP,Silver,Transparency 2026 - Ind QHP,2859,Transparency_in_Coverage_PUF.xlsx,27379dc76590027b0e6d21d736331f87376f0ac87810d68e9f7cca555eef4b1f
3313,57845WI0060076,193,28,Individual,EPO,QHP,Gold,Transparency 2026 - Ind QHP,2860,Transparency_in_Coverage_PUF.xlsx,27379dc76590027b0e6d21d736331f87376f0ac87810d68e9f7cca555eef4b1f
3314,58326WI0090002,194,28,Individual,HMO,QHP,Silver,Transparency 2026 - Ind QHP,2861,Transparency_in_Coverage_PUF.xlsx,27379dc76590027b0e6d21d736331f87376f0ac87810d68e9f7cca555eef4b1f
3315,58326WI0090013,194,28,Individual,HMO,QHP,Gold,Transparency 2026 - Ind QHP,2862,Transparency_in_Coverage_PUF.xlsx,27379dc76590027b0e6d21d736331f87376f0ac87810d68e9f7cca555eef4b1f
3316,58326WI0090016,194,28,Individual,HMO,QHP,Silver,Transparency 2026 - Ind QHP,2863,Transparency_in_Coverage_PUF.xlsx,27379dc76590027b0e6d21d736331f87376f0ac87810d68e9f7cca555eef4b1f
3317,58326WI0090021,194,28,Individual,HMO,QHP,Gold,Transparency 2026 - Ind QHP,2864,Transparency_in_Coverage_PUF.xlsx,27379dc76590027b0e6d21d736331f87376f0ac87810d68e9f7cca555eef4b1f
3318,58326WI0090022,194,28,Individual,HMO,QHP,Silver,Transparency 2026 - Ind QHP,2865,Transparency_in_Coverage_PUF.xlsx,27379dc76590027b0e6d21d736331f87376f0ac87810d68e9f7cca555eef4b1f
3319,58326WI0090023,194,28,Individual,HMO,QHP,Bronze,Transparency 2026 - Ind QHP,2866,Transparency_in_Coverage_PUF.xlsx,27379dc76590027b0e6d21d736331f87376f0ac87810d68e9f7cca555eef4b1f
3320,58326WI0090024,194,28,Individual,HMO,QHP,Bronze,Transparency 2026 - Ind QHP,2867,Transparency_in_Coverage_PUF.xlsx,27379dc76590027b0e6d21d736331f87376f0ac87810d68e9f7cca555eef4b1f
3321,58594MI0030017,195,12,Individual,HMO,QHP,Silver,Transparency 2026 - Ind QHP,2868,Transparency_in_Coverage_PUF.xlsx,27379dc76590027b0e6d21d736331f87376f0ac87810d68e9f7cca555eef4b1f
3322,58594MI0030020,195,12,Individual,HMO,QHP,Gold,Transparency 2026 - Ind QHP,2869,Transparency_in_Coverage_PUF.xlsx,27379dc76590027b0e6d21d736331f87376f0ac87810d68e9f7cca555eef4b1f
3323,58594MI0030021,195,12,Individual,HMO,QHP,Gold,Transparency 2026 - Ind QHP,2870,Transparency_in_Coverage_PUF.xlsx,27379dc76590027b0e6d21d736331f87376f0ac87810d68e9f7cca555eef4b1f
3324,58594MI0030024,195,12,Individual,HMO,QHP,Silver,Transparency 2026 - Ind QHP,2871,Transparency_in_Coverage_PUF.xlsx,27379dc76590027b0e6d21d736331f87376f0ac87810d68e9f7cca555eef4b1f
3325,58594MI0030025,195,12,Individual,HMO,QHP,Gold,Transparency 2026 - Ind QHP,2872,Transparency_in_Coverage_PUF.xlsx,27379dc76590027b0e6d21d736331f87376f0ac87810d68e9f7cca555eef4b1f
3326,58594MI0040020,195,12,Individual,HMO,QHP,Gold,Transparency 2026 - Ind QHP,2873,Transparency_in_Coverage_PUF.xlsx,27379dc76590027b0e6d21d736331f87376f0ac87810d68e9f7cca555eef4b1f
3327,58594MI0040023,195,12,Individual,HMO,QHP,Gold,Transparency 2026 - Ind QHP,2874,Transparency_in_Coverage_PUF.xlsx,27379dc76590027b0e6d21d736331f87376f0ac87810d68e9f7cca555eef4b1f
3328,58594MI0040025,195,12,Individual,HMO,QHP,Silver,Transparency 2026 - Ind QHP,2875,Transparency_in_Coverage_PUF.xlsx,27379dc76590027b0e6d21d736331f87376f0ac87810d68e9f7cca555eef4b1f
3329,58594MI0040026,195,12,Individual,HMO,QHP,Gold,Transparency 2026 - Ind QHP,2876,Transparency_in_Coverage_PUF.xlsx,27379dc76590027b0e6d21d736331f87376f0ac87810d68e9f7cca555eef4b1f
3330,58609TX0010001,196,26,Individual,PPO,SADP,High,Transparency 2026 - Ind SADP,369,Transparency_in_Coverage_PUF.xlsx,27379dc76590027b0e6d21d736331f87376f0ac87810d68e9f7cca555eef4b1f
3331,58609TX0010003,196,26,Individual,PPO,SADP,High,Transparency 2026 - Ind SADP,370,Transparency_in_Coverage_PUF.xlsx,27379dc76590027b0e6d21d736331f87376f0ac87810d68e9f7cca555eef4b1f
3332,58609TX0010004,196,26,Individual,PPO,SADP,Low,Transparency 2026 - Ind SADP,371,Transparency_in_Coverage_PUF.xlsx,27379dc76590027b0e6d21d736331f87376f0ac87810d68e9f7cca555eef4b1f
3333,58609TX0010006,196,26,Individual,PPO,SADP,Low,Transparency 2026 - Ind SADP,372,Transparency_in_Coverage_PUF.xlsx,27379dc76590027b0e6d21d736331f87376f0ac87810d68e9f7cca555eef4b1f
3334,58883MO0010001,197,13,Individual,PPO,SADP,High,Transparency 2026 - Ind SADP,373,Transparency_in_Coverage_PUF.xlsx,27379dc76590027b0e6d21d736331f87376f0ac87810d68e9f7cca555eef4b1f
3335,58883MO0010003,197,13,Individual,PPO,SADP,High,Transparency 2026 - Ind SADP,374,Transparency_in_Coverage_PUF.xlsx,27379dc76590027b0e6d21d736331f87376f0ac87810d68e9f7cca555eef4b1f
3336,58883MO0010004,197,13,Individual,PPO,SADP,Low,Transparency 2026 - Ind SADP,375,Transparency_in_Coverage_PUF.xlsx,27379dc76590027b0e6d21d736331f87376f0ac87810d68e9f7cca555eef4b1f
3337,58944OK0010002,198,21,Individual,HMO,QHP,Bronze,Transparency 2026 - Ind QHP,2877,Transparency_in_Coverage_PUF.xlsx,27379dc76590027b0e6d21d736331f87376f0ac87810d68e9f7cca555eef4b1f
3338,58944OK0010003,198,21,Individual,HMO,QHP,Silver,Transparency 2026 - Ind QHP,2878,Transparency_in_Coverage_PUF.xlsx,27379dc76590027b0e6d21d736331f87376f0ac87810d68e9f7cca555eef4b1f
3339,58944OK0010006,198,21,Individual,HMO,QHP,Gold,Transparency 2026 - Ind QHP,2879,Transparency_in_Coverage_PUF.xlsx,27379dc76590027b0e6d21d736331f87376f0ac87810d68e9f7cca555eef4b1f
3340,58944OK0010007,198,21,Individual,HMO,QHP,Bronze,Transparency 2026 - Ind QHP,2880,Transparency_in_Coverage_PUF.xlsx,27379dc76590027b0e6d21d736331f87376f0ac87810d68e9f7cca555eef4b1f
3341,58944OK0010008,198,21,Individual,HMO,QHP,Silver,Transparency 2026 - Ind QHP,2881,Transparency_in_Coverage_PUF.xlsx,27379dc76590027b0e6d21d736331f87376f0ac87810d68e9f7cca555eef4b1f
3342,58944OK0010009,198,21,Individual,HMO,QHP,Gold,Transparency 2026 - Ind QHP,2882,Transparency_in_Coverage_PUF.xlsx,27379dc76590027b0e6d21d736331f87376f0ac87810d68e9f7cca555eef4b1f
3343,59025NH0370098,199,19,Individual,HMO,QHP,Gold,Transparency 2026 - Ind QHP,2883,Transparency_in_Coverage_PUF.xlsx,27379dc76590027b0e6d21d736331f87376f0ac87810d68e9f7cca555eef4b1f
3344,59025NH0370099,199,19,Individual,HMO,QHP,Silver,Transparency 2026 - Ind QHP,2884,Transparency_in_Coverage_PUF.xlsx,27379dc76590027b0e6d21d736331f87376f0ac87810d68e9f7cca555eef4b1f
3345,59025NH0370100,199,19,Individual,HMO,QHP,Bronze,Transparency 2026 - Ind QHP,2885,Transparency_in_Coverage_PUF.xlsx,27379dc76590027b0e6d21d736331f87376f0ac87810d68e9f7cca555eef4b1f
3346,59025NH0370102,199,19,Individual,HMO,QHP,Bronze,Transparency 2026 - Ind QHP,2886,Transparency_in_Coverage_PUF.xlsx,27379dc76590027b0e6d21d736331f87376f0ac87810d68e9f7cca555eef4b1f
3347,59025NH0370103,199,19,Individual,HMO,QHP,Gold,Transparency 2026 - Ind QHP,2887,Transparency_in_Coverage_PUF.xlsx,27379dc76590027b0e6d21d736331f87376f0ac87810d68e9f7cca555eef4b1f
3348,59025NH0370104,199,19,Individual,HMO,QHP,Gold,Transparency 2026 - Ind QHP,2888,Transparency_in_Coverage_PUF.xlsx,27379dc76590027b0e6d21d736331f87376f0ac87810d68e9f7cca555eef4b1f
3349,59025NH0370106,199,19,Individual,HMO,QHP,Silver,Transparency 2026 - Ind QHP,2889,Transparency_in_Coverage_PUF.xlsx,27379dc76590027b0e6d21d736331f87376f0ac87810d68e9f7cca555eef4b1f
3350,59025NH0370107,199,19,Individual,HMO,QHP,Silver,Transparency 2026 - Ind QHP,2890,Transparency_in_Coverage_PUF.xlsx,27379dc76590027b0e6d21d736331f87376f0ac87810d68e9f7cca555eef4b1f
3351,59025NH0370109,199,19,Individual,HMO,QHP,Bronze,Transparency 2026 - Ind QHP,2891,Transparency_in_Coverage_PUF.xlsx,27379dc76590027b0e6d21d736331f87376f0ac87810d68e9f7cca555eef4b1f
3352,59560IN0070007,200,9,Individual,PPO,SADP,Low,Transparency 2026 - Ind SADP,376,Transparency_in_Coverage_PUF.xlsx,27379dc76590027b0e6d21d736331f87376f0ac87810d68e9f7cca555eef4b1f
3353,59560IN0080006,200,9,Individual,PPO,SADP,Low,Transparency 2026 - Ind SADP,377,Transparency_in_Coverage_PUF.xlsx,27379dc76590027b0e6d21d736331f87376f0ac87810d68e9f7cca555eef4b1f
3354,59560IN0090006,200,9,Individual,PPO,SADP,Low,Transparency 2026 - Ind SADP,378,Transparency_in_Coverage_PUF.xlsx,27379dc76590027b0e6d21d736331f87376f0ac87810d68e9f7cca555eef4b1f
3355,59560IN0100005,200,9,Individual,PPO,SADP,Low,Transparency 2026 - Ind SADP,379,Transparency_in_Coverage_PUF.xlsx,27379dc76590027b0e6d21d736331f87376f0ac87810d68e9f7cca555eef4b1f
3356,59667FL0010001,201,6,Individual,EPO,SADP,High,Transparency 2026 - Ind SADP,380,Transparency_in_Coverage_PUF.xlsx,27379dc76590027b0e6d21d736331f87376f0ac87810d68e9f7cca555eef4b1f
3357,59667FL0010003,201,6,Individual,EPO,SADP,High,Transparency 2026 - Ind SADP,381,Transparency_in_Coverage_PUF.xlsx,27379dc76590027b0e6d21d736331f87376f0ac87810d68e9f7cca555eef4b1f
3358,59667FL0010004,201,6,Individual,EPO,SADP,Low,Transparency 2026 - Ind SADP,382,Transparency_in_Coverage_PUF.xlsx,27379dc76590027b0e6d21d736331f87376f0ac87810d68e9f7cca555eef4b1f
3359,60075AL0010001,202,2,Individual,PPO,SADP,Low,Transparency 2026 - Ind SADP,383,Transparency_in_Coverage_PUF.xlsx,27379dc76590027b0e6d21d736331f87376f0ac87810d68e9f7cca555eef4b1f
3360,60075AL0020001,202,2,Individual,PPO,SADP,High,Transparency 2026 - Ind SADP,384,Transparency_in_Coverage_PUF.xlsx,27379dc76590027b0e6d21d736331f87376f0ac87810d68e9f7cca555eef4b1f
3361,60075AL0050001,202,2,Individual,PPO,SADP,Low,Transparency 2026 - Ind SADP,385,Transparency_in_Coverage_PUF.xlsx,27379dc76590027b0e6d21d736331f87376f0ac87810d68e9f7cca555eef4b1f
3362,60536SD0020007,203,24,Individual,PPO,QHP,Gold,Transparency 2026 - Ind QHP,2892,Transparency_in_Coverage_PUF.xlsx,27379dc76590027b0e6d21d736331f87376f0ac87810d68e9f7cca555eef4b1f
3363,60536SD0020018,203,24,Individual,PPO,QHP,Catastrophic,Transparency 2026 - Ind QHP,2893,Transparency_in_Coverage_PUF.xlsx,27379dc76590027b0e6d21d736331f87376f0ac87810d68e9f7cca555eef4b1f
3364,60536SD0020023,203,24,Individual,PPO,QHP,Bronze,Transparency 2026 - Ind QHP,2894,Transparency_in_Coverage_PUF.xlsx,27379dc76590027b0e6d21d736331f87376f0ac87810d68e9f7cca555eef4b1f
3365,60536SD0020024,203,24,Individual,PPO,QHP,Bronze,Transparency 2026 - Ind QHP,2895,Transparency_in_Coverage_PUF.xlsx,27379dc76590027b0e6d21d736331f87376f0ac87810d68e9f7cca555eef4b1f
3366,60536SD0020041,203,24,Individual,PPO,QHP,Gold,Transparency 2026 - Ind QHP,2896,Transparency_in_Coverage_PUF.xlsx,27379dc76590027b0e6d21d736331f87376f0ac87810d68e9f7cca555eef4b1f
3367,60536SD0020046,203,24,Individual,PPO,QHP,Bronze,Transparency 2026 - Ind QHP,2897,Transparency_in_Coverage_PUF.xlsx,27379dc76590027b0e6d21d736331f87376f0ac87810d68e9f7cca555eef4b1f
3368,60536SD0020047,203,24,Individual,PPO,QHP,Bronze,Transparency 2026 - Ind QHP,2898,Transparency_in_Coverage_PUF.xlsx,27379dc76590027b0e6d21d736331f87376f0ac87810d68e9f7cca555eef4b1f
3369,60536SD0020050,203,24,Individual,PPO,QHP,Catastrophic,Transparency 2026 - Ind QHP,2899,Transparency_in_Coverage_PUF.xlsx,27379dc76590027b0e6d21d736331f87376f0ac87810d68e9f7cca555eef4b1f
3370,60536SD0020051,203,24,Individual,PPO,QHP,Gold,Transparency 2026 - Ind QHP,2900,Transparency_in_Coverage_PUF.xlsx,27379dc76590027b0e6d21d736331f87376f0ac87810d68e9f7cca555eef4b1f
3371,60536SD0020052,203,24,Individual,PPO,QHP,Silver,Transparency 2026 - Ind QHP,2901,Transparency_in_Coverage_PUF.xlsx,27379dc76590027b0e6d21d736331f87376f0ac87810d68e9f7cca555eef4b1f
3372,60536SD0020057,203,24,Individual,PPO,QHP,Gold,Transparency 2026 - Ind QHP,2902,Transparency_in_Coverage_PUF.xlsx,27379dc76590027b0e6d21d736331f87376f0ac87810d68e9f7cca555eef4b1f
3373,60536SD0020058,203,24,Individual,PPO,QHP,Silver,Transparency 2026 - Ind QHP,2903,Transparency_in_Coverage_PUF.xlsx,27379dc76590027b0e6d21d736331f87376f0ac87810d68e9f7cca555eef4b1f
3374,60536SD0020066,203,24,Individual,PPO,QHP,Bronze,Transparency 2026 - Ind QHP,2904,Transparency_in_Coverage_PUF.xlsx,27379dc76590027b0e6d21d736331f87376f0ac87810d68e9f7cca555eef4b1f
3375,60536SD0020067,203,24,Individual,PPO,QHP,Bronze,Transparency 2026 - Ind QHP,2905,Transparency_in_Coverage_PUF.xlsx,27379dc76590027b0e6d21d736331f87376f0ac87810d68e9f7cca555eef4b1f
3376,60536SD0020068,203,24,Individual,PPO,QHP,Gold,Transparency 2026 - Ind QHP,2906,Transparency_in_Coverage_PUF.xlsx,27379dc76590027b0e6d21d736331f87376f0ac87810d68e9f7cca555eef4b1f
3377,60536SD0020069,203,24,Individual,PPO,QHP,Gold,Transparency 2026 - Ind QHP,2907,Transparency_in_Coverage_PUF.xlsx,27379dc76590027b0e6d21d736331f87376f0ac87810d68e9f7cca555eef4b1f
3378,60536SD0020070,203,24,Individual,PPO,QHP,Silver,Transparency 2026 - Ind QHP,2908,Transparency_in_Coverage_PUF.xlsx,27379dc76590027b0e6d21d736331f87376f0ac87810d68e9f7cca555eef4b1f
3379,60536SD0020071,203,24,Individual,PPO,QHP,Silver,Transparency 2026 - Ind QHP,2909,Transparency_in_Coverage_PUF.xlsx,27379dc76590027b0e6d21d736331f87376f0ac87810d68e9f7cca555eef4b1f
3380,60536SD0020072,203,24,Individual,PPO,QHP,Gold,Transparency 2026 - Ind QHP,2910,Transparency_in_Coverage_PUF.xlsx,27379dc76590027b0e6d21d736331f87376f0ac87810d68e9f7cca555eef4b1f
3381,60536SD0020073,203,24,Individual,PPO,QHP,Gold,Transparency 2026 - Ind QHP,2911,Transparency_in_Coverage_PUF.xlsx,27379dc76590027b0e6d21d736331f87376f0ac87810d68e9f7cca555eef4b1f
3382,60536SD0020074,203,24,Individual,PPO,QHP,Silver,Transparency 2026 - Ind QHP,2912,Transparency_in_Coverage_PUF.xlsx,27379dc76590027b0e6d21d736331f87376f0ac87810d68e9f7cca555eef4b1f
3383,60536SD0020075,203,24,Individual,PPO,QHP,Silver,Transparency 2026 - Ind QHP,2913,Transparency_in_Coverage_PUF.xlsx,27379dc76590027b0e6d21d736331f87376f0ac87810d68e9f7cca555eef4b1f
3384,60536SD0020076,203,24,Individual,PPO,QHP,Silver,Transparency 2026 - Ind QHP,2914,Transparency_in_Coverage_PUF.xlsx,27379dc76590027b0e6d21d736331f87376f0ac87810d68e9f7cca555eef4b1f
3385,60536SD0020077,203,24,Individual,PPO,QHP,Silver,Transparency 2026 - Ind QHP,2915,Transparency_in_Coverage_PUF.xlsx,27379dc76590027b0e6d21d736331f87376f0ac87810d68e9f7cca555eef4b1f
3386,60536SD0060014,203,24,Individual,HMO,QHP,Bronze,Transparency 2026 - Ind QHP,2916,Transparency_in_Coverage_PUF.xlsx,27379dc76590027b0e6d21d736331f87376f0ac87810d68e9f7cca555eef4b1f
3387,60536SD0060015,203,24,Individual,HMO,QHP,Bronze,Transparency 2026 - Ind QHP,2917,Transparency_in_Coverage_PUF.xlsx,27379dc76590027b0e6d21d736331f87376f0ac87810d68e9f7cca555eef4b1f
3388,60536SD0060017,203,24,Individual,HMO,QHP,Gold,Transparency 2026 - Ind QHP,2918,Transparency_in_Coverage_PUF.xlsx,27379dc76590027b0e6d21d736331f87376f0ac87810d68e9f7cca555eef4b1f
3389,60536SD0060018,203,24,Individual,HMO,QHP,Silver,Transparency 2026 - Ind QHP,2919,Transparency_in_Coverage_PUF.xlsx,27379dc76590027b0e6d21d736331f87376f0ac87810d68e9f7cca555eef4b1f
3390,60536SD0060021,203,24,Individual,HMO,QHP,Bronze,Transparency 2026 - Ind QHP,2920,Transparency_in_Coverage_PUF.xlsx,27379dc76590027b0e6d21d736331f87376f0ac87810d68e9f7cca555eef4b1f
3391,60536SD0060022,203,24,Individual,HMO,QHP,Gold,Transparency 2026 - Ind QHP,2921,Transparency_in_Coverage_PUF.xlsx,27379dc76590027b0e6d21d736331f87376f0ac87810d68e9f7cca555eef4b1f
3392,60536SD0060027,203,24,Individual,HMO,QHP,Gold,Transparency 2026 - Ind QHP,2922,Transparency_in_Coverage_PUF.xlsx,27379dc76590027b0e6d21d736331f87376f0ac87810d68e9f7cca555eef4b1f
3393,60536SD0060028,203,24,Individual,HMO,QHP,Silver,Transparency 2026 - Ind QHP,2923,Transparency_in_Coverage_PUF.xlsx,27379dc76590027b0e6d21d736331f87376f0ac87810d68e9f7cca555eef4b1f
3394,60536SD0060030,203,24,Individual,HMO,QHP,Gold,Transparency 2026 - Ind QHP,2924,Transparency_in_Coverage_PUF.xlsx,27379dc76590027b0e6d21d736331f87376f0ac87810d68e9f7cca555eef4b1f
3395,60536SD0060031,203,24,Individual,HMO,QHP,Silver,Transparency 2026 - Ind QHP,2925,Transparency_in_Coverage_PUF.xlsx,27379dc76590027b0e6d21d736331f87376f0ac87810d68e9f7cca555eef4b1f
3396,60536SD0060032,203,24,Individual,HMO,QHP,Silver,Transparency 2026 - Ind QHP,2926,Transparency_in_Coverage_PUF.xlsx,27379dc76590027b0e6d21d736331f87376f0ac87810d68e9f7cca555eef4b1f
3397,60612HI0110006,204,7,Individual,HMO,QHP,Platinum,Transparency 2026 - Ind QHP,2927,Transparency_in_Coverage_PUF.xlsx,27379dc76590027b0e6d21d736331f87376f0ac87810d68e9f7cca555eef4b1f
3398,60612HI0110007,204,7,Individual,HMO,QHP,Gold,Transparency 2026 - Ind QHP,2928,Transparency_in_Coverage_PUF.xlsx,27379dc76590027b0e6d21d736331f87376f0ac87810d68e9f7cca555eef4b1f
3399,60612HI0110009,204,7,Individual,HMO,QHP,Silver,Transparency 2026 - Ind QHP,2929,Transparency_in_Coverage_PUF.xlsx,27379dc76590027b0e6d21d736331f87376f0ac87810d68e9f7cca555eef4b1f
3400,60612HI0110010,204,7,Individual,HMO,QHP,Bronze,Transparency 2026 - Ind QHP,2930,Transparency_in_Coverage_PUF.xlsx,27379dc76590027b0e6d21d736331f87376f0ac87810d68e9f7cca555eef4b1f
3401,60612HI0110011,204,7,Individual,HMO,QHP,Gold,Transparency 2026 - Ind QHP,2931,Transparency_in_Coverage_PUF.xlsx,27379dc76590027b0e6d21d736331f87376f0ac87810d68e9f7cca555eef4b1f
3402,60612HI0110013,204,7,Individual,HMO,QHP,Silver,Transparency 2026 - Ind QHP,2932,Transparency_in_Coverage_PUF.xlsx,27379dc76590027b0e6d21d736331f87376f0ac87810d68e9f7cca555eef4b1f
3403,60612HI0110017,204,7,Individual,HMO,QHP,Platinum,Transparency 2026 - Ind QHP,2933,Transparency_in_Coverage_PUF.xlsx,27379dc76590027b0e6d21d736331f87376f0ac87810d68e9f7cca555eef4b1f
3404,60612HI0110018,204,7,Individual,HMO,QHP,Gold,Transparency 2026 - Ind QHP,2934,Transparency_in_Coverage_PUF.xlsx,27379dc76590027b0e6d21d736331f87376f0ac87810d68e9f7cca555eef4b1f
3405,60612HI0110019,204,7,Individual,HMO,QHP,Silver,Transparency 2026 - Ind QHP,2935,Transparency_in_Coverage_PUF.xlsx,27379dc76590027b0e6d21d736331f87376f0ac87810d68e9f7cca555eef4b1f
3406,60612HI0110020,204,7,Individual,HMO,QHP,Bronze,Transparency 2026 - Ind QHP,2936,Transparency_in_Coverage_PUF.xlsx,27379dc76590027b0e6d21d736331f87376f0ac87810d68e9f7cca555eef4b1f
3407,61214SD0020003,205,24,Individual,PPO,SADP,High,Transparency 2026 - Ind SADP,386,Transparency_in_Coverage_PUF.xlsx,27379dc76590027b0e6d21d736331f87376f0ac87810d68e9f7cca555eef4b1f
3408,61214SD0020006,205,24,Individual,PPO,SADP,Low,Transparency 2026 - Ind SADP,387,Transparency_in_Coverage_PUF.xlsx,27379dc76590027b0e6d21d736331f87376f0ac87810d68e9f7cca555eef4b1f
3409,61214SD0020007,205,24,Individual,PPO,SADP,High,Transparency 2026 - Ind SADP,388,Transparency_in_Coverage_PUF.xlsx,27379dc76590027b0e6d21d736331f87376f0ac87810d68e9f7cca555eef4b1f
3410,61214SD0020008,205,24,Individual,PPO,SADP,Low,Transparency 2026 - Ind SADP,389,Transparency_in_Coverage_PUF.xlsx,27379dc76590027b0e6d21d736331f87376f0ac87810d68e9f7cca555eef4b1f
3411,61315TX0010001,206,26,Individual,PPO,SADP,Low,Transparency 2026 - Ind SADP,390,Transparency_in_Coverage_PUF.xlsx,27379dc76590027b0e6d21d736331f87376f0ac87810d68e9f7cca555eef4b1f
3412,61315TX0020001,206,26,Individual,PPO,SADP,High,Transparency 2026 - Ind SADP,391,Transparency_in_Coverage_PUF.xlsx,27379dc76590027b0e6d21d736331f87376f0ac87810d68e9f7cca555eef4b1f
3413,61315TX0050001,206,26,Individual,PPO,SADP,Low,Transparency 2026 - Ind SADP,392,Transparency_in_Coverage_PUF.xlsx,27379dc76590027b0e6d21d736331f87376f0ac87810d68e9f7cca555eef4b1f
3414,61779KS0070004,207,10,Individual,PPO,SADP,Low,Transparency 2026 - Ind SADP,393,Transparency_in_Coverage_PUF.xlsx,27379dc76590027b0e6d21d736331f87376f0ac87810d68e9f7cca555eef4b1f
3415,61779KS0080004,207,10,Individual,PPO,SADP,Low,Transparency 2026 - Ind SADP,394,Transparency_in_Coverage_PUF.xlsx,27379dc76590027b0e6d21d736331f87376f0ac87810d68e9f7cca555eef4b1f
3416,61779KS0090004,207,10,Individual,PPO,SADP,Low,Transparency 2026 - Ind SADP,395,Transparency_in_Coverage_PUF.xlsx,27379dc76590027b0e6d21d736331f87376f0ac87810d68e9f7cca555eef4b1f
3417,61779KS0100004,207,10,Individual,PPO,SADP,Low,Transparency 2026 - Ind SADP,396,Transparency_in_Coverage_PUF.xlsx,27379dc76590027b0e6d21d736331f87376f0ac87810d68e9f7cca555eef4b1f
3418,62141AR0080007,208,3,Individual,PPO,QHP,Silver,Transparency 2026 - Ind QHP,2937,Transparency_in_Coverage_PUF.xlsx,27379dc76590027b0e6d21d736331f87376f0ac87810d68e9f7cca555eef4b1f
3419,62141AR0080014,208,3,Individual,PPO,QHP,Gold,Transparency 2026 - Ind QHP,2938,Transparency_in_Coverage_PUF.xlsx,27379dc76590027b0e6d21d736331f87376f0ac87810d68e9f7cca555eef4b1f
3420,62141AR0080017,208,3,Individual,PPO,QHP,Bronze,Transparency 2026 - Ind QHP,2939,Transparency_in_Coverage_PUF.xlsx,27379dc76590027b0e6d21d736331f87376f0ac87810d68e9f7cca555eef4b1f
3421,62141AR0080026,208,3,Individual,PPO,QHP,Bronze,Transparency 2026 - Ind QHP,2940,Transparency_in_Coverage_PUF.xlsx,27379dc76590027b0e6d21d736331f87376f0ac87810d68e9f7cca555eef4b1f
3422,62141AR0080032,208,3,Individual,PPO,QHP,Bronze,Transparency 2026 - Ind QHP,2941,Transparency_in_Coverage_PUF.xlsx,27379dc76590027b0e6d21d736331f87376f0ac87810d68e9f7cca555eef4b1f
3423,62141AR0080033,208,3,Individual,PPO,QHP,Silver,Transparency 2026 - Ind QHP,2942,Transparency_in_Coverage_PUF.xlsx,27379dc76590027b0e6d21d736331f87376f0ac87810d68e9f7cca555eef4b1f
3424,62141AR0080034,208,3,Individual,PPO,QHP,Gold,Transparency 2026 - Ind QHP,2943,Transparency_in_Coverage_PUF.xlsx,27379dc76590027b0e6d21d736331f87376f0ac87810d68e9f7cca555eef4b1f
3425,62141AR0100007,208,3,Individual,PPO,QHP,Silver,Transparency 2026 - Ind QHP,2944,Transparency_in_Coverage_PUF.xlsx,27379dc76590027b0e6d21d736331f87376f0ac87810d68e9f7cca555eef4b1f
3426,62141AR0100014,208,3,Individual,PPO,QHP,Gold,Transparency 2026 - Ind QHP,2945,Transparency_in_Coverage_PUF.xlsx,27379dc76590027b0e6d21d736331f87376f0ac87810d68e9f7cca555eef4b1f
3427,62141AR0100017,208,3,Individual,PPO,QHP,Bronze,Transparency 2026 - Ind QHP,2946,Transparency_in_Coverage_PUF.xlsx,27379dc76590027b0e6d21d736331f87376f0ac87810d68e9f7cca555eef4b1f
3428,62141AR0100026,208,3,Individual,PPO,QHP,Bronze,Transparency 2026 - Ind QHP,2947,Transparency_in_Coverage_PUF.xlsx,27379dc76590027b0e6d21d736331f87376f0ac87810d68e9f7cca555eef4b1f
3429,62141AR0100033,208,3,Individual,PPO,QHP,Bronze,Transparency 2026 - Ind QHP,2948,Transparency_in_Coverage_PUF.xlsx,27379dc76590027b0e6d21d736331f87376f0ac87810d68e9f7cca555eef4b1f
3430,62141AR0100034,208,3,Individual,PPO,QHP,Silver,Transparency 2026 - Ind QHP,2949,Transparency_in_Coverage_PUF.xlsx,27379dc76590027b0e6d21d736331f87376f0ac87810d68e9f7cca555eef4b1f
3431,62141AR0100035,208,3,Individual,PPO,QHP,Gold,Transparency 2026 - Ind QHP,2950,Transparency_in_Coverage_PUF.xlsx,27379dc76590027b0e6d21d736331f87376f0ac87810d68e9f7cca555eef4b1f
3432,62294MI0420001,209,12,Individual,PPO,SADP,Low,Transparency 2026 - Ind SADP,397,Transparency_in_Coverage_PUF.xlsx,27379dc76590027b0e6d21d736331f87376f0ac87810d68e9f7cca555eef4b1f
3433,62505OK0120002,210,21,Individual,PPO,QHP,Bronze,Transparency 2026 - Ind QHP,2951,Transparency_in_Coverage_PUF.xlsx,27379dc76590027b0e6d21d736331f87376f0ac87810d68e9f7cca555eef4b1f
3434,62505OK0120006,210,21,Individual,PPO,QHP,Bronze,Transparency 2026 - Ind QHP,2952,Transparency_in_Coverage_PUF.xlsx,27379dc76590027b0e6d21d736331f87376f0ac87810d68e9f7cca555eef4b1f
3435,62505OK0120012,210,21,Individual,PPO,QHP,Silver,Transparency 2026 - Ind QHP,2953,Transparency_in_Coverage_PUF.xlsx,27379dc76590027b0e6d21d736331f87376f0ac87810d68e9f7cca555eef4b1f
3436,62505OK0120014,210,21,Individual,PPO,QHP,Gold,Transparency 2026 - Ind QHP,2954,Transparency_in_Coverage_PUF.xlsx,27379dc76590027b0e6d21d736331f87376f0ac87810d68e9f7cca555eef4b1f
3437,62505OK0120016,210,21,Individual,PPO,QHP,Gold,Transparency 2026 - Ind QHP,2955,Transparency_in_Coverage_PUF.xlsx,27379dc76590027b0e6d21d736331f87376f0ac87810d68e9f7cca555eef4b1f
3438,62505OK0120019,210,21,Individual,PPO,QHP,Bronze,Transparency 2026 - Ind QHP,2956,Transparency_in_Coverage_PUF.xlsx,27379dc76590027b0e6d21d736331f87376f0ac87810d68e9f7cca555eef4b1f
3439,62505OK0120020,210,21,Individual,PPO,QHP,Silver,Transparency 2026 - Ind QHP,2957,Transparency_in_Coverage_PUF.xlsx,27379dc76590027b0e6d21d736331f87376f0ac87810d68e9f7cca555eef4b1f
3440,62505OK0120021,210,21,Individual,PPO,QHP,Gold,Transparency 2026 - Ind QHP,2958,Transparency_in_Coverage_PUF.xlsx,27379dc76590027b0e6d21d736331f87376f0ac87810d68e9f7cca555eef4b1f
3441,62505OK0120022,210,21,Individual,PPO,QHP,Silver,Transparency 2026 - Ind QHP,2959,Transparency_in_Coverage_PUF.xlsx,27379dc76590027b0e6d21d736331f87376f0ac87810d68e9f7cca555eef4b1f
3442,62505OK0120023,210,21,Individual,PPO,QHP,Silver,Transparency 2026 - Ind QHP,2960,Transparency_in_Coverage_PUF.xlsx,27379dc76590027b0e6d21d736331f87376f0ac87810d68e9f7cca555eef4b1f
3443,62505OK0120024,210,21,Individual,PPO,QHP,Silver,Transparency 2026 - Ind QHP,2961,Transparency_in_Coverage_PUF.xlsx,27379dc76590027b0e6d21d736331f87376f0ac87810d68e9f7cca555eef4b1f
3444,62505OK0130002,210,21,Individual,PPO,QHP,Bronze,Transparency 2026 - Ind QHP,2962,Transparency_in_Coverage_PUF.xlsx,27379dc76590027b0e6d21d736331f87376f0ac87810d68e9f7cca555eef4b1f
3445,62505OK0130006,210,21,Individual,PPO,QHP,Bronze,Transparency 2026 - Ind QHP,2963,Transparency_in_Coverage_PUF.xlsx,27379dc76590027b0e6d21d736331f87376f0ac87810d68e9f7cca555eef4b1f
3446,62505OK0130012,210,21,Individual,PPO,QHP,Silver,Transparency 2026 - Ind QHP,2964,Transparency_in_Coverage_PUF.xlsx,27379dc76590027b0e6d21d736331f87376f0ac87810d68e9f7cca555eef4b1f
3447,62505OK0130014,210,21,Individual,PPO,QHP,Gold,Transparency 2026 - Ind QHP,2965,Transparency_in_Coverage_PUF.xlsx,27379dc76590027b0e6d21d736331f87376f0ac87810d68e9f7cca555eef4b1f
3448,62505OK0130017,210,21,Individual,PPO,QHP,Gold,Transparency 2026 - Ind QHP,2966,Transparency_in_Coverage_PUF.xlsx,27379dc76590027b0e6d21d736331f87376f0ac87810d68e9f7cca555eef4b1f
3449,62505OK0130019,210,21,Individual,PPO,QHP,Bronze,Transparency 2026 - Ind QHP,2967,Transparency_in_Coverage_PUF.xlsx,27379dc76590027b0e6d21d736331f87376f0ac87810d68e9f7cca555eef4b1f
3450,62505OK0130021,210,21,Individual,PPO,QHP,Gold,Transparency 2026 - Ind QHP,2968,Transparency_in_Coverage_PUF.xlsx,27379dc76590027b0e6d21d736331f87376f0ac87810d68e9f7cca555eef4b1f
3451,62505OK0130023,210,21,Individual,PPO,QHP,Silver,Transparency 2026 - Ind QHP,2969,Transparency_in_Coverage_PUF.xlsx,27379dc76590027b0e6d21d736331f87376f0ac87810d68e9f7cca555eef4b1f
3452,62505OK0130024,210,21,Individual,PPO,QHP,Silver,Transparency 2026 - Ind QHP,2970,Transparency_in_Coverage_PUF.xlsx,27379dc76590027b0e6d21d736331f87376f0ac87810d68e9f7cca555eef4b1f
3453,62505OK0130025,210,21,Individual,PPO,QHP,Silver,Transparency 2026 - Ind QHP,2971,Transparency_in_Coverage_PUF.xlsx,27379dc76590027b0e6d21d736331f87376f0ac87810d68e9f7cca555eef4b1f
3454,62818MT0070004,211,15,Individual,Indemnity,SADP,Low,Transparency 2026 - Ind SADP,398,Transparency_in_Coverage_PUF.xlsx,27379dc76590027b0e6d21d736331f87376f0ac87810d68e9f7cca555eef4b1f
3455,62818MT0080004,211,15,Individual,Indemnity,SADP,Low,Transparency 2026 - Ind SADP,399,Transparency_in_Coverage_PUF.xlsx,27379dc76590027b0e6d21d736331f87376f0ac87810d68e9f7cca555eef4b1f
3456,62818MT0090004,211,15,Individual,Indemnity,SADP,Low,Transparency 2026 - Ind SADP,400,Transparency_in_Coverage_PUF.xlsx,27379dc76590027b0e6d21d736331f87376f0ac87810d68e9f7cca555eef4b1f
3457,63141TX0760001,212,26,Individual,PPO,SADP,Low,Transparency 2026 - Ind SADP,401,Transparency_in_Coverage_PUF.xlsx,27379dc76590027b0e6d21d736331f87376f0ac87810d68e9f7cca555eef4b1f
3458,63141TX0760002,212,26,Individual,PPO,SADP,High,Transparency 2026 - Ind SADP,402,Transparency_in_Coverage_PUF.xlsx,27379dc76590027b0e6d21d736331f87376f0ac87810d68e9f7cca555eef4b1f
3459,63141TX0760003,212,26,Individual,PPO,SADP,Low,Transparency 2026 - Ind SADP,403,Transparency_in_Coverage_PUF.xlsx,27379dc76590027b0e6d21d736331f87376f0ac87810d68e9f7cca555eef4b1f
3460,63251TX0010001,213,26,Individual,EPO,QHP,Gold,Transparency 2026 - Ind QHP,2972,Transparency_in_Coverage_PUF.xlsx,27379dc76590027b0e6d21d736331f87376f0ac87810d68e9f7cca555eef4b1f
3461,63251TX0010002,213,26,Individual,EPO,QHP,Gold,Transparency 2026 - Ind QHP,2973,Transparency_in_Coverage_PUF.xlsx,27379dc76590027b0e6d21d736331f87376f0ac87810d68e9f7cca555eef4b1f
3462,63251TX0020001,213,26,Individual,EPO,QHP,Silver,Transparency 2026 - Ind QHP,2974,Transparency_in_Coverage_PUF.xlsx,27379dc76590027b0e6d21d736331f87376f0ac87810d68e9f7cca555eef4b1f
3463,63251TX0020002,213,26,Individual,EPO,QHP,Silver,Transparency 2026 - Ind QHP,2975,Transparency_in_Coverage_PUF.xlsx,27379dc76590027b0e6d21d736331f87376f0ac87810d68e9f7cca555eef4b1f
3464,63366IA0020001,214,8,Individual,PPO,SADP,High,Transparency 2026 - Ind SADP,404,Transparency_in_Coverage_PUF.xlsx,27379dc76590027b0e6d21d736331f87376f0ac87810d68e9f7cca555eef4b1f
3465,63366IA0020002,214,8,Individual,PPO,SADP,High,Transparency 2026 - Ind SADP,405,Transparency_in_Coverage_PUF.xlsx,27379dc76590027b0e6d21d736331f87376f0ac87810d68e9f7cca555eef4b1f
3466,63366IA0020006,214,8,Individual,PPO,SADP,High,Transparency 2026 - Ind SADP,406,Transparency_in_Coverage_PUF.xlsx,27379dc76590027b0e6d21d736331f87376f0ac87810d68e9f7cca555eef4b1f
3467,63474OR0600007,215,22,Individual,EPO,QHP,Gold,Transparency 2026 - Ind QHP,2976,Transparency_in_Coverage_PUF.xlsx,27379dc76590027b0e6d21d736331f87376f0ac87810d68e9f7cca555eef4b1f
3468,63474OR0600009,215,22,Individual,EPO,QHP,Bronze,Transparency 2026 - Ind QHP,2977,Transparency_in_Coverage_PUF.xlsx,27379dc76590027b0e6d21d736331f87376f0ac87810d68e9f7cca555eef4b1f
3469,63474OR0600010,215,22,Individual,EPO,QHP,Silver,Transparency 2026 - Ind QHP,2978,Transparency_in_Coverage_PUF.xlsx,27379dc76590027b0e6d21d736331f87376f0ac87810d68e9f7cca555eef4b1f
3470,63631MI0130001,216,12,Individual,EPO,SADP,High,Transparency 2026 - Ind SADP,407,Transparency_in_Coverage_PUF.xlsx,27379dc76590027b0e6d21d736331f87376f0ac87810d68e9f7cca555eef4b1f
3471,63631MI0140001,216,12,Individual,PPO,SADP,High,Transparency 2026 - Ind SADP,408,Transparency_in_Coverage_PUF.xlsx,27379dc76590027b0e6d21d736331f87376f0ac87810d68e9f7cca555eef4b1f
3472,63790KS0020003,217,10,Individual,PPO,SADP,High,Transparency 2026 - Ind SADP,409,Transparency_in_Coverage_PUF.xlsx,27379dc76590027b0e6d21d736331f87376f0ac87810d68e9f7cca555eef4b1f
3473,63790KS0020006,217,10,Individual,PPO,SADP,Low,Transparency 2026 - Ind SADP,410,Transparency_in_Coverage_PUF.xlsx,27379dc76590027b0e6d21d736331f87376f0ac87810d68e9f7cca555eef4b1f
3474,63790KS0020007,217,10,Individual,PPO,SADP,High,Transparency 2026 - Ind SADP,411,Transparency_in_Coverage_PUF.xlsx,27379dc76590027b0e6d21d736331f87376f0ac87810d68e9f7cca555eef4b1f
3475,63790KS0020008,217,10,Individual,PPO,SADP,Low,Transparency 2026 - Ind SADP,412,Transparency_in_Coverage_PUF.xlsx,27379dc76590027b0e6d21d736331f87376f0ac87810d68e9f7cca555eef4b1f
3476,64004DE0090001,218,5,Individual,EPO,QHP,Bronze,Transparency 2026 - Ind QHP,2979,Transparency_in_Coverage_PUF.xlsx,27379dc76590027b0e6d21d736331f87376f0ac87810d68e9f7cca555eef4b1f
3477,64004DE0090002,218,5,Individual,EPO,QHP,Bronze,Transparency 2026 - Ind QHP,2980,Transparency_in_Coverage_PUF.xlsx,27379dc76590027b0e6d21d736331f87376f0ac87810d68e9f7cca555eef4b1f
3478,64004DE0090004,218,5,Individual,EPO,QHP,Bronze,Transparency 2026 - Ind QHP,2981,Transparency_in_Coverage_PUF.xlsx,27379dc76590027b0e6d21d736331f87376f0ac87810d68e9f7cca555eef4b1f
3479,64004DE0090007,218,5,Individual,EPO,QHP,Silver,Transparency 2026 - Ind QHP,2982,Transparency_in_Coverage_PUF.xlsx,27379dc76590027b0e6d21d736331f87376f0ac87810d68e9f7cca555eef4b1f
3480,64004DE0090008,218,5,Individual,EPO,QHP,Silver,Transparency 2026 - Ind QHP,2983,Transparency_in_Coverage_PUF.xlsx,27379dc76590027b0e6d21d736331f87376f0ac87810d68e9f7cca555eef4b1f
3481,64004DE0090009,218,5,Individual,EPO,QHP,Gold,Transparency 2026 - Ind QHP,2984,Transparency_in_Coverage_PUF.xlsx,27379dc76590027b0e6d21d736331f87376f0ac87810d68e9f7cca555eef4b1f
3482,64004DE0090011,218,5,Individual,EPO,QHP,Gold,Transparency 2026 - Ind QHP,2985,Transparency_in_Coverage_PUF.xlsx,27379dc76590027b0e6d21d736331f87376f0ac87810d68e9f7cca555eef4b1f
3483,64004DE0090012,218,5,Individual,EPO,QHP,Gold,Transparency 2026 - Ind QHP,2986,Transparency_in_Coverage_PUF.xlsx,27379dc76590027b0e6d21d736331f87376f0ac87810d68e9f7cca555eef4b1f
3484,64004DE0090013,218,5,Individual,EPO,QHP,Silver,Transparency 2026 - Ind QHP,2987,Transparency_in_Coverage_PUF.xlsx,27379dc76590027b0e6d21d736331f87376f0ac87810d68e9f7cca555eef4b1f
3485,64004DE0100001,218,5,Individual,EPO,QHP,Bronze,Transparency 2026 - Ind QHP,2988,Transparency_in_Coverage_PUF.xlsx,27379dc76590027b0e6d21d736331f87376f0ac87810d68e9f7cca555eef4b1f
3486,64004DE0100002,218,5,Individual,EPO,QHP,Bronze,Transparency 2026 - Ind QHP,2989,Transparency_in_Coverage_PUF.xlsx,27379dc76590027b0e6d21d736331f87376f0ac87810d68e9f7cca555eef4b1f
3487,64004DE0100004,218,5,Individual,EPO,QHP,Bronze,Transparency 2026 - Ind QHP,2990,Transparency_in_Coverage_PUF.xlsx,27379dc76590027b0e6d21d736331f87376f0ac87810d68e9f7cca555eef4b1f
3488,64004DE0100007,218,5,Individual,EPO,QHP,Silver,Transparency 2026 - Ind QHP,2991,Transparency_in_Coverage_PUF.xlsx,27379dc76590027b0e6d21d736331f87376f0ac87810d68e9f7cca555eef4b1f
3489,64004DE0100009,218,5,Individual,EPO,QHP,Gold,Transparency 2026 - Ind QHP,2992,Transparency_in_Coverage_PUF.xlsx,27379dc76590027b0e6d21d736331f87376f0ac87810d68e9f7cca555eef4b1f
3490,64004DE0100011,218,5,Individual,EPO,QHP,Gold,Transparency 2026 - Ind QHP,2993,Transparency_in_Coverage_PUF.xlsx,27379dc76590027b0e6d21d736331f87376f0ac87810d68e9f7cca555eef4b1f
3491,64004DE0100012,218,5,Individual,EPO,QHP,Gold,Transparency 2026 - Ind QHP,2994,Transparency_in_Coverage_PUF.xlsx,27379dc76590027b0e6d21d736331f87376f0ac87810d68e9f7cca555eef4b1f
3492,64004DE0100013,218,5,Individual,EPO,QHP,Silver,Transparency 2026 - Ind QHP,2995,Transparency_in_Coverage_PUF.xlsx,27379dc76590027b0e6d21d736331f87376f0ac87810d68e9f7cca555eef4b1f
3493,64353OH0010001,219,20,Individual,HMO,QHP,Gold,Transparency 2026 - Ind QHP,2996,Transparency_in_Coverage_PUF.xlsx,27379dc76590027b0e6d21d736331f87376f0ac87810d68e9f7cca555eef4b1f
3494,64353OH0010002,219,20,Individual,HMO,QHP,Silver,Transparency 2026 - Ind QHP,2997,Transparency_in_Coverage_PUF.xlsx,27379dc76590027b0e6d21d736331f87376f0ac87810d68e9f7cca555eef4b1f
3495,64353OH0010008,219,20,Individual,HMO,QHP,Gold,Transparency 2026 - Ind QHP,2998,Transparency_in_Coverage_PUF.xlsx,27379dc76590027b0e6d21d736331f87376f0ac87810d68e9f7cca555eef4b1f
3496,64353OH0010009,219,20,Individual,HMO,QHP,Silver,Transparency 2026 - Ind QHP,2999,Transparency_in_Coverage_PUF.xlsx,27379dc76590027b0e6d21d736331f87376f0ac87810d68e9f7cca555eef4b1f
3497,64353OH0010010,219,20,Individual,HMO,QHP,Silver,Transparency 2026 - Ind QHP,3000,Transparency_in_Coverage_PUF.xlsx,27379dc76590027b0e6d21d736331f87376f0ac87810d68e9f7cca555eef4b1f
3498,64353OH0010011,219,20,Individual,HMO,QHP,Bronze,Transparency 2026 - Ind QHP,3001,Transparency_in_Coverage_PUF.xlsx,27379dc76590027b0e6d21d736331f87376f0ac87810d68e9f7cca555eef4b1f
3499,64353OH0010012,219,20,Individual,HMO,QHP,Bronze,Transparency 2026 - Ind QHP,3002,Transparency_in_Coverage_PUF.xlsx,27379dc76590027b0e6d21d736331f87376f0ac87810d68e9f7cca555eef4b1f
3500,64353OH0010013,219,20,Individual,HMO,QHP,Bronze,Transparency 2026 - Ind QHP,3003,Transparency_in_Coverage_PUF.xlsx,27379dc76590027b0e6d21d736331f87376f0ac87810d68e9f7cca555eef4b1f
3501,64353OH0010014,219,20,Individual,HMO,QHP,Gold,Transparency 2026 - Ind QHP,3004,Transparency_in_Coverage_PUF.xlsx,27379dc76590027b0e6d21d736331f87376f0ac87810d68e9f7cca555eef4b1f
3502,64353OH0040001,219,20,Individual,HMO,QHP,Gold,Transparency 2026 - Ind QHP,3005,Transparency_in_Coverage_PUF.xlsx,27379dc76590027b0e6d21d736331f87376f0ac87810d68e9f7cca555eef4b1f
3503,64353OH0040002,219,20,Individual,HMO,QHP,Silver,Transparency 2026 - Ind QHP,3006,Transparency_in_Coverage_PUF.xlsx,27379dc76590027b0e6d21d736331f87376f0ac87810d68e9f7cca555eef4b1f
3504,64353OH0040004,219,20,Individual,HMO,QHP,Bronze,Transparency 2026 - Ind QHP,3007,Transparency_in_Coverage_PUF.xlsx,27379dc76590027b0e6d21d736331f87376f0ac87810d68e9f7cca555eef4b1f
3505,64353OH0040005,219,20,Individual,HMO,QHP,Gold,Transparency 2026 - Ind QHP,3008,Transparency_in_Coverage_PUF.xlsx,27379dc76590027b0e6d21d736331f87376f0ac87810d68e9f7cca555eef4b1f
3506,64353OH0040012,219,20,Individual,HMO,QHP,Bronze,Transparency 2026 - Ind QHP,3009,Transparency_in_Coverage_PUF.xlsx,27379dc76590027b0e6d21d736331f87376f0ac87810d68e9f7cca555eef4b1f
3507,64353OH0060001,219,20,Individual,HMO,QHP,Gold,Transparency 2026 - Ind QHP,3010,Transparency_in_Coverage_PUF.xlsx,27379dc76590027b0e6d21d736331f87376f0ac87810d68e9f7cca555eef4b1f
3508,64353OH0060002,219,20,Individual,HMO,QHP,Silver,Transparency 2026 - Ind QHP,3011,Transparency_in_Coverage_PUF.xlsx,27379dc76590027b0e6d21d736331f87376f0ac87810d68e9f7cca555eef4b1f
3509,64353OH0060003,219,20,Individual,HMO,QHP,Bronze,Transparency 2026 - Ind QHP,3012,Transparency_in_Coverage_PUF.xlsx,27379dc76590027b0e6d21d736331f87376f0ac87810d68e9f7cca555eef4b1f
3510,64353OH0060004,219,20,Individual,HMO,QHP,Bronze,Transparency 2026 - Ind QHP,3013,Transparency_in_Coverage_PUF.xlsx,27379dc76590027b0e6d21d736331f87376f0ac87810d68e9f7cca555eef4b1f
3511,64353OH0060005,219,20,Individual,HMO,QHP,Gold,Transparency 2026 - Ind QHP,3014,Transparency_in_Coverage_PUF.xlsx,27379dc76590027b0e6d21d736331f87376f0ac87810d68e9f7cca555eef4b1f
3512,64353OH0070001,219,20,Individual,HMO,QHP,Bronze,Transparency 2026 - Ind QHP,3015,Transparency_in_Coverage_PUF.xlsx,27379dc76590027b0e6d21d736331f87376f0ac87810d68e9f7cca555eef4b1f
3513,64353OH0070002,219,20,Individual,HMO,QHP,Gold,Transparency 2026 - Ind QHP,3016,Transparency_in_Coverage_PUF.xlsx,27379dc76590027b0e6d21d736331f87376f0ac87810d68e9f7cca555eef4b1f
3514,64353OH0070003,219,20,Individual,HMO,QHP,Silver,Transparency 2026 - Ind QHP,3017,Transparency_in_Coverage_PUF.xlsx,27379dc76590027b0e6d21d736331f87376f0ac87810d68e9f7cca555eef4b1f
3515,65736WI0020001,220,28,Individual,PPO,SADP,Low,Transparency 2026 - Ind SADP,413,Transparency_in_Coverage_PUF.xlsx,27379dc76590027b0e6d21d736331f87376f0ac87810d68e9f7cca555eef4b1f
3516,65736WI0020002,220,28,Individual,PPO,SADP,High,Transparency 2026 - Ind SADP,414,Transparency_in_Coverage_PUF.xlsx,27379dc76590027b0e6d21d736331f87376f0ac87810d68e9f7cca555eef4b1f
3517,65736WI0020003,220,28,Individual,PPO,SADP,Low,Transparency 2026 - Ind SADP,415,Transparency_in_Coverage_PUF.xlsx,27379dc76590027b0e6d21d736331f87376f0ac87810d68e9f7cca555eef4b1f
3518,65736WI0020004,220,28,Individual,PPO,SADP,Low,Transparency 2026 - Ind SADP,416,Transparency_in_Coverage_PUF.xlsx,27379dc76590027b0e6d21d736331f87376f0ac87810d68e9f7cca555eef4b1f
3519,65736WI0020005,220,28,Individual,PPO,SADP,Low,Transparency 2026 - Ind SADP,417,Transparency_in_Coverage_PUF.xlsx,27379dc76590027b0e6d21d736331f87376f0ac87810d68e9f7cca555eef4b1f
3520,65736WI0020006,220,28,Individual,PPO,SADP,High,Transparency 2026 - Ind SADP,418,Transparency_in_Coverage_PUF.xlsx,27379dc76590027b0e6d21d736331f87376f0ac87810d68e9f7cca555eef4b1f
3521,66105AZ0620002,221,4,Individual,PPO,SADP,Low,Transparency 2026 - Ind SADP,419,Transparency_in_Coverage_PUF.xlsx,27379dc76590027b0e6d21d736331f87376f0ac87810d68e9f7cca555eef4b1f
3522,66105AZ0620003,221,4,Individual,PPO,SADP,High,Transparency 2026 - Ind SADP,420,Transparency_in_Coverage_PUF.xlsx,27379dc76590027b0e6d21d736331f87376f0ac87810d68e9f7cca555eef4b1f
3523,66252TX0380001,222,26,Individual,HMO,QHP,Bronze,Transparency 2026 - Ind QHP,3018,Transparency_in_Coverage_PUF.xlsx,27379dc76590027b0e6d21d736331f87376f0ac87810d68e9f7cca555eef4b1f
3524,66252TX0380002,222,26,Individual,HMO,QHP,Bronze,Transparency 2026 - Ind QHP,3019,Transparency_in_Coverage_PUF.xlsx,27379dc76590027b0e6d21d736331f87376f0ac87810d68e9f7cca555eef4b1f
3525,66252TX0380003,222,26,Individual,HMO,QHP,Bronze,Transparency 2026 - Ind QHP,3020,Transparency_in_Coverage_PUF.xlsx,27379dc76590027b0e6d21d736331f87376f0ac87810d68e9f7cca555eef4b1f
3526,66252TX0380004,222,26,Individual,HMO,QHP,Bronze,Transparency 2026 - Ind QHP,3021,Transparency_in_Coverage_PUF.xlsx,27379dc76590027b0e6d21d736331f87376f0ac87810d68e9f7cca555eef4b1f
3527,66252TX0380005,222,26,Individual,HMO,QHP,Bronze,Transparency 2026 - Ind QHP,3022,Transparency_in_Coverage_PUF.xlsx,27379dc76590027b0e6d21d736331f87376f0ac87810d68e9f7cca555eef4b1f
3528,66252TX0380006,222,26,Individual,HMO,QHP,Bronze,Transparency 2026 - Ind QHP,3023,Transparency_in_Coverage_PUF.xlsx,27379dc76590027b0e6d21d736331f87376f0ac87810d68e9f7cca555eef4b1f
3529,66252TX0380007,222,26,Individual,HMO,QHP,Bronze,Transparency 2026 - Ind QHP,3024,Transparency_in_Coverage_PUF.xlsx,27379dc76590027b0e6d21d736331f87376f0ac87810d68e9f7cca555eef4b1f
3530,66252TX0380008,222,26,Individual,HMO,QHP,Silver,Transparency 2026 - Ind QHP,3025,Transparency_in_Coverage_PUF.xlsx,27379dc76590027b0e6d21d736331f87376f0ac87810d68e9f7cca555eef4b1f
3531,66252TX0380009,222,26,Individual,HMO,QHP,Silver,Transparency 2026 - Ind QHP,3026,Transparency_in_Coverage_PUF.xlsx,27379dc76590027b0e6d21d736331f87376f0ac87810d68e9f7cca555eef4b1f
3532,66252TX0380010,222,26,Individual,HMO,QHP,Silver,Transparency 2026 - Ind QHP,3027,Transparency_in_Coverage_PUF.xlsx,27379dc76590027b0e6d21d736331f87376f0ac87810d68e9f7cca555eef4b1f
3533,66252TX0380011,222,26,Individual,HMO,QHP,Silver,Transparency 2026 - Ind QHP,3028,Transparency_in_Coverage_PUF.xlsx,27379dc76590027b0e6d21d736331f87376f0ac87810d68e9f7cca555eef4b1f
3534,66252TX0380012,222,26,Individual,HMO,QHP,Silver,Transparency 2026 - Ind QHP,3029,Transparency_in_Coverage_PUF.xlsx,27379dc76590027b0e6d21d736331f87376f0ac87810d68e9f7cca555eef4b1f
3535,66252TX0380013,222,26,Individual,HMO,QHP,Gold,Transparency 2026 - Ind QHP,3030,Transparency_in_Coverage_PUF.xlsx,27379dc76590027b0e6d21d736331f87376f0ac87810d68e9f7cca555eef4b1f
3536,66252TX0380014,222,26,Individual,HMO,QHP,Gold,Transparency 2026 - Ind QHP,3031,Transparency_in_Coverage_PUF.xlsx,27379dc76590027b0e6d21d736331f87376f0ac87810d68e9f7cca555eef4b1f
3537,66252TX0380015,222,26,Individual,HMO,QHP,Gold,Transparency 2026 - Ind QHP,3032,Transparency_in_Coverage_PUF.xlsx,27379dc76590027b0e6d21d736331f87376f0ac87810d68e9f7cca555eef4b1f
3538,66252TX0380016,222,26,Individual,HMO,QHP,Gold,Transparency 2026 - Ind QHP,3033,Transparency_in_Coverage_PUF.xlsx,27379dc76590027b0e6d21d736331f87376f0ac87810d68e9f7cca555eef4b1f
3539,66252TX0380017,222,26,Individual,HMO,QHP,Gold,Transparency 2026 - Ind QHP,3034,Transparency_in_Coverage_PUF.xlsx,27379dc76590027b0e6d21d736331f87376f0ac87810d68e9f7cca555eef4b1f
3540,66252TX0380100,222,26,Individual,HMO,QHP,Catastrophic,Transparency 2026 - Ind QHP,3035,Transparency_in_Coverage_PUF.xlsx,27379dc76590027b0e6d21d736331f87376f0ac87810d68e9f7cca555eef4b1f
3541,66587MI0070007,223,12,Individual,PPO,SADP,Low,Transparency 2026 - Ind SADP,421,Transparency_in_Coverage_PUF.xlsx,27379dc76590027b0e6d21d736331f87376f0ac87810d68e9f7cca555eef4b1f
3542,66587MI0080006,223,12,Individual,PPO,SADP,Low,Transparency 2026 - Ind SADP,422,Transparency_in_Coverage_PUF.xlsx,27379dc76590027b0e6d21d736331f87376f0ac87810d68e9f7cca555eef4b1f
3543,66587MI0090005,223,12,Individual,PPO,SADP,Low,Transparency 2026 - Ind SADP,423,Transparency_in_Coverage_PUF.xlsx,27379dc76590027b0e6d21d736331f87376f0ac87810d68e9f7cca555eef4b1f
3544,66759NC0010001,224,16,Individual,PPO,SADP,Low,Transparency 2026 - Ind SADP,424,Transparency_in_Coverage_PUF.xlsx,27379dc76590027b0e6d21d736331f87376f0ac87810d68e9f7cca555eef4b1f
3545,66759NC0010002,224,16,Individual,PPO,SADP,High,Transparency 2026 - Ind SADP,425,Transparency_in_Coverage_PUF.xlsx,27379dc76590027b0e6d21d736331f87376f0ac87810d68e9f7cca555eef4b1f
3546,66759NC0010003,224,16,Individual,PPO,SADP,Low,Transparency 2026 - Ind SADP,426,Transparency_in_Coverage_PUF.xlsx,27379dc76590027b0e6d21d736331f87376f0ac87810d68e9f7cca555eef4b1f
3547,66759NC0010004,224,16,Individual,PPO,SADP,Low,Transparency 2026 - Ind SADP,427,Transparency_in_Coverage_PUF.xlsx,27379dc76590027b0e6d21d736331f87376f0ac87810d68e9f7cca555eef4b1f
3548,66759NC0010005,224,16,Individual,PPO,SADP,Low,Transparency 2026 - Ind SADP,428,Transparency_in_Coverage_PUF.xlsx,27379dc76590027b0e6d21d736331f87376f0ac87810d68e9f7cca555eef4b1f
3549,66759NC0010006,224,16,Individual,PPO,SADP,High,Transparency 2026 - Ind SADP,429,Transparency_in_Coverage_PUF.xlsx,27379dc76590027b0e6d21d736331f87376f0ac87810d68e9f7cca555eef4b1f
3550,66966FL0050002,225,6,Individual,HMO,QHP,Silver,Transparency 2026 - Ind QHP,3036,Transparency_in_Coverage_PUF.xlsx,27379dc76590027b0e6d21d736331f87376f0ac87810d68e9f7cca555eef4b1f
3551,66966FL0050003,225,6,Individual,HMO,QHP,Gold,Transparency 2026 - Ind QHP,3037,Transparency_in_Coverage_PUF.xlsx,27379dc76590027b0e6d21d736331f87376f0ac87810d68e9f7cca555eef4b1f
3552,66966FL0050005,225,6,Individual,HMO,QHP,Bronze,Transparency 2026 - Ind QHP,3038,Transparency_in_Coverage_PUF.xlsx,27379dc76590027b0e6d21d736331f87376f0ac87810d68e9f7cca555eef4b1f
3553,66966FL0050006,225,6,Individual,HMO,QHP,Silver,Transparency 2026 - Ind QHP,3039,Transparency_in_Coverage_PUF.xlsx,27379dc76590027b0e6d21d736331f87376f0ac87810d68e9f7cca555eef4b1f
3554,66966FL0050007,225,6,Individual,HMO,QHP,Gold,Transparency 2026 - Ind QHP,3040,Transparency_in_Coverage_PUF.xlsx,27379dc76590027b0e6d21d736331f87376f0ac87810d68e9f7cca555eef4b1f
3555,66966FL0050008,225,6,Individual,HMO,QHP,Platinum,Transparency 2026 - Ind QHP,3041,Transparency_in_Coverage_PUF.xlsx,27379dc76590027b0e6d21d736331f87376f0ac87810d68e9f7cca555eef4b1f
3556,66966FL0050009,225,6,Individual,HMO,QHP,Bronze,Transparency 2026 - Ind QHP,3042,Transparency_in_Coverage_PUF.xlsx,27379dc76590027b0e6d21d736331f87376f0ac87810d68e9f7cca555eef4b1f
3557,66966FL0050010,225,6,Individual,HMO,QHP,Silver,Transparency 2026 - Ind QHP,3043,Transparency_in_Coverage_PUF.xlsx,27379dc76590027b0e6d21d736331f87376f0ac87810d68e9f7cca555eef4b1f
3558,67775DE0010003,226,5,Individual,HMO,SADP,Low,Transparency 2026 - Ind SADP,430,Transparency_in_Coverage_PUF.xlsx,27379dc76590027b0e6d21d736331f87376f0ac87810d68e9f7cca555eef4b1f
3559,67775DE0010004,226,5,Individual,HMO,SADP,Low,Transparency 2026 - Ind SADP,431,Transparency_in_Coverage_PUF.xlsx,27379dc76590027b0e6d21d736331f87376f0ac87810d68e9f7cca555eef4b1f
3560,67775DE0010005,226,5,Individual,HMO,SADP,High,Transparency 2026 - Ind SADP,432,Transparency_in_Coverage_PUF.xlsx,27379dc76590027b0e6d21d736331f87376f0ac87810d68e9f7cca555eef4b1f
3561,67775DE0010006,226,5,Individual,HMO,SADP,High,Transparency 2026 - Ind SADP,433,Transparency_in_Coverage_PUF.xlsx,27379dc76590027b0e6d21d736331f87376f0ac87810d68e9f7cca555eef4b1f
3562,67775DE0020003,226,5,Individual,PPO,SADP,High,Transparency 2026 - Ind SADP,434,Transparency_in_Coverage_PUF.xlsx,27379dc76590027b0e6d21d736331f87376f0ac87810d68e9f7cca555eef4b1f
3563,67775DE0020004,226,5,Individual,PPO,SADP,Low,Transparency 2026 - Ind SADP,435,Transparency_in_Coverage_PUF.xlsx,27379dc76590027b0e6d21d736331f87376f0ac87810d68e9f7cca555eef4b1f
3564,67775DE0020005,226,5,Individual,PPO,SADP,Low,Transparency 2026 - Ind SADP,436,Transparency_in_Coverage_PUF.xlsx,27379dc76590027b0e6d21d736331f87376f0ac87810d68e9f7cca555eef4b1f
3565,67775DE0020006,226,5,Individual,PPO,SADP,High,Transparency 2026 - Ind SADP,437,Transparency_in_Coverage_PUF.xlsx,27379dc76590027b0e6d21d736331f87376f0ac87810d68e9f7cca555eef4b1f
3566,67775DE0020007,226,5,Individual,PPO,SADP,Low,Transparency 2026 - Ind SADP,438,Transparency_in_Coverage_PUF.xlsx,27379dc76590027b0e6d21d736331f87376f0ac87810d68e9f7cca555eef4b1f
3567,67775DE0020008,226,5,Individual,PPO,SADP,Low,Transparency 2026 - Ind SADP,439,Transparency_in_Coverage_PUF.xlsx,27379dc76590027b0e6d21d736331f87376f0ac87810d68e9f7cca555eef4b1f
3568,67926FL0010001,227,6,Individual,HMO,QHP,Bronze,Transparency 2026 - Ind QHP,3044,Transparency_in_Coverage_PUF.xlsx,27379dc76590027b0e6d21d736331f87376f0ac87810d68e9f7cca555eef4b1f
3569,67926FL0010002,227,6,Individual,HMO,QHP,Bronze,Transparency 2026 - Ind QHP,3045,Transparency_in_Coverage_PUF.xlsx,27379dc76590027b0e6d21d736331f87376f0ac87810d68e9f7cca555eef4b1f
3570,67926FL0010003,227,6,Individual,HMO,QHP,Silver,Transparency 2026 - Ind QHP,3046,Transparency_in_Coverage_PUF.xlsx,27379dc76590027b0e6d21d736331f87376f0ac87810d68e9f7cca555eef4b1f
3571,67926FL0010004,227,6,Individual,HMO,QHP,Gold,Transparency 2026 - Ind QHP,3047,Transparency_in_Coverage_PUF.xlsx,27379dc76590027b0e6d21d736331f87376f0ac87810d68e9f7cca555eef4b1f
3572,67926FL0010006,227,6,Individual,HMO,QHP,Bronze,Transparency 2026 - Ind QHP,3048,Transparency_in_Coverage_PUF.xlsx,27379dc76590027b0e6d21d736331f87376f0ac87810d68e9f7cca555eef4b1f
3573,67926FL0010007,227,6,Individual,HMO,QHP,Silver,Transparency 2026 - Ind QHP,3049,Transparency_in_Coverage_PUF.xlsx,27379dc76590027b0e6d21d736331f87376f0ac87810d68e9f7cca555eef4b1f
3574,67926FL0010008,227,6,Individual,HMO,QHP,Silver,Transparency 2026 - Ind QHP,3050,Transparency_in_Coverage_PUF.xlsx,27379dc76590027b0e6d21d736331f87376f0ac87810d68e9f7cca555eef4b1f
3575,67926FL0010009,227,6,Individual,HMO,QHP,Gold,Transparency 2026 - Ind QHP,3051,Transparency_in_Coverage_PUF.xlsx,27379dc76590027b0e6d21d736331f87376f0ac87810d68e9f7cca555eef4b1f
3576,68158OH0190005,228,20,Individual,PPO,SADP,Low,Transparency 2026 - Ind SADP,440,Transparency_in_Coverage_PUF.xlsx,27379dc76590027b0e6d21d736331f87376f0ac87810d68e9f7cca555eef4b1f
3577,68158OH0200005,228,20,Individual,PPO,SADP,Low,Transparency 2026 - Ind SADP,441,Transparency_in_Coverage_PUF.xlsx,27379dc76590027b0e6d21d736331f87376f0ac87810d68e9f7cca555eef4b1f
3578,68158OH0210005,228,20,Individual,PPO,SADP,Low,Transparency 2026 - Ind SADP,442,Transparency_in_Coverage_PUF.xlsx,27379dc76590027b0e6d21d736331f87376f0ac87810d68e9f7cca555eef4b1f
3579,68158OH0220004,228,20,Individual,PPO,SADP,Low,Transparency 2026 - Ind SADP,443,Transparency_in_Coverage_PUF.xlsx,27379dc76590027b0e6d21d736331f87376f0ac87810d68e9f7cca555eef4b1f
3580,68398FL0030034,229,6,Individual,HMO,QHP,Gold,Transparency 2026 - Ind QHP,3052,Transparency_in_Coverage_PUF.xlsx,27379dc76590027b0e6d21d736331f87376f0ac87810d68e9f7cca555eef4b1f
3581,68398FL0030036,229,6,Individual,HMO,QHP,Gold,Transparency 2026 - Ind QHP,3053,Transparency_in_Coverage_PUF.xlsx,27379dc76590027b0e6d21d736331f87376f0ac87810d68e9f7cca555eef4b1f
3582,68398FL0030040,229,6,Individual,HMO,QHP,Silver,Transparency 2026 - Ind QHP,3054,Transparency_in_Coverage_PUF.xlsx,27379dc76590027b0e6d21d736331f87376f0ac87810d68e9f7cca555eef4b1f
3583,68398FL0030042,229,6,Individual,HMO,QHP,Bronze,Transparency 2026 - Ind QHP,3055,Transparency_in_Coverage_PUF.xlsx,27379dc76590027b0e6d21d736331f87376f0ac87810d68e9f7cca555eef4b1f
3584,68398FL0030045,229,6,Individual,HMO,QHP,Bronze,Transparency 2026 - Ind QHP,3056,Transparency_in_Coverage_PUF.xlsx,27379dc76590027b0e6d21d736331f87376f0ac87810d68e9f7cca555eef4b1f
3585,68398FL0030046,229,6,Individual,HMO,QHP,Silver,Transparency 2026 - Ind QHP,3057,Transparency_in_Coverage_PUF.xlsx,27379dc76590027b0e6d21d736331f87376f0ac87810d68e9f7cca555eef4b1f
3586,68398FL0030048,229,6,Individual,HMO,QHP,Silver,Transparency 2026 - Ind QHP,3058,Transparency_in_Coverage_PUF.xlsx,27379dc76590027b0e6d21d736331f87376f0ac87810d68e9f7cca555eef4b1f
3587,68398FL0030057,229,6,Individual,HMO,QHP,Gold,Transparency 2026 - Ind QHP,3059,Transparency_in_Coverage_PUF.xlsx,27379dc76590027b0e6d21d736331f87376f0ac87810d68e9f7cca555eef4b1f
3588,68398FL0030058,229,6,Individual,HMO,QHP,Bronze,Transparency 2026 - Ind QHP,3060,Transparency_in_Coverage_PUF.xlsx,27379dc76590027b0e6d21d736331f87376f0ac87810d68e9f7cca555eef4b1f
3589,68398FL0060001,229,6,Individual,HMO,QHP,Gold,Transparency 2026 - Ind QHP,3061,Transparency_in_Coverage_PUF.xlsx,27379dc76590027b0e6d21d736331f87376f0ac87810d68e9f7cca555eef4b1f
3590,68398FL0060002,229,6,Individual,HMO,QHP,Silver,Transparency 2026 - Ind QHP,3062,Transparency_in_Coverage_PUF.xlsx,27379dc76590027b0e6d21d736331f87376f0ac87810d68e9f7cca555eef4b1f
3591,68398FL0060004,229,6,Individual,HMO,QHP,Silver,Transparency 2026 - Ind QHP,3063,Transparency_in_Coverage_PUF.xlsx,27379dc76590027b0e6d21d736331f87376f0ac87810d68e9f7cca555eef4b1f
3592,68398FL0060005,229,6,Individual,HMO,QHP,Silver,Transparency 2026 - Ind QHP,3064,Transparency_in_Coverage_PUF.xlsx,27379dc76590027b0e6d21d736331f87376f0ac87810d68e9f7cca555eef4b1f
3593,68398FL0060006,229,6,Individual,HMO,QHP,Bronze,Transparency 2026 - Ind QHP,3065,Transparency_in_Coverage_PUF.xlsx,27379dc76590027b0e6d21d736331f87376f0ac87810d68e9f7cca555eef4b1f
3594,68398FL0060007,229,6,Individual,HMO,QHP,Bronze,Transparency 2026 - Ind QHP,3066,Transparency_in_Coverage_PUF.xlsx,27379dc76590027b0e6d21d736331f87376f0ac87810d68e9f7cca555eef4b1f
3595,68398FL0090001,229,6,Individual,HMO,QHP,Bronze,Transparency 2026 - Ind QHP,3067,Transparency_in_Coverage_PUF.xlsx,27379dc76590027b0e6d21d736331f87376f0ac87810d68e9f7cca555eef4b1f
3596,68398FL0090002,229,6,Individual,HMO,QHP,Silver,Transparency 2026 - Ind QHP,3068,Transparency_in_Coverage_PUF.xlsx,27379dc76590027b0e6d21d736331f87376f0ac87810d68e9f7cca555eef4b1f
3597,68420OR0010007,230,22,Individual,PPO,SADP,Low,Transparency 2026 - Ind SADP,444,Transparency_in_Coverage_PUF.xlsx,27379dc76590027b0e6d21d736331f87376f0ac87810d68e9f7cca555eef4b1f
3598,68420OR0010008,230,22,Individual,PPO,SADP,High,Transparency 2026 - Ind SADP,445,Transparency_in_Coverage_PUF.xlsx,27379dc76590027b0e6d21d736331f87376f0ac87810d68e9f7cca555eef4b1f
3599,68445AZ0590010,231,4,Individual,HMO,QHP,Bronze,Transparency 2026 - Ind QHP,3069,Transparency_in_Coverage_PUF.xlsx,27379dc76590027b0e6d21d736331f87376f0ac87810d68e9f7cca555eef4b1f
3600,68445AZ0590020,231,4,Individual,HMO,QHP,Silver,Transparency 2026 - Ind QHP,3070,Transparency_in_Coverage_PUF.xlsx,27379dc76590027b0e6d21d736331f87376f0ac87810d68e9f7cca555eef4b1f
3601,68445AZ0590030,231,4,Individual,HMO,QHP,Gold,Transparency 2026 - Ind QHP,3071,Transparency_in_Coverage_PUF.xlsx,27379dc76590027b0e6d21d736331f87376f0ac87810d68e9f7cca555eef4b1f
3602,68445AZ0590050,231,4,Individual,HMO,QHP,Catastrophic,Transparency 2026 - Ind QHP,3072,Transparency_in_Coverage_PUF.xlsx,27379dc76590027b0e6d21d736331f87376f0ac87810d68e9f7cca555eef4b1f
3603,68445AZ0600010,231,4,Individual,HMO,QHP,Bronze,Transparency 2026 - Ind QHP,3073,Transparency_in_Coverage_PUF.xlsx,27379dc76590027b0e6d21d736331f87376f0ac87810d68e9f7cca555eef4b1f
3604,68445AZ0600011,231,4,Individual,HMO,QHP,Bronze,Transparency 2026 - Ind QHP,3074,Transparency_in_Coverage_PUF.xlsx,27379dc76590027b0e6d21d736331f87376f0ac87810d68e9f7cca555eef4b1f
3605,68445AZ0600020,231,4,Individual,HMO,QHP,Silver,Transparency 2026 - Ind QHP,3075,Transparency_in_Coverage_PUF.xlsx,27379dc76590027b0e6d21d736331f87376f0ac87810d68e9f7cca555eef4b1f
3606,68445AZ0600021,231,4,Individual,HMO,QHP,Silver,Transparency 2026 - Ind QHP,3076,Transparency_in_Coverage_PUF.xlsx,27379dc76590027b0e6d21d736331f87376f0ac87810d68e9f7cca555eef4b1f
3607,68445AZ0600030,231,4,Individual,HMO,QHP,Gold,Transparency 2026 - Ind QHP,3077,Transparency_in_Coverage_PUF.xlsx,27379dc76590027b0e6d21d736331f87376f0ac87810d68e9f7cca555eef4b1f
3608,68445AZ0600031,231,4,Individual,HMO,QHP,Gold,Transparency 2026 - Ind QHP,3078,Transparency_in_Coverage_PUF.xlsx,27379dc76590027b0e6d21d736331f87376f0ac87810d68e9f7cca555eef4b1f
3609,68445AZ0610010,231,4,Individual,HMO,QHP,Bronze,Transparency 2026 - Ind QHP,3079,Transparency_in_Coverage_PUF.xlsx,27379dc76590027b0e6d21d736331f87376f0ac87810d68e9f7cca555eef4b1f
3610,68445AZ0610011,231,4,Individual,HMO,QHP,Bronze,Transparency 2026 - Ind QHP,3080,Transparency_in_Coverage_PUF.xlsx,27379dc76590027b0e6d21d736331f87376f0ac87810d68e9f7cca555eef4b1f
3611,68445AZ0610020,231,4,Individual,HMO,QHP,Silver,Transparency 2026 - Ind QHP,3081,Transparency_in_Coverage_PUF.xlsx,27379dc76590027b0e6d21d736331f87376f0ac87810d68e9f7cca555eef4b1f
3612,68445AZ0610021,231,4,Individual,HMO,QHP,Silver,Transparency 2026 - Ind QHP,3082,Transparency_in_Coverage_PUF.xlsx,27379dc76590027b0e6d21d736331f87376f0ac87810d68e9f7cca555eef4b1f
3613,68445AZ0610030,231,4,Individual,HMO,QHP,Gold,Transparency 2026 - Ind QHP,3083,Transparency_in_Coverage_PUF.xlsx,27379dc76590027b0e6d21d736331f87376f0ac87810d68e9f7cca555eef4b1f
3614,68445AZ0610031,231,4,Individual,HMO,QHP,Gold,Transparency 2026 - Ind QHP,3084,Transparency_in_Coverage_PUF.xlsx,27379dc76590027b0e6d21d736331f87376f0ac87810d68e9f7cca555eef4b1f
3615,68781UT0020007,232,27,Individual,HMO,QHP,Gold,Transparency 2026 - Ind QHP,3085,Transparency_in_Coverage_PUF.xlsx,27379dc76590027b0e6d21d736331f87376f0ac87810d68e9f7cca555eef4b1f
3616,68781UT0020023,232,27,Individual,HMO,QHP,Gold,Transparency 2026 - Ind QHP,3086,Transparency_in_Coverage_PUF.xlsx,27379dc76590027b0e6d21d736331f87376f0ac87810d68e9f7cca555eef4b1f
3617,68781UT0020024,232,27,Individual,HMO,QHP,Silver,Transparency 2026 - Ind QHP,3087,Transparency_in_Coverage_PUF.xlsx,27379dc76590027b0e6d21d736331f87376f0ac87810d68e9f7cca555eef4b1f
3618,68781UT0020025,232,27,Individual,HMO,QHP,Bronze,Transparency 2026 - Ind QHP,3088,Transparency_in_Coverage_PUF.xlsx,27379dc76590027b0e6d21d736331f87376f0ac87810d68e9f7cca555eef4b1f
3619,68781UT0200007,232,27,Individual,HMO,QHP,Silver,Transparency 2026 - Ind QHP,3089,Transparency_in_Coverage_PUF.xlsx,27379dc76590027b0e6d21d736331f87376f0ac87810d68e9f7cca555eef4b1f
3620,68781UT0200009,232,27,Individual,HMO,QHP,Bronze,Transparency 2026 - Ind QHP,3090,Transparency_in_Coverage_PUF.xlsx,27379dc76590027b0e6d21d736331f87376f0ac87810d68e9f7cca555eef4b1f
3621,68781UT0200010,232,27,Individual,HMO,QHP,Bronze,Transparency 2026 - Ind QHP,3091,Transparency_in_Coverage_PUF.xlsx,27379dc76590027b0e6d21d736331f87376f0ac87810d68e9f7cca555eef4b1f
3622,68781UT0200014,232,27,Individual,HMO,QHP,Silver,Transparency 2026 - Ind QHP,3092,Transparency_in_Coverage_PUF.xlsx,27379dc76590027b0e6d21d736331f87376f0ac87810d68e9f7cca555eef4b1f
3623,68781UT0200017,232,27,Individual,HMO,QHP,Gold,Transparency 2026 - Ind QHP,3093,Transparency_in_Coverage_PUF.xlsx,27379dc76590027b0e6d21d736331f87376f0ac87810d68e9f7cca555eef4b1f
3624,68781UT0200018,232,27,Individual,HMO,QHP,Silver,Transparency 2026 - Ind QHP,3094,Transparency_in_Coverage_PUF.xlsx,27379dc76590027b0e6d21d736331f87376f0ac87810d68e9f7cca555eef4b1f
3625,68781UT0200019,232,27,Individual,HMO,QHP,Bronze,Transparency 2026 - Ind QHP,3095,Transparency_in_Coverage_PUF.xlsx,27379dc76590027b0e6d21d736331f87376f0ac87810d68e9f7cca555eef4b1f
3626,68781UT0200020,232,27,Individual,HMO,QHP,Gold,Transparency 2026 - Ind QHP,3096,Transparency_in_Coverage_PUF.xlsx,27379dc76590027b0e6d21d736331f87376f0ac87810d68e9f7cca555eef4b1f
3627,68781UT0200021,232,27,Individual,HMO,QHP,Silver,Transparency 2026 - Ind QHP,3097,Transparency_in_Coverage_PUF.xlsx,27379dc76590027b0e6d21d736331f87376f0ac87810d68e9f7cca555eef4b1f
3628,68781UT0200022,232,27,Individual,HMO,QHP,Gold,Transparency 2026 - Ind QHP,3098,Transparency_in_Coverage_PUF.xlsx,27379dc76590027b0e6d21d736331f87376f0ac87810d68e9f7cca555eef4b1f
3629,68781UT0200023,232,27,Individual,HMO,QHP,Silver,Transparency 2026 - Ind QHP,3099,Transparency_in_Coverage_PUF.xlsx,27379dc76590027b0e6d21d736331f87376f0ac87810d68e9f7cca555eef4b1f
3630,68781UT0200030,232,27,Individual,HMO,QHP,Gold,Transparency 2026 - Ind QHP,3100,Transparency_in_Coverage_PUF.xlsx,27379dc76590027b0e6d21d736331f87376f0ac87810d68e9f7cca555eef4b1f
3631,68781UT0200034,232,27,Individual,HMO,QHP,Platinum,Transparency 2026 - Ind QHP,3101,Transparency_in_Coverage_PUF.xlsx,27379dc76590027b0e6d21d736331f87376f0ac87810d68e9f7cca555eef4b1f
3632,68781UT0200035,232,27,Individual,HMO,QHP,Platinum,Transparency 2026 - Ind QHP,3102,Transparency_in_Coverage_PUF.xlsx,27379dc76590027b0e6d21d736331f87376f0ac87810d68e9f7cca555eef4b1f
3633,68781UT0200037,232,27,Individual,HMO,QHP,Platinum,Transparency 2026 - Ind QHP,3103,Transparency_in_Coverage_PUF.xlsx,27379dc76590027b0e6d21d736331f87376f0ac87810d68e9f7cca555eef4b1f
3634,68781UT0200038,232,27,Individual,HMO,QHP,Platinum,Transparency 2026 - Ind QHP,3104,Transparency_in_Coverage_PUF.xlsx,27379dc76590027b0e6d21d736331f87376f0ac87810d68e9f7cca555eef4b1f
3635,68781UT0210001,232,27,Individual,HMO,QHP,Silver,Transparency 2026 - Ind QHP,3105,Transparency_in_Coverage_PUF.xlsx,27379dc76590027b0e6d21d736331f87376f0ac87810d68e9f7cca555eef4b1f
3636,69380WI0040001,233,28,Individual,PPO,SADP,High,Transparency 2026 - Ind SADP,446,Transparency_in_Coverage_PUF.xlsx,27379dc76590027b0e6d21d736331f87376f0ac87810d68e9f7cca555eef4b1f
3637,69380WI0040002,233,28,Individual,PPO,SADP,Low,Transparency 2026 - Ind SADP,447,Transparency_in_Coverage_PUF.xlsx,27379dc76590027b0e6d21d736331f87376f0ac87810d68e9f7cca555eef4b1f
3638,69380WI0040003,233,28,Individual,PPO,SADP,Low,Transparency 2026 - Ind SADP,448,Transparency_in_Coverage_PUF.xlsx,27379dc76590027b0e6d21d736331f87376f0ac87810d68e9f7cca555eef4b1f
3639,69380WI0040004,233,28,Individual,PPO,SADP,Low,Transparency 2026 - Ind SADP,449,Transparency_in_Coverage_PUF.xlsx,27379dc76590027b0e6d21d736331f87376f0ac87810d68e9f7cca555eef4b1f
3640,69443TN0140016,234,25,Individual,EPO,QHP,Gold,Transparency 2026 - Ind QHP,3106,Transparency_in_Coverage_PUF.xlsx,27379dc76590027b0e6d21d736331f87376f0ac87810d68e9f7cca555eef4b1f
3641,69443TN0140020,234,25,Individual,EPO,QHP,Silver,Transparency 2026 - Ind QHP,3107,Transparency_in_Coverage_PUF.xlsx,27379dc76590027b0e6d21d736331f87376f0ac87810d68e9f7cca555eef4b1f
3642,69443TN0140021,234,25,Individual,EPO,QHP,Silver,Transparency 2026 - Ind QHP,3108,Transparency_in_Coverage_PUF.xlsx,27379dc76590027b0e6d21d736331f87376f0ac87810d68e9f7cca555eef4b1f
3643,69443TN0140025,234,25,Individual,EPO,QHP,Bronze,Transparency 2026 - Ind QHP,3109,Transparency_in_Coverage_PUF.xlsx,27379dc76590027b0e6d21d736331f87376f0ac87810d68e9f7cca555eef4b1f
3644,69443TN0140028,234,25,Individual,EPO,QHP,Bronze,Transparency 2026 - Ind QHP,3110,Transparency_in_Coverage_PUF.xlsx,27379dc76590027b0e6d21d736331f87376f0ac87810d68e9f7cca555eef4b1f
3645,69443TN0140029,234,25,Individual,EPO,QHP,Silver,Transparency 2026 - Ind QHP,3111,Transparency_in_Coverage_PUF.xlsx,27379dc76590027b0e6d21d736331f87376f0ac87810d68e9f7cca555eef4b1f
3646,69443TN0140030,234,25,Individual,EPO,QHP,Gold,Transparency 2026 - Ind QHP,3112,Transparency_in_Coverage_PUF.xlsx,27379dc76590027b0e6d21d736331f87376f0ac87810d68e9f7cca555eef4b1f
3647,69443TN0140031,234,25,Individual,EPO,QHP,Gold,Transparency 2026 - Ind QHP,3113,Transparency_in_Coverage_PUF.xlsx,27379dc76590027b0e6d21d736331f87376f0ac87810d68e9f7cca555eef4b1f
3648,69443TN0140032,234,25,Individual,EPO,QHP,Bronze,Transparency 2026 - Ind QHP,3114,Transparency_in_Coverage_PUF.xlsx,27379dc76590027b0e6d21d736331f87376f0ac87810d68e9f7cca555eef4b1f
3649,69443TN0180001,234,25,Individual,EPO,QHP,Silver,Transparency 2026 - Ind QHP,3115,Transparency_in_Coverage_PUF.xlsx,27379dc76590027b0e6d21d736331f87376f0ac87810d68e9f7cca555eef4b1f
3650,69443TN0180002,234,25,Individual,EPO,QHP,Gold,Transparency 2026 - Ind QHP,3116,Transparency_in_Coverage_PUF.xlsx,27379dc76590027b0e6d21d736331f87376f0ac87810d68e9f7cca555eef4b1f
3651,69443TN0180003,234,25,Individual,EPO,QHP,Bronze,Transparency 2026 - Ind QHP,3117,Transparency_in_Coverage_PUF.xlsx,27379dc76590027b0e6d21d736331f87376f0ac87810d68e9f7cca555eef4b1f
3652,69443TN0190001,234,25,Individual,EPO,SADP,High,Transparency 2026 - Ind SADP,450,Transparency_in_Coverage_PUF.xlsx,27379dc76590027b0e6d21d736331f87376f0ac87810d68e9f7cca555eef4b1f
3653,69443TN0200001,234,25,Individual,PPO,SADP,High,Transparency 2026 - Ind SADP,451,Transparency_in_Coverage_PUF.xlsx,27379dc76590027b0e6d21d736331f87376f0ac87810d68e9f7cca555eef4b1f
3654,69461AL0110004,235,2,Individual,EPO,QHP,Silver,Transparency 2026 - Ind QHP,3118,Transparency_in_Coverage_PUF.xlsx,27379dc76590027b0e6d21d736331f87376f0ac87810d68e9f7cca555eef4b1f
3655,69461AL0110010,235,2,Individual,EPO,QHP,Gold,Transparency 2026 - Ind QHP,3119,Transparency_in_Coverage_PUF.xlsx,27379dc76590027b0e6d21d736331f87376f0ac87810d68e9f7cca555eef4b1f
3656,69461AL0110013,235,2,Individual,EPO,QHP,Silver,Transparency 2026 - Ind QHP,3120,Transparency_in_Coverage_PUF.xlsx,27379dc76590027b0e6d21d736331f87376f0ac87810d68e9f7cca555eef4b1f
3657,69461AL0110014,235,2,Individual,EPO,QHP,Silver,Transparency 2026 - Ind QHP,3121,Transparency_in_Coverage_PUF.xlsx,27379dc76590027b0e6d21d736331f87376f0ac87810d68e9f7cca555eef4b1f
3658,69461AL0110018,235,2,Individual,EPO,QHP,Bronze,Transparency 2026 - Ind QHP,3122,Transparency_in_Coverage_PUF.xlsx,27379dc76590027b0e6d21d736331f87376f0ac87810d68e9f7cca555eef4b1f
3659,69461AL0110020,235,2,Individual,EPO,QHP,Bronze,Transparency 2026 - Ind QHP,3123,Transparency_in_Coverage_PUF.xlsx,27379dc76590027b0e6d21d736331f87376f0ac87810d68e9f7cca555eef4b1f
3660,69461AL0110023,235,2,Individual,EPO,QHP,Gold,Transparency 2026 - Ind QHP,3124,Transparency_in_Coverage_PUF.xlsx,27379dc76590027b0e6d21d736331f87376f0ac87810d68e9f7cca555eef4b1f
3661,69461AL0110024,235,2,Individual,EPO,QHP,Bronze,Transparency 2026 - Ind QHP,3125,Transparency_in_Coverage_PUF.xlsx,27379dc76590027b0e6d21d736331f87376f0ac87810d68e9f7cca555eef4b1f
3662,69461AL0110025,235,2,Individual,EPO,QHP,Gold,Transparency 2026 - Ind QHP,3126,Transparency_in_Coverage_PUF.xlsx,27379dc76590027b0e6d21d736331f87376f0ac87810d68e9f7cca555eef4b1f
3663,69461AL0120002,235,2,Individual,EPO,QHP,Gold,Transparency 2026 - Ind QHP,3127,Transparency_in_Coverage_PUF.xlsx,27379dc76590027b0e6d21d736331f87376f0ac87810d68e9f7cca555eef4b1f
3664,69461AL0120004,235,2,Individual,EPO,QHP,Silver,Transparency 2026 - Ind QHP,3128,Transparency_in_Coverage_PUF.xlsx,27379dc76590027b0e6d21d736331f87376f0ac87810d68e9f7cca555eef4b1f
3665,69461AL0120005,235,2,Individual,EPO,QHP,Silver,Transparency 2026 - Ind QHP,3129,Transparency_in_Coverage_PUF.xlsx,27379dc76590027b0e6d21d736331f87376f0ac87810d68e9f7cca555eef4b1f
3666,69461AL0120006,235,2,Individual,EPO,QHP,Bronze,Transparency 2026 - Ind QHP,3130,Transparency_in_Coverage_PUF.xlsx,27379dc76590027b0e6d21d736331f87376f0ac87810d68e9f7cca555eef4b1f
3667,69512MO0010005,236,13,Individual,EPO,QHP,Bronze,Transparency 2026 - Ind QHP,3131,Transparency_in_Coverage_PUF.xlsx,27379dc76590027b0e6d21d736331f87376f0ac87810d68e9f7cca555eef4b1f
3668,69512MO0010011,236,13,Individual,EPO,QHP,Catastrophic,Transparency 2026 - Ind QHP,3132,Transparency_in_Coverage_PUF.xlsx,27379dc76590027b0e6d21d736331f87376f0ac87810d68e9f7cca555eef4b1f
3669,69512MO0010024,236,13,Individual,EPO,QHP,Bronze,Transparency 2026 - Ind QHP,3133,Transparency_in_Coverage_PUF.xlsx,27379dc76590027b0e6d21d736331f87376f0ac87810d68e9f7cca555eef4b1f
3670,69512MO0010025,236,13,Individual,EPO,QHP,Silver,Transparency 2026 - Ind QHP,3134,Transparency_in_Coverage_PUF.xlsx,27379dc76590027b0e6d21d736331f87376f0ac87810d68e9f7cca555eef4b1f
3671,69512MO0010030,236,13,Individual,EPO,QHP,Silver,Transparency 2026 - Ind QHP,3135,Transparency_in_Coverage_PUF.xlsx,27379dc76590027b0e6d21d736331f87376f0ac87810d68e9f7cca555eef4b1f
3672,69512MO0010045,236,13,Individual,EPO,QHP,Silver,Transparency 2026 - Ind QHP,3136,Transparency_in_Coverage_PUF.xlsx,27379dc76590027b0e6d21d736331f87376f0ac87810d68e9f7cca555eef4b1f
3673,69512MO0010050,236,13,Individual,EPO,QHP,Bronze,Transparency 2026 - Ind QHP,3137,Transparency_in_Coverage_PUF.xlsx,27379dc76590027b0e6d21d736331f87376f0ac87810d68e9f7cca555eef4b1f
3674,69512MO0010052,236,13,Individual,EPO,QHP,Silver,Transparency 2026 - Ind QHP,3138,Transparency_in_Coverage_PUF.xlsx,27379dc76590027b0e6d21d736331f87376f0ac87810d68e9f7cca555eef4b1f
3675,69512MO0010053,236,13,Individual,EPO,QHP,Gold,Transparency 2026 - Ind QHP,3139,Transparency_in_Coverage_PUF.xlsx,27379dc76590027b0e6d21d736331f87376f0ac87810d68e9f7cca555eef4b1f
3676,69512MO0010055,236,13,Individual,EPO,QHP,Bronze,Transparency 2026 - Ind QHP,3140,Transparency_in_Coverage_PUF.xlsx,27379dc76590027b0e6d21d736331f87376f0ac87810d68e9f7cca555eef4b1f
3677,69512MO0010058,236,13,Individual,EPO,QHP,Silver,Transparency 2026 - Ind QHP,3141,Transparency_in_Coverage_PUF.xlsx,27379dc76590027b0e6d21d736331f87376f0ac87810d68e9f7cca555eef4b1f
3678,69512MO0010064,236,13,Individual,EPO,QHP,Gold,Transparency 2026 - Ind QHP,3142,Transparency_in_Coverage_PUF.xlsx,27379dc76590027b0e6d21d736331f87376f0ac87810d68e9f7cca555eef4b1f
3679,69589WI0070006,237,28,Individual,PPO,SADP,Low,Transparency 2026 - Ind SADP,452,Transparency_in_Coverage_PUF.xlsx,27379dc76590027b0e6d21d736331f87376f0ac87810d68e9f7cca555eef4b1f
3680,69589WI0090006,237,28,Individual,PPO,SADP,Low,Transparency 2026 - Ind SADP,453,Transparency_in_Coverage_PUF.xlsx,27379dc76590027b0e6d21d736331f87376f0ac87810d68e9f7cca555eef4b1f
3681,69589WI0100004,237,28,Individual,PPO,SADP,Low,Transparency 2026 - Ind SADP,454,Transparency_in_Coverage_PUF.xlsx,27379dc76590027b0e6d21d736331f87376f0ac87810d68e9f7cca555eef4b1f
3682,69589WI0110001,237,28,Individual,PPO,SADP,Low,Transparency 2026 - Ind SADP,455,Transparency_in_Coverage_PUF.xlsx,27379dc76590027b0e6d21d736331f87376f0ac87810d68e9f7cca555eef4b1f
3683,69803NC0010005,238,16,Individual,HMO,QHP,Bronze,Transparency 2026 - Ind QHP,3143,Transparency_in_Coverage_PUF.xlsx,27379dc76590027b0e6d21d736331f87376f0ac87810d68e9f7cca555eef4b1f
3684,69803NC0010006,238,16,Individual,HMO,QHP,Silver,Transparency 2026 - Ind QHP,3144,Transparency_in_Coverage_PUF.xlsx,27379dc76590027b0e6d21d736331f87376f0ac87810d68e9f7cca555eef4b1f
3685,69803NC0010011,238,16,Individual,HMO,QHP,Catastrophic,Transparency 2026 - Ind QHP,3145,Transparency_in_Coverage_PUF.xlsx,27379dc76590027b0e6d21d736331f87376f0ac87810d68e9f7cca555eef4b1f
3686,69803NC0010024,238,16,Individual,HMO,QHP,Bronze,Transparency 2026 - Ind QHP,3146,Transparency_in_Coverage_PUF.xlsx,27379dc76590027b0e6d21d736331f87376f0ac87810d68e9f7cca555eef4b1f
3687,69803NC0010025,238,16,Individual,HMO,QHP,Silver,Transparency 2026 - Ind QHP,3147,Transparency_in_Coverage_PUF.xlsx,27379dc76590027b0e6d21d736331f87376f0ac87810d68e9f7cca555eef4b1f
3688,69803NC0010045,238,16,Individual,HMO,QHP,Silver,Transparency 2026 - Ind QHP,3148,Transparency_in_Coverage_PUF.xlsx,27379dc76590027b0e6d21d736331f87376f0ac87810d68e9f7cca555eef4b1f
3689,69803NC0010050,238,16,Individual,HMO,QHP,Bronze,Transparency 2026 - Ind QHP,3149,Transparency_in_Coverage_PUF.xlsx,27379dc76590027b0e6d21d736331f87376f0ac87810d68e9f7cca555eef4b1f
3690,69803NC0010052,238,16,Individual,HMO,QHP,Silver,Transparency 2026 - Ind QHP,3150,Transparency_in_Coverage_PUF.xlsx,27379dc76590027b0e6d21d736331f87376f0ac87810d68e9f7cca555eef4b1f
3691,69803NC0010053,238,16,Individual,HMO,QHP,Gold,Transparency 2026 - Ind QHP,3151,Transparency_in_Coverage_PUF.xlsx,27379dc76590027b0e6d21d736331f87376f0ac87810d68e9f7cca555eef4b1f
3692,69803NC0010055,238,16,Individual,HMO,QHP,Bronze,Transparency 2026 - Ind QHP,3152,Transparency_in_Coverage_PUF.xlsx,27379dc76590027b0e6d21d736331f87376f0ac87810d68e9f7cca555eef4b1f
3693,69803NC0010056,238,16,Individual,HMO,QHP,Silver,Transparency 2026 - Ind QHP,3153,Transparency_in_Coverage_PUF.xlsx,27379dc76590027b0e6d21d736331f87376f0ac87810d68e9f7cca555eef4b1f
3694,69803NC0010057,238,16,Individual,HMO,QHP,Gold,Transparency 2026 - Ind QHP,3154,Transparency_in_Coverage_PUF.xlsx,27379dc76590027b0e6d21d736331f87376f0ac87810d68e9f7cca555eef4b1f
3695,69803NC0010058,238,16,Individual,HMO,QHP,Bronze,Transparency 2026 - Ind QHP,3155,Transparency_in_Coverage_PUF.xlsx,27379dc76590027b0e6d21d736331f87376f0ac87810d68e9f7cca555eef4b1f
3696,69803NC0010059,238,16,Individual,HMO,QHP,Bronze,Transparency 2026 - Ind QHP,3156,Transparency_in_Coverage_PUF.xlsx,27379dc76590027b0e6d21d736331f87376f0ac87810d68e9f7cca555eef4b1f
3697,69803NC0010060,238,16,Individual,HMO,QHP,Catastrophic,Transparency 2026 - Ind QHP,3157,Transparency_in_Coverage_PUF.xlsx,27379dc76590027b0e6d21d736331f87376f0ac87810d68e9f7cca555eef4b1f
3698,69803NC0010061,238,16,Individual,HMO,QHP,Bronze,Transparency 2026 - Ind QHP,3158,Transparency_in_Coverage_PUF.xlsx,27379dc76590027b0e6d21d736331f87376f0ac87810d68e9f7cca555eef4b1f
3699,69803NC0010062,238,16,Individual,HMO,QHP,Bronze,Transparency 2026 - Ind QHP,3159,Transparency_in_Coverage_PUF.xlsx,27379dc76590027b0e6d21d736331f87376f0ac87810d68e9f7cca555eef4b1f
3700,69803NC0010063,238,16,Individual,HMO,QHP,Silver,Transparency 2026 - Ind QHP,3160,Transparency_in_Coverage_PUF.xlsx,27379dc76590027b0e6d21d736331f87376f0ac87810d68e9f7cca555eef4b1f
3701,69803NC0010064,238,16,Individual,HMO,QHP,Silver,Transparency 2026 - Ind QHP,3161,Transparency_in_Coverage_PUF.xlsx,27379dc76590027b0e6d21d736331f87376f0ac87810d68e9f7cca555eef4b1f
3702,69803NC0010065,238,16,Individual,HMO,QHP,Silver,Transparency 2026 - Ind QHP,3162,Transparency_in_Coverage_PUF.xlsx,27379dc76590027b0e6d21d736331f87376f0ac87810d68e9f7cca555eef4b1f
3703,69803NC0010067,238,16,Individual,HMO,QHP,Bronze,Transparency 2026 - Ind QHP,3163,Transparency_in_Coverage_PUF.xlsx,27379dc76590027b0e6d21d736331f87376f0ac87810d68e9f7cca555eef4b1f
3704,69803NC0010070,238,16,Individual,HMO,QHP,Silver,Transparency 2026 - Ind QHP,3164,Transparency_in_Coverage_PUF.xlsx,27379dc76590027b0e6d21d736331f87376f0ac87810d68e9f7cca555eef4b1f
3705,69803NC0010071,238,16,Individual,HMO,QHP,Silver,Transparency 2026 - Ind QHP,3165,Transparency_in_Coverage_PUF.xlsx,27379dc76590027b0e6d21d736331f87376f0ac87810d68e9f7cca555eef4b1f
3706,69803NC0010072,238,16,Individual,HMO,QHP,Silver,Transparency 2026 - Ind QHP,3166,Transparency_in_Coverage_PUF.xlsx,27379dc76590027b0e6d21d736331f87376f0ac87810d68e9f7cca555eef4b1f
3707,69803NC0010074,238,16,Individual,HMO,QHP,Gold,Transparency 2026 - Ind QHP,3167,Transparency_in_Coverage_PUF.xlsx,27379dc76590027b0e6d21d736331f87376f0ac87810d68e9f7cca555eef4b1f
3708,69803NC0010075,238,16,Individual,HMO,QHP,Gold,Transparency 2026 - Ind QHP,3168,Transparency_in_Coverage_PUF.xlsx,27379dc76590027b0e6d21d736331f87376f0ac87810d68e9f7cca555eef4b1f
3709,69842LA0240012,239,11,Individual,EPO,QHP,Gold,Transparency 2026 - Ind QHP,3169,Transparency_in_Coverage_PUF.xlsx,27379dc76590027b0e6d21d736331f87376f0ac87810d68e9f7cca555eef4b1f
3710,69842LA0240014,239,11,Individual,EPO,QHP,Silver,Transparency 2026 - Ind QHP,3170,Transparency_in_Coverage_PUF.xlsx,27379dc76590027b0e6d21d736331f87376f0ac87810d68e9f7cca555eef4b1f
3711,69842LA0240017,239,11,Individual,EPO,QHP,Silver,Transparency 2026 - Ind QHP,3171,Transparency_in_Coverage_PUF.xlsx,27379dc76590027b0e6d21d736331f87376f0ac87810d68e9f7cca555eef4b1f
3712,69842LA0240018,239,11,Individual,EPO,QHP,Bronze,Transparency 2026 - Ind QHP,3172,Transparency_in_Coverage_PUF.xlsx,27379dc76590027b0e6d21d736331f87376f0ac87810d68e9f7cca555eef4b1f
3713,69842LA0240022,239,11,Individual,EPO,QHP,Silver,Transparency 2026 - Ind QHP,3173,Transparency_in_Coverage_PUF.xlsx,27379dc76590027b0e6d21d736331f87376f0ac87810d68e9f7cca555eef4b1f
3714,69842LA0240023,239,11,Individual,EPO,QHP,Gold,Transparency 2026 - Ind QHP,3174,Transparency_in_Coverage_PUF.xlsx,27379dc76590027b0e6d21d736331f87376f0ac87810d68e9f7cca555eef4b1f
3715,69842LA0240024,239,11,Individual,EPO,QHP,Bronze,Transparency 2026 - Ind QHP,3175,Transparency_in_Coverage_PUF.xlsx,27379dc76590027b0e6d21d736331f87376f0ac87810d68e9f7cca555eef4b1f
3716,69842LA0240025,239,11,Individual,EPO,QHP,Gold,Transparency 2026 - Ind QHP,3176,Transparency_in_Coverage_PUF.xlsx,27379dc76590027b0e6d21d736331f87376f0ac87810d68e9f7cca555eef4b1f
3717,69842LA0240026,239,11,Individual,EPO,QHP,Bronze,Transparency 2026 - Ind QHP,3177,Transparency_in_Coverage_PUF.xlsx,27379dc76590027b0e6d21d736331f87376f0ac87810d68e9f7cca555eef4b1f
3718,69842LA0250002,239,11,Individual,EPO,QHP,Gold,Transparency 2026 - Ind QHP,3178,Transparency_in_Coverage_PUF.xlsx,27379dc76590027b0e6d21d736331f87376f0ac87810d68e9f7cca555eef4b1f
3719,69842LA0250003,239,11,Individual,EPO,QHP,Silver,Transparency 2026 - Ind QHP,3179,Transparency_in_Coverage_PUF.xlsx,27379dc76590027b0e6d21d736331f87376f0ac87810d68e9f7cca555eef4b1f
3720,69842LA0250005,239,11,Individual,EPO,QHP,Silver,Transparency 2026 - Ind QHP,3180,Transparency_in_Coverage_PUF.xlsx,27379dc76590027b0e6d21d736331f87376f0ac87810d68e9f7cca555eef4b1f
3721,69842LA0250006,239,11,Individual,EPO,QHP,Bronze,Transparency 2026 - Ind QHP,3181,Transparency_in_Coverage_PUF.xlsx,27379dc76590027b0e6d21d736331f87376f0ac87810d68e9f7cca555eef4b1f
3722,70111TN0110018,240,25,Individual,EPO,QHP,Silver,Transparency 2026 - Ind QHP,3182,Transparency_in_Coverage_PUF.xlsx,27379dc76590027b0e6d21d736331f87376f0ac87810d68e9f7cca555eef4b1f
3723,70111TN0110019,240,25,Individual,EPO,QHP,Silver,Transparency 2026 - Ind QHP,3183,Transparency_in_Coverage_PUF.xlsx,27379dc76590027b0e6d21d736331f87376f0ac87810d68e9f7cca555eef4b1f
3724,70111TN0110020,240,25,Individual,EPO,QHP,Silver,Transparency 2026 - Ind QHP,3184,Transparency_in_Coverage_PUF.xlsx,27379dc76590027b0e6d21d736331f87376f0ac87810d68e9f7cca555eef4b1f
3725,70111TN0110023,240,25,Individual,EPO,QHP,Bronze,Transparency 2026 - Ind QHP,3185,Transparency_in_Coverage_PUF.xlsx,27379dc76590027b0e6d21d736331f87376f0ac87810d68e9f7cca555eef4b1f
3726,70111TN0110026,240,25,Individual,EPO,QHP,Bronze,Transparency 2026 - Ind QHP,3186,Transparency_in_Coverage_PUF.xlsx,27379dc76590027b0e6d21d736331f87376f0ac87810d68e9f7cca555eef4b1f
3727,70111TN0110030,240,25,Individual,EPO,QHP,Gold,Transparency 2026 - Ind QHP,3187,Transparency_in_Coverage_PUF.xlsx,27379dc76590027b0e6d21d736331f87376f0ac87810d68e9f7cca555eef4b1f
3728,70111TN0110031,240,25,Individual,EPO,QHP,Gold,Transparency 2026 - Ind QHP,3188,Transparency_in_Coverage_PUF.xlsx,27379dc76590027b0e6d21d736331f87376f0ac87810d68e9f7cca555eef4b1f
3729,70111TN0110033,240,25,Individual,EPO,QHP,Bronze,Transparency 2026 - Ind QHP,3189,Transparency_in_Coverage_PUF.xlsx,27379dc76590027b0e6d21d736331f87376f0ac87810d68e9f7cca555eef4b1f
3730,70111TN0110034,240,25,Individual,EPO,QHP,Silver,Transparency 2026 - Ind QHP,3190,Transparency_in_Coverage_PUF.xlsx,27379dc76590027b0e6d21d736331f87376f0ac87810d68e9f7cca555eef4b1f
3731,70111TN0110035,240,25,Individual,EPO,QHP,Gold,Transparency 2026 - Ind QHP,3191,Transparency_in_Coverage_PUF.xlsx,27379dc76590027b0e6d21d736331f87376f0ac87810d68e9f7cca555eef4b1f
3732,70111TN0120001,240,25,Individual,EPO,QHP,Silver,Transparency 2026 - Ind QHP,3192,Transparency_in_Coverage_PUF.xlsx,27379dc76590027b0e6d21d736331f87376f0ac87810d68e9f7cca555eef4b1f
3733,70111TN0120003,240,25,Individual,EPO,QHP,Silver,Transparency 2026 - Ind QHP,3193,Transparency_in_Coverage_PUF.xlsx,27379dc76590027b0e6d21d736331f87376f0ac87810d68e9f7cca555eef4b1f
3734,70111TN0120023,240,25,Individual,EPO,QHP,Bronze,Transparency 2026 - Ind QHP,3194,Transparency_in_Coverage_PUF.xlsx,27379dc76590027b0e6d21d736331f87376f0ac87810d68e9f7cca555eef4b1f
3735,70111TN0120026,240,25,Individual,EPO,QHP,Bronze,Transparency 2026 - Ind QHP,3195,Transparency_in_Coverage_PUF.xlsx,27379dc76590027b0e6d21d736331f87376f0ac87810d68e9f7cca555eef4b1f
3736,70111TN0120030,240,25,Individual,EPO,QHP,Gold,Transparency 2026 - Ind QHP,3196,Transparency_in_Coverage_PUF.xlsx,27379dc76590027b0e6d21d736331f87376f0ac87810d68e9f7cca555eef4b1f
3737,70111TN0120034,240,25,Individual,EPO,QHP,Gold,Transparency 2026 - Ind QHP,3197,Transparency_in_Coverage_PUF.xlsx,27379dc76590027b0e6d21d736331f87376f0ac87810d68e9f7cca555eef4b1f
3738,70111TN0120035,240,25,Individual,EPO,QHP,Bronze,Transparency 2026 - Ind QHP,3198,Transparency_in_Coverage_PUF.xlsx,27379dc76590027b0e6d21d736331f87376f0ac87810d68e9f7cca555eef4b1f
3739,70111TN0120036,240,25,Individual,EPO,QHP,Silver,Transparency 2026 - Ind QHP,3199,Transparency_in_Coverage_PUF.xlsx,27379dc76590027b0e6d21d736331f87376f0ac87810d68e9f7cca555eef4b1f
3740,70111TN0120037,240,25,Individual,EPO,QHP,Gold,Transparency 2026 - Ind QHP,3200,Transparency_in_Coverage_PUF.xlsx,27379dc76590027b0e6d21d736331f87376f0ac87810d68e9f7cca555eef4b1f
3741,70455OH0010002,241,20,Individual,PPO,SADP,High,Transparency 2026 - Ind SADP,456,Transparency_in_Coverage_PUF.xlsx,27379dc76590027b0e6d21d736331f87376f0ac87810d68e9f7cca555eef4b1f
3742,70455OH0010003,241,20,Individual,PPO,SADP,Low,Transparency 2026 - Ind SADP,457,Transparency_in_Coverage_PUF.xlsx,27379dc76590027b0e6d21d736331f87376f0ac87810d68e9f7cca555eef4b1f
3743,70455OH0010004,241,20,Individual,PPO,SADP,Low,Transparency 2026 - Ind SADP,458,Transparency_in_Coverage_PUF.xlsx,27379dc76590027b0e6d21d736331f87376f0ac87810d68e9f7cca555eef4b1f
3744,70455OH0010005,241,20,Individual,PPO,SADP,Low,Transparency 2026 - Ind SADP,459,Transparency_in_Coverage_PUF.xlsx,27379dc76590027b0e6d21d736331f87376f0ac87810d68e9f7cca555eef4b1f
3745,70455OH0010006,241,20,Individual,PPO,SADP,High,Transparency 2026 - Ind SADP,460,Transparency_in_Coverage_PUF.xlsx,27379dc76590027b0e6d21d736331f87376f0ac87810d68e9f7cca555eef4b1f
3746,70525AR0070002,242,3,Individual,POS,QHP,Silver,Transparency 2026 - Ind QHP,3201,Transparency_in_Coverage_PUF.xlsx,27379dc76590027b0e6d21d736331f87376f0ac87810d68e9f7cca555eef4b1f
3747,70525AR0070261,242,3,Individual,POS,QHP,Silver,Transparency 2026 - Ind QHP,3202,Transparency_in_Coverage_PUF.xlsx,27379dc76590027b0e6d21d736331f87376f0ac87810d68e9f7cca555eef4b1f
3748,70525AR0070268,242,3,Individual,POS,QHP,Gold,Transparency 2026 - Ind QHP,3203,Transparency_in_Coverage_PUF.xlsx,27379dc76590027b0e6d21d736331f87376f0ac87810d68e9f7cca555eef4b1f
3749,70525AR0070285,242,3,Individual,POS,QHP,Bronze,Transparency 2026 - Ind QHP,3204,Transparency_in_Coverage_PUF.xlsx,27379dc76590027b0e6d21d736331f87376f0ac87810d68e9f7cca555eef4b1f
3750,70525AR0070287,242,3,Individual,POS,QHP,Bronze,Transparency 2026 - Ind QHP,3205,Transparency_in_Coverage_PUF.xlsx,27379dc76590027b0e6d21d736331f87376f0ac87810d68e9f7cca555eef4b1f
3751,70525AR0070288,242,3,Individual,POS,QHP,Silver,Transparency 2026 - Ind QHP,3206,Transparency_in_Coverage_PUF.xlsx,27379dc76590027b0e6d21d736331f87376f0ac87810d68e9f7cca555eef4b1f
3752,70525AR0070289,242,3,Individual,POS,QHP,Gold,Transparency 2026 - Ind QHP,3207,Transparency_in_Coverage_PUF.xlsx,27379dc76590027b0e6d21d736331f87376f0ac87810d68e9f7cca555eef4b1f
3753,70525AR0210001,242,3,Individual,POS,QHP,Silver,Transparency 2026 - Ind QHP,3208,Transparency_in_Coverage_PUF.xlsx,27379dc76590027b0e6d21d736331f87376f0ac87810d68e9f7cca555eef4b1f
3754,70525AR0210002,242,3,Individual,POS,QHP,Gold,Transparency 2026 - Ind QHP,3209,Transparency_in_Coverage_PUF.xlsx,27379dc76590027b0e6d21d736331f87376f0ac87810d68e9f7cca555eef4b1f
3755,70525AR0210003,242,3,Individual,POS,QHP,Gold,Transparency 2026 - Ind QHP,3210,Transparency_in_Coverage_PUF.xlsx,27379dc76590027b0e6d21d736331f87376f0ac87810d68e9f7cca555eef4b1f
3756,70525AR0210005,242,3,Individual,POS,QHP,Silver,Transparency 2026 - Ind QHP,3211,Transparency_in_Coverage_PUF.xlsx,27379dc76590027b0e6d21d736331f87376f0ac87810d68e9f7cca555eef4b1f
3757,70754TX0020001,243,26,Individual,HMO,QHP,Bronze,Transparency 2026 - Ind QHP,3212,Transparency_in_Coverage_PUF.xlsx,27379dc76590027b0e6d21d736331f87376f0ac87810d68e9f7cca555eef4b1f
3758,70754TX0020002,243,26,Individual,HMO,QHP,Bronze,Transparency 2026 - Ind QHP,3213,Transparency_in_Coverage_PUF.xlsx,27379dc76590027b0e6d21d736331f87376f0ac87810d68e9f7cca555eef4b1f
3759,70754TX0020003,243,26,Individual,HMO,QHP,Silver,Transparency 2026 - Ind QHP,3214,Transparency_in_Coverage_PUF.xlsx,27379dc76590027b0e6d21d736331f87376f0ac87810d68e9f7cca555eef4b1f
3760,70754TX0020004,243,26,Individual,HMO,QHP,Silver,Transparency 2026 - Ind QHP,3215,Transparency_in_Coverage_PUF.xlsx,27379dc76590027b0e6d21d736331f87376f0ac87810d68e9f7cca555eef4b1f
3761,70754TX0020005,243,26,Individual,HMO,QHP,Gold,Transparency 2026 - Ind QHP,3216,Transparency_in_Coverage_PUF.xlsx,27379dc76590027b0e6d21d736331f87376f0ac87810d68e9f7cca555eef4b1f
3762,70754TX0020006,243,26,Individual,HMO,QHP,Gold,Transparency 2026 - Ind QHP,3217,Transparency_in_Coverage_PUF.xlsx,27379dc76590027b0e6d21d736331f87376f0ac87810d68e9f7cca555eef4b1f
3763,70754TX0020008,243,26,Individual,HMO,QHP,Silver,Transparency 2026 - Ind QHP,3218,Transparency_in_Coverage_PUF.xlsx,27379dc76590027b0e6d21d736331f87376f0ac87810d68e9f7cca555eef4b1f
3764,70754TX0020009,243,26,Individual,HMO,QHP,Gold,Transparency 2026 - Ind QHP,3219,Transparency_in_Coverage_PUF.xlsx,27379dc76590027b0e6d21d736331f87376f0ac87810d68e9f7cca555eef4b1f
3765,70754TX0030001,243,26,Individual,HMO,QHP,Bronze,Transparency 2026 - Ind QHP,3220,Transparency_in_Coverage_PUF.xlsx,27379dc76590027b0e6d21d736331f87376f0ac87810d68e9f7cca555eef4b1f
3766,70754TX0030002,243,26,Individual,HMO,QHP,Silver,Transparency 2026 - Ind QHP,3221,Transparency_in_Coverage_PUF.xlsx,27379dc76590027b0e6d21d736331f87376f0ac87810d68e9f7cca555eef4b1f
3767,70754TX0030003,243,26,Individual,HMO,QHP,Gold,Transparency 2026 - Ind QHP,3222,Transparency_in_Coverage_PUF.xlsx,27379dc76590027b0e6d21d736331f87376f0ac87810d68e9f7cca555eef4b1f
3768,71051IA0020003,244,8,Individual,PPO,SADP,High,Transparency 2026 - Ind SADP,461,Transparency_in_Coverage_PUF.xlsx,27379dc76590027b0e6d21d736331f87376f0ac87810d68e9f7cca555eef4b1f
3769,71051IA0020006,244,8,Individual,PPO,SADP,High,Transparency 2026 - Ind SADP,462,Transparency_in_Coverage_PUF.xlsx,27379dc76590027b0e6d21d736331f87376f0ac87810d68e9f7cca555eef4b1f
3770,71051IA0020007,244,8,Individual,PPO,SADP,High,Transparency 2026 - Ind SADP,463,Transparency_in_Coverage_PUF.xlsx,27379dc76590027b0e6d21d736331f87376f0ac87810d68e9f7cca555eef4b1f
3771,71051IA0020008,244,8,Individual,PPO,SADP,High,Transparency 2026 - Ind SADP,464,Transparency_in_Coverage_PUF.xlsx,27379dc76590027b0e6d21d736331f87376f0ac87810d68e9f7cca555eef4b1f
3772,71246UT0030002,245,27,Individual,PPO,SADP,Low,Transparency 2026 - Ind SADP,465,Transparency_in_Coverage_PUF.xlsx,27379dc76590027b0e6d21d736331f87376f0ac87810d68e9f7cca555eef4b1f
3773,71246UT0040002,245,27,Individual,PPO,SADP,High,Transparency 2026 - Ind SADP,466,Transparency_in_Coverage_PUF.xlsx,27379dc76590027b0e6d21d736331f87376f0ac87810d68e9f7cca555eef4b1f
3774,71287OR0420001,246,22,Individual,EPO,QHP,Gold,Transparency 2026 - Ind QHP,3223,Transparency_in_Coverage_PUF.xlsx,27379dc76590027b0e6d21d736331f87376f0ac87810d68e9f7cca555eef4b1f
3775,71287OR0420002,246,22,Individual,EPO,QHP,Gold,Transparency 2026 - Ind QHP,3224,Transparency_in_Coverage_PUF.xlsx,27379dc76590027b0e6d21d736331f87376f0ac87810d68e9f7cca555eef4b1f
3776,71287OR0420003,246,22,Individual,EPO,QHP,Silver,Transparency 2026 - Ind QHP,3225,Transparency_in_Coverage_PUF.xlsx,27379dc76590027b0e6d21d736331f87376f0ac87810d68e9f7cca555eef4b1f
3777,71287OR0420004,246,22,Individual,EPO,QHP,Bronze,Transparency 2026 - Ind QHP,3226,Transparency_in_Coverage_PUF.xlsx,27379dc76590027b0e6d21d736331f87376f0ac87810d68e9f7cca555eef4b1f
3778,71287OR0420005,246,22,Individual,EPO,QHP,Gold,Transparency 2026 - Ind QHP,3227,Transparency_in_Coverage_PUF.xlsx,27379dc76590027b0e6d21d736331f87376f0ac87810d68e9f7cca555eef4b1f
3779,71287OR0420011,246,22,Individual,EPO,QHP,Silver,Transparency 2026 - Ind QHP,3228,Transparency_in_Coverage_PUF.xlsx,27379dc76590027b0e6d21d736331f87376f0ac87810d68e9f7cca555eef4b1f
3780,71287OR0420012,246,22,Individual,EPO,QHP,Silver,Transparency 2026 - Ind QHP,3229,Transparency_in_Coverage_PUF.xlsx,27379dc76590027b0e6d21d736331f87376f0ac87810d68e9f7cca555eef4b1f
3781,71287OR0420014,246,22,Individual,EPO,QHP,Bronze,Transparency 2026 - Ind QHP,3230,Transparency_in_Coverage_PUF.xlsx,27379dc76590027b0e6d21d736331f87376f0ac87810d68e9f7cca555eef4b1f
3782,71287OR0420016,246,22,Individual,EPO,QHP,Bronze,Transparency 2026 - Ind QHP,3231,Transparency_in_Coverage_PUF.xlsx,27379dc76590027b0e6d21d736331f87376f0ac87810d68e9f7cca555eef4b1f
3783,71287OR0590001,246,22,Individual,EPO,SADP,High,Transparency 2026 - Ind SADP,467,Transparency_in_Coverage_PUF.xlsx,27379dc76590027b0e6d21d736331f87376f0ac87810d68e9f7cca555eef4b1f
3784,71287OR0590002,246,22,Individual,EPO,SADP,Low,Transparency 2026 - Ind SADP,468,Transparency_in_Coverage_PUF.xlsx,27379dc76590027b0e6d21d736331f87376f0ac87810d68e9f7cca555eef4b1f
3785,71287OR0590003,246,22,Individual,EPO,SADP,Low,Transparency 2026 - Ind SADP,469,Transparency_in_Coverage_PUF.xlsx,27379dc76590027b0e6d21d736331f87376f0ac87810d68e9f7cca555eef4b1f
3786,71667MI0010026,247,12,Individual,HMO,QHP,Gold,Transparency 2026 - Ind QHP,3232,Transparency_in_Coverage_PUF.xlsx,27379dc76590027b0e6d21d736331f87376f0ac87810d68e9f7cca555eef4b1f
3787,71667MI0010028,247,12,Individual,HMO,QHP,Silver,Transparency 2026 - Ind QHP,3233,Transparency_in_Coverage_PUF.xlsx,27379dc76590027b0e6d21d736331f87376f0ac87810d68e9f7cca555eef4b1f
3788,71667MI0010030,247,12,Individual,HMO,QHP,Bronze,Transparency 2026 - Ind QHP,3234,Transparency_in_Coverage_PUF.xlsx,27379dc76590027b0e6d21d736331f87376f0ac87810d68e9f7cca555eef4b1f
3789,71667MI0010033,247,12,Individual,HMO,QHP,Silver,Transparency 2026 - Ind QHP,3235,Transparency_in_Coverage_PUF.xlsx,27379dc76590027b0e6d21d736331f87376f0ac87810d68e9f7cca555eef4b1f
3790,71667MI0010039,247,12,Individual,HMO,QHP,Bronze,Transparency 2026 - Ind QHP,3236,Transparency_in_Coverage_PUF.xlsx,27379dc76590027b0e6d21d736331f87376f0ac87810d68e9f7cca555eef4b1f
3791,71667MI0010041,247,12,Individual,HMO,QHP,Silver,Transparency 2026 - Ind QHP,3237,Transparency_in_Coverage_PUF.xlsx,27379dc76590027b0e6d21d736331f87376f0ac87810d68e9f7cca555eef4b1f
3792,71667MI0010042,247,12,Individual,HMO,QHP,Gold,Transparency 2026 - Ind QHP,3238,Transparency_in_Coverage_PUF.xlsx,27379dc76590027b0e6d21d736331f87376f0ac87810d68e9f7cca555eef4b1f
3793,71667MI0010044,247,12,Individual,HMO,QHP,Bronze,Transparency 2026 - Ind QHP,3239,Transparency_in_Coverage_PUF.xlsx,27379dc76590027b0e6d21d736331f87376f0ac87810d68e9f7cca555eef4b1f
3794,71667MI0010048,247,12,Individual,HMO,QHP,Gold,Transparency 2026 - Ind QHP,3240,Transparency_in_Coverage_PUF.xlsx,27379dc76590027b0e6d21d736331f87376f0ac87810d68e9f7cca555eef4b1f
3795,71667MI0050001,247,12,Individual,HMO,QHP,Silver,Transparency 2026 - Ind QHP,3241,Transparency_in_Coverage_PUF.xlsx,27379dc76590027b0e6d21d736331f87376f0ac87810d68e9f7cca555eef4b1f
3796,71667MI0050004,247,12,Individual,HMO,QHP,Silver,Transparency 2026 - Ind QHP,3242,Transparency_in_Coverage_PUF.xlsx,27379dc76590027b0e6d21d736331f87376f0ac87810d68e9f7cca555eef4b1f
3797,71667MI0050005,247,12,Individual,HMO,QHP,Bronze,Transparency 2026 - Ind QHP,3243,Transparency_in_Coverage_PUF.xlsx,27379dc76590027b0e6d21d736331f87376f0ac87810d68e9f7cca555eef4b1f
3798,71667MI0050006,247,12,Individual,HMO,QHP,Gold,Transparency 2026 - Ind QHP,3244,Transparency_in_Coverage_PUF.xlsx,27379dc76590027b0e6d21d736331f87376f0ac87810d68e9f7cca555eef4b1f
3799,71788MT0010004,248,15,Individual,PPO,SADP,High,Transparency 2026 - Ind SADP,470,Transparency_in_Coverage_PUF.xlsx,27379dc76590027b0e6d21d736331f87376f0ac87810d68e9f7cca555eef4b1f
3800,71788MT0010009,248,15,Individual,PPO,SADP,Low,Transparency 2026 - Ind SADP,471,Transparency_in_Coverage_PUF.xlsx,27379dc76590027b0e6d21d736331f87376f0ac87810d68e9f7cca555eef4b1f
3801,71837TX0010001,249,26,Individual,HMO,QHP,Silver,Transparency 2026 - Ind QHP,3245,Transparency_in_Coverage_PUF.xlsx,27379dc76590027b0e6d21d736331f87376f0ac87810d68e9f7cca555eef4b1f
3802,71837TX0010002,249,26,Individual,HMO,QHP,Gold,Transparency 2026 - Ind QHP,3246,Transparency_in_Coverage_PUF.xlsx,27379dc76590027b0e6d21d736331f87376f0ac87810d68e9f7cca555eef4b1f
3803,71837TX0010008,249,26,Individual,HMO,QHP,Bronze,Transparency 2026 - Ind QHP,3247,Transparency_in_Coverage_PUF.xlsx,27379dc76590027b0e6d21d736331f87376f0ac87810d68e9f7cca555eef4b1f
3804,71837TX0010017,249,26,Individual,HMO,QHP,Silver,Transparency 2026 - Ind QHP,3248,Transparency_in_Coverage_PUF.xlsx,27379dc76590027b0e6d21d736331f87376f0ac87810d68e9f7cca555eef4b1f
3805,71837TX0010018,249,26,Individual,HMO,QHP,Gold,Transparency 2026 - Ind QHP,3249,Transparency_in_Coverage_PUF.xlsx,27379dc76590027b0e6d21d736331f87376f0ac87810d68e9f7cca555eef4b1f
3806,71837TX0010020,249,26,Individual,HMO,QHP,Bronze,Transparency 2026 - Ind QHP,3250,Transparency_in_Coverage_PUF.xlsx,27379dc76590027b0e6d21d736331f87376f0ac87810d68e9f7cca555eef4b1f
3807,71837TX0010022,249,26,Individual,HMO,QHP,Silver,Transparency 2026 - Ind QHP,3251,Transparency_in_Coverage_PUF.xlsx,27379dc76590027b0e6d21d736331f87376f0ac87810d68e9f7cca555eef4b1f
3808,72760DE0010001,250,5,Individual,HMO,QHP,Bronze,Transparency 2026 - Ind QHP,3252,Transparency_in_Coverage_PUF.xlsx,27379dc76590027b0e6d21d736331f87376f0ac87810d68e9f7cca555eef4b1f
3809,72760DE0010002,250,5,Individual,HMO,QHP,Bronze,Transparency 2026 - Ind QHP,3253,Transparency_in_Coverage_PUF.xlsx,27379dc76590027b0e6d21d736331f87376f0ac87810d68e9f7cca555eef4b1f
3810,72760DE0010003,250,5,Individual,HMO,QHP,Silver,Transparency 2026 - Ind QHP,3254,Transparency_in_Coverage_PUF.xlsx,27379dc76590027b0e6d21d736331f87376f0ac87810d68e9f7cca555eef4b1f
3811,72760DE0010004,250,5,Individual,HMO,QHP,Gold,Transparency 2026 - Ind QHP,3255,Transparency_in_Coverage_PUF.xlsx,27379dc76590027b0e6d21d736331f87376f0ac87810d68e9f7cca555eef4b1f
3812,72760DE0010006,250,5,Individual,HMO,QHP,Bronze,Transparency 2026 - Ind QHP,3256,Transparency_in_Coverage_PUF.xlsx,27379dc76590027b0e6d21d736331f87376f0ac87810d68e9f7cca555eef4b1f
3813,72760DE0010007,250,5,Individual,HMO,QHP,Silver,Transparency 2026 - Ind QHP,3257,Transparency_in_Coverage_PUF.xlsx,27379dc76590027b0e6d21d736331f87376f0ac87810d68e9f7cca555eef4b1f
3814,72760DE0010008,250,5,Individual,HMO,QHP,Silver,Transparency 2026 - Ind QHP,3258,Transparency_in_Coverage_PUF.xlsx,27379dc76590027b0e6d21d736331f87376f0ac87810d68e9f7cca555eef4b1f
3815,72760DE0010009,250,5,Individual,HMO,QHP,Gold,Transparency 2026 - Ind QHP,3259,Transparency_in_Coverage_PUF.xlsx,27379dc76590027b0e6d21d736331f87376f0ac87810d68e9f7cca555eef4b1f
3816,72850IN0160001,251,9,Individual,EPO,QHP,Bronze,Transparency 2026 - Ind QHP,3260,Transparency_in_Coverage_PUF.xlsx,27379dc76590027b0e6d21d736331f87376f0ac87810d68e9f7cca555eef4b1f
3817,72850IN0160003,251,9,Individual,EPO,QHP,Bronze,Transparency 2026 - Ind QHP,3261,Transparency_in_Coverage_PUF.xlsx,27379dc76590027b0e6d21d736331f87376f0ac87810d68e9f7cca555eef4b1f
3818,72850IN0160004,251,9,Individual,EPO,QHP,Silver,Transparency 2026 - Ind QHP,3262,Transparency_in_Coverage_PUF.xlsx,27379dc76590027b0e6d21d736331f87376f0ac87810d68e9f7cca555eef4b1f
3819,72850IN0160005,251,9,Individual,EPO,QHP,Silver,Transparency 2026 - Ind QHP,3263,Transparency_in_Coverage_PUF.xlsx,27379dc76590027b0e6d21d736331f87376f0ac87810d68e9f7cca555eef4b1f
3820,72850IN0160006,251,9,Individual,EPO,QHP,Silver,Transparency 2026 - Ind QHP,3264,Transparency_in_Coverage_PUF.xlsx,27379dc76590027b0e6d21d736331f87376f0ac87810d68e9f7cca555eef4b1f
3821,72850IN0160007,251,9,Individual,EPO,QHP,Gold,Transparency 2026 - Ind QHP,3265,Transparency_in_Coverage_PUF.xlsx,27379dc76590027b0e6d21d736331f87376f0ac87810d68e9f7cca555eef4b1f
3822,72850IN0160008,251,9,Individual,EPO,QHP,Gold,Transparency 2026 - Ind QHP,3266,Transparency_in_Coverage_PUF.xlsx,27379dc76590027b0e6d21d736331f87376f0ac87810d68e9f7cca555eef4b1f
3823,72850IN0160009,251,9,Individual,EPO,QHP,Gold,Transparency 2026 - Ind QHP,3267,Transparency_in_Coverage_PUF.xlsx,27379dc76590027b0e6d21d736331f87376f0ac87810d68e9f7cca555eef4b1f
3824,72850IN0160010,251,9,Individual,EPO,QHP,Bronze,Transparency 2026 - Ind QHP,3268,Transparency_in_Coverage_PUF.xlsx,27379dc76590027b0e6d21d736331f87376f0ac87810d68e9f7cca555eef4b1f
3825,72850IN0170002,251,9,Individual,EPO,QHP,Bronze,Transparency 2026 - Ind QHP,3269,Transparency_in_Coverage_PUF.xlsx,27379dc76590027b0e6d21d736331f87376f0ac87810d68e9f7cca555eef4b1f
3826,72850IN0170003,251,9,Individual,EPO,QHP,Silver,Transparency 2026 - Ind QHP,3270,Transparency_in_Coverage_PUF.xlsx,27379dc76590027b0e6d21d736331f87376f0ac87810d68e9f7cca555eef4b1f
3827,72850IN0170004,251,9,Individual,EPO,QHP,Silver,Transparency 2026 - Ind QHP,3271,Transparency_in_Coverage_PUF.xlsx,27379dc76590027b0e6d21d736331f87376f0ac87810d68e9f7cca555eef4b1f
3828,72850IN0170005,251,9,Individual,EPO,QHP,Gold,Transparency 2026 - Ind QHP,3272,Transparency_in_Coverage_PUF.xlsx,27379dc76590027b0e6d21d736331f87376f0ac87810d68e9f7cca555eef4b1f
3829,72850IN0170006,251,9,Individual,EPO,QHP,Gold,Transparency 2026 - Ind QHP,3273,Transparency_in_Coverage_PUF.xlsx,27379dc76590027b0e6d21d736331f87376f0ac87810d68e9f7cca555eef4b1f
3830,72850IN0170007,251,9,Individual,EPO,QHP,Silver,Transparency 2026 - Ind QHP,3274,Transparency_in_Coverage_PUF.xlsx,27379dc76590027b0e6d21d736331f87376f0ac87810d68e9f7cca555eef4b1f
3831,72953NH0040001,252,19,Individual,PPO,SADP,High,Transparency 2026 - Ind SADP,472,Transparency_in_Coverage_PUF.xlsx,27379dc76590027b0e6d21d736331f87376f0ac87810d68e9f7cca555eef4b1f
3832,72953NH0040002,252,19,Individual,PPO,SADP,Low,Transparency 2026 - Ind SADP,473,Transparency_in_Coverage_PUF.xlsx,27379dc76590027b0e6d21d736331f87376f0ac87810d68e9f7cca555eef4b1f
3833,72953NH0060001,252,19,Individual,PPO,SADP,High,Transparency 2026 - Ind SADP,474,Transparency_in_Coverage_PUF.xlsx,27379dc76590027b0e6d21d736331f87376f0ac87810d68e9f7cca555eef4b1f
3834,72953NH0060002,252,19,Individual,PPO,SADP,Low,Transparency 2026 - Ind SADP,475,Transparency_in_Coverage_PUF.xlsx,27379dc76590027b0e6d21d736331f87376f0ac87810d68e9f7cca555eef4b1f
3835,73102NE0080001,253,18,Individual,EPO,QHP,Bronze,Transparency 2026 - Ind QHP,3275,Transparency_in_Coverage_PUF.xlsx,27379dc76590027b0e6d21d736331f87376f0ac87810d68e9f7cca555eef4b1f
3836,73102NE0080003,253,18,Individual,EPO,QHP,Bronze,Transparency 2026 - Ind QHP,3276,Transparency_in_Coverage_PUF.xlsx,27379dc76590027b0e6d21d736331f87376f0ac87810d68e9f7cca555eef4b1f
3837,73102NE0080004,253,18,Individual,EPO,QHP,Silver,Transparency 2026 - Ind QHP,3277,Transparency_in_Coverage_PUF.xlsx,27379dc76590027b0e6d21d736331f87376f0ac87810d68e9f7cca555eef4b1f
3838,73102NE0080005,253,18,Individual,EPO,QHP,Silver,Transparency 2026 - Ind QHP,3278,Transparency_in_Coverage_PUF.xlsx,27379dc76590027b0e6d21d736331f87376f0ac87810d68e9f7cca555eef4b1f
3839,73102NE0080006,253,18,Individual,EPO,QHP,Silver,Transparency 2026 - Ind QHP,3279,Transparency_in_Coverage_PUF.xlsx,27379dc76590027b0e6d21d736331f87376f0ac87810d68e9f7cca555eef4b1f
3840,73102NE0080007,253,18,Individual,EPO,QHP,Gold,Transparency 2026 - Ind QHP,3280,Transparency_in_Coverage_PUF.xlsx,27379dc76590027b0e6d21d736331f87376f0ac87810d68e9f7cca555eef4b1f
3841,73102NE0080008,253,18,Individual,EPO,QHP,Gold,Transparency 2026 - Ind QHP,3281,Transparency_in_Coverage_PUF.xlsx,27379dc76590027b0e6d21d736331f87376f0ac87810d68e9f7cca555eef4b1f
3842,73102NE0080009,253,18,Individual,EPO,QHP,Gold,Transparency 2026 - Ind QHP,3282,Transparency_in_Coverage_PUF.xlsx,27379dc76590027b0e6d21d736331f87376f0ac87810d68e9f7cca555eef4b1f
3843,73102NE0080010,253,18,Individual,EPO,QHP,Bronze,Transparency 2026 - Ind QHP,3283,Transparency_in_Coverage_PUF.xlsx,27379dc76590027b0e6d21d736331f87376f0ac87810d68e9f7cca555eef4b1f
3844,73102NE0090001,253,18,Individual,EPO,QHP,Bronze,Transparency 2026 - Ind QHP,3284,Transparency_in_Coverage_PUF.xlsx,27379dc76590027b0e6d21d736331f87376f0ac87810d68e9f7cca555eef4b1f
3845,73102NE0090002,253,18,Individual,EPO,QHP,Silver,Transparency 2026 - Ind QHP,3285,Transparency_in_Coverage_PUF.xlsx,27379dc76590027b0e6d21d736331f87376f0ac87810d68e9f7cca555eef4b1f
3846,73102NE0090003,253,18,Individual,EPO,QHP,Silver,Transparency 2026 - Ind QHP,3286,Transparency_in_Coverage_PUF.xlsx,27379dc76590027b0e6d21d736331f87376f0ac87810d68e9f7cca555eef4b1f
3847,73102NE0090004,253,18,Individual,EPO,QHP,Silver,Transparency 2026 - Ind QHP,3287,Transparency_in_Coverage_PUF.xlsx,27379dc76590027b0e6d21d736331f87376f0ac87810d68e9f7cca555eef4b1f
3848,73102NE0090005,253,18,Individual,EPO,QHP,Gold,Transparency 2026 - Ind QHP,3288,Transparency_in_Coverage_PUF.xlsx,27379dc76590027b0e6d21d736331f87376f0ac87810d68e9f7cca555eef4b1f
3849,73107SC0010001,254,23,Individual,HMO,QHP,Bronze,Transparency 2026 - Ind QHP,3289,Transparency_in_Coverage_PUF.xlsx,27379dc76590027b0e6d21d736331f87376f0ac87810d68e9f7cca555eef4b1f
3850,73107SC0010002,254,23,Individual,HMO,QHP,Bronze,Transparency 2026 - Ind QHP,3290,Transparency_in_Coverage_PUF.xlsx,27379dc76590027b0e6d21d736331f87376f0ac87810d68e9f7cca555eef4b1f
3851,73107SC0010003,254,23,Individual,HMO,QHP,Silver,Transparency 2026 - Ind QHP,3291,Transparency_in_Coverage_PUF.xlsx,27379dc76590027b0e6d21d736331f87376f0ac87810d68e9f7cca555eef4b1f
3852,73107SC0010004,254,23,Individual,HMO,QHP,Gold,Transparency 2026 - Ind QHP,3292,Transparency_in_Coverage_PUF.xlsx,27379dc76590027b0e6d21d736331f87376f0ac87810d68e9f7cca555eef4b1f
3853,73107SC0010006,254,23,Individual,HMO,QHP,Bronze,Transparency 2026 - Ind QHP,3293,Transparency_in_Coverage_PUF.xlsx,27379dc76590027b0e6d21d736331f87376f0ac87810d68e9f7cca555eef4b1f
3854,73107SC0010007,254,23,Individual,HMO,QHP,Silver,Transparency 2026 - Ind QHP,3294,Transparency_in_Coverage_PUF.xlsx,27379dc76590027b0e6d21d736331f87376f0ac87810d68e9f7cca555eef4b1f
3855,73107SC0010008,254,23,Individual,HMO,QHP,Silver,Transparency 2026 - Ind QHP,3295,Transparency_in_Coverage_PUF.xlsx,27379dc76590027b0e6d21d736331f87376f0ac87810d68e9f7cca555eef4b1f
3856,73107SC0010009,254,23,Individual,HMO,QHP,Gold,Transparency 2026 - Ind QHP,3296,Transparency_in_Coverage_PUF.xlsx,27379dc76590027b0e6d21d736331f87376f0ac87810d68e9f7cca555eef4b1f
3857,73751ND0120029,255,17,Individual,HMO,QHP,Bronze,Transparency 2026 - Ind QHP,3297,Transparency_in_Coverage_PUF.xlsx,27379dc76590027b0e6d21d736331f87376f0ac87810d68e9f7cca555eef4b1f
3858,73751ND0120041,255,17,Individual,HMO,QHP,Bronze,Transparency 2026 - Ind QHP,3298,Transparency_in_Coverage_PUF.xlsx,27379dc76590027b0e6d21d736331f87376f0ac87810d68e9f7cca555eef4b1f
3859,73751ND0120045,255,17,Individual,HMO,QHP,Gold,Transparency 2026 - Ind QHP,3299,Transparency_in_Coverage_PUF.xlsx,27379dc76590027b0e6d21d736331f87376f0ac87810d68e9f7cca555eef4b1f
3860,73751ND0120047,255,17,Individual,HMO,QHP,Silver,Transparency 2026 - Ind QHP,3300,Transparency_in_Coverage_PUF.xlsx,27379dc76590027b0e6d21d736331f87376f0ac87810d68e9f7cca555eef4b1f
3861,73751ND0120055,255,17,Individual,HMO,QHP,Gold,Transparency 2026 - Ind QHP,3301,Transparency_in_Coverage_PUF.xlsx,27379dc76590027b0e6d21d736331f87376f0ac87810d68e9f7cca555eef4b1f
3862,73751ND0120057,255,17,Individual,HMO,QHP,Silver,Transparency 2026 - Ind QHP,3302,Transparency_in_Coverage_PUF.xlsx,27379dc76590027b0e6d21d736331f87376f0ac87810d68e9f7cca555eef4b1f
3863,73751ND0120073,255,17,Individual,HMO,QHP,Bronze,Transparency 2026 - Ind QHP,3303,Transparency_in_Coverage_PUF.xlsx,27379dc76590027b0e6d21d736331f87376f0ac87810d68e9f7cca555eef4b1f
3864,73751ND0120074,255,17,Individual,HMO,QHP,Gold,Transparency 2026 - Ind QHP,3304,Transparency_in_Coverage_PUF.xlsx,27379dc76590027b0e6d21d736331f87376f0ac87810d68e9f7cca555eef4b1f
3865,73751ND0120076,255,17,Individual,HMO,QHP,Silver,Transparency 2026 - Ind QHP,3305,Transparency_in_Coverage_PUF.xlsx,27379dc76590027b0e6d21d736331f87376f0ac87810d68e9f7cca555eef4b1f
3866,73751ND0130029,255,17,Individual,HMO,QHP,Bronze,Transparency 2026 - Ind QHP,3306,Transparency_in_Coverage_PUF.xlsx,27379dc76590027b0e6d21d736331f87376f0ac87810d68e9f7cca555eef4b1f
3867,73751ND0130041,255,17,Individual,HMO,QHP,Bronze,Transparency 2026 - Ind QHP,3307,Transparency_in_Coverage_PUF.xlsx,27379dc76590027b0e6d21d736331f87376f0ac87810d68e9f7cca555eef4b1f
3868,73751ND0130045,255,17,Individual,HMO,QHP,Gold,Transparency 2026 - Ind QHP,3308,Transparency_in_Coverage_PUF.xlsx,27379dc76590027b0e6d21d736331f87376f0ac87810d68e9f7cca555eef4b1f
3869,73751ND0130047,255,17,Individual,HMO,QHP,Silver,Transparency 2026 - Ind QHP,3309,Transparency_in_Coverage_PUF.xlsx,27379dc76590027b0e6d21d736331f87376f0ac87810d68e9f7cca555eef4b1f
3870,73751ND0130055,255,17,Individual,HMO,QHP,Gold,Transparency 2026 - Ind QHP,3310,Transparency_in_Coverage_PUF.xlsx,27379dc76590027b0e6d21d736331f87376f0ac87810d68e9f7cca555eef4b1f
3871,73751ND0130057,255,17,Individual,HMO,QHP,Silver,Transparency 2026 - Ind QHP,3311,Transparency_in_Coverage_PUF.xlsx,27379dc76590027b0e6d21d736331f87376f0ac87810d68e9f7cca555eef4b1f
3872,73751ND0130073,255,17,Individual,HMO,QHP,Bronze,Transparency 2026 - Ind QHP,3312,Transparency_in_Coverage_PUF.xlsx,27379dc76590027b0e6d21d736331f87376f0ac87810d68e9f7cca555eef4b1f
3873,73751ND0130074,255,17,Individual,HMO,QHP,Gold,Transparency 2026 - Ind QHP,3313,Transparency_in_Coverage_PUF.xlsx,27379dc76590027b0e6d21d736331f87376f0ac87810d68e9f7cca555eef4b1f
3874,73751ND0130076,255,17,Individual,HMO,QHP,Silver,Transparency 2026 - Ind QHP,3314,Transparency_in_Coverage_PUF.xlsx,27379dc76590027b0e6d21d736331f87376f0ac87810d68e9f7cca555eef4b1f
3875,73751ND0140029,255,17,Individual,HMO,QHP,Bronze,Transparency 2026 - Ind QHP,3315,Transparency_in_Coverage_PUF.xlsx,27379dc76590027b0e6d21d736331f87376f0ac87810d68e9f7cca555eef4b1f
3876,73751ND0140041,255,17,Individual,HMO,QHP,Bronze,Transparency 2026 - Ind QHP,3316,Transparency_in_Coverage_PUF.xlsx,27379dc76590027b0e6d21d736331f87376f0ac87810d68e9f7cca555eef4b1f
3877,73751ND0140045,255,17,Individual,HMO,QHP,Gold,Transparency 2026 - Ind QHP,3317,Transparency_in_Coverage_PUF.xlsx,27379dc76590027b0e6d21d736331f87376f0ac87810d68e9f7cca555eef4b1f
3878,73751ND0140047,255,17,Individual,HMO,QHP,Silver,Transparency 2026 - Ind QHP,3318,Transparency_in_Coverage_PUF.xlsx,27379dc76590027b0e6d21d736331f87376f0ac87810d68e9f7cca555eef4b1f
3879,73751ND0140055,255,17,Individual,HMO,QHP,Gold,Transparency 2026 - Ind QHP,3319,Transparency_in_Coverage_PUF.xlsx,27379dc76590027b0e6d21d736331f87376f0ac87810d68e9f7cca555eef4b1f
3880,73751ND0140057,255,17,Individual,HMO,QHP,Silver,Transparency 2026 - Ind QHP,3320,Transparency_in_Coverage_PUF.xlsx,27379dc76590027b0e6d21d736331f87376f0ac87810d68e9f7cca555eef4b1f
3881,73751ND0140073,255,17,Individual,HMO,QHP,Bronze,Transparency 2026 - Ind QHP,3321,Transparency_in_Coverage_PUF.xlsx,27379dc76590027b0e6d21d736331f87376f0ac87810d68e9f7cca555eef4b1f
3882,73751ND0140074,255,17,Individual,HMO,QHP,Gold,Transparency 2026 - Ind QHP,3322,Transparency_in_Coverage_PUF.xlsx,27379dc76590027b0e6d21d736331f87376f0ac87810d68e9f7cca555eef4b1f
3883,73751ND0140076,255,17,Individual,HMO,QHP,Silver,Transparency 2026 - Ind QHP,3323,Transparency_in_Coverage_PUF.xlsx,27379dc76590027b0e6d21d736331f87376f0ac87810d68e9f7cca555eef4b1f
3884,73836AK0930001,256,1,Individual,PPO,QHP,Gold,Transparency 2026 - Ind QHP,3324,Transparency_in_Coverage_PUF.xlsx,27379dc76590027b0e6d21d736331f87376f0ac87810d68e9f7cca555eef4b1f
3885,73836AK0930002,256,1,Individual,PPO,QHP,Silver,Transparency 2026 - Ind QHP,3325,Transparency_in_Coverage_PUF.xlsx,27379dc76590027b0e6d21d736331f87376f0ac87810d68e9f7cca555eef4b1f
3886,73836AK0930003,256,1,Individual,PPO,QHP,Bronze,Transparency 2026 - Ind QHP,3326,Transparency_in_Coverage_PUF.xlsx,27379dc76590027b0e6d21d736331f87376f0ac87810d68e9f7cca555eef4b1f
3887,73836AK0940001,256,1,Individual,PPO,QHP,Gold,Transparency 2026 - Ind QHP,3327,Transparency_in_Coverage_PUF.xlsx,27379dc76590027b0e6d21d736331f87376f0ac87810d68e9f7cca555eef4b1f
3888,73836AK0950001,256,1,Individual,PPO,QHP,Silver,Transparency 2026 - Ind QHP,3328,Transparency_in_Coverage_PUF.xlsx,27379dc76590027b0e6d21d736331f87376f0ac87810d68e9f7cca555eef4b1f
3889,73836AK0960001,256,1,Individual,PPO,QHP,Bronze,Transparency 2026 - Ind QHP,3329,Transparency_in_Coverage_PUF.xlsx,27379dc76590027b0e6d21d736331f87376f0ac87810d68e9f7cca555eef4b1f
3890,73836AK0970002,256,1,Individual,PPO,QHP,Bronze,Transparency 2026 - Ind QHP,3330,Transparency_in_Coverage_PUF.xlsx,27379dc76590027b0e6d21d736331f87376f0ac87810d68e9f7cca555eef4b1f
3891,73943NC0070027,257,16,Individual,HMO,QHP,Bronze,Transparency 2026 - Ind QHP,3331,Transparency_in_Coverage_PUF.xlsx,27379dc76590027b0e6d21d736331f87376f0ac87810d68e9f7cca555eef4b1f
3892,73943NC0070028,257,16,Individual,HMO,QHP,Bronze,Transparency 2026 - Ind QHP,3332,Transparency_in_Coverage_PUF.xlsx,27379dc76590027b0e6d21d736331f87376f0ac87810d68e9f7cca555eef4b1f
3893,73943NC0070029,257,16,Individual,HMO,QHP,Silver,Transparency 2026 - Ind QHP,3333,Transparency_in_Coverage_PUF.xlsx,27379dc76590027b0e6d21d736331f87376f0ac87810d68e9f7cca555eef4b1f
3894,73943NC0070030,257,16,Individual,HMO,QHP,Silver,Transparency 2026 - Ind QHP,3334,Transparency_in_Coverage_PUF.xlsx,27379dc76590027b0e6d21d736331f87376f0ac87810d68e9f7cca555eef4b1f
3895,73943NC0070046,257,16,Individual,HMO,QHP,Bronze,Transparency 2026 - Ind QHP,3335,Transparency_in_Coverage_PUF.xlsx,27379dc76590027b0e6d21d736331f87376f0ac87810d68e9f7cca555eef4b1f
3896,73943NC0070049,257,16,Individual,HMO,QHP,Silver,Transparency 2026 - Ind QHP,3336,Transparency_in_Coverage_PUF.xlsx,27379dc76590027b0e6d21d736331f87376f0ac87810d68e9f7cca555eef4b1f
3897,73943NC0070050,257,16,Individual,HMO,QHP,Gold,Transparency 2026 - Ind QHP,3337,Transparency_in_Coverage_PUF.xlsx,27379dc76590027b0e6d21d736331f87376f0ac87810d68e9f7cca555eef4b1f
3898,73943NC0070051,257,16,Individual,HMO,QHP,Bronze,Transparency 2026 - Ind QHP,3338,Transparency_in_Coverage_PUF.xlsx,27379dc76590027b0e6d21d736331f87376f0ac87810d68e9f7cca555eef4b1f
3899,73943NC0070052,257,16,Individual,HMO,QHP,Silver,Transparency 2026 - Ind QHP,3339,Transparency_in_Coverage_PUF.xlsx,27379dc76590027b0e6d21d736331f87376f0ac87810d68e9f7cca555eef4b1f
3900,73943NC0070053,257,16,Individual,HMO,QHP,Gold,Transparency 2026 - Ind QHP,3340,Transparency_in_Coverage_PUF.xlsx,27379dc76590027b0e6d21d736331f87376f0ac87810d68e9f7cca555eef4b1f
3901,73943NC0070054,257,16,Individual,HMO,QHP,Bronze,Transparency 2026 - Ind QHP,3341,Transparency_in_Coverage_PUF.xlsx,27379dc76590027b0e6d21d736331f87376f0ac87810d68e9f7cca555eef4b1f
3902,73943NC0070055,257,16,Individual,HMO,QHP,Bronze,Transparency 2026 - Ind QHP,3342,Transparency_in_Coverage_PUF.xlsx,27379dc76590027b0e6d21d736331f87376f0ac87810d68e9f7cca555eef4b1f
3903,73943NC0070056,257,16,Individual,HMO,QHP,Bronze,Transparency 2026 - Ind QHP,3343,Transparency_in_Coverage_PUF.xlsx,27379dc76590027b0e6d21d736331f87376f0ac87810d68e9f7cca555eef4b1f
3904,73943NC0070057,257,16,Individual,HMO,QHP,Silver,Transparency 2026 - Ind QHP,3344,Transparency_in_Coverage_PUF.xlsx,27379dc76590027b0e6d21d736331f87376f0ac87810d68e9f7cca555eef4b1f
3905,73943NC0070058,257,16,Individual,HMO,QHP,Silver,Transparency 2026 - Ind QHP,3345,Transparency_in_Coverage_PUF.xlsx,27379dc76590027b0e6d21d736331f87376f0ac87810d68e9f7cca555eef4b1f
3906,73943NC0070059,257,16,Individual,HMO,QHP,Silver,Transparency 2026 - Ind QHP,3346,Transparency_in_Coverage_PUF.xlsx,27379dc76590027b0e6d21d736331f87376f0ac87810d68e9f7cca555eef4b1f
3907,73943NC0070061,257,16,Individual,HMO,QHP,Gold,Transparency 2026 - Ind QHP,3347,Transparency_in_Coverage_PUF.xlsx,27379dc76590027b0e6d21d736331f87376f0ac87810d68e9f7cca555eef4b1f
3908,74243FL0010001,258,6,Individual,PPO,SADP,Low,Transparency 2026 - Ind SADP,476,Transparency_in_Coverage_PUF.xlsx,27379dc76590027b0e6d21d736331f87376f0ac87810d68e9f7cca555eef4b1f
3909,74243FL0010002,258,6,Individual,PPO,SADP,High,Transparency 2026 - Ind SADP,477,Transparency_in_Coverage_PUF.xlsx,27379dc76590027b0e6d21d736331f87376f0ac87810d68e9f7cca555eef4b1f
3910,74243FL0010003,258,6,Individual,PPO,SADP,Low,Transparency 2026 - Ind SADP,478,Transparency_in_Coverage_PUF.xlsx,27379dc76590027b0e6d21d736331f87376f0ac87810d68e9f7cca555eef4b1f
3911,74243FL0010004,258,6,Individual,PPO,SADP,Low,Transparency 2026 - Ind SADP,479,Transparency_in_Coverage_PUF.xlsx,27379dc76590027b0e6d21d736331f87376f0ac87810d68e9f7cca555eef4b1f
3912,74243FL0010005,258,6,Individual,PPO,SADP,Low,Transparency 2026 - Ind SADP,480,Transparency_in_Coverage_PUF.xlsx,27379dc76590027b0e6d21d736331f87376f0ac87810d68e9f7cca555eef4b1f
3913,74243FL0010006,258,6,Individual,PPO,SADP,High,Transparency 2026 - Ind SADP,481,Transparency_in_Coverage_PUF.xlsx,27379dc76590027b0e6d21d736331f87376f0ac87810d68e9f7cca555eef4b1f
3914,74313OH0210001,259,20,Individual,HMO,QHP,Gold,Transparency 2026 - Ind QHP,3348,Transparency_in_Coverage_PUF.xlsx,27379dc76590027b0e6d21d736331f87376f0ac87810d68e9f7cca555eef4b1f
3915,74313OH0210002,259,20,Individual,HMO,QHP,Silver,Transparency 2026 - Ind QHP,3349,Transparency_in_Coverage_PUF.xlsx,27379dc76590027b0e6d21d736331f87376f0ac87810d68e9f7cca555eef4b1f
3916,74313OH0210008,259,20,Individual,HMO,QHP,Bronze,Transparency 2026 - Ind QHP,3350,Transparency_in_Coverage_PUF.xlsx,27379dc76590027b0e6d21d736331f87376f0ac87810d68e9f7cca555eef4b1f
3917,74313OH0210012,259,20,Individual,HMO,QHP,Silver,Transparency 2026 - Ind QHP,3351,Transparency_in_Coverage_PUF.xlsx,27379dc76590027b0e6d21d736331f87376f0ac87810d68e9f7cca555eef4b1f
3918,74313OH0210013,259,20,Individual,HMO,QHP,Silver,Transparency 2026 - Ind QHP,3352,Transparency_in_Coverage_PUF.xlsx,27379dc76590027b0e6d21d736331f87376f0ac87810d68e9f7cca555eef4b1f
3919,74313OH0210022,259,20,Individual,HMO,QHP,Bronze,Transparency 2026 - Ind QHP,3353,Transparency_in_Coverage_PUF.xlsx,27379dc76590027b0e6d21d736331f87376f0ac87810d68e9f7cca555eef4b1f
3920,74313OH0210023,259,20,Individual,HMO,QHP,Bronze,Transparency 2026 - Ind QHP,3354,Transparency_in_Coverage_PUF.xlsx,27379dc76590027b0e6d21d736331f87376f0ac87810d68e9f7cca555eef4b1f
3921,74313OH0210031,259,20,Individual,HMO,QHP,Gold,Transparency 2026 - Ind QHP,3355,Transparency_in_Coverage_PUF.xlsx,27379dc76590027b0e6d21d736331f87376f0ac87810d68e9f7cca555eef4b1f
3922,74313OH0210032,259,20,Individual,HMO,QHP,Gold,Transparency 2026 - Ind QHP,3356,Transparency_in_Coverage_PUF.xlsx,27379dc76590027b0e6d21d736331f87376f0ac87810d68e9f7cca555eef4b1f
3923,74313OH0210033,259,20,Individual,HMO,QHP,Silver,Transparency 2026 - Ind QHP,3357,Transparency_in_Coverage_PUF.xlsx,27379dc76590027b0e6d21d736331f87376f0ac87810d68e9f7cca555eef4b1f
3924,74313OH0210034,259,20,Individual,HMO,QHP,Silver,Transparency 2026 - Ind QHP,3358,Transparency_in_Coverage_PUF.xlsx,27379dc76590027b0e6d21d736331f87376f0ac87810d68e9f7cca555eef4b1f
3925,74313OH0210035,259,20,Individual,HMO,QHP,Bronze,Transparency 2026 - Ind QHP,3359,Transparency_in_Coverage_PUF.xlsx,27379dc76590027b0e6d21d736331f87376f0ac87810d68e9f7cca555eef4b1f
3926,74313OH0210036,259,20,Individual,HMO,QHP,Bronze,Transparency 2026 - Ind QHP,3360,Transparency_in_Coverage_PUF.xlsx,27379dc76590027b0e6d21d736331f87376f0ac87810d68e9f7cca555eef4b1f
3927,74313OH0210037,259,20,Individual,HMO,QHP,Silver,Transparency 2026 - Ind QHP,3361,Transparency_in_Coverage_PUF.xlsx,27379dc76590027b0e6d21d736331f87376f0ac87810d68e9f7cca555eef4b1f
3928,74313OH0210041,259,20,Individual,HMO,QHP,Gold,Transparency 2026 - Ind QHP,3362,Transparency_in_Coverage_PUF.xlsx,27379dc76590027b0e6d21d736331f87376f0ac87810d68e9f7cca555eef4b1f
3929,74313OH0210042,259,20,Individual,HMO,QHP,Silver,Transparency 2026 - Ind QHP,3363,Transparency_in_Coverage_PUF.xlsx,27379dc76590027b0e6d21d736331f87376f0ac87810d68e9f7cca555eef4b1f
3930,74313OH0210043,259,20,Individual,HMO,QHP,Silver,Transparency 2026 - Ind QHP,3364,Transparency_in_Coverage_PUF.xlsx,27379dc76590027b0e6d21d736331f87376f0ac87810d68e9f7cca555eef4b1f
3931,74313OH0210044,259,20,Individual,HMO,QHP,Bronze,Transparency 2026 - Ind QHP,3365,Transparency_in_Coverage_PUF.xlsx,27379dc76590027b0e6d21d736331f87376f0ac87810d68e9f7cca555eef4b1f
3932,74313OH0210045,259,20,Individual,HMO,QHP,Bronze,Transparency 2026 - Ind QHP,3366,Transparency_in_Coverage_PUF.xlsx,27379dc76590027b0e6d21d736331f87376f0ac87810d68e9f7cca555eef4b1f
3933,74313OH0210046,259,20,Individual,HMO,QHP,Gold,Transparency 2026 - Ind QHP,3367,Transparency_in_Coverage_PUF.xlsx,27379dc76590027b0e6d21d736331f87376f0ac87810d68e9f7cca555eef4b1f
3934,74313OH0210047,259,20,Individual,HMO,QHP,Silver,Transparency 2026 - Ind QHP,3368,Transparency_in_Coverage_PUF.xlsx,27379dc76590027b0e6d21d736331f87376f0ac87810d68e9f7cca555eef4b1f
3935,74313OH0210048,259,20,Individual,HMO,QHP,Silver,Transparency 2026 - Ind QHP,3369,Transparency_in_Coverage_PUF.xlsx,27379dc76590027b0e6d21d736331f87376f0ac87810d68e9f7cca555eef4b1f
3936,74313OH0210049,259,20,Individual,HMO,QHP,Bronze,Transparency 2026 - Ind QHP,3370,Transparency_in_Coverage_PUF.xlsx,27379dc76590027b0e6d21d736331f87376f0ac87810d68e9f7cca555eef4b1f
3937,74313OH0210050,259,20,Individual,HMO,QHP,Bronze,Transparency 2026 - Ind QHP,3371,Transparency_in_Coverage_PUF.xlsx,27379dc76590027b0e6d21d736331f87376f0ac87810d68e9f7cca555eef4b1f
3938,74313OH0210051,259,20,Individual,HMO,QHP,Bronze,Transparency 2026 - Ind QHP,3372,Transparency_in_Coverage_PUF.xlsx,27379dc76590027b0e6d21d736331f87376f0ac87810d68e9f7cca555eef4b1f
3939,74313OH0210052,259,20,Individual,HMO,QHP,Gold,Transparency 2026 - Ind QHP,3373,Transparency_in_Coverage_PUF.xlsx,27379dc76590027b0e6d21d736331f87376f0ac87810d68e9f7cca555eef4b1f
3940,74819AK0020007,260,1,Individual,Indemnity,SADP,High,Transparency 2026 - Ind SADP,482,Transparency_in_Coverage_PUF.xlsx,27379dc76590027b0e6d21d736331f87376f0ac87810d68e9f7cca555eef4b1f
3941,74819AK0020010,260,1,Individual,Indemnity,SADP,Low,Transparency 2026 - Ind SADP,483,Transparency_in_Coverage_PUF.xlsx,27379dc76590027b0e6d21d736331f87376f0ac87810d68e9f7cca555eef4b1f
3942,74819AK0020011,260,1,Individual,Indemnity,SADP,High,Transparency 2026 - Ind SADP,484,Transparency_in_Coverage_PUF.xlsx,27379dc76590027b0e6d21d736331f87376f0ac87810d68e9f7cca555eef4b1f
3943,74819AK0020012,260,1,Individual,Indemnity,SADP,Low,Transparency 2026 - Ind SADP,485,Transparency_in_Coverage_PUF.xlsx,27379dc76590027b0e6d21d736331f87376f0ac87810d68e9f7cca555eef4b1f
3944,74917MI0020004,261,12,Individual,HMO,QHP,Catastrophic,Transparency 2026 - Ind QHP,3374,Transparency_in_Coverage_PUF.xlsx,27379dc76590027b0e6d21d736331f87376f0ac87810d68e9f7cca555eef4b1f
3945,74917MI0020005,261,12,Individual,HMO,QHP,Silver,Transparency 2026 - Ind QHP,3375,Transparency_in_Coverage_PUF.xlsx,27379dc76590027b0e6d21d736331f87376f0ac87810d68e9f7cca555eef4b1f
3946,74917MI0020006,261,12,Individual,HMO,QHP,Gold,Transparency 2026 - Ind QHP,3376,Transparency_in_Coverage_PUF.xlsx,27379dc76590027b0e6d21d736331f87376f0ac87810d68e9f7cca555eef4b1f
3947,74917MI0020011,261,12,Individual,HMO,QHP,Bronze,Transparency 2026 - Ind QHP,3377,Transparency_in_Coverage_PUF.xlsx,27379dc76590027b0e6d21d736331f87376f0ac87810d68e9f7cca555eef4b1f
3948,74917MI0020013,261,12,Individual,HMO,QHP,Bronze,Transparency 2026 - Ind QHP,3378,Transparency_in_Coverage_PUF.xlsx,27379dc76590027b0e6d21d736331f87376f0ac87810d68e9f7cca555eef4b1f
3949,74917MI0020017,261,12,Individual,HMO,QHP,Silver,Transparency 2026 - Ind QHP,3379,Transparency_in_Coverage_PUF.xlsx,27379dc76590027b0e6d21d736331f87376f0ac87810d68e9f7cca555eef4b1f
3950,74917MI0020018,261,12,Individual,HMO,QHP,Gold,Transparency 2026 - Ind QHP,3380,Transparency_in_Coverage_PUF.xlsx,27379dc76590027b0e6d21d736331f87376f0ac87810d68e9f7cca555eef4b1f
3951,74917MI0020019,261,12,Individual,HMO,QHP,Silver,Transparency 2026 - Ind QHP,3381,Transparency_in_Coverage_PUF.xlsx,27379dc76590027b0e6d21d736331f87376f0ac87810d68e9f7cca555eef4b1f
3952,74917MI0020024,261,12,Individual,HMO,QHP,Bronze,Transparency 2026 - Ind QHP,3382,Transparency_in_Coverage_PUF.xlsx,27379dc76590027b0e6d21d736331f87376f0ac87810d68e9f7cca555eef4b1f
3953,74980IA0020021,262,8,Individual,PPO,QHP,Gold,Transparency 2026 - Ind QHP,3383,Transparency_in_Coverage_PUF.xlsx,27379dc76590027b0e6d21d736331f87376f0ac87810d68e9f7cca555eef4b1f
3954,74980IA0020022,262,8,Individual,PPO,QHP,Gold,Transparency 2026 - Ind QHP,3384,Transparency_in_Coverage_PUF.xlsx,27379dc76590027b0e6d21d736331f87376f0ac87810d68e9f7cca555eef4b1f
3955,74980IA0020023,262,8,Individual,PPO,QHP,Gold,Transparency 2026 - Ind QHP,3385,Transparency_in_Coverage_PUF.xlsx,27379dc76590027b0e6d21d736331f87376f0ac87810d68e9f7cca555eef4b1f
3956,74980IA0020024,262,8,Individual,PPO,QHP,Gold,Transparency 2026 - Ind QHP,3386,Transparency_in_Coverage_PUF.xlsx,27379dc76590027b0e6d21d736331f87376f0ac87810d68e9f7cca555eef4b1f
3957,74980IA0020025,262,8,Individual,PPO,QHP,Silver,Transparency 2026 - Ind QHP,3387,Transparency_in_Coverage_PUF.xlsx,27379dc76590027b0e6d21d736331f87376f0ac87810d68e9f7cca555eef4b1f
3958,74980IA0020026,262,8,Individual,PPO,QHP,Silver,Transparency 2026 - Ind QHP,3388,Transparency_in_Coverage_PUF.xlsx,27379dc76590027b0e6d21d736331f87376f0ac87810d68e9f7cca555eef4b1f
3959,74980IA0020027,262,8,Individual,PPO,QHP,Silver,Transparency 2026 - Ind QHP,3389,Transparency_in_Coverage_PUF.xlsx,27379dc76590027b0e6d21d736331f87376f0ac87810d68e9f7cca555eef4b1f
3960,74980IA0020028,262,8,Individual,PPO,QHP,Silver,Transparency 2026 - Ind QHP,3390,Transparency_in_Coverage_PUF.xlsx,27379dc76590027b0e6d21d736331f87376f0ac87810d68e9f7cca555eef4b1f
3961,74980IA0020029,262,8,Individual,PPO,QHP,Bronze,Transparency 2026 - Ind QHP,3391,Transparency_in_Coverage_PUF.xlsx,27379dc76590027b0e6d21d736331f87376f0ac87810d68e9f7cca555eef4b1f
3962,74980IA0020030,262,8,Individual,PPO,QHP,Bronze,Transparency 2026 - Ind QHP,3392,Transparency_in_Coverage_PUF.xlsx,27379dc76590027b0e6d21d736331f87376f0ac87810d68e9f7cca555eef4b1f
3963,74980IA0020031,262,8,Individual,PPO,QHP,Bronze,Transparency 2026 - Ind QHP,3393,Transparency_in_Coverage_PUF.xlsx,27379dc76590027b0e6d21d736331f87376f0ac87810d68e9f7cca555eef4b1f
3964,74980IA0020032,262,8,Individual,PPO,QHP,Catastrophic,Transparency 2026 - Ind QHP,3394,Transparency_in_Coverage_PUF.xlsx,27379dc76590027b0e6d21d736331f87376f0ac87810d68e9f7cca555eef4b1f
3965,75293AR1200004,263,3,Individual,PPO,QHP,Silver,Transparency 2026 - Ind QHP,3395,Transparency_in_Coverage_PUF.xlsx,27379dc76590027b0e6d21d736331f87376f0ac87810d68e9f7cca555eef4b1f
3966,75293AR1200024,263,3,Individual,PPO,QHP,Bronze,Transparency 2026 - Ind QHP,3396,Transparency_in_Coverage_PUF.xlsx,27379dc76590027b0e6d21d736331f87376f0ac87810d68e9f7cca555eef4b1f
3967,75293AR1200025,263,3,Individual,PPO,QHP,Gold,Transparency 2026 - Ind QHP,3397,Transparency_in_Coverage_PUF.xlsx,27379dc76590027b0e6d21d736331f87376f0ac87810d68e9f7cca555eef4b1f
3968,75293AR1200026,263,3,Individual,PPO,QHP,Silver,Transparency 2026 - Ind QHP,3398,Transparency_in_Coverage_PUF.xlsx,27379dc76590027b0e6d21d736331f87376f0ac87810d68e9f7cca555eef4b1f
3969,75293AR1200029,263,3,Individual,PPO,QHP,Bronze,Transparency 2026 - Ind QHP,3399,Transparency_in_Coverage_PUF.xlsx,27379dc76590027b0e6d21d736331f87376f0ac87810d68e9f7cca555eef4b1f
3970,75293AR1200030,263,3,Individual,PPO,QHP,Gold,Transparency 2026 - Ind QHP,3400,Transparency_in_Coverage_PUF.xlsx,27379dc76590027b0e6d21d736331f87376f0ac87810d68e9f7cca555eef4b1f
3971,75293AR1230001,263,3,Individual,PPO,SADP,High,Transparency 2026 - Ind SADP,486,Transparency_in_Coverage_PUF.xlsx,27379dc76590027b0e6d21d736331f87376f0ac87810d68e9f7cca555eef4b1f
3972,75293AR1230002,263,3,Individual,PPO,SADP,Low,Transparency 2026 - Ind SADP,487,Transparency_in_Coverage_PUF.xlsx,27379dc76590027b0e6d21d736331f87376f0ac87810d68e9f7cca555eef4b1f
3973,75293AR1230003,263,3,Individual,PPO,SADP,High,Transparency 2026 - Ind SADP,488,Transparency_in_Coverage_PUF.xlsx,27379dc76590027b0e6d21d736331f87376f0ac87810d68e9f7cca555eef4b1f
3974,75293AR1230004,263,3,Individual,PPO,SADP,High,Transparency 2026 - Ind SADP,489,Transparency_in_Coverage_PUF.xlsx,27379dc76590027b0e6d21d736331f87376f0ac87810d68e9f7cca555eef4b1f
3975,75293AR1230005,263,3,Individual,PPO,SADP,High,Transparency 2026 - Ind SADP,490,Transparency_in_Coverage_PUF.xlsx,27379dc76590027b0e6d21d736331f87376f0ac87810d68e9f7cca555eef4b1f
3976,75293AR1230006,263,3,Individual,PPO,SADP,High,Transparency 2026 - Ind SADP,491,Transparency_in_Coverage_PUF.xlsx,27379dc76590027b0e6d21d736331f87376f0ac87810d68e9f7cca555eef4b1f
3977,75293AR1230007,263,3,Individual,PPO,SADP,High,Transparency 2026 - Ind SADP,492,Transparency_in_Coverage_PUF.xlsx,27379dc76590027b0e6d21d736331f87376f0ac87810d68e9f7cca555eef4b1f
3978,75293AR1230008,263,3,Individual,PPO,SADP,High,Transparency 2026 - Ind SADP,493,Transparency_in_Coverage_PUF.xlsx,27379dc76590027b0e6d21d736331f87376f0ac87810d68e9f7cca555eef4b1f
3979,75329ND0020003,264,17,Individual,PPO,SADP,High,Transparency 2026 - Ind SADP,494,Transparency_in_Coverage_PUF.xlsx,27379dc76590027b0e6d21d736331f87376f0ac87810d68e9f7cca555eef4b1f
3980,75329ND0020006,264,17,Individual,PPO,SADP,Low,Transparency 2026 - Ind SADP,495,Transparency_in_Coverage_PUF.xlsx,27379dc76590027b0e6d21d736331f87376f0ac87810d68e9f7cca555eef4b1f
3981,75329ND0020007,264,17,Individual,PPO,SADP,High,Transparency 2026 - Ind SADP,496,Transparency_in_Coverage_PUF.xlsx,27379dc76590027b0e6d21d736331f87376f0ac87810d68e9f7cca555eef4b1f
3982,75329ND0020008,264,17,Individual,PPO,SADP,Low,Transparency 2026 - Ind SADP,497,Transparency_in_Coverage_PUF.xlsx,27379dc76590027b0e6d21d736331f87376f0ac87810d68e9f7cca555eef4b1f
3983,75841NH0090005,265,19,Individual,EPO,QHP,Gold,Transparency 2026 - Ind QHP,3401,Transparency_in_Coverage_PUF.xlsx,27379dc76590027b0e6d21d736331f87376f0ac87810d68e9f7cca555eef4b1f
3984,75841NH0090006,265,19,Individual,EPO,QHP,Bronze,Transparency 2026 - Ind QHP,3402,Transparency_in_Coverage_PUF.xlsx,27379dc76590027b0e6d21d736331f87376f0ac87810d68e9f7cca555eef4b1f
3985,75841NH0090011,265,19,Individual,EPO,QHP,Silver,Transparency 2026 - Ind QHP,3403,Transparency_in_Coverage_PUF.xlsx,27379dc76590027b0e6d21d736331f87376f0ac87810d68e9f7cca555eef4b1f
3986,75841NH0090013,265,19,Individual,EPO,QHP,Silver,Transparency 2026 - Ind QHP,3404,Transparency_in_Coverage_PUF.xlsx,27379dc76590027b0e6d21d736331f87376f0ac87810d68e9f7cca555eef4b1f
3987,75841NH0090021,265,19,Individual,EPO,QHP,Bronze,Transparency 2026 - Ind QHP,3405,Transparency_in_Coverage_PUF.xlsx,27379dc76590027b0e6d21d736331f87376f0ac87810d68e9f7cca555eef4b1f
3988,75841NH0090026,265,19,Individual,EPO,QHP,Gold,Transparency 2026 - Ind QHP,3406,Transparency_in_Coverage_PUF.xlsx,27379dc76590027b0e6d21d736331f87376f0ac87810d68e9f7cca555eef4b1f
3989,75841NH0090028,265,19,Individual,EPO,QHP,Bronze,Transparency 2026 - Ind QHP,3407,Transparency_in_Coverage_PUF.xlsx,27379dc76590027b0e6d21d736331f87376f0ac87810d68e9f7cca555eef4b1f
3990,75841NH0090029,265,19,Individual,EPO,QHP,Silver,Transparency 2026 - Ind QHP,3408,Transparency_in_Coverage_PUF.xlsx,27379dc76590027b0e6d21d736331f87376f0ac87810d68e9f7cca555eef4b1f
3991,75841NH0090030,265,19,Individual,EPO,QHP,Gold,Transparency 2026 - Ind QHP,3409,Transparency_in_Coverage_PUF.xlsx,27379dc76590027b0e6d21d736331f87376f0ac87810d68e9f7cca555eef4b1f
3992,75841NH0100002,265,19,Individual,EPO,QHP,Bronze,Transparency 2026 - Ind QHP,3410,Transparency_in_Coverage_PUF.xlsx,27379dc76590027b0e6d21d736331f87376f0ac87810d68e9f7cca555eef4b1f
3993,75841NH0100009,265,19,Individual,EPO,QHP,Gold,Transparency 2026 - Ind QHP,3411,Transparency_in_Coverage_PUF.xlsx,27379dc76590027b0e6d21d736331f87376f0ac87810d68e9f7cca555eef4b1f
3994,75841NH0100010,265,19,Individual,EPO,QHP,Silver,Transparency 2026 - Ind QHP,3412,Transparency_in_Coverage_PUF.xlsx,27379dc76590027b0e6d21d736331f87376f0ac87810d68e9f7cca555eef4b1f
3995,75841NH0100011,265,19,Individual,EPO,QHP,Silver,Transparency 2026 - Ind QHP,3413,Transparency_in_Coverage_PUF.xlsx,27379dc76590027b0e6d21d736331f87376f0ac87810d68e9f7cca555eef4b1f
3996,75841NH0100021,265,19,Individual,EPO,QHP,Bronze,Transparency 2026 - Ind QHP,3414,Transparency_in_Coverage_PUF.xlsx,27379dc76590027b0e6d21d736331f87376f0ac87810d68e9f7cca555eef4b1f
3997,75841NH0100026,265,19,Individual,EPO,QHP,Gold,Transparency 2026 - Ind QHP,3415,Transparency_in_Coverage_PUF.xlsx,27379dc76590027b0e6d21d736331f87376f0ac87810d68e9f7cca555eef4b1f
3998,75841NH0100029,265,19,Individual,EPO,QHP,Bronze,Transparency 2026 - Ind QHP,3416,Transparency_in_Coverage_PUF.xlsx,27379dc76590027b0e6d21d736331f87376f0ac87810d68e9f7cca555eef4b1f
3999,75841NH0100030,265,19,Individual,EPO,QHP,Silver,Transparency 2026 - Ind QHP,3417,Transparency_in_Coverage_PUF.xlsx,27379dc76590027b0e6d21d736331f87376f0ac87810d68e9f7cca555eef4b1f
4000,75841NH0100031,265,19,Individual,EPO,QHP,Gold,Transparency 2026 - Ind QHP,3418,Transparency_in_Coverage_PUF.xlsx,27379dc76590027b0e6d21d736331f87376f0ac87810d68e9f7cca555eef4b1f
4001,76168DE0690001,266,5,Individual,PPO,QHP,Bronze,Transparency 2026 - Ind QHP,3419,Transparency_in_Coverage_PUF.xlsx,27379dc76590027b0e6d21d736331f87376f0ac87810d68e9f7cca555eef4b1f
4002,76168DE0690004,266,5,Individual,PPO,QHP,Gold,Transparency 2026 - Ind QHP,3420,Transparency_in_Coverage_PUF.xlsx,27379dc76590027b0e6d21d736331f87376f0ac87810d68e9f7cca555eef4b1f
4003,76168DE0690008,266,5,Individual,PPO,QHP,Bronze,Transparency 2026 - Ind QHP,3421,Transparency_in_Coverage_PUF.xlsx,27379dc76590027b0e6d21d736331f87376f0ac87810d68e9f7cca555eef4b1f
4004,76168DE0690009,266,5,Individual,PPO,QHP,Silver,Transparency 2026 - Ind QHP,3422,Transparency_in_Coverage_PUF.xlsx,27379dc76590027b0e6d21d736331f87376f0ac87810d68e9f7cca555eef4b1f
4005,76168DE0690010,266,5,Individual,PPO,QHP,Gold,Transparency 2026 - Ind QHP,3423,Transparency_in_Coverage_PUF.xlsx,27379dc76590027b0e6d21d736331f87376f0ac87810d68e9f7cca555eef4b1f
4006,76168DE0690011,266,5,Individual,PPO,QHP,Platinum,Transparency 2026 - Ind QHP,3424,Transparency_in_Coverage_PUF.xlsx,27379dc76590027b0e6d21d736331f87376f0ac87810d68e9f7cca555eef4b1f
4007,76168DE0690012,266,5,Individual,PPO,QHP,Bronze,Transparency 2026 - Ind QHP,3425,Transparency_in_Coverage_PUF.xlsx,27379dc76590027b0e6d21d736331f87376f0ac87810d68e9f7cca555eef4b1f
4008,76168DE0690013,266,5,Individual,PPO,QHP,Catastrophic,Transparency 2026 - Ind QHP,3426,Transparency_in_Coverage_PUF.xlsx,27379dc76590027b0e6d21d736331f87376f0ac87810d68e9f7cca555eef4b1f
4009,76168DE0700001,266,5,Individual,PPO,QHP,Bronze,Transparency 2026 - Ind QHP,3427,Transparency_in_Coverage_PUF.xlsx,27379dc76590027b0e6d21d736331f87376f0ac87810d68e9f7cca555eef4b1f
4010,76168DE0700004,266,5,Individual,PPO,QHP,Gold,Transparency 2026 - Ind QHP,3428,Transparency_in_Coverage_PUF.xlsx,27379dc76590027b0e6d21d736331f87376f0ac87810d68e9f7cca555eef4b1f
4011,76168DE0700007,266,5,Individual,PPO,QHP,Gold,Transparency 2026 - Ind QHP,3429,Transparency_in_Coverage_PUF.xlsx,27379dc76590027b0e6d21d736331f87376f0ac87810d68e9f7cca555eef4b1f
4012,76168DE0710003,266,5,Individual,PPO,QHP,Gold,Transparency 2026 - Ind QHP,3430,Transparency_in_Coverage_PUF.xlsx,27379dc76590027b0e6d21d736331f87376f0ac87810d68e9f7cca555eef4b1f
4013,76168DE0740002,266,5,Individual,PPO,QHP,Gold,Transparency 2026 - Ind QHP,3431,Transparency_in_Coverage_PUF.xlsx,27379dc76590027b0e6d21d736331f87376f0ac87810d68e9f7cca555eef4b1f
4014,76168DE0740004,266,5,Individual,PPO,QHP,Platinum,Transparency 2026 - Ind QHP,3432,Transparency_in_Coverage_PUF.xlsx,27379dc76590027b0e6d21d736331f87376f0ac87810d68e9f7cca555eef4b1f
4015,76168DE0740005,266,5,Individual,PPO,QHP,Silver,Transparency 2026 - Ind QHP,3433,Transparency_in_Coverage_PUF.xlsx,27379dc76590027b0e6d21d736331f87376f0ac87810d68e9f7cca555eef4b1f
4016,76526WV0010004,267,29,Individual,PPO,SADP,High,Transparency 2026 - Ind SADP,498,Transparency_in_Coverage_PUF.xlsx,27379dc76590027b0e6d21d736331f87376f0ac87810d68e9f7cca555eef4b1f
4017,76526WV0010006,267,29,Individual,PPO,SADP,Low,Transparency 2026 - Ind SADP,499,Transparency_in_Coverage_PUF.xlsx,27379dc76590027b0e6d21d736331f87376f0ac87810d68e9f7cca555eef4b1f
4018,76589TX0010015,268,26,Individual,HMO,QHP,Bronze,Transparency 2026 - Ind QHP,3434,Transparency_in_Coverage_PUF.xlsx,27379dc76590027b0e6d21d736331f87376f0ac87810d68e9f7cca555eef4b1f
4019,76589TX0010016,268,26,Individual,HMO,QHP,Bronze,Transparency 2026 - Ind QHP,3435,Transparency_in_Coverage_PUF.xlsx,27379dc76590027b0e6d21d736331f87376f0ac87810d68e9f7cca555eef4b1f
4020,76589TX0010018,268,26,Individual,HMO,QHP,Bronze,Transparency 2026 - Ind QHP,3436,Transparency_in_Coverage_PUF.xlsx,27379dc76590027b0e6d21d736331f87376f0ac87810d68e9f7cca555eef4b1f
4021,76589TX0010021,268,26,Individual,HMO,QHP,Silver,Transparency 2026 - Ind QHP,3437,Transparency_in_Coverage_PUF.xlsx,27379dc76590027b0e6d21d736331f87376f0ac87810d68e9f7cca555eef4b1f
4022,76589TX0010024,268,26,Individual,HMO,QHP,Silver,Transparency 2026 - Ind QHP,3438,Transparency_in_Coverage_PUF.xlsx,27379dc76590027b0e6d21d736331f87376f0ac87810d68e9f7cca555eef4b1f
4023,76589TX0010025,268,26,Individual,HMO,QHP,Gold,Transparency 2026 - Ind QHP,3439,Transparency_in_Coverage_PUF.xlsx,27379dc76590027b0e6d21d736331f87376f0ac87810d68e9f7cca555eef4b1f
4024,76589TX0010026,268,26,Individual,HMO,QHP,Gold,Transparency 2026 - Ind QHP,3440,Transparency_in_Coverage_PUF.xlsx,27379dc76590027b0e6d21d736331f87376f0ac87810d68e9f7cca555eef4b1f
4025,76589TX0010029,268,26,Individual,HMO,QHP,Bronze,Transparency 2026 - Ind QHP,3441,Transparency_in_Coverage_PUF.xlsx,27379dc76590027b0e6d21d736331f87376f0ac87810d68e9f7cca555eef4b1f
4026,76589TX0010030,268,26,Individual,HMO,QHP,Silver,Transparency 2026 - Ind QHP,3442,Transparency_in_Coverage_PUF.xlsx,27379dc76590027b0e6d21d736331f87376f0ac87810d68e9f7cca555eef4b1f
4027,76589TX0010031,268,26,Individual,HMO,QHP,Gold,Transparency 2026 - Ind QHP,3443,Transparency_in_Coverage_PUF.xlsx,27379dc76590027b0e6d21d736331f87376f0ac87810d68e9f7cca555eef4b1f
4028,76589TX0010035,268,26,Individual,HMO,QHP,Gold,Transparency 2026 - Ind QHP,3444,Transparency_in_Coverage_PUF.xlsx,27379dc76590027b0e6d21d736331f87376f0ac87810d68e9f7cca555eef4b1f
4029,76589TX0010036,268,26,Individual,HMO,QHP,Gold,Transparency 2026 - Ind QHP,3445,Transparency_in_Coverage_PUF.xlsx,27379dc76590027b0e6d21d736331f87376f0ac87810d68e9f7cca555eef4b1f
4030,76589TX0010037,268,26,Individual,HMO,QHP,Gold,Transparency 2026 - Ind QHP,3446,Transparency_in_Coverage_PUF.xlsx,27379dc76590027b0e6d21d736331f87376f0ac87810d68e9f7cca555eef4b1f
4031,76589TX0010038,268,26,Individual,HMO,QHP,Gold,Transparency 2026 - Ind QHP,3447,Transparency_in_Coverage_PUF.xlsx,27379dc76590027b0e6d21d736331f87376f0ac87810d68e9f7cca555eef4b1f
4032,76589TX0010040,268,26,Individual,HMO,QHP,Silver,Transparency 2026 - Ind QHP,3448,Transparency_in_Coverage_PUF.xlsx,27379dc76590027b0e6d21d736331f87376f0ac87810d68e9f7cca555eef4b1f
4033,76589TX0010041,268,26,Individual,HMO,QHP,Silver,Transparency 2026 - Ind QHP,3449,Transparency_in_Coverage_PUF.xlsx,27379dc76590027b0e6d21d736331f87376f0ac87810d68e9f7cca555eef4b1f
4034,76589TX0010043,268,26,Individual,HMO,QHP,Silver,Transparency 2026 - Ind QHP,3450,Transparency_in_Coverage_PUF.xlsx,27379dc76590027b0e6d21d736331f87376f0ac87810d68e9f7cca555eef4b1f
4035,76589TX0010044,268,26,Individual,HMO,QHP,Bronze,Transparency 2026 - Ind QHP,3451,Transparency_in_Coverage_PUF.xlsx,27379dc76590027b0e6d21d736331f87376f0ac87810d68e9f7cca555eef4b1f
4036,76589TX0010045,268,26,Individual,HMO,QHP,Bronze,Transparency 2026 - Ind QHP,3452,Transparency_in_Coverage_PUF.xlsx,27379dc76590027b0e6d21d736331f87376f0ac87810d68e9f7cca555eef4b1f
4037,76589TX0010047,268,26,Individual,HMO,QHP,Bronze,Transparency 2026 - Ind QHP,3453,Transparency_in_Coverage_PUF.xlsx,27379dc76590027b0e6d21d736331f87376f0ac87810d68e9f7cca555eef4b1f
4038,76589TX0010048,268,26,Individual,HMO,QHP,Bronze,Transparency 2026 - Ind QHP,3454,Transparency_in_Coverage_PUF.xlsx,27379dc76590027b0e6d21d736331f87376f0ac87810d68e9f7cca555eef4b1f
4039,76589TX0010050,268,26,Individual,HMO,QHP,Gold,Transparency 2026 - Ind QHP,3455,Transparency_in_Coverage_PUF.xlsx,27379dc76590027b0e6d21d736331f87376f0ac87810d68e9f7cca555eef4b1f
4040,77264NC0010007,269,16,Individual,HMO,QHP,Gold,Transparency 2026 - Ind QHP,3456,Transparency_in_Coverage_PUF.xlsx,27379dc76590027b0e6d21d736331f87376f0ac87810d68e9f7cca555eef4b1f
4041,77264NC0010009,269,16,Individual,HMO,QHP,Silver,Transparency 2026 - Ind QHP,3457,Transparency_in_Coverage_PUF.xlsx,27379dc76590027b0e6d21d736331f87376f0ac87810d68e9f7cca555eef4b1f
4042,77264NC0010010,269,16,Individual,HMO,QHP,Silver,Transparency 2026 - Ind QHP,3458,Transparency_in_Coverage_PUF.xlsx,27379dc76590027b0e6d21d736331f87376f0ac87810d68e9f7cca555eef4b1f
4043,77264NC0010011,269,16,Individual,HMO,QHP,Silver,Transparency 2026 - Ind QHP,3459,Transparency_in_Coverage_PUF.xlsx,27379dc76590027b0e6d21d736331f87376f0ac87810d68e9f7cca555eef4b1f
4044,77264NC0010028,269,16,Individual,HMO,QHP,Bronze,Transparency 2026 - Ind QHP,3460,Transparency_in_Coverage_PUF.xlsx,27379dc76590027b0e6d21d736331f87376f0ac87810d68e9f7cca555eef4b1f
4045,77264NC0010036,269,16,Individual,HMO,QHP,Bronze,Transparency 2026 - Ind QHP,3461,Transparency_in_Coverage_PUF.xlsx,27379dc76590027b0e6d21d736331f87376f0ac87810d68e9f7cca555eef4b1f
4046,77264NC0010037,269,16,Individual,HMO,QHP,Silver,Transparency 2026 - Ind QHP,3462,Transparency_in_Coverage_PUF.xlsx,27379dc76590027b0e6d21d736331f87376f0ac87810d68e9f7cca555eef4b1f
4047,77264NC0010044,269,16,Individual,HMO,QHP,Bronze,Transparency 2026 - Ind QHP,3463,Transparency_in_Coverage_PUF.xlsx,27379dc76590027b0e6d21d736331f87376f0ac87810d68e9f7cca555eef4b1f
4048,77264NC0010045,269,16,Individual,HMO,QHP,Silver,Transparency 2026 - Ind QHP,3464,Transparency_in_Coverage_PUF.xlsx,27379dc76590027b0e6d21d736331f87376f0ac87810d68e9f7cca555eef4b1f
4049,77264NC0010046,269,16,Individual,HMO,QHP,Gold,Transparency 2026 - Ind QHP,3465,Transparency_in_Coverage_PUF.xlsx,27379dc76590027b0e6d21d736331f87376f0ac87810d68e9f7cca555eef4b1f
4050,77264NC0010049,269,16,Individual,HMO,QHP,Bronze,Transparency 2026 - Ind QHP,3466,Transparency_in_Coverage_PUF.xlsx,27379dc76590027b0e6d21d736331f87376f0ac87810d68e9f7cca555eef4b1f
4051,77264NC0010050,269,16,Individual,HMO,QHP,Bronze,Transparency 2026 - Ind QHP,3467,Transparency_in_Coverage_PUF.xlsx,27379dc76590027b0e6d21d736331f87376f0ac87810d68e9f7cca555eef4b1f
4052,77264NC0010054,269,16,Individual,HMO,QHP,Silver,Transparency 2026 - Ind QHP,3468,Transparency_in_Coverage_PUF.xlsx,27379dc76590027b0e6d21d736331f87376f0ac87810d68e9f7cca555eef4b1f
4053,77264NC0010056,269,16,Individual,HMO,QHP,Gold,Transparency 2026 - Ind QHP,3469,Transparency_in_Coverage_PUF.xlsx,27379dc76590027b0e6d21d736331f87376f0ac87810d68e9f7cca555eef4b1f
4054,77264NC0010059,269,16,Individual,HMO,QHP,Bronze,Transparency 2026 - Ind QHP,3470,Transparency_in_Coverage_PUF.xlsx,27379dc76590027b0e6d21d736331f87376f0ac87810d68e9f7cca555eef4b1f
4055,77264NC0010060,269,16,Individual,HMO,QHP,Silver,Transparency 2026 - Ind QHP,3471,Transparency_in_Coverage_PUF.xlsx,27379dc76590027b0e6d21d736331f87376f0ac87810d68e9f7cca555eef4b1f
4056,77264NC0010061,269,16,Individual,HMO,QHP,Gold,Transparency 2026 - Ind QHP,3472,Transparency_in_Coverage_PUF.xlsx,27379dc76590027b0e6d21d736331f87376f0ac87810d68e9f7cca555eef4b1f
4057,77264NC0020004,269,16,Individual,HMO,QHP,Silver,Transparency 2026 - Ind QHP,3473,Transparency_in_Coverage_PUF.xlsx,27379dc76590027b0e6d21d736331f87376f0ac87810d68e9f7cca555eef4b1f
4058,77264NC0020006,269,16,Individual,HMO,QHP,Silver,Transparency 2026 - Ind QHP,3474,Transparency_in_Coverage_PUF.xlsx,27379dc76590027b0e6d21d736331f87376f0ac87810d68e9f7cca555eef4b1f
4059,77264NC0020007,269,16,Individual,HMO,QHP,Gold,Transparency 2026 - Ind QHP,3475,Transparency_in_Coverage_PUF.xlsx,27379dc76590027b0e6d21d736331f87376f0ac87810d68e9f7cca555eef4b1f
4060,77264NC0020008,269,16,Individual,HMO,QHP,Silver,Transparency 2026 - Ind QHP,3476,Transparency_in_Coverage_PUF.xlsx,27379dc76590027b0e6d21d736331f87376f0ac87810d68e9f7cca555eef4b1f
4061,77264NC0020028,269,16,Individual,HMO,QHP,Bronze,Transparency 2026 - Ind QHP,3477,Transparency_in_Coverage_PUF.xlsx,27379dc76590027b0e6d21d736331f87376f0ac87810d68e9f7cca555eef4b1f
4062,77264NC0020036,269,16,Individual,HMO,QHP,Bronze,Transparency 2026 - Ind QHP,3478,Transparency_in_Coverage_PUF.xlsx,27379dc76590027b0e6d21d736331f87376f0ac87810d68e9f7cca555eef4b1f
4063,77264NC0020046,269,16,Individual,HMO,QHP,Bronze,Transparency 2026 - Ind QHP,3479,Transparency_in_Coverage_PUF.xlsx,27379dc76590027b0e6d21d736331f87376f0ac87810d68e9f7cca555eef4b1f
4064,77264NC0020047,269,16,Individual,HMO,QHP,Bronze,Transparency 2026 - Ind QHP,3480,Transparency_in_Coverage_PUF.xlsx,27379dc76590027b0e6d21d736331f87376f0ac87810d68e9f7cca555eef4b1f
4065,77264NC0020051,269,16,Individual,HMO,QHP,Silver,Transparency 2026 - Ind QHP,3481,Transparency_in_Coverage_PUF.xlsx,27379dc76590027b0e6d21d736331f87376f0ac87810d68e9f7cca555eef4b1f
4066,77264NC0020053,269,16,Individual,HMO,QHP,Gold,Transparency 2026 - Ind QHP,3482,Transparency_in_Coverage_PUF.xlsx,27379dc76590027b0e6d21d736331f87376f0ac87810d68e9f7cca555eef4b1f
4067,77264NC0020055,269,16,Individual,HMO,QHP,Bronze,Transparency 2026 - Ind QHP,3483,Transparency_in_Coverage_PUF.xlsx,27379dc76590027b0e6d21d736331f87376f0ac87810d68e9f7cca555eef4b1f
4068,77264NC0020056,269,16,Individual,HMO,QHP,Silver,Transparency 2026 - Ind QHP,3484,Transparency_in_Coverage_PUF.xlsx,27379dc76590027b0e6d21d736331f87376f0ac87810d68e9f7cca555eef4b1f
4069,77264NC0020057,269,16,Individual,HMO,QHP,Gold,Transparency 2026 - Ind QHP,3485,Transparency_in_Coverage_PUF.xlsx,27379dc76590027b0e6d21d736331f87376f0ac87810d68e9f7cca555eef4b1f
4070,77264NC0020058,269,16,Individual,HMO,QHP,Bronze,Transparency 2026 - Ind QHP,3486,Transparency_in_Coverage_PUF.xlsx,27379dc76590027b0e6d21d736331f87376f0ac87810d68e9f7cca555eef4b1f
4071,77264NC0020059,269,16,Individual,HMO,QHP,Silver,Transparency 2026 - Ind QHP,3487,Transparency_in_Coverage_PUF.xlsx,27379dc76590027b0e6d21d736331f87376f0ac87810d68e9f7cca555eef4b1f
4072,77264NC0020060,269,16,Individual,HMO,QHP,Gold,Transparency 2026 - Ind QHP,3488,Transparency_in_Coverage_PUF.xlsx,27379dc76590027b0e6d21d736331f87376f0ac87810d68e9f7cca555eef4b1f
4073,77352AZ0020003,270,4,Individual,PPO,SADP,High,Transparency 2026 - Ind SADP,500,Transparency_in_Coverage_PUF.xlsx,27379dc76590027b0e6d21d736331f87376f0ac87810d68e9f7cca555eef4b1f
4074,77352AZ0020006,270,4,Individual,PPO,SADP,Low,Transparency 2026 - Ind SADP,501,Transparency_in_Coverage_PUF.xlsx,27379dc76590027b0e6d21d736331f87376f0ac87810d68e9f7cca555eef4b1f
4075,77352AZ0020007,270,4,Individual,PPO,SADP,High,Transparency 2026 - Ind SADP,502,Transparency_in_Coverage_PUF.xlsx,27379dc76590027b0e6d21d736331f87376f0ac87810d68e9f7cca555eef4b1f
4076,77352AZ0020008,270,4,Individual,PPO,SADP,Low,Transparency 2026 - Ind SADP,503,Transparency_in_Coverage_PUF.xlsx,27379dc76590027b0e6d21d736331f87376f0ac87810d68e9f7cca555eef4b1f
4077,77552OH0010201,271,20,Individual,HMO,QHP,Silver,Transparency 2026 - Ind QHP,3489,Transparency_in_Coverage_PUF.xlsx,27379dc76590027b0e6d21d736331f87376f0ac87810d68e9f7cca555eef4b1f
4078,77552OH0010202,271,20,Individual,HMO,QHP,Gold,Transparency 2026 - Ind QHP,3490,Transparency_in_Coverage_PUF.xlsx,27379dc76590027b0e6d21d736331f87376f0ac87810d68e9f7cca555eef4b1f
4079,77552OH0010203,271,20,Individual,HMO,QHP,Silver,Transparency 2026 - Ind QHP,3491,Transparency_in_Coverage_PUF.xlsx,27379dc76590027b0e6d21d736331f87376f0ac87810d68e9f7cca555eef4b1f
4080,77552OH0010204,271,20,Individual,HMO,QHP,Bronze,Transparency 2026 - Ind QHP,3492,Transparency_in_Coverage_PUF.xlsx,27379dc76590027b0e6d21d736331f87376f0ac87810d68e9f7cca555eef4b1f
4081,77552OH0010209,271,20,Individual,HMO,QHP,Silver,Transparency 2026 - Ind QHP,3493,Transparency_in_Coverage_PUF.xlsx,27379dc76590027b0e6d21d736331f87376f0ac87810d68e9f7cca555eef4b1f
4082,77552OH0010210,271,20,Individual,HMO,QHP,Gold,Transparency 2026 - Ind QHP,3494,Transparency_in_Coverage_PUF.xlsx,27379dc76590027b0e6d21d736331f87376f0ac87810d68e9f7cca555eef4b1f
4083,77552OH0010212,271,20,Individual,HMO,QHP,Gold,Transparency 2026 - Ind QHP,3495,Transparency_in_Coverage_PUF.xlsx,27379dc76590027b0e6d21d736331f87376f0ac87810d68e9f7cca555eef4b1f
4084,77552OH0010215,271,20,Individual,HMO,QHP,Gold,Transparency 2026 - Ind QHP,3496,Transparency_in_Coverage_PUF.xlsx,27379dc76590027b0e6d21d736331f87376f0ac87810d68e9f7cca555eef4b1f
4085,77552OH0010218,271,20,Individual,HMO,QHP,Silver,Transparency 2026 - Ind QHP,3497,Transparency_in_Coverage_PUF.xlsx,27379dc76590027b0e6d21d736331f87376f0ac87810d68e9f7cca555eef4b1f
4086,77552OH0010219,271,20,Individual,HMO,QHP,Silver,Transparency 2026 - Ind QHP,3498,Transparency_in_Coverage_PUF.xlsx,27379dc76590027b0e6d21d736331f87376f0ac87810d68e9f7cca555eef4b1f
4087,77552OH0010222,271,20,Individual,HMO,QHP,Bronze,Transparency 2026 - Ind QHP,3499,Transparency_in_Coverage_PUF.xlsx,27379dc76590027b0e6d21d736331f87376f0ac87810d68e9f7cca555eef4b1f
4088,77552OH0020201,271,20,Individual,HMO,QHP,Silver,Transparency 2026 - Ind QHP,3500,Transparency_in_Coverage_PUF.xlsx,27379dc76590027b0e6d21d736331f87376f0ac87810d68e9f7cca555eef4b1f
4089,77552OH0020202,271,20,Individual,HMO,QHP,Gold,Transparency 2026 - Ind QHP,3501,Transparency_in_Coverage_PUF.xlsx,27379dc76590027b0e6d21d736331f87376f0ac87810d68e9f7cca555eef4b1f
4090,77552OH0020203,271,20,Individual,HMO,QHP,Silver,Transparency 2026 - Ind QHP,3502,Transparency_in_Coverage_PUF.xlsx,27379dc76590027b0e6d21d736331f87376f0ac87810d68e9f7cca555eef4b1f
4091,77552OH0020204,271,20,Individual,HMO,QHP,Bronze,Transparency 2026 - Ind QHP,3503,Transparency_in_Coverage_PUF.xlsx,27379dc76590027b0e6d21d736331f87376f0ac87810d68e9f7cca555eef4b1f
4092,77552OH0020209,271,20,Individual,HMO,QHP,Silver,Transparency 2026 - Ind QHP,3504,Transparency_in_Coverage_PUF.xlsx,27379dc76590027b0e6d21d736331f87376f0ac87810d68e9f7cca555eef4b1f
4093,77552OH0020210,271,20,Individual,HMO,QHP,Gold,Transparency 2026 - Ind QHP,3505,Transparency_in_Coverage_PUF.xlsx,27379dc76590027b0e6d21d736331f87376f0ac87810d68e9f7cca555eef4b1f
4094,77552OH0020212,271,20,Individual,HMO,QHP,Gold,Transparency 2026 - Ind QHP,3506,Transparency_in_Coverage_PUF.xlsx,27379dc76590027b0e6d21d736331f87376f0ac87810d68e9f7cca555eef4b1f
4095,77552OH0020215,271,20,Individual,HMO,QHP,Gold,Transparency 2026 - Ind QHP,3507,Transparency_in_Coverage_PUF.xlsx,27379dc76590027b0e6d21d736331f87376f0ac87810d68e9f7cca555eef4b1f
4096,77552OH0020218,271,20,Individual,HMO,QHP,Silver,Transparency 2026 - Ind QHP,3508,Transparency_in_Coverage_PUF.xlsx,27379dc76590027b0e6d21d736331f87376f0ac87810d68e9f7cca555eef4b1f
4097,77552OH0020222,271,20,Individual,HMO,QHP,Bronze,Transparency 2026 - Ind QHP,3509,Transparency_in_Coverage_PUF.xlsx,27379dc76590027b0e6d21d736331f87376f0ac87810d68e9f7cca555eef4b1f
4098,77739MI0070005,272,12,Individual,EPO,QHP,Bronze,Transparency 2026 - Ind QHP,3510,Transparency_in_Coverage_PUF.xlsx,27379dc76590027b0e6d21d736331f87376f0ac87810d68e9f7cca555eef4b1f
4099,77739MI0070006,272,12,Individual,EPO,QHP,Silver,Transparency 2026 - Ind QHP,3511,Transparency_in_Coverage_PUF.xlsx,27379dc76590027b0e6d21d736331f87376f0ac87810d68e9f7cca555eef4b1f
4100,77739MI0070011,272,12,Individual,EPO,QHP,Catastrophic,Transparency 2026 - Ind QHP,3512,Transparency_in_Coverage_PUF.xlsx,27379dc76590027b0e6d21d736331f87376f0ac87810d68e9f7cca555eef4b1f
4101,77739MI0070024,272,12,Individual,EPO,QHP,Bronze,Transparency 2026 - Ind QHP,3513,Transparency_in_Coverage_PUF.xlsx,27379dc76590027b0e6d21d736331f87376f0ac87810d68e9f7cca555eef4b1f
4102,77739MI0070025,272,12,Individual,EPO,QHP,Silver,Transparency 2026 - Ind QHP,3514,Transparency_in_Coverage_PUF.xlsx,27379dc76590027b0e6d21d736331f87376f0ac87810d68e9f7cca555eef4b1f
4103,77739MI0070035,272,12,Individual,EPO,QHP,Gold,Transparency 2026 - Ind QHP,3515,Transparency_in_Coverage_PUF.xlsx,27379dc76590027b0e6d21d736331f87376f0ac87810d68e9f7cca555eef4b1f
4104,77739MI0070050,272,12,Individual,EPO,QHP,Bronze,Transparency 2026 - Ind QHP,3516,Transparency_in_Coverage_PUF.xlsx,27379dc76590027b0e6d21d736331f87376f0ac87810d68e9f7cca555eef4b1f
4105,77739MI0070052,272,12,Individual,EPO,QHP,Silver,Transparency 2026 - Ind QHP,3517,Transparency_in_Coverage_PUF.xlsx,27379dc76590027b0e6d21d736331f87376f0ac87810d68e9f7cca555eef4b1f
4106,77739MI0070053,272,12,Individual,EPO,QHP,Gold,Transparency 2026 - Ind QHP,3518,Transparency_in_Coverage_PUF.xlsx,27379dc76590027b0e6d21d736331f87376f0ac87810d68e9f7cca555eef4b1f
4107,77969OR5280003,273,22,Individual,EPO,QHP,Bronze,Transparency 2026 - Ind QHP,3519,Transparency_in_Coverage_PUF.xlsx,27379dc76590027b0e6d21d736331f87376f0ac87810d68e9f7cca555eef4b1f
4108,77969OR5280010,273,22,Individual,EPO,QHP,Bronze,Transparency 2026 - Ind QHP,3520,Transparency_in_Coverage_PUF.xlsx,27379dc76590027b0e6d21d736331f87376f0ac87810d68e9f7cca555eef4b1f
4109,77969OR5280021,273,22,Individual,EPO,QHP,Silver,Transparency 2026 - Ind QHP,3521,Transparency_in_Coverage_PUF.xlsx,27379dc76590027b0e6d21d736331f87376f0ac87810d68e9f7cca555eef4b1f
4110,77969OR5280022,273,22,Individual,EPO,QHP,Silver,Transparency 2026 - Ind QHP,3522,Transparency_in_Coverage_PUF.xlsx,27379dc76590027b0e6d21d736331f87376f0ac87810d68e9f7cca555eef4b1f
4111,77969OR5280023,273,22,Individual,EPO,QHP,Gold,Transparency 2026 - Ind QHP,3523,Transparency_in_Coverage_PUF.xlsx,27379dc76590027b0e6d21d736331f87376f0ac87810d68e9f7cca555eef4b1f
4112,77969OR5280027,273,22,Individual,EPO,QHP,Gold,Transparency 2026 - Ind QHP,3524,Transparency_in_Coverage_PUF.xlsx,27379dc76590027b0e6d21d736331f87376f0ac87810d68e9f7cca555eef4b1f
4113,77969OR5290001,273,22,Individual,EPO,QHP,Silver,Transparency 2026 - Ind QHP,3525,Transparency_in_Coverage_PUF.xlsx,27379dc76590027b0e6d21d736331f87376f0ac87810d68e9f7cca555eef4b1f
4114,77969OR5290002,273,22,Individual,EPO,QHP,Bronze,Transparency 2026 - Ind QHP,3526,Transparency_in_Coverage_PUF.xlsx,27379dc76590027b0e6d21d736331f87376f0ac87810d68e9f7cca555eef4b1f
4115,77969OR5290005,273,22,Individual,EPO,QHP,Gold,Transparency 2026 - Ind QHP,3527,Transparency_in_Coverage_PUF.xlsx,27379dc76590027b0e6d21d736331f87376f0ac87810d68e9f7cca555eef4b1f
4116,77969OR5290007,273,22,Individual,EPO,QHP,Gold,Transparency 2026 - Ind QHP,3528,Transparency_in_Coverage_PUF.xlsx,27379dc76590027b0e6d21d736331f87376f0ac87810d68e9f7cca555eef4b1f
4117,77969OR5290008,273,22,Individual,EPO,QHP,Silver,Transparency 2026 - Ind QHP,3529,Transparency_in_Coverage_PUF.xlsx,27379dc76590027b0e6d21d736331f87376f0ac87810d68e9f7cca555eef4b1f
4118,77969OR5290009,273,22,Individual,EPO,QHP,Bronze,Transparency 2026 - Ind QHP,3530,Transparency_in_Coverage_PUF.xlsx,27379dc76590027b0e6d21d736331f87376f0ac87810d68e9f7cca555eef4b1f
4119,77969OR5350001,273,22,Individual,EPO,QHP,Bronze,Transparency 2026 - Ind QHP,3531,Transparency_in_Coverage_PUF.xlsx,27379dc76590027b0e6d21d736331f87376f0ac87810d68e9f7cca555eef4b1f
4120,77969OR5350002,273,22,Individual,EPO,QHP,Bronze,Transparency 2026 - Ind QHP,3532,Transparency_in_Coverage_PUF.xlsx,27379dc76590027b0e6d21d736331f87376f0ac87810d68e9f7cca555eef4b1f
4121,78461LA0020003,274,11,Individual,PPO,SADP,High,Transparency 2026 - Ind SADP,504,Transparency_in_Coverage_PUF.xlsx,27379dc76590027b0e6d21d736331f87376f0ac87810d68e9f7cca555eef4b1f
4122,78461LA0020006,274,11,Individual,PPO,SADP,Low,Transparency 2026 - Ind SADP,505,Transparency_in_Coverage_PUF.xlsx,27379dc76590027b0e6d21d736331f87376f0ac87810d68e9f7cca555eef4b1f
4123,78461LA0020007,274,11,Individual,PPO,SADP,High,Transparency 2026 - Ind SADP,506,Transparency_in_Coverage_PUF.xlsx,27379dc76590027b0e6d21d736331f87376f0ac87810d68e9f7cca555eef4b1f
4124,78461LA0020008,274,11,Individual,PPO,SADP,Low,Transparency 2026 - Ind SADP,507,Transparency_in_Coverage_PUF.xlsx,27379dc76590027b0e6d21d736331f87376f0ac87810d68e9f7cca555eef4b1f
4125,79222SC0010011,275,23,Individual,HMO,QHP,Bronze,Transparency 2026 - Ind QHP,3533,Transparency_in_Coverage_PUF.xlsx,27379dc76590027b0e6d21d736331f87376f0ac87810d68e9f7cca555eef4b1f
4126,79222SC0010017,275,23,Individual,HMO,QHP,Silver,Transparency 2026 - Ind QHP,3534,Transparency_in_Coverage_PUF.xlsx,27379dc76590027b0e6d21d736331f87376f0ac87810d68e9f7cca555eef4b1f
4127,79222SC0010022,275,23,Individual,HMO,QHP,Bronze,Transparency 2026 - Ind QHP,3535,Transparency_in_Coverage_PUF.xlsx,27379dc76590027b0e6d21d736331f87376f0ac87810d68e9f7cca555eef4b1f
4128,79222SC0010025,275,23,Individual,HMO,QHP,Silver,Transparency 2026 - Ind QHP,3536,Transparency_in_Coverage_PUF.xlsx,27379dc76590027b0e6d21d736331f87376f0ac87810d68e9f7cca555eef4b1f
4129,79222SC0010026,275,23,Individual,HMO,QHP,Gold,Transparency 2026 - Ind QHP,3537,Transparency_in_Coverage_PUF.xlsx,27379dc76590027b0e6d21d736331f87376f0ac87810d68e9f7cca555eef4b1f
4130,79222SC0010029,275,23,Individual,HMO,QHP,Gold,Transparency 2026 - Ind QHP,3538,Transparency_in_Coverage_PUF.xlsx,27379dc76590027b0e6d21d736331f87376f0ac87810d68e9f7cca555eef4b1f
4131,79222SC0010031,275,23,Individual,HMO,QHP,Bronze,Transparency 2026 - Ind QHP,3539,Transparency_in_Coverage_PUF.xlsx,27379dc76590027b0e6d21d736331f87376f0ac87810d68e9f7cca555eef4b1f
4132,79222SC0010032,275,23,Individual,HMO,QHP,Silver,Transparency 2026 - Ind QHP,3540,Transparency_in_Coverage_PUF.xlsx,27379dc76590027b0e6d21d736331f87376f0ac87810d68e9f7cca555eef4b1f
4133,79222SC0010033,275,23,Individual,HMO,QHP,Gold,Transparency 2026 - Ind QHP,3541,Transparency_in_Coverage_PUF.xlsx,27379dc76590027b0e6d21d736331f87376f0ac87810d68e9f7cca555eef4b1f
4134,79222SC0020011,275,23,Individual,HMO,QHP,Bronze,Transparency 2026 - Ind QHP,3542,Transparency_in_Coverage_PUF.xlsx,27379dc76590027b0e6d21d736331f87376f0ac87810d68e9f7cca555eef4b1f
4135,79222SC0020022,275,23,Individual,HMO,QHP,Bronze,Transparency 2026 - Ind QHP,3543,Transparency_in_Coverage_PUF.xlsx,27379dc76590027b0e6d21d736331f87376f0ac87810d68e9f7cca555eef4b1f
4136,79222SC0020025,275,23,Individual,HMO,QHP,Silver,Transparency 2026 - Ind QHP,3544,Transparency_in_Coverage_PUF.xlsx,27379dc76590027b0e6d21d736331f87376f0ac87810d68e9f7cca555eef4b1f
4137,79222SC0020026,275,23,Individual,HMO,QHP,Gold,Transparency 2026 - Ind QHP,3545,Transparency_in_Coverage_PUF.xlsx,27379dc76590027b0e6d21d736331f87376f0ac87810d68e9f7cca555eef4b1f
4138,79222SC0020030,275,23,Individual,HMO,QHP,Gold,Transparency 2026 - Ind QHP,3546,Transparency_in_Coverage_PUF.xlsx,27379dc76590027b0e6d21d736331f87376f0ac87810d68e9f7cca555eef4b1f
4139,79222SC0020031,275,23,Individual,HMO,QHP,Bronze,Transparency 2026 - Ind QHP,3547,Transparency_in_Coverage_PUF.xlsx,27379dc76590027b0e6d21d736331f87376f0ac87810d68e9f7cca555eef4b1f
4140,79222SC0020032,275,23,Individual,HMO,QHP,Silver,Transparency 2026 - Ind QHP,3548,Transparency_in_Coverage_PUF.xlsx,27379dc76590027b0e6d21d736331f87376f0ac87810d68e9f7cca555eef4b1f
4141,79222SC0020033,275,23,Individual,HMO,QHP,Gold,Transparency 2026 - Ind QHP,3549,Transparency_in_Coverage_PUF.xlsx,27379dc76590027b0e6d21d736331f87376f0ac87810d68e9f7cca555eef4b1f
4142,79475WI0550001,276,28,Individual,HMO,QHP,Bronze,Transparency 2026 - Ind QHP,3550,Transparency_in_Coverage_PUF.xlsx,27379dc76590027b0e6d21d736331f87376f0ac87810d68e9f7cca555eef4b1f
4143,79475WI0550002,276,28,Individual,HMO,QHP,Bronze,Transparency 2026 - Ind QHP,3551,Transparency_in_Coverage_PUF.xlsx,27379dc76590027b0e6d21d736331f87376f0ac87810d68e9f7cca555eef4b1f
4144,79475WI0550003,276,28,Individual,HMO,QHP,Silver,Transparency 2026 - Ind QHP,3552,Transparency_in_Coverage_PUF.xlsx,27379dc76590027b0e6d21d736331f87376f0ac87810d68e9f7cca555eef4b1f
4145,79475WI0550005,276,28,Individual,HMO,QHP,Silver,Transparency 2026 - Ind QHP,3553,Transparency_in_Coverage_PUF.xlsx,27379dc76590027b0e6d21d736331f87376f0ac87810d68e9f7cca555eef4b1f
4146,79475WI0550006,276,28,Individual,HMO,QHP,Gold,Transparency 2026 - Ind QHP,3554,Transparency_in_Coverage_PUF.xlsx,27379dc76590027b0e6d21d736331f87376f0ac87810d68e9f7cca555eef4b1f
4147,79475WI0550007,276,28,Individual,HMO,QHP,Bronze,Transparency 2026 - Ind QHP,3555,Transparency_in_Coverage_PUF.xlsx,27379dc76590027b0e6d21d736331f87376f0ac87810d68e9f7cca555eef4b1f
4148,79475WI0550008,276,28,Individual,HMO,QHP,Bronze,Transparency 2026 - Ind QHP,3556,Transparency_in_Coverage_PUF.xlsx,27379dc76590027b0e6d21d736331f87376f0ac87810d68e9f7cca555eef4b1f
4149,79475WI0550009,276,28,Individual,HMO,QHP,Bronze,Transparency 2026 - Ind QHP,3557,Transparency_in_Coverage_PUF.xlsx,27379dc76590027b0e6d21d736331f87376f0ac87810d68e9f7cca555eef4b1f
4150,79475WI0550010,276,28,Individual,HMO,QHP,Bronze,Transparency 2026 - Ind QHP,3558,Transparency_in_Coverage_PUF.xlsx,27379dc76590027b0e6d21d736331f87376f0ac87810d68e9f7cca555eef4b1f
4151,79475WI0550011,276,28,Individual,HMO,QHP,Bronze,Transparency 2026 - Ind QHP,3559,Transparency_in_Coverage_PUF.xlsx,27379dc76590027b0e6d21d736331f87376f0ac87810d68e9f7cca555eef4b1f
4152,79475WI0550012,276,28,Individual,HMO,QHP,Bronze,Transparency 2026 - Ind QHP,3560,Transparency_in_Coverage_PUF.xlsx,27379dc76590027b0e6d21d736331f87376f0ac87810d68e9f7cca555eef4b1f
4153,79475WI0550013,276,28,Individual,HMO,QHP,Bronze,Transparency 2026 - Ind QHP,3561,Transparency_in_Coverage_PUF.xlsx,27379dc76590027b0e6d21d736331f87376f0ac87810d68e9f7cca555eef4b1f
4154,79475WI0550014,276,28,Individual,HMO,QHP,Silver,Transparency 2026 - Ind QHP,3562,Transparency_in_Coverage_PUF.xlsx,27379dc76590027b0e6d21d736331f87376f0ac87810d68e9f7cca555eef4b1f
4155,79475WI0550015,276,28,Individual,HMO,QHP,Silver,Transparency 2026 - Ind QHP,3563,Transparency_in_Coverage_PUF.xlsx,27379dc76590027b0e6d21d736331f87376f0ac87810d68e9f7cca555eef4b1f
4156,79475WI0550016,276,28,Individual,HMO,QHP,Silver,Transparency 2026 - Ind QHP,3564,Transparency_in_Coverage_PUF.xlsx,27379dc76590027b0e6d21d736331f87376f0ac87810d68e9f7cca555eef4b1f
4157,79475WI0550017,276,28,Individual,HMO,QHP,Silver,Transparency 2026 - Ind QHP,3565,Transparency_in_Coverage_PUF.xlsx,27379dc76590027b0e6d21d736331f87376f0ac87810d68e9f7cca555eef4b1f
4158,79475WI0550018,276,28,Individual,HMO,QHP,Silver,Transparency 2026 - Ind QHP,3566,Transparency_in_Coverage_PUF.xlsx,27379dc76590027b0e6d21d736331f87376f0ac87810d68e9f7cca555eef4b1f
4159,79475WI0550019,276,28,Individual,HMO,QHP,Silver,Transparency 2026 - Ind QHP,3567,Transparency_in_Coverage_PUF.xlsx,27379dc76590027b0e6d21d736331f87376f0ac87810d68e9f7cca555eef4b1f
4160,79475WI0550020,276,28,Individual,HMO,QHP,Gold,Transparency 2026 - Ind QHP,3568,Transparency_in_Coverage_PUF.xlsx,27379dc76590027b0e6d21d736331f87376f0ac87810d68e9f7cca555eef4b1f
4161,79475WI0550021,276,28,Individual,HMO,QHP,Gold,Transparency 2026 - Ind QHP,3569,Transparency_in_Coverage_PUF.xlsx,27379dc76590027b0e6d21d736331f87376f0ac87810d68e9f7cca555eef4b1f
4162,79475WI0550022,276,28,Individual,HMO,QHP,Gold,Transparency 2026 - Ind QHP,3570,Transparency_in_Coverage_PUF.xlsx,27379dc76590027b0e6d21d736331f87376f0ac87810d68e9f7cca555eef4b1f
4163,79475WI0550023,276,28,Individual,HMO,QHP,Bronze,Transparency 2026 - Ind QHP,3571,Transparency_in_Coverage_PUF.xlsx,27379dc76590027b0e6d21d736331f87376f0ac87810d68e9f7cca555eef4b1f
4164,79475WI0550024,276,28,Individual,HMO,QHP,Bronze,Transparency 2026 - Ind QHP,3572,Transparency_in_Coverage_PUF.xlsx,27379dc76590027b0e6d21d736331f87376f0ac87810d68e9f7cca555eef4b1f
4165,79475WI0550025,276,28,Individual,HMO,QHP,Bronze,Transparency 2026 - Ind QHP,3573,Transparency_in_Coverage_PUF.xlsx,27379dc76590027b0e6d21d736331f87376f0ac87810d68e9f7cca555eef4b1f
4166,79475WI0550029,276,28,Individual,HMO,QHP,Bronze,Transparency 2026 - Ind QHP,3574,Transparency_in_Coverage_PUF.xlsx,27379dc76590027b0e6d21d736331f87376f0ac87810d68e9f7cca555eef4b1f
4167,79475WI0550030,276,28,Individual,HMO,QHP,Silver,Transparency 2026 - Ind QHP,3575,Transparency_in_Coverage_PUF.xlsx,27379dc76590027b0e6d21d736331f87376f0ac87810d68e9f7cca555eef4b1f
4168,79475WI0550031,276,28,Individual,HMO,QHP,Gold,Transparency 2026 - Ind QHP,3576,Transparency_in_Coverage_PUF.xlsx,27379dc76590027b0e6d21d736331f87376f0ac87810d68e9f7cca555eef4b1f
4169,79475WI0550032,276,28,Individual,HMO,QHP,Bronze,Transparency 2026 - Ind QHP,3577,Transparency_in_Coverage_PUF.xlsx,27379dc76590027b0e6d21d736331f87376f0ac87810d68e9f7cca555eef4b1f
4170,79475WI0550033,276,28,Individual,HMO,QHP,Gold,Transparency 2026 - Ind QHP,3578,Transparency_in_Coverage_PUF.xlsx,27379dc76590027b0e6d21d736331f87376f0ac87810d68e9f7cca555eef4b1f
4171,79475WI0550034,276,28,Individual,HMO,QHP,Silver,Transparency 2026 - Ind QHP,3579,Transparency_in_Coverage_PUF.xlsx,27379dc76590027b0e6d21d736331f87376f0ac87810d68e9f7cca555eef4b1f
4172,79475WI0550035,276,28,Individual,HMO,QHP,Silver,Transparency 2026 - Ind QHP,3580,Transparency_in_Coverage_PUF.xlsx,27379dc76590027b0e6d21d736331f87376f0ac87810d68e9f7cca555eef4b1f
4173,79475WI0550036,276,28,Individual,HMO,QHP,Gold,Transparency 2026 - Ind QHP,3581,Transparency_in_Coverage_PUF.xlsx,27379dc76590027b0e6d21d736331f87376f0ac87810d68e9f7cca555eef4b1f
4174,79475WI0550037,276,28,Individual,HMO,QHP,Silver,Transparency 2026 - Ind QHP,3582,Transparency_in_Coverage_PUF.xlsx,27379dc76590027b0e6d21d736331f87376f0ac87810d68e9f7cca555eef4b1f
4175,79475WI0550038,276,28,Individual,HMO,QHP,Gold,Transparency 2026 - Ind QHP,3583,Transparency_in_Coverage_PUF.xlsx,27379dc76590027b0e6d21d736331f87376f0ac87810d68e9f7cca555eef4b1f
4176,79475WI0550039,276,28,Individual,HMO,QHP,Bronze,Transparency 2026 - Ind QHP,3584,Transparency_in_Coverage_PUF.xlsx,27379dc76590027b0e6d21d736331f87376f0ac87810d68e9f7cca555eef4b1f
4177,79475WI0550040,276,28,Individual,HMO,QHP,Bronze,Transparency 2026 - Ind QHP,3585,Transparency_in_Coverage_PUF.xlsx,27379dc76590027b0e6d21d736331f87376f0ac87810d68e9f7cca555eef4b1f
4178,79475WI0550042,276,28,Individual,HMO,QHP,Bronze,Transparency 2026 - Ind QHP,3586,Transparency_in_Coverage_PUF.xlsx,27379dc76590027b0e6d21d736331f87376f0ac87810d68e9f7cca555eef4b1f
4179,79475WI0550044,276,28,Individual,HMO,QHP,Silver,Transparency 2026 - Ind QHP,3587,Transparency_in_Coverage_PUF.xlsx,27379dc76590027b0e6d21d736331f87376f0ac87810d68e9f7cca555eef4b1f
4180,79475WI0550046,276,28,Individual,HMO,QHP,Gold,Transparency 2026 - Ind QHP,3588,Transparency_in_Coverage_PUF.xlsx,27379dc76590027b0e6d21d736331f87376f0ac87810d68e9f7cca555eef4b1f
4181,79475WI0550048,276,28,Individual,HMO,QHP,Bronze,Transparency 2026 - Ind QHP,3589,Transparency_in_Coverage_PUF.xlsx,27379dc76590027b0e6d21d736331f87376f0ac87810d68e9f7cca555eef4b1f
4182,79475WI0550050,276,28,Individual,HMO,QHP,Silver,Transparency 2026 - Ind QHP,3590,Transparency_in_Coverage_PUF.xlsx,27379dc76590027b0e6d21d736331f87376f0ac87810d68e9f7cca555eef4b1f
4183,79475WI0550052,276,28,Individual,HMO,QHP,Bronze,Transparency 2026 - Ind QHP,3591,Transparency_in_Coverage_PUF.xlsx,27379dc76590027b0e6d21d736331f87376f0ac87810d68e9f7cca555eef4b1f
4184,79475WI0550054,276,28,Individual,HMO,QHP,Bronze,Transparency 2026 - Ind QHP,3592,Transparency_in_Coverage_PUF.xlsx,27379dc76590027b0e6d21d736331f87376f0ac87810d68e9f7cca555eef4b1f
4185,79475WI0550056,276,28,Individual,HMO,QHP,Gold,Transparency 2026 - Ind QHP,3593,Transparency_in_Coverage_PUF.xlsx,27379dc76590027b0e6d21d736331f87376f0ac87810d68e9f7cca555eef4b1f
4186,79475WI0550058,276,28,Individual,HMO,QHP,Silver,Transparency 2026 - Ind QHP,3594,Transparency_in_Coverage_PUF.xlsx,27379dc76590027b0e6d21d736331f87376f0ac87810d68e9f7cca555eef4b1f
4187,79475WI0560001,276,28,Individual,POS,QHP,Bronze,Transparency 2026 - Ind QHP,3595,Transparency_in_Coverage_PUF.xlsx,27379dc76590027b0e6d21d736331f87376f0ac87810d68e9f7cca555eef4b1f
4188,79475WI0560002,276,28,Individual,POS,QHP,Bronze,Transparency 2026 - Ind QHP,3596,Transparency_in_Coverage_PUF.xlsx,27379dc76590027b0e6d21d736331f87376f0ac87810d68e9f7cca555eef4b1f
4189,79475WI0560003,276,28,Individual,POS,QHP,Bronze,Transparency 2026 - Ind QHP,3597,Transparency_in_Coverage_PUF.xlsx,27379dc76590027b0e6d21d736331f87376f0ac87810d68e9f7cca555eef4b1f
4190,79475WI0560004,276,28,Individual,POS,QHP,Silver,Transparency 2026 - Ind QHP,3598,Transparency_in_Coverage_PUF.xlsx,27379dc76590027b0e6d21d736331f87376f0ac87810d68e9f7cca555eef4b1f
4191,79475WI0560005,276,28,Individual,POS,QHP,Gold,Transparency 2026 - Ind QHP,3599,Transparency_in_Coverage_PUF.xlsx,27379dc76590027b0e6d21d736331f87376f0ac87810d68e9f7cca555eef4b1f
4192,79475WI0560006,276,28,Individual,POS,QHP,Bronze,Transparency 2026 - Ind QHP,3600,Transparency_in_Coverage_PUF.xlsx,27379dc76590027b0e6d21d736331f87376f0ac87810d68e9f7cca555eef4b1f
4193,79475WI0560007,276,28,Individual,POS,QHP,Silver,Transparency 2026 - Ind QHP,3601,Transparency_in_Coverage_PUF.xlsx,27379dc76590027b0e6d21d736331f87376f0ac87810d68e9f7cca555eef4b1f
4194,79475WI0560008,276,28,Individual,POS,QHP,Gold,Transparency 2026 - Ind QHP,3602,Transparency_in_Coverage_PUF.xlsx,27379dc76590027b0e6d21d736331f87376f0ac87810d68e9f7cca555eef4b1f
4195,79475WI0560009,276,28,Individual,POS,QHP,Silver,Transparency 2026 - Ind QHP,3603,Transparency_in_Coverage_PUF.xlsx,27379dc76590027b0e6d21d736331f87376f0ac87810d68e9f7cca555eef4b1f
4196,79597WI0030001,277,28,Individual,PPO,SADP,High,Transparency 2026 - Ind SADP,508,Transparency_in_Coverage_PUF.xlsx,27379dc76590027b0e6d21d736331f87376f0ac87810d68e9f7cca555eef4b1f
4197,79597WI0030002,277,28,Individual,PPO,SADP,Low,Transparency 2026 - Ind SADP,509,Transparency_in_Coverage_PUF.xlsx,27379dc76590027b0e6d21d736331f87376f0ac87810d68e9f7cca555eef4b1f
4198,79597WI0030003,277,28,Individual,PPO,SADP,Low,Transparency 2026 - Ind SADP,510,Transparency_in_Coverage_PUF.xlsx,27379dc76590027b0e6d21d736331f87376f0ac87810d68e9f7cca555eef4b1f
4199,79597WI0040001,277,28,SHOP,PPO,SADP,High,Transparency 2026 - SHOP,95,Transparency_in_Coverage_PUF.xlsx,27379dc76590027b0e6d21d736331f87376f0ac87810d68e9f7cca555eef4b1f
4200,79597WI0040002,277,28,SHOP,PPO,SADP,Low,Transparency 2026 - SHOP,96,Transparency_in_Coverage_PUF.xlsx,27379dc76590027b0e6d21d736331f87376f0ac87810d68e9f7cca555eef4b1f
4201,79850FL0020001,278,6,Individual,HMO,QHP,Silver,Transparency 2026 - Ind QHP,3604,Transparency_in_Coverage_PUF.xlsx,27379dc76590027b0e6d21d736331f87376f0ac87810d68e9f7cca555eef4b1f
4202,79850FL0020002,278,6,Individual,HMO,QHP,Silver,Transparency 2026 - Ind QHP,3605,Transparency_in_Coverage_PUF.xlsx,27379dc76590027b0e6d21d736331f87376f0ac87810d68e9f7cca555eef4b1f
4203,79850FL0020003,278,6,Individual,HMO,QHP,Gold,Transparency 2026 - Ind QHP,3606,Transparency_in_Coverage_PUF.xlsx,27379dc76590027b0e6d21d736331f87376f0ac87810d68e9f7cca555eef4b1f
4204,79850FL0020005,278,6,Individual,HMO,QHP,Silver,Transparency 2026 - Ind QHP,3607,Transparency_in_Coverage_PUF.xlsx,27379dc76590027b0e6d21d736331f87376f0ac87810d68e9f7cca555eef4b1f
4205,79850FL0020006,278,6,Individual,HMO,QHP,Gold,Transparency 2026 - Ind QHP,3608,Transparency_in_Coverage_PUF.xlsx,27379dc76590027b0e6d21d736331f87376f0ac87810d68e9f7cca555eef4b1f
4206,79975MS0010008,279,14,Individual,HMO,QHP,Gold,Transparency 2026 - Ind QHP,3609,Transparency_in_Coverage_PUF.xlsx,27379dc76590027b0e6d21d736331f87376f0ac87810d68e9f7cca555eef4b1f
4207,79975MS0010009,279,14,Individual,HMO,QHP,Silver,Transparency 2026 - Ind QHP,3610,Transparency_in_Coverage_PUF.xlsx,27379dc76590027b0e6d21d736331f87376f0ac87810d68e9f7cca555eef4b1f
4208,80132WY0040003,280,30,Individual,PPO,SADP,High,Transparency 2026 - Ind SADP,511,Transparency_in_Coverage_PUF.xlsx,27379dc76590027b0e6d21d736331f87376f0ac87810d68e9f7cca555eef4b1f
4209,80132WY0040004,280,30,Individual,PPO,SADP,Low,Transparency 2026 - Ind SADP,512,Transparency_in_Coverage_PUF.xlsx,27379dc76590027b0e6d21d736331f87376f0ac87810d68e9f7cca555eef4b1f
4210,80132WY0050003,280,30,Individual,PPO,SADP,High,Transparency 2026 - Ind SADP,513,Transparency_in_Coverage_PUF.xlsx,27379dc76590027b0e6d21d736331f87376f0ac87810d68e9f7cca555eef4b1f
4211,80132WY0050004,280,30,Individual,PPO,SADP,Low,Transparency 2026 - Ind SADP,514,Transparency_in_Coverage_PUF.xlsx,27379dc76590027b0e6d21d736331f87376f0ac87810d68e9f7cca555eef4b1f
4212,80180WI0100001,281,28,Individual,HMO,QHP,Bronze,Transparency 2026 - Ind QHP,3611,Transparency_in_Coverage_PUF.xlsx,27379dc76590027b0e6d21d736331f87376f0ac87810d68e9f7cca555eef4b1f
4213,80180WI0100002,281,28,Individual,HMO,QHP,Gold,Transparency 2026 - Ind QHP,3612,Transparency_in_Coverage_PUF.xlsx,27379dc76590027b0e6d21d736331f87376f0ac87810d68e9f7cca555eef4b1f
4214,80180WI0100005,281,28,Individual,HMO,QHP,Silver,Transparency 2026 - Ind QHP,3613,Transparency_in_Coverage_PUF.xlsx,27379dc76590027b0e6d21d736331f87376f0ac87810d68e9f7cca555eef4b1f
4215,80180WI0100008,281,28,Individual,HMO,QHP,Silver,Transparency 2026 - Ind QHP,3614,Transparency_in_Coverage_PUF.xlsx,27379dc76590027b0e6d21d736331f87376f0ac87810d68e9f7cca555eef4b1f
4216,80180WI0100010,281,28,Individual,HMO,QHP,Gold,Transparency 2026 - Ind QHP,3615,Transparency_in_Coverage_PUF.xlsx,27379dc76590027b0e6d21d736331f87376f0ac87810d68e9f7cca555eef4b1f
4217,80180WI0100012,281,28,Individual,HMO,QHP,Gold,Transparency 2026 - Ind QHP,3616,Transparency_in_Coverage_PUF.xlsx,27379dc76590027b0e6d21d736331f87376f0ac87810d68e9f7cca555eef4b1f
4218,80180WI0100019,281,28,Individual,HMO,QHP,Bronze,Transparency 2026 - Ind QHP,3617,Transparency_in_Coverage_PUF.xlsx,27379dc76590027b0e6d21d736331f87376f0ac87810d68e9f7cca555eef4b1f
4219,80180WI0100020,281,28,Individual,HMO,QHP,Silver,Transparency 2026 - Ind QHP,3618,Transparency_in_Coverage_PUF.xlsx,27379dc76590027b0e6d21d736331f87376f0ac87810d68e9f7cca555eef4b1f
4220,80180WI0100022,281,28,Individual,HMO,QHP,Bronze,Transparency 2026 - Ind QHP,3619,Transparency_in_Coverage_PUF.xlsx,27379dc76590027b0e6d21d736331f87376f0ac87810d68e9f7cca555eef4b1f
4221,80180WI0110002,281,28,Individual,HMO,QHP,Gold,Transparency 2026 - Ind QHP,3620,Transparency_in_Coverage_PUF.xlsx,27379dc76590027b0e6d21d736331f87376f0ac87810d68e9f7cca555eef4b1f
4222,80180WI0110004,281,28,Individual,HMO,QHP,Silver,Transparency 2026 - Ind QHP,3621,Transparency_in_Coverage_PUF.xlsx,27379dc76590027b0e6d21d736331f87376f0ac87810d68e9f7cca555eef4b1f
4223,80180WI0110005,281,28,Individual,HMO,QHP,Bronze,Transparency 2026 - Ind QHP,3622,Transparency_in_Coverage_PUF.xlsx,27379dc76590027b0e6d21d736331f87376f0ac87810d68e9f7cca555eef4b1f
4224,80180WI0110006,281,28,Individual,HMO,QHP,Silver,Transparency 2026 - Ind QHP,3623,Transparency_in_Coverage_PUF.xlsx,27379dc76590027b0e6d21d736331f87376f0ac87810d68e9f7cca555eef4b1f
4225,81413WI0460008,282,28,Individual,HMO,QHP,Bronze,Transparency 2026 - Ind QHP,3624,Transparency_in_Coverage_PUF.xlsx,27379dc76590027b0e6d21d736331f87376f0ac87810d68e9f7cca555eef4b1f
4226,81413WI0460011,282,28,Individual,HMO,QHP,Silver,Transparency 2026 - Ind QHP,3625,Transparency_in_Coverage_PUF.xlsx,27379dc76590027b0e6d21d736331f87376f0ac87810d68e9f7cca555eef4b1f
4227,81413WI0460013,282,28,Individual,HMO,QHP,Gold,Transparency 2026 - Ind QHP,3626,Transparency_in_Coverage_PUF.xlsx,27379dc76590027b0e6d21d736331f87376f0ac87810d68e9f7cca555eef4b1f
4228,81413WI0460016,282,28,Individual,HMO,QHP,Gold,Transparency 2026 - Ind QHP,3627,Transparency_in_Coverage_PUF.xlsx,27379dc76590027b0e6d21d736331f87376f0ac87810d68e9f7cca555eef4b1f
4229,81413WI0460018,282,28,Individual,HMO,QHP,Bronze,Transparency 2026 - Ind QHP,3628,Transparency_in_Coverage_PUF.xlsx,27379dc76590027b0e6d21d736331f87376f0ac87810d68e9f7cca555eef4b1f
4230,81413WI0470008,282,28,Individual,HMO,QHP,Bronze,Transparency 2026 - Ind QHP,3629,Transparency_in_Coverage_PUF.xlsx,27379dc76590027b0e6d21d736331f87376f0ac87810d68e9f7cca555eef4b1f
4231,81413WI0470011,282,28,Individual,HMO,QHP,Silver,Transparency 2026 - Ind QHP,3630,Transparency_in_Coverage_PUF.xlsx,27379dc76590027b0e6d21d736331f87376f0ac87810d68e9f7cca555eef4b1f
4232,81413WI0470013,282,28,Individual,HMO,QHP,Gold,Transparency 2026 - Ind QHP,3631,Transparency_in_Coverage_PUF.xlsx,27379dc76590027b0e6d21d736331f87376f0ac87810d68e9f7cca555eef4b1f
4233,81413WI0470016,282,28,Individual,HMO,QHP,Gold,Transparency 2026 - Ind QHP,3632,Transparency_in_Coverage_PUF.xlsx,27379dc76590027b0e6d21d736331f87376f0ac87810d68e9f7cca555eef4b1f
4234,81413WI0470018,282,28,Individual,HMO,QHP,Bronze,Transparency 2026 - Ind QHP,3633,Transparency_in_Coverage_PUF.xlsx,27379dc76590027b0e6d21d736331f87376f0ac87810d68e9f7cca555eef4b1f
4235,81413WI0480002,282,28,Individual,HMO,QHP,Bronze,Transparency 2026 - Ind QHP,3634,Transparency_in_Coverage_PUF.xlsx,27379dc76590027b0e6d21d736331f87376f0ac87810d68e9f7cca555eef4b1f
4236,81413WI0480003,282,28,Individual,HMO,QHP,Silver,Transparency 2026 - Ind QHP,3635,Transparency_in_Coverage_PUF.xlsx,27379dc76590027b0e6d21d736331f87376f0ac87810d68e9f7cca555eef4b1f
4237,81413WI0480004,282,28,Individual,HMO,QHP,Gold,Transparency 2026 - Ind QHP,3636,Transparency_in_Coverage_PUF.xlsx,27379dc76590027b0e6d21d736331f87376f0ac87810d68e9f7cca555eef4b1f
4238,81413WI0480008,282,28,Individual,HMO,QHP,Bronze,Transparency 2026 - Ind QHP,3637,Transparency_in_Coverage_PUF.xlsx,27379dc76590027b0e6d21d736331f87376f0ac87810d68e9f7cca555eef4b1f
4239,81413WI0480011,282,28,Individual,HMO,QHP,Silver,Transparency 2026 - Ind QHP,3638,Transparency_in_Coverage_PUF.xlsx,27379dc76590027b0e6d21d736331f87376f0ac87810d68e9f7cca555eef4b1f
4240,81413WI0480013,282,28,Individual,HMO,QHP,Gold,Transparency 2026 - Ind QHP,3639,Transparency_in_Coverage_PUF.xlsx,27379dc76590027b0e6d21d736331f87376f0ac87810d68e9f7cca555eef4b1f
4241,81413WI0480016,282,28,Individual,HMO,QHP,Gold,Transparency 2026 - Ind QHP,3640,Transparency_in_Coverage_PUF.xlsx,27379dc76590027b0e6d21d736331f87376f0ac87810d68e9f7cca555eef4b1f
4242,81413WI0480018,282,28,Individual,HMO,QHP,Bronze,Transparency 2026 - Ind QHP,3641,Transparency_in_Coverage_PUF.xlsx,27379dc76590027b0e6d21d736331f87376f0ac87810d68e9f7cca555eef4b1f
4243,81413WI0490002,282,28,Individual,HMO,QHP,Bronze,Transparency 2026 - Ind QHP,3642,Transparency_in_Coverage_PUF.xlsx,27379dc76590027b0e6d21d736331f87376f0ac87810d68e9f7cca555eef4b1f
4244,81413WI0490003,282,28,Individual,HMO,QHP,Silver,Transparency 2026 - Ind QHP,3643,Transparency_in_Coverage_PUF.xlsx,27379dc76590027b0e6d21d736331f87376f0ac87810d68e9f7cca555eef4b1f
4245,81413WI0490004,282,28,Individual,HMO,QHP,Gold,Transparency 2026 - Ind QHP,3644,Transparency_in_Coverage_PUF.xlsx,27379dc76590027b0e6d21d736331f87376f0ac87810d68e9f7cca555eef4b1f
4246,81413WI0490008,282,28,Individual,HMO,QHP,Bronze,Transparency 2026 - Ind QHP,3645,Transparency_in_Coverage_PUF.xlsx,27379dc76590027b0e6d21d736331f87376f0ac87810d68e9f7cca555eef4b1f
4247,81413WI0490011,282,28,Individual,HMO,QHP,Silver,Transparency 2026 - Ind QHP,3646,Transparency_in_Coverage_PUF.xlsx,27379dc76590027b0e6d21d736331f87376f0ac87810d68e9f7cca555eef4b1f
4248,81413WI0490013,282,28,Individual,HMO,QHP,Gold,Transparency 2026 - Ind QHP,3647,Transparency_in_Coverage_PUF.xlsx,27379dc76590027b0e6d21d736331f87376f0ac87810d68e9f7cca555eef4b1f
4249,81413WI0490016,282,28,Individual,HMO,QHP,Gold,Transparency 2026 - Ind QHP,3648,Transparency_in_Coverage_PUF.xlsx,27379dc76590027b0e6d21d736331f87376f0ac87810d68e9f7cca555eef4b1f
4250,81413WI0490018,282,28,Individual,HMO,QHP,Bronze,Transparency 2026 - Ind QHP,3649,Transparency_in_Coverage_PUF.xlsx,27379dc76590027b0e6d21d736331f87376f0ac87810d68e9f7cca555eef4b1f
4251,81457OK0070006,283,21,Individual,PPO,SADP,Low,Transparency 2026 - Ind SADP,515,Transparency_in_Coverage_PUF.xlsx,27379dc76590027b0e6d21d736331f87376f0ac87810d68e9f7cca555eef4b1f
4252,81457OK0080006,283,21,Individual,PPO,SADP,Low,Transparency 2026 - Ind SADP,516,Transparency_in_Coverage_PUF.xlsx,27379dc76590027b0e6d21d736331f87376f0ac87810d68e9f7cca555eef4b1f
4253,81457OK0090006,283,21,Individual,PPO,SADP,Low,Transparency 2026 - Ind SADP,517,Transparency_in_Coverage_PUF.xlsx,27379dc76590027b0e6d21d736331f87376f0ac87810d68e9f7cca555eef4b1f
4254,81457OK0100006,283,21,Individual,PPO,SADP,Low,Transparency 2026 - Ind SADP,518,Transparency_in_Coverage_PUF.xlsx,27379dc76590027b0e6d21d736331f87376f0ac87810d68e9f7cca555eef4b1f
4255,82011AZ0110001,284,4,Individual,PPO,SADP,High,Transparency 2026 - Ind SADP,519,Transparency_in_Coverage_PUF.xlsx,27379dc76590027b0e6d21d736331f87376f0ac87810d68e9f7cca555eef4b1f
4256,82120TN0630004,285,25,Individual,PPO,SADP,Low,Transparency 2026 - Ind SADP,520,Transparency_in_Coverage_PUF.xlsx,27379dc76590027b0e6d21d736331f87376f0ac87810d68e9f7cca555eef4b1f
4257,82120TN0630005,285,25,Individual,PPO,SADP,High,Transparency 2026 - Ind SADP,521,Transparency_in_Coverage_PUF.xlsx,27379dc76590027b0e6d21d736331f87376f0ac87810d68e9f7cca555eef4b1f
4258,82120TN0630006,285,25,Individual,PPO,SADP,Low,Transparency 2026 - Ind SADP,522,Transparency_in_Coverage_PUF.xlsx,27379dc76590027b0e6d21d736331f87376f0ac87810d68e9f7cca555eef4b1f
4259,82285AL0010004,286,2,Individual,PPO,SADP,High,Transparency 2026 - Ind SADP,523,Transparency_in_Coverage_PUF.xlsx,27379dc76590027b0e6d21d736331f87376f0ac87810d68e9f7cca555eef4b1f
4260,82285AL0010006,286,2,Individual,PPO,SADP,Low,Transparency 2026 - Ind SADP,524,Transparency_in_Coverage_PUF.xlsx,27379dc76590027b0e6d21d736331f87376f0ac87810d68e9f7cca555eef4b1f
4261,82285AL0010007,286,2,Individual,PPO,SADP,Low,Transparency 2026 - Ind SADP,525,Transparency_in_Coverage_PUF.xlsx,27379dc76590027b0e6d21d736331f87376f0ac87810d68e9f7cca555eef4b1f
4262,82612NC0010001,287,16,Individual,PPO,SADP,Low,Transparency 2026 - Ind SADP,526,Transparency_in_Coverage_PUF.xlsx,27379dc76590027b0e6d21d736331f87376f0ac87810d68e9f7cca555eef4b1f
4263,82612NC0020001,287,16,Individual,PPO,SADP,High,Transparency 2026 - Ind SADP,527,Transparency_in_Coverage_PUF.xlsx,27379dc76590027b0e6d21d736331f87376f0ac87810d68e9f7cca555eef4b1f
4264,82612NC0050001,287,16,Individual,PPO,SADP,Low,Transparency 2026 - Ind SADP,528,Transparency_in_Coverage_PUF.xlsx,27379dc76590027b0e6d21d736331f87376f0ac87810d68e9f7cca555eef4b1f
4265,82905MO0010001,288,13,Individual,PPO,SADP,Low,Transparency 2026 - Ind SADP,529,Transparency_in_Coverage_PUF.xlsx,27379dc76590027b0e6d21d736331f87376f0ac87810d68e9f7cca555eef4b1f
4266,82905MO0020001,288,13,Individual,PPO,SADP,High,Transparency 2026 - Ind SADP,530,Transparency_in_Coverage_PUF.xlsx,27379dc76590027b0e6d21d736331f87376f0ac87810d68e9f7cca555eef4b1f
4267,82905MO0050001,288,13,Individual,PPO,SADP,Low,Transparency 2026 - Ind SADP,531,Transparency_in_Coverage_PUF.xlsx,27379dc76590027b0e6d21d736331f87376f0ac87810d68e9f7cca555eef4b1f
4268,83557IN0020003,289,9,Individual,PPO,SADP,High,Transparency 2026 - Ind SADP,532,Transparency_in_Coverage_PUF.xlsx,27379dc76590027b0e6d21d736331f87376f0ac87810d68e9f7cca555eef4b1f
4269,83557IN0020006,289,9,Individual,PPO,SADP,Low,Transparency 2026 - Ind SADP,533,Transparency_in_Coverage_PUF.xlsx,27379dc76590027b0e6d21d736331f87376f0ac87810d68e9f7cca555eef4b1f
4270,83557IN0020007,289,9,Individual,PPO,SADP,High,Transparency 2026 - Ind SADP,534,Transparency_in_Coverage_PUF.xlsx,27379dc76590027b0e6d21d736331f87376f0ac87810d68e9f7cca555eef4b1f
4271,83557IN0020008,289,9,Individual,PPO,SADP,Low,Transparency 2026 - Ind SADP,535,Transparency_in_Coverage_PUF.xlsx,27379dc76590027b0e6d21d736331f87376f0ac87810d68e9f7cca555eef4b1f
4272,84254MS0050003,290,14,Individual,PPO,SADP,Low,Transparency 2026 - Ind SADP,536,Transparency_in_Coverage_PUF.xlsx,27379dc76590027b0e6d21d736331f87376f0ac87810d68e9f7cca555eef4b1f
4273,84254MS0060002,290,14,Individual,PPO,SADP,Low,Transparency 2026 - Ind SADP,537,Transparency_in_Coverage_PUF.xlsx,27379dc76590027b0e6d21d736331f87376f0ac87810d68e9f7cca555eef4b1f
4274,84254MS0090001,290,14,Individual,PPO,SADP,Low,Transparency 2026 - Ind SADP,538,Transparency_in_Coverage_PUF.xlsx,27379dc76590027b0e6d21d736331f87376f0ac87810d68e9f7cca555eef4b1f
4275,84939SC0170005,291,23,Individual,PPO,SADP,Low,Transparency 2026 - Ind SADP,539,Transparency_in_Coverage_PUF.xlsx,27379dc76590027b0e6d21d736331f87376f0ac87810d68e9f7cca555eef4b1f
4276,84939SC0180005,291,23,Individual,PPO,SADP,Low,Transparency 2026 - Ind SADP,540,Transparency_in_Coverage_PUF.xlsx,27379dc76590027b0e6d21d736331f87376f0ac87810d68e9f7cca555eef4b1f
4277,84939SC0190005,291,23,Individual,PPO,SADP,Low,Transparency 2026 - Ind SADP,541,Transparency_in_Coverage_PUF.xlsx,27379dc76590027b0e6d21d736331f87376f0ac87810d68e9f7cca555eef4b1f
4278,84939SC0200005,291,23,Individual,PPO,SADP,Low,Transparency 2026 - Ind SADP,542,Transparency_in_Coverage_PUF.xlsx,27379dc76590027b0e6d21d736331f87376f0ac87810d68e9f7cca555eef4b1f
4279,85533AZ0010001,292,4,Individual,HMO,QHP,Bronze,Transparency 2026 - Ind QHP,3650,Transparency_in_Coverage_PUF.xlsx,27379dc76590027b0e6d21d736331f87376f0ac87810d68e9f7cca555eef4b1f
4280,85533AZ0010002,292,4,Individual,HMO,QHP,Silver,Transparency 2026 - Ind QHP,3651,Transparency_in_Coverage_PUF.xlsx,27379dc76590027b0e6d21d736331f87376f0ac87810d68e9f7cca555eef4b1f
4281,85533AZ0010003,292,4,Individual,HMO,QHP,Gold,Transparency 2026 - Ind QHP,3652,Transparency_in_Coverage_PUF.xlsx,27379dc76590027b0e6d21d736331f87376f0ac87810d68e9f7cca555eef4b1f
4282,85533AZ0020001,292,4,Individual,HMO,QHP,Silver,Transparency 2026 - Ind QHP,3653,Transparency_in_Coverage_PUF.xlsx,27379dc76590027b0e6d21d736331f87376f0ac87810d68e9f7cca555eef4b1f
4283,85533AZ0020002,292,4,Individual,HMO,QHP,Gold,Transparency 2026 - Ind QHP,3654,Transparency_in_Coverage_PUF.xlsx,27379dc76590027b0e6d21d736331f87376f0ac87810d68e9f7cca555eef4b1f
4284,86382FL0050005,293,6,Individual,HMO,QHP,Bronze,Transparency 2026 - Ind QHP,3655,Transparency_in_Coverage_PUF.xlsx,27379dc76590027b0e6d21d736331f87376f0ac87810d68e9f7cca555eef4b1f
4285,86382FL0050009,293,6,Individual,HMO,QHP,Silver,Transparency 2026 - Ind QHP,3656,Transparency_in_Coverage_PUF.xlsx,27379dc76590027b0e6d21d736331f87376f0ac87810d68e9f7cca555eef4b1f
4286,86382FL0050010,293,6,Individual,HMO,QHP,Gold,Transparency 2026 - Ind QHP,3657,Transparency_in_Coverage_PUF.xlsx,27379dc76590027b0e6d21d736331f87376f0ac87810d68e9f7cca555eef4b1f
4287,86382FL0050014,293,6,Individual,HMO,QHP,Silver,Transparency 2026 - Ind QHP,3658,Transparency_in_Coverage_PUF.xlsx,27379dc76590027b0e6d21d736331f87376f0ac87810d68e9f7cca555eef4b1f
4288,86382FL0050017,293,6,Individual,HMO,QHP,Bronze,Transparency 2026 - Ind QHP,3659,Transparency_in_Coverage_PUF.xlsx,27379dc76590027b0e6d21d736331f87376f0ac87810d68e9f7cca555eef4b1f
4289,86382FL0050018,293,6,Individual,HMO,QHP,Silver,Transparency 2026 - Ind QHP,3660,Transparency_in_Coverage_PUF.xlsx,27379dc76590027b0e6d21d736331f87376f0ac87810d68e9f7cca555eef4b1f
4290,86382FL0050019,293,6,Individual,HMO,QHP,Gold,Transparency 2026 - Ind QHP,3661,Transparency_in_Coverage_PUF.xlsx,27379dc76590027b0e6d21d736331f87376f0ac87810d68e9f7cca555eef4b1f
4291,86584WI0010001,294,28,Individual,HMO,QHP,Silver,Transparency 2026 - Ind QHP,3662,Transparency_in_Coverage_PUF.xlsx,27379dc76590027b0e6d21d736331f87376f0ac87810d68e9f7cca555eef4b1f
4292,86584WI0010007,294,28,Individual,HMO,QHP,Gold,Transparency 2026 - Ind QHP,3663,Transparency_in_Coverage_PUF.xlsx,27379dc76590027b0e6d21d736331f87376f0ac87810d68e9f7cca555eef4b1f
4293,86584WI0010008,294,28,Individual,HMO,QHP,Catastrophic,Transparency 2026 - Ind QHP,3664,Transparency_in_Coverage_PUF.xlsx,27379dc76590027b0e6d21d736331f87376f0ac87810d68e9f7cca555eef4b1f
4294,86584WI0010009,294,28,Individual,HMO,QHP,Bronze,Transparency 2026 - Ind QHP,3665,Transparency_in_Coverage_PUF.xlsx,27379dc76590027b0e6d21d736331f87376f0ac87810d68e9f7cca555eef4b1f
4295,86584WI0010011,294,28,Individual,HMO,QHP,Bronze,Transparency 2026 - Ind QHP,3666,Transparency_in_Coverage_PUF.xlsx,27379dc76590027b0e6d21d736331f87376f0ac87810d68e9f7cca555eef4b1f
4296,86584WI0010012,294,28,Individual,HMO,QHP,Silver,Transparency 2026 - Ind QHP,3667,Transparency_in_Coverage_PUF.xlsx,27379dc76590027b0e6d21d736331f87376f0ac87810d68e9f7cca555eef4b1f
4297,86584WI0010013,294,28,Individual,HMO,QHP,Silver,Transparency 2026 - Ind QHP,3668,Transparency_in_Coverage_PUF.xlsx,27379dc76590027b0e6d21d736331f87376f0ac87810d68e9f7cca555eef4b1f
4298,86584WI0010015,294,28,Individual,HMO,QHP,Gold,Transparency 2026 - Ind QHP,3669,Transparency_in_Coverage_PUF.xlsx,27379dc76590027b0e6d21d736331f87376f0ac87810d68e9f7cca555eef4b1f
4299,86584WI0010016,294,28,Individual,HMO,QHP,Bronze,Transparency 2026 - Ind QHP,3670,Transparency_in_Coverage_PUF.xlsx,27379dc76590027b0e6d21d736331f87376f0ac87810d68e9f7cca555eef4b1f
4300,86584WI0020001,294,28,Individual,POS,QHP,Silver,Transparency 2026 - Ind QHP,3671,Transparency_in_Coverage_PUF.xlsx,27379dc76590027b0e6d21d736331f87376f0ac87810d68e9f7cca555eef4b1f
4301,86584WI0020003,294,28,Individual,POS,QHP,Bronze,Transparency 2026 - Ind QHP,3672,Transparency_in_Coverage_PUF.xlsx,27379dc76590027b0e6d21d736331f87376f0ac87810d68e9f7cca555eef4b1f
4302,86584WI0020005,294,28,Individual,POS,QHP,Bronze,Transparency 2026 - Ind QHP,3673,Transparency_in_Coverage_PUF.xlsx,27379dc76590027b0e6d21d736331f87376f0ac87810d68e9f7cca555eef4b1f
4303,86728OH0340001,295,20,Individual,PPO,SADP,High,Transparency 2026 - Ind SADP,543,Transparency_in_Coverage_PUF.xlsx,27379dc76590027b0e6d21d736331f87376f0ac87810d68e9f7cca555eef4b1f
4304,86728OH0340002,295,20,Individual,PPO,SADP,Low,Transparency 2026 - Ind SADP,544,Transparency_in_Coverage_PUF.xlsx,27379dc76590027b0e6d21d736331f87376f0ac87810d68e9f7cca555eef4b1f
4305,86728OH0340003,295,20,Individual,PPO,SADP,High,Transparency 2026 - Ind SADP,545,Transparency_in_Coverage_PUF.xlsx,27379dc76590027b0e6d21d736331f87376f0ac87810d68e9f7cca555eef4b1f
4306,86728OH0360001,295,20,Individual,PPO,SADP,High,Transparency 2026 - Ind SADP,546,Transparency_in_Coverage_PUF.xlsx,27379dc76590027b0e6d21d736331f87376f0ac87810d68e9f7cca555eef4b1f
4307,86728OH0360002,295,20,Individual,PPO,SADP,Low,Transparency 2026 - Ind SADP,547,Transparency_in_Coverage_PUF.xlsx,27379dc76590027b0e6d21d736331f87376f0ac87810d68e9f7cca555eef4b1f
4308,86830AZ0050001,296,4,Individual,PPO,SADP,Low,Transparency 2026 - Ind SADP,548,Transparency_in_Coverage_PUF.xlsx,27379dc76590027b0e6d21d736331f87376f0ac87810d68e9f7cca555eef4b1f
4309,86830AZ0050002,296,4,Individual,PPO,SADP,Low,Transparency 2026 - Ind SADP,549,Transparency_in_Coverage_PUF.xlsx,27379dc76590027b0e6d21d736331f87376f0ac87810d68e9f7cca555eef4b1f
4310,87169UT0040003,297,27,Individual,PPO,SADP,High,Transparency 2026 - Ind SADP,550,Transparency_in_Coverage_PUF.xlsx,27379dc76590027b0e6d21d736331f87376f0ac87810d68e9f7cca555eef4b1f
4311,87169UT0040004,297,27,Individual,PPO,SADP,Low,Transparency 2026 - Ind SADP,551,Transparency_in_Coverage_PUF.xlsx,27379dc76590027b0e6d21d736331f87376f0ac87810d68e9f7cca555eef4b1f
4312,87169UT0050003,297,27,Individual,PPO,SADP,High,Transparency 2026 - Ind SADP,552,Transparency_in_Coverage_PUF.xlsx,27379dc76590027b0e6d21d736331f87376f0ac87810d68e9f7cca555eef4b1f
4313,87169UT0050004,297,27,Individual,PPO,SADP,Low,Transparency 2026 - Ind SADP,553,Transparency_in_Coverage_PUF.xlsx,27379dc76590027b0e6d21d736331f87376f0ac87810d68e9f7cca555eef4b1f
4314,87169UT0070001,297,27,Individual,EPO,SADP,Low,Transparency 2026 - Ind SADP,554,Transparency_in_Coverage_PUF.xlsx,27379dc76590027b0e6d21d736331f87376f0ac87810d68e9f7cca555eef4b1f
4315,87169UT0080001,297,27,Individual,EPO,SADP,Low,Transparency 2026 - Ind SADP,555,Transparency_in_Coverage_PUF.xlsx,27379dc76590027b0e6d21d736331f87376f0ac87810d68e9f7cca555eef4b1f
4316,87226TX0060009,298,26,Individual,HMO,QHP,Silver,Transparency 2026 - Ind QHP,3674,Transparency_in_Coverage_PUF.xlsx,27379dc76590027b0e6d21d736331f87376f0ac87810d68e9f7cca555eef4b1f
4317,87226TX0060011,298,26,Individual,HMO,QHP,Silver,Transparency 2026 - Ind QHP,3675,Transparency_in_Coverage_PUF.xlsx,27379dc76590027b0e6d21d736331f87376f0ac87810d68e9f7cca555eef4b1f
4318,87226TX0060012,298,26,Individual,HMO,QHP,Gold,Transparency 2026 - Ind QHP,3676,Transparency_in_Coverage_PUF.xlsx,27379dc76590027b0e6d21d736331f87376f0ac87810d68e9f7cca555eef4b1f
4319,87226TX0060013,298,26,Individual,HMO,QHP,Gold,Transparency 2026 - Ind QHP,3677,Transparency_in_Coverage_PUF.xlsx,27379dc76590027b0e6d21d736331f87376f0ac87810d68e9f7cca555eef4b1f
4320,87226TX0060014,298,26,Individual,HMO,QHP,Silver,Transparency 2026 - Ind QHP,3678,Transparency_in_Coverage_PUF.xlsx,27379dc76590027b0e6d21d736331f87376f0ac87810d68e9f7cca555eef4b1f
4321,87226TX0070009,298,26,Individual,HMO,QHP,Silver,Transparency 2026 - Ind QHP,3679,Transparency_in_Coverage_PUF.xlsx,27379dc76590027b0e6d21d736331f87376f0ac87810d68e9f7cca555eef4b1f
4322,87226TX0070011,298,26,Individual,HMO,QHP,Silver,Transparency 2026 - Ind QHP,3680,Transparency_in_Coverage_PUF.xlsx,27379dc76590027b0e6d21d736331f87376f0ac87810d68e9f7cca555eef4b1f
4323,87226TX0070012,298,26,Individual,HMO,QHP,Gold,Transparency 2026 - Ind QHP,3681,Transparency_in_Coverage_PUF.xlsx,27379dc76590027b0e6d21d736331f87376f0ac87810d68e9f7cca555eef4b1f
4324,87226TX0070013,298,26,Individual,HMO,QHP,Gold,Transparency 2026 - Ind QHP,3682,Transparency_in_Coverage_PUF.xlsx,27379dc76590027b0e6d21d736331f87376f0ac87810d68e9f7cca555eef4b1f
4325,87226TX0070014,298,26,Individual,HMO,QHP,Silver,Transparency 2026 - Ind QHP,3683,Transparency_in_Coverage_PUF.xlsx,27379dc76590027b0e6d21d736331f87376f0ac87810d68e9f7cca555eef4b1f
4326,87226TX0100009,298,26,Individual,HMO,QHP,Silver,Transparency 2026 - Ind QHP,3684,Transparency_in_Coverage_PUF.xlsx,27379dc76590027b0e6d21d736331f87376f0ac87810d68e9f7cca555eef4b1f
4327,87226TX0100011,298,26,Individual,HMO,QHP,Silver,Transparency 2026 - Ind QHP,3685,Transparency_in_Coverage_PUF.xlsx,27379dc76590027b0e6d21d736331f87376f0ac87810d68e9f7cca555eef4b1f
4328,87226TX0100012,298,26,Individual,HMO,QHP,Gold,Transparency 2026 - Ind QHP,3686,Transparency_in_Coverage_PUF.xlsx,27379dc76590027b0e6d21d736331f87376f0ac87810d68e9f7cca555eef4b1f
4329,87226TX0100013,298,26,Individual,HMO,QHP,Gold,Transparency 2026 - Ind QHP,3687,Transparency_in_Coverage_PUF.xlsx,27379dc76590027b0e6d21d736331f87376f0ac87810d68e9f7cca555eef4b1f
4330,87226TX0100014,298,26,Individual,HMO,QHP,Silver,Transparency 2026 - Ind QHP,3688,Transparency_in_Coverage_PUF.xlsx,27379dc76590027b0e6d21d736331f87376f0ac87810d68e9f7cca555eef4b1f
4331,87226TX0120001,298,26,Individual,HMO,QHP,Silver,Transparency 2026 - Ind QHP,3689,Transparency_in_Coverage_PUF.xlsx,27379dc76590027b0e6d21d736331f87376f0ac87810d68e9f7cca555eef4b1f
4332,87226TX0120005,298,26,Individual,HMO,QHP,Silver,Transparency 2026 - Ind QHP,3690,Transparency_in_Coverage_PUF.xlsx,27379dc76590027b0e6d21d736331f87376f0ac87810d68e9f7cca555eef4b1f
4333,87226TX0130002,298,26,Individual,HMO,QHP,Silver,Transparency 2026 - Ind QHP,3691,Transparency_in_Coverage_PUF.xlsx,27379dc76590027b0e6d21d736331f87376f0ac87810d68e9f7cca555eef4b1f
4334,87226TX0130003,298,26,Individual,HMO,QHP,Silver,Transparency 2026 - Ind QHP,3692,Transparency_in_Coverage_PUF.xlsx,27379dc76590027b0e6d21d736331f87376f0ac87810d68e9f7cca555eef4b1f
4335,87226TX0140003,298,26,Individual,HMO,QHP,Silver,Transparency 2026 - Ind QHP,3693,Transparency_in_Coverage_PUF.xlsx,27379dc76590027b0e6d21d736331f87376f0ac87810d68e9f7cca555eef4b1f
4336,87226TX0140004,298,26,Individual,HMO,QHP,Silver,Transparency 2026 - Ind QHP,3694,Transparency_in_Coverage_PUF.xlsx,27379dc76590027b0e6d21d736331f87376f0ac87810d68e9f7cca555eef4b1f
4337,87390LA0070009,299,11,Individual,PPO,SADP,Low,Transparency 2026 - Ind SADP,556,Transparency_in_Coverage_PUF.xlsx,27379dc76590027b0e6d21d736331f87376f0ac87810d68e9f7cca555eef4b1f
4338,87390LA0080008,299,11,Individual,PPO,SADP,Low,Transparency 2026 - Ind SADP,557,Transparency_in_Coverage_PUF.xlsx,27379dc76590027b0e6d21d736331f87376f0ac87810d68e9f7cca555eef4b1f
4339,87390LA0090005,299,11,Individual,PPO,SADP,Low,Transparency 2026 - Ind SADP,558,Transparency_in_Coverage_PUF.xlsx,27379dc76590027b0e6d21d736331f87376f0ac87810d68e9f7cca555eef4b1f
4340,87416WI0030003,300,28,Individual,EPO,QHP,Bronze,Transparency 2026 - Ind QHP,3695,Transparency_in_Coverage_PUF.xlsx,27379dc76590027b0e6d21d736331f87376f0ac87810d68e9f7cca555eef4b1f
4341,87416WI0030005,300,28,Individual,EPO,QHP,Gold,Transparency 2026 - Ind QHP,3696,Transparency_in_Coverage_PUF.xlsx,27379dc76590027b0e6d21d736331f87376f0ac87810d68e9f7cca555eef4b1f
4342,87416WI0030017,300,28,Individual,EPO,QHP,Gold,Transparency 2026 - Ind QHP,3697,Transparency_in_Coverage_PUF.xlsx,27379dc76590027b0e6d21d736331f87376f0ac87810d68e9f7cca555eef4b1f
4343,87416WI0030023,300,28,Individual,EPO,QHP,Silver,Transparency 2026 - Ind QHP,3698,Transparency_in_Coverage_PUF.xlsx,27379dc76590027b0e6d21d736331f87376f0ac87810d68e9f7cca555eef4b1f
4344,87416WI0030026,300,28,Individual,EPO,QHP,Catastrophic,Transparency 2026 - Ind QHP,3699,Transparency_in_Coverage_PUF.xlsx,27379dc76590027b0e6d21d736331f87376f0ac87810d68e9f7cca555eef4b1f
4345,87416WI0030027,300,28,Individual,EPO,QHP,Bronze,Transparency 2026 - Ind QHP,3700,Transparency_in_Coverage_PUF.xlsx,27379dc76590027b0e6d21d736331f87376f0ac87810d68e9f7cca555eef4b1f
4346,87416WI0030041,300,28,Individual,EPO,QHP,Bronze,Transparency 2026 - Ind QHP,3701,Transparency_in_Coverage_PUF.xlsx,27379dc76590027b0e6d21d736331f87376f0ac87810d68e9f7cca555eef4b1f
4347,87416WI0030042,300,28,Individual,EPO,QHP,Silver,Transparency 2026 - Ind QHP,3702,Transparency_in_Coverage_PUF.xlsx,27379dc76590027b0e6d21d736331f87376f0ac87810d68e9f7cca555eef4b1f
4348,87416WI0030043,300,28,Individual,EPO,QHP,Gold,Transparency 2026 - Ind QHP,3703,Transparency_in_Coverage_PUF.xlsx,27379dc76590027b0e6d21d736331f87376f0ac87810d68e9f7cca555eef4b1f
4349,87416WI0030047,300,28,Individual,EPO,QHP,Silver,Transparency 2026 - Ind QHP,3704,Transparency_in_Coverage_PUF.xlsx,27379dc76590027b0e6d21d736331f87376f0ac87810d68e9f7cca555eef4b1f
4350,87416WI0060001,300,28,Individual,EPO,QHP,Gold,Transparency 2026 - Ind QHP,3705,Transparency_in_Coverage_PUF.xlsx,27379dc76590027b0e6d21d736331f87376f0ac87810d68e9f7cca555eef4b1f
4351,87416WI0060002,300,28,Individual,EPO,QHP,Silver,Transparency 2026 - Ind QHP,3706,Transparency_in_Coverage_PUF.xlsx,27379dc76590027b0e6d21d736331f87376f0ac87810d68e9f7cca555eef4b1f
4352,87416WI0060003,300,28,Individual,EPO,QHP,Bronze,Transparency 2026 - Ind QHP,3707,Transparency_in_Coverage_PUF.xlsx,27379dc76590027b0e6d21d736331f87376f0ac87810d68e9f7cca555eef4b1f
4353,87416WI0060006,300,28,Individual,EPO,QHP,Gold,Transparency 2026 - Ind QHP,3708,Transparency_in_Coverage_PUF.xlsx,27379dc76590027b0e6d21d736331f87376f0ac87810d68e9f7cca555eef4b1f
4354,87416WI0060011,300,28,Individual,EPO,QHP,Silver,Transparency 2026 - Ind QHP,3709,Transparency_in_Coverage_PUF.xlsx,27379dc76590027b0e6d21d736331f87376f0ac87810d68e9f7cca555eef4b1f
4355,87416WI0060012,300,28,Individual,EPO,QHP,Silver,Transparency 2026 - Ind QHP,3710,Transparency_in_Coverage_PUF.xlsx,27379dc76590027b0e6d21d736331f87376f0ac87810d68e9f7cca555eef4b1f
4356,87416WI0060015,300,28,Individual,EPO,QHP,Bronze,Transparency 2026 - Ind QHP,3711,Transparency_in_Coverage_PUF.xlsx,27379dc76590027b0e6d21d736331f87376f0ac87810d68e9f7cca555eef4b1f
4357,87416WI0060023,300,28,Individual,EPO,QHP,Bronze,Transparency 2026 - Ind QHP,3712,Transparency_in_Coverage_PUF.xlsx,27379dc76590027b0e6d21d736331f87376f0ac87810d68e9f7cca555eef4b1f
4358,87416WI0060025,300,28,Individual,EPO,QHP,Gold,Transparency 2026 - Ind QHP,3713,Transparency_in_Coverage_PUF.xlsx,27379dc76590027b0e6d21d736331f87376f0ac87810d68e9f7cca555eef4b1f
4359,87417IN0010001,301,9,Individual,PPO,SADP,Low,Transparency 2026 - Ind SADP,559,Transparency_in_Coverage_PUF.xlsx,27379dc76590027b0e6d21d736331f87376f0ac87810d68e9f7cca555eef4b1f
4360,87417IN0020001,301,9,Individual,PPO,SADP,High,Transparency 2026 - Ind SADP,560,Transparency_in_Coverage_PUF.xlsx,27379dc76590027b0e6d21d736331f87376f0ac87810d68e9f7cca555eef4b1f
4361,87417IN0050001,301,9,Individual,PPO,SADP,Low,Transparency 2026 - Ind SADP,561,Transparency_in_Coverage_PUF.xlsx,27379dc76590027b0e6d21d736331f87376f0ac87810d68e9f7cca555eef4b1f
4362,87571OK0350068,302,21,Individual,PPO,QHP,Bronze,Transparency 2026 - Ind QHP,3714,Transparency_in_Coverage_PUF.xlsx,27379dc76590027b0e6d21d736331f87376f0ac87810d68e9f7cca555eef4b1f
4363,87571OK0350069,302,21,Individual,PPO,QHP,Silver,Transparency 2026 - Ind QHP,3715,Transparency_in_Coverage_PUF.xlsx,27379dc76590027b0e6d21d736331f87376f0ac87810d68e9f7cca555eef4b1f
4364,87571OK0350070,302,21,Individual,PPO,QHP,Bronze,Transparency 2026 - Ind QHP,3716,Transparency_in_Coverage_PUF.xlsx,27379dc76590027b0e6d21d736331f87376f0ac87810d68e9f7cca555eef4b1f
4365,87571OK0350083,302,21,Individual,PPO,QHP,Bronze,Transparency 2026 - Ind QHP,3717,Transparency_in_Coverage_PUF.xlsx,27379dc76590027b0e6d21d736331f87376f0ac87810d68e9f7cca555eef4b1f
4366,87571OK0350084,302,21,Individual,PPO,QHP,Bronze,Transparency 2026 - Ind QHP,3718,Transparency_in_Coverage_PUF.xlsx,27379dc76590027b0e6d21d736331f87376f0ac87810d68e9f7cca555eef4b1f
4367,87571OK0350085,302,21,Individual,PPO,QHP,Bronze,Transparency 2026 - Ind QHP,3719,Transparency_in_Coverage_PUF.xlsx,27379dc76590027b0e6d21d736331f87376f0ac87810d68e9f7cca555eef4b1f
4368,87571OK0350086,302,21,Individual,PPO,QHP,Bronze,Transparency 2026 - Ind QHP,3720,Transparency_in_Coverage_PUF.xlsx,27379dc76590027b0e6d21d736331f87376f0ac87810d68e9f7cca555eef4b1f
4369,87571OK0350087,302,21,Individual,PPO,QHP,Silver,Transparency 2026 - Ind QHP,3721,Transparency_in_Coverage_PUF.xlsx,27379dc76590027b0e6d21d736331f87376f0ac87810d68e9f7cca555eef4b1f
4370,87571OK0350088,302,21,Individual,PPO,QHP,Silver,Transparency 2026 - Ind QHP,3722,Transparency_in_Coverage_PUF.xlsx,27379dc76590027b0e6d21d736331f87376f0ac87810d68e9f7cca555eef4b1f
4371,87571OK0350089,302,21,Individual,PPO,QHP,Silver,Transparency 2026 - Ind QHP,3723,Transparency_in_Coverage_PUF.xlsx,27379dc76590027b0e6d21d736331f87376f0ac87810d68e9f7cca555eef4b1f
4372,87571OK0350090,302,21,Individual,PPO,QHP,Silver,Transparency 2026 - Ind QHP,3724,Transparency_in_Coverage_PUF.xlsx,27379dc76590027b0e6d21d736331f87376f0ac87810d68e9f7cca555eef4b1f
4373,87571OK0350091,302,21,Individual,PPO,QHP,Bronze,Transparency 2026 - Ind QHP,3725,Transparency_in_Coverage_PUF.xlsx,27379dc76590027b0e6d21d736331f87376f0ac87810d68e9f7cca555eef4b1f
4374,87571OK0350092,302,21,Individual,PPO,QHP,Bronze,Transparency 2026 - Ind QHP,3726,Transparency_in_Coverage_PUF.xlsx,27379dc76590027b0e6d21d736331f87376f0ac87810d68e9f7cca555eef4b1f
4375,87571OK0350093,302,21,Individual,PPO,QHP,Bronze,Transparency 2026 - Ind QHP,3727,Transparency_in_Coverage_PUF.xlsx,27379dc76590027b0e6d21d736331f87376f0ac87810d68e9f7cca555eef4b1f
4376,87571OK0350094,302,21,Individual,PPO,QHP,Bronze,Transparency 2026 - Ind QHP,3728,Transparency_in_Coverage_PUF.xlsx,27379dc76590027b0e6d21d736331f87376f0ac87810d68e9f7cca555eef4b1f
4377,87571OK0350097,302,21,Individual,PPO,QHP,Gold,Transparency 2026 - Ind QHP,3729,Transparency_in_Coverage_PUF.xlsx,27379dc76590027b0e6d21d736331f87376f0ac87810d68e9f7cca555eef4b1f
4378,87571OK0350106,302,21,Individual,PPO,QHP,Gold,Transparency 2026 - Ind QHP,3730,Transparency_in_Coverage_PUF.xlsx,27379dc76590027b0e6d21d736331f87376f0ac87810d68e9f7cca555eef4b1f
4379,87571OK0350107,302,21,Individual,PPO,QHP,Gold,Transparency 2026 - Ind QHP,3731,Transparency_in_Coverage_PUF.xlsx,27379dc76590027b0e6d21d736331f87376f0ac87810d68e9f7cca555eef4b1f
4380,87571OK0350108,302,21,Individual,PPO,QHP,Gold,Transparency 2026 - Ind QHP,3732,Transparency_in_Coverage_PUF.xlsx,27379dc76590027b0e6d21d736331f87376f0ac87810d68e9f7cca555eef4b1f
4381,87571OK0350109,302,21,Individual,PPO,QHP,Gold,Transparency 2026 - Ind QHP,3733,Transparency_in_Coverage_PUF.xlsx,27379dc76590027b0e6d21d736331f87376f0ac87810d68e9f7cca555eef4b1f
4382,87571OK0350115,302,21,Individual,PPO,QHP,Silver,Transparency 2026 - Ind QHP,3734,Transparency_in_Coverage_PUF.xlsx,27379dc76590027b0e6d21d736331f87376f0ac87810d68e9f7cca555eef4b1f
4383,87571OK0350118,302,21,Individual,PPO,QHP,Gold,Transparency 2026 - Ind QHP,3735,Transparency_in_Coverage_PUF.xlsx,27379dc76590027b0e6d21d736331f87376f0ac87810d68e9f7cca555eef4b1f
4384,87571OK0350127,302,21,Individual,PPO,QHP,Gold,Transparency 2026 - Ind QHP,3736,Transparency_in_Coverage_PUF.xlsx,27379dc76590027b0e6d21d736331f87376f0ac87810d68e9f7cca555eef4b1f
4385,87571OK0350128,302,21,Individual,PPO,QHP,Gold,Transparency 2026 - Ind QHP,3737,Transparency_in_Coverage_PUF.xlsx,27379dc76590027b0e6d21d736331f87376f0ac87810d68e9f7cca555eef4b1f
4386,87571OK0350129,302,21,Individual,PPO,QHP,Gold,Transparency 2026 - Ind QHP,3738,Transparency_in_Coverage_PUF.xlsx,27379dc76590027b0e6d21d736331f87376f0ac87810d68e9f7cca555eef4b1f
4387,87571OK0350130,302,21,Individual,PPO,QHP,Gold,Transparency 2026 - Ind QHP,3739,Transparency_in_Coverage_PUF.xlsx,27379dc76590027b0e6d21d736331f87376f0ac87810d68e9f7cca555eef4b1f
4388,87571OK0350165,302,21,Individual,PPO,QHP,Catastrophic,Transparency 2026 - Ind QHP,3740,Transparency_in_Coverage_PUF.xlsx,27379dc76590027b0e6d21d736331f87376f0ac87810d68e9f7cca555eef4b1f
4389,87571OK0350171,302,21,Individual,PPO,QHP,Gold,Transparency 2026 - Ind QHP,3741,Transparency_in_Coverage_PUF.xlsx,27379dc76590027b0e6d21d736331f87376f0ac87810d68e9f7cca555eef4b1f
4390,87571OK0350172,302,21,Individual,PPO,QHP,Silver,Transparency 2026 - Ind QHP,3742,Transparency_in_Coverage_PUF.xlsx,27379dc76590027b0e6d21d736331f87376f0ac87810d68e9f7cca555eef4b1f
4391,87571OK0350173,302,21,Individual,PPO,QHP,Bronze,Transparency 2026 - Ind QHP,3743,Transparency_in_Coverage_PUF.xlsx,27379dc76590027b0e6d21d736331f87376f0ac87810d68e9f7cca555eef4b1f
4392,87571OK0350176,302,21,Individual,PPO,QHP,Bronze,Transparency 2026 - Ind QHP,3744,Transparency_in_Coverage_PUF.xlsx,27379dc76590027b0e6d21d736331f87376f0ac87810d68e9f7cca555eef4b1f
4393,87571OK0350177,302,21,Individual,PPO,QHP,Silver,Transparency 2026 - Ind QHP,3745,Transparency_in_Coverage_PUF.xlsx,27379dc76590027b0e6d21d736331f87376f0ac87810d68e9f7cca555eef4b1f
4394,87571OK0350178,302,21,Individual,PPO,QHP,Gold,Transparency 2026 - Ind QHP,3746,Transparency_in_Coverage_PUF.xlsx,27379dc76590027b0e6d21d736331f87376f0ac87810d68e9f7cca555eef4b1f
4395,87571OK0350191,302,21,Individual,PPO,QHP,Bronze,Transparency 2026 - Ind QHP,3747,Transparency_in_Coverage_PUF.xlsx,27379dc76590027b0e6d21d736331f87376f0ac87810d68e9f7cca555eef4b1f
4396,87571OK0350192,302,21,Individual,PPO,QHP,Bronze,Transparency 2026 - Ind QHP,3748,Transparency_in_Coverage_PUF.xlsx,27379dc76590027b0e6d21d736331f87376f0ac87810d68e9f7cca555eef4b1f
4397,87571OK0350193,302,21,Individual,PPO,QHP,Bronze,Transparency 2026 - Ind QHP,3749,Transparency_in_Coverage_PUF.xlsx,27379dc76590027b0e6d21d736331f87376f0ac87810d68e9f7cca555eef4b1f
4398,87571OK0350194,302,21,Individual,PPO,QHP,Bronze,Transparency 2026 - Ind QHP,3750,Transparency_in_Coverage_PUF.xlsx,27379dc76590027b0e6d21d736331f87376f0ac87810d68e9f7cca555eef4b1f
4399,87571OK0350199,302,21,Individual,PPO,QHP,Gold,Transparency 2026 - Ind QHP,3751,Transparency_in_Coverage_PUF.xlsx,27379dc76590027b0e6d21d736331f87376f0ac87810d68e9f7cca555eef4b1f
4400,87571OK0350200,302,21,Individual,PPO,QHP,Gold,Transparency 2026 - Ind QHP,3752,Transparency_in_Coverage_PUF.xlsx,27379dc76590027b0e6d21d736331f87376f0ac87810d68e9f7cca555eef4b1f
4401,87571OK0350201,302,21,Individual,PPO,QHP,Gold,Transparency 2026 - Ind QHP,3753,Transparency_in_Coverage_PUF.xlsx,27379dc76590027b0e6d21d736331f87376f0ac87810d68e9f7cca555eef4b1f
4402,87571OK0350202,302,21,Individual,PPO,QHP,Gold,Transparency 2026 - Ind QHP,3754,Transparency_in_Coverage_PUF.xlsx,27379dc76590027b0e6d21d736331f87376f0ac87810d68e9f7cca555eef4b1f
4403,87571OK0350203,302,21,Individual,PPO,QHP,Catastrophic,Transparency 2026 - Ind QHP,3755,Transparency_in_Coverage_PUF.xlsx,27379dc76590027b0e6d21d736331f87376f0ac87810d68e9f7cca555eef4b1f
4404,87571OK0350204,302,21,Individual,PPO,QHP,Catastrophic,Transparency 2026 - Ind QHP,3756,Transparency_in_Coverage_PUF.xlsx,27379dc76590027b0e6d21d736331f87376f0ac87810d68e9f7cca555eef4b1f
4405,87571OK0350205,302,21,Individual,PPO,QHP,Catastrophic,Transparency 2026 - Ind QHP,3757,Transparency_in_Coverage_PUF.xlsx,27379dc76590027b0e6d21d736331f87376f0ac87810d68e9f7cca555eef4b1f
4406,87571OK0350206,302,21,Individual,PPO,QHP,Catastrophic,Transparency 2026 - Ind QHP,3758,Transparency_in_Coverage_PUF.xlsx,27379dc76590027b0e6d21d736331f87376f0ac87810d68e9f7cca555eef4b1f
4407,87571OK0350215,302,21,Individual,PPO,QHP,Silver,Transparency 2026 - Ind QHP,3759,Transparency_in_Coverage_PUF.xlsx,27379dc76590027b0e6d21d736331f87376f0ac87810d68e9f7cca555eef4b1f
4408,87571OK0350216,302,21,Individual,PPO,QHP,Silver,Transparency 2026 - Ind QHP,3760,Transparency_in_Coverage_PUF.xlsx,27379dc76590027b0e6d21d736331f87376f0ac87810d68e9f7cca555eef4b1f
4409,87571OK0350217,302,21,Individual,PPO,QHP,Silver,Transparency 2026 - Ind QHP,3761,Transparency_in_Coverage_PUF.xlsx,27379dc76590027b0e6d21d736331f87376f0ac87810d68e9f7cca555eef4b1f
4410,87571OK0350218,302,21,Individual,PPO,QHP,Silver,Transparency 2026 - Ind QHP,3762,Transparency_in_Coverage_PUF.xlsx,27379dc76590027b0e6d21d736331f87376f0ac87810d68e9f7cca555eef4b1f
4411,87571OK0350219,302,21,Individual,PPO,QHP,Bronze,Transparency 2026 - Ind QHP,3763,Transparency_in_Coverage_PUF.xlsx,27379dc76590027b0e6d21d736331f87376f0ac87810d68e9f7cca555eef4b1f
4412,87571OK0350220,302,21,Individual,PPO,QHP,Bronze,Transparency 2026 - Ind QHP,3764,Transparency_in_Coverage_PUF.xlsx,27379dc76590027b0e6d21d736331f87376f0ac87810d68e9f7cca555eef4b1f
4413,87571OK0350221,302,21,Individual,PPO,QHP,Bronze,Transparency 2026 - Ind QHP,3765,Transparency_in_Coverage_PUF.xlsx,27379dc76590027b0e6d21d736331f87376f0ac87810d68e9f7cca555eef4b1f
4414,87571OK0350222,302,21,Individual,PPO,QHP,Bronze,Transparency 2026 - Ind QHP,3766,Transparency_in_Coverage_PUF.xlsx,27379dc76590027b0e6d21d736331f87376f0ac87810d68e9f7cca555eef4b1f
4415,87571OK0350223,302,21,Individual,PPO,QHP,Silver,Transparency 2026 - Ind QHP,3767,Transparency_in_Coverage_PUF.xlsx,27379dc76590027b0e6d21d736331f87376f0ac87810d68e9f7cca555eef4b1f
4416,87571OK0350224,302,21,Individual,PPO,QHP,Silver,Transparency 2026 - Ind QHP,3768,Transparency_in_Coverage_PUF.xlsx,27379dc76590027b0e6d21d736331f87376f0ac87810d68e9f7cca555eef4b1f
4417,87571OK0350225,302,21,Individual,PPO,QHP,Silver,Transparency 2026 - Ind QHP,3769,Transparency_in_Coverage_PUF.xlsx,27379dc76590027b0e6d21d736331f87376f0ac87810d68e9f7cca555eef4b1f
4418,87571OK0350226,302,21,Individual,PPO,QHP,Silver,Transparency 2026 - Ind QHP,3770,Transparency_in_Coverage_PUF.xlsx,27379dc76590027b0e6d21d736331f87376f0ac87810d68e9f7cca555eef4b1f
4419,87571OK0350227,302,21,Individual,PPO,QHP,Gold,Transparency 2026 - Ind QHP,3771,Transparency_in_Coverage_PUF.xlsx,27379dc76590027b0e6d21d736331f87376f0ac87810d68e9f7cca555eef4b1f
4420,87571OK0350228,302,21,Individual,PPO,QHP,Gold,Transparency 2026 - Ind QHP,3772,Transparency_in_Coverage_PUF.xlsx,27379dc76590027b0e6d21d736331f87376f0ac87810d68e9f7cca555eef4b1f
4421,87571OK0350229,302,21,Individual,PPO,QHP,Gold,Transparency 2026 - Ind QHP,3773,Transparency_in_Coverage_PUF.xlsx,27379dc76590027b0e6d21d736331f87376f0ac87810d68e9f7cca555eef4b1f
4422,87571OK0350230,302,21,Individual,PPO,QHP,Gold,Transparency 2026 - Ind QHP,3774,Transparency_in_Coverage_PUF.xlsx,27379dc76590027b0e6d21d736331f87376f0ac87810d68e9f7cca555eef4b1f
4423,87571OK0350239,302,21,Individual,PPO,QHP,Silver,Transparency 2026 - Ind QHP,3775,Transparency_in_Coverage_PUF.xlsx,27379dc76590027b0e6d21d736331f87376f0ac87810d68e9f7cca555eef4b1f
4424,87571OK0350240,302,21,Individual,PPO,QHP,Silver,Transparency 2026 - Ind QHP,3776,Transparency_in_Coverage_PUF.xlsx,27379dc76590027b0e6d21d736331f87376f0ac87810d68e9f7cca555eef4b1f
4425,87571OK0350241,302,21,Individual,PPO,QHP,Silver,Transparency 2026 - Ind QHP,3777,Transparency_in_Coverage_PUF.xlsx,27379dc76590027b0e6d21d736331f87376f0ac87810d68e9f7cca555eef4b1f
4426,87571OK0350242,302,21,Individual,PPO,QHP,Silver,Transparency 2026 - Ind QHP,3778,Transparency_in_Coverage_PUF.xlsx,27379dc76590027b0e6d21d736331f87376f0ac87810d68e9f7cca555eef4b1f
4427,87571OK0390001,302,21,Individual,PPO,SADP,High,Transparency 2026 - Ind SADP,562,Transparency_in_Coverage_PUF.xlsx,27379dc76590027b0e6d21d736331f87376f0ac87810d68e9f7cca555eef4b1f
4428,87571OK0390002,302,21,Individual,PPO,SADP,Low,Transparency 2026 - Ind SADP,563,Transparency_in_Coverage_PUF.xlsx,27379dc76590027b0e6d21d736331f87376f0ac87810d68e9f7cca555eef4b1f
4429,87571OK0390003,302,21,Individual,PPO,SADP,High,Transparency 2026 - Ind SADP,564,Transparency_in_Coverage_PUF.xlsx,27379dc76590027b0e6d21d736331f87376f0ac87810d68e9f7cca555eef4b1f
4430,87571OK0390004,302,21,Individual,PPO,SADP,Low,Transparency 2026 - Ind SADP,565,Transparency_in_Coverage_PUF.xlsx,27379dc76590027b0e6d21d736331f87376f0ac87810d68e9f7cca555eef4b1f
4431,87571OK0390005,302,21,Individual,PPO,SADP,Low,Transparency 2026 - Ind SADP,566,Transparency_in_Coverage_PUF.xlsx,27379dc76590027b0e6d21d736331f87376f0ac87810d68e9f7cca555eef4b1f
4432,87571OK0390006,302,21,Individual,PPO,SADP,Low,Transparency 2026 - Ind SADP,567,Transparency_in_Coverage_PUF.xlsx,27379dc76590027b0e6d21d736331f87376f0ac87810d68e9f7cca555eef4b1f
4433,87571OK0510057,302,21,Individual,HMO,QHP,Gold,Transparency 2026 - Ind QHP,3779,Transparency_in_Coverage_PUF.xlsx,27379dc76590027b0e6d21d736331f87376f0ac87810d68e9f7cca555eef4b1f
4434,87571OK0510058,302,21,Individual,HMO,QHP,Silver,Transparency 2026 - Ind QHP,3780,Transparency_in_Coverage_PUF.xlsx,27379dc76590027b0e6d21d736331f87376f0ac87810d68e9f7cca555eef4b1f
4435,87571OK0510060,302,21,Individual,HMO,QHP,Gold,Transparency 2026 - Ind QHP,3781,Transparency_in_Coverage_PUF.xlsx,27379dc76590027b0e6d21d736331f87376f0ac87810d68e9f7cca555eef4b1f
4436,87571OK0510061,302,21,Individual,HMO,QHP,Silver,Transparency 2026 - Ind QHP,3782,Transparency_in_Coverage_PUF.xlsx,27379dc76590027b0e6d21d736331f87376f0ac87810d68e9f7cca555eef4b1f
4437,87571OK0510063,302,21,Individual,HMO,QHP,Gold,Transparency 2026 - Ind QHP,3783,Transparency_in_Coverage_PUF.xlsx,27379dc76590027b0e6d21d736331f87376f0ac87810d68e9f7cca555eef4b1f
4438,87571OK0510064,302,21,Individual,HMO,QHP,Silver,Transparency 2026 - Ind QHP,3784,Transparency_in_Coverage_PUF.xlsx,27379dc76590027b0e6d21d736331f87376f0ac87810d68e9f7cca555eef4b1f
4439,87571OK0510066,302,21,Individual,HMO,QHP,Gold,Transparency 2026 - Ind QHP,3785,Transparency_in_Coverage_PUF.xlsx,27379dc76590027b0e6d21d736331f87376f0ac87810d68e9f7cca555eef4b1f
4440,87571OK0510067,302,21,Individual,HMO,QHP,Silver,Transparency 2026 - Ind QHP,3786,Transparency_in_Coverage_PUF.xlsx,27379dc76590027b0e6d21d736331f87376f0ac87810d68e9f7cca555eef4b1f
4441,87571OK0510070,302,21,Individual,HMO,QHP,Silver,Transparency 2026 - Ind QHP,3787,Transparency_in_Coverage_PUF.xlsx,27379dc76590027b0e6d21d736331f87376f0ac87810d68e9f7cca555eef4b1f
4442,87571OK0510071,302,21,Individual,HMO,QHP,Gold,Transparency 2026 - Ind QHP,3788,Transparency_in_Coverage_PUF.xlsx,27379dc76590027b0e6d21d736331f87376f0ac87810d68e9f7cca555eef4b1f
4443,87571OK0510072,302,21,Individual,HMO,QHP,Silver,Transparency 2026 - Ind QHP,3789,Transparency_in_Coverage_PUF.xlsx,27379dc76590027b0e6d21d736331f87376f0ac87810d68e9f7cca555eef4b1f
4444,87571OK0510073,302,21,Individual,HMO,QHP,Gold,Transparency 2026 - Ind QHP,3790,Transparency_in_Coverage_PUF.xlsx,27379dc76590027b0e6d21d736331f87376f0ac87810d68e9f7cca555eef4b1f
4445,87571OK0510078,302,21,Individual,HMO,QHP,Bronze,Transparency 2026 - Ind QHP,3791,Transparency_in_Coverage_PUF.xlsx,27379dc76590027b0e6d21d736331f87376f0ac87810d68e9f7cca555eef4b1f
4446,87571OK0510079,302,21,Individual,HMO,QHP,Bronze,Transparency 2026 - Ind QHP,3792,Transparency_in_Coverage_PUF.xlsx,27379dc76590027b0e6d21d736331f87376f0ac87810d68e9f7cca555eef4b1f
4447,87571OK0510080,302,21,Individual,HMO,QHP,Bronze,Transparency 2026 - Ind QHP,3793,Transparency_in_Coverage_PUF.xlsx,27379dc76590027b0e6d21d736331f87376f0ac87810d68e9f7cca555eef4b1f
4448,87571OK0510081,302,21,Individual,HMO,QHP,Bronze,Transparency 2026 - Ind QHP,3794,Transparency_in_Coverage_PUF.xlsx,27379dc76590027b0e6d21d736331f87376f0ac87810d68e9f7cca555eef4b1f
4449,87571OK0510082,302,21,Individual,HMO,QHP,Bronze,Transparency 2026 - Ind QHP,3795,Transparency_in_Coverage_PUF.xlsx,27379dc76590027b0e6d21d736331f87376f0ac87810d68e9f7cca555eef4b1f
4450,87571OK0510083,302,21,Individual,HMO,QHP,Bronze,Transparency 2026 - Ind QHP,3796,Transparency_in_Coverage_PUF.xlsx,27379dc76590027b0e6d21d736331f87376f0ac87810d68e9f7cca555eef4b1f
4451,87571OK0510084,302,21,Individual,HMO,QHP,Bronze,Transparency 2026 - Ind QHP,3797,Transparency_in_Coverage_PUF.xlsx,27379dc76590027b0e6d21d736331f87376f0ac87810d68e9f7cca555eef4b1f
4452,87571OK0510085,302,21,Individual,HMO,QHP,Bronze,Transparency 2026 - Ind QHP,3798,Transparency_in_Coverage_PUF.xlsx,27379dc76590027b0e6d21d736331f87376f0ac87810d68e9f7cca555eef4b1f
4453,87571OK0510086,302,21,Individual,HMO,QHP,Bronze,Transparency 2026 - Ind QHP,3799,Transparency_in_Coverage_PUF.xlsx,27379dc76590027b0e6d21d736331f87376f0ac87810d68e9f7cca555eef4b1f
4454,87571OK0510093,302,21,Individual,HMO,QHP,Gold,Transparency 2026 - Ind QHP,3800,Transparency_in_Coverage_PUF.xlsx,27379dc76590027b0e6d21d736331f87376f0ac87810d68e9f7cca555eef4b1f
4455,87571OK0510095,302,21,Individual,HMO,QHP,Gold,Transparency 2026 - Ind QHP,3801,Transparency_in_Coverage_PUF.xlsx,27379dc76590027b0e6d21d736331f87376f0ac87810d68e9f7cca555eef4b1f
4456,87571OK0510097,302,21,Individual,HMO,QHP,Silver,Transparency 2026 - Ind QHP,3802,Transparency_in_Coverage_PUF.xlsx,27379dc76590027b0e6d21d736331f87376f0ac87810d68e9f7cca555eef4b1f
4457,87571OK0510099,302,21,Individual,HMO,QHP,Silver,Transparency 2026 - Ind QHP,3803,Transparency_in_Coverage_PUF.xlsx,27379dc76590027b0e6d21d736331f87376f0ac87810d68e9f7cca555eef4b1f
4458,87571OK0510101,302,21,Individual,HMO,QHP,Silver,Transparency 2026 - Ind QHP,3804,Transparency_in_Coverage_PUF.xlsx,27379dc76590027b0e6d21d736331f87376f0ac87810d68e9f7cca555eef4b1f
4459,87571OK0510103,302,21,Individual,HMO,QHP,Gold,Transparency 2026 - Ind QHP,3805,Transparency_in_Coverage_PUF.xlsx,27379dc76590027b0e6d21d736331f87376f0ac87810d68e9f7cca555eef4b1f
4460,87701NH0070001,303,19,Individual,PPO,SADP,High,Transparency 2026 - Ind SADP,568,Transparency_in_Coverage_PUF.xlsx,27379dc76590027b0e6d21d736331f87376f0ac87810d68e9f7cca555eef4b1f
4461,87701NH0080001,303,19,Individual,PPO,SADP,Low,Transparency 2026 - Ind SADP,569,Transparency_in_Coverage_PUF.xlsx,27379dc76590027b0e6d21d736331f87376f0ac87810d68e9f7cca555eef4b1f
4462,87701NH0090001,303,19,Individual,PPO,SADP,High,Transparency 2026 - Ind SADP,570,Transparency_in_Coverage_PUF.xlsx,27379dc76590027b0e6d21d736331f87376f0ac87810d68e9f7cca555eef4b1f
4463,87701NH0100001,303,19,Individual,PPO,SADP,Low,Transparency 2026 - Ind SADP,571,Transparency_in_Coverage_PUF.xlsx,27379dc76590027b0e6d21d736331f87376f0ac87810d68e9f7cca555eef4b1f
4464,88507MI0010001,304,12,Individual,PPO,SADP,High,Transparency 2026 - Ind SADP,572,Transparency_in_Coverage_PUF.xlsx,27379dc76590027b0e6d21d736331f87376f0ac87810d68e9f7cca555eef4b1f
4465,88507MI0010002,304,12,Individual,PPO,SADP,Low,Transparency 2026 - Ind SADP,573,Transparency_in_Coverage_PUF.xlsx,27379dc76590027b0e6d21d736331f87376f0ac87810d68e9f7cca555eef4b1f
4466,88507MI0010003,304,12,Individual,PPO,SADP,Low,Transparency 2026 - Ind SADP,574,Transparency_in_Coverage_PUF.xlsx,27379dc76590027b0e6d21d736331f87376f0ac87810d68e9f7cca555eef4b1f
4467,88507MI0010004,304,12,Individual,PPO,SADP,Low,Transparency 2026 - Ind SADP,575,Transparency_in_Coverage_PUF.xlsx,27379dc76590027b0e6d21d736331f87376f0ac87810d68e9f7cca555eef4b1f
4468,89281SC0020003,305,23,Individual,PPO,SADP,High,Transparency 2026 - Ind SADP,576,Transparency_in_Coverage_PUF.xlsx,27379dc76590027b0e6d21d736331f87376f0ac87810d68e9f7cca555eef4b1f
4469,89281SC0020006,305,23,Individual,PPO,SADP,Low,Transparency 2026 - Ind SADP,577,Transparency_in_Coverage_PUF.xlsx,27379dc76590027b0e6d21d736331f87376f0ac87810d68e9f7cca555eef4b1f
4470,89281SC0020007,305,23,Individual,PPO,SADP,High,Transparency 2026 - Ind SADP,578,Transparency_in_Coverage_PUF.xlsx,27379dc76590027b0e6d21d736331f87376f0ac87810d68e9f7cca555eef4b1f
4471,89281SC0020008,305,23,Individual,PPO,SADP,Low,Transparency 2026 - Ind SADP,579,Transparency_in_Coverage_PUF.xlsx,27379dc76590027b0e6d21d736331f87376f0ac87810d68e9f7cca555eef4b1f
4472,89364ND0090007,306,17,Individual,HMO,QHP,Bronze,Transparency 2026 - Ind QHP,3806,Transparency_in_Coverage_PUF.xlsx,27379dc76590027b0e6d21d736331f87376f0ac87810d68e9f7cca555eef4b1f
4473,89364ND0090008,306,17,Individual,HMO,QHP,Silver,Transparency 2026 - Ind QHP,3807,Transparency_in_Coverage_PUF.xlsx,27379dc76590027b0e6d21d736331f87376f0ac87810d68e9f7cca555eef4b1f
4474,89364ND0090009,306,17,Individual,HMO,QHP,Bronze,Transparency 2026 - Ind QHP,3808,Transparency_in_Coverage_PUF.xlsx,27379dc76590027b0e6d21d736331f87376f0ac87810d68e9f7cca555eef4b1f
4475,89364ND0090015,306,17,Individual,HMO,QHP,Catastrophic,Transparency 2026 - Ind QHP,3809,Transparency_in_Coverage_PUF.xlsx,27379dc76590027b0e6d21d736331f87376f0ac87810d68e9f7cca555eef4b1f
4476,89364ND0090016,306,17,Individual,HMO,QHP,Silver,Transparency 2026 - Ind QHP,3810,Transparency_in_Coverage_PUF.xlsx,27379dc76590027b0e6d21d736331f87376f0ac87810d68e9f7cca555eef4b1f
4477,89364ND0090018,306,17,Individual,HMO,QHP,Gold,Transparency 2026 - Ind QHP,3811,Transparency_in_Coverage_PUF.xlsx,27379dc76590027b0e6d21d736331f87376f0ac87810d68e9f7cca555eef4b1f
4478,89364ND0090026,306,17,Individual,HMO,QHP,Bronze,Transparency 2026 - Ind QHP,3812,Transparency_in_Coverage_PUF.xlsx,27379dc76590027b0e6d21d736331f87376f0ac87810d68e9f7cca555eef4b1f
4479,89364ND0090027,306,17,Individual,HMO,QHP,Silver,Transparency 2026 - Ind QHP,3813,Transparency_in_Coverage_PUF.xlsx,27379dc76590027b0e6d21d736331f87376f0ac87810d68e9f7cca555eef4b1f
4480,89364ND0090028,306,17,Individual,HMO,QHP,Gold,Transparency 2026 - Ind QHP,3814,Transparency_in_Coverage_PUF.xlsx,27379dc76590027b0e6d21d736331f87376f0ac87810d68e9f7cca555eef4b1f
4481,89364ND0120001,306,17,Individual,PPO,QHP,Gold,Transparency 2026 - Ind QHP,3815,Transparency_in_Coverage_PUF.xlsx,27379dc76590027b0e6d21d736331f87376f0ac87810d68e9f7cca555eef4b1f
4482,89364ND0120003,306,17,Individual,PPO,QHP,Silver,Transparency 2026 - Ind QHP,3816,Transparency_in_Coverage_PUF.xlsx,27379dc76590027b0e6d21d736331f87376f0ac87810d68e9f7cca555eef4b1f
4483,89364ND0120005,306,17,Individual,PPO,QHP,Silver,Transparency 2026 - Ind QHP,3817,Transparency_in_Coverage_PUF.xlsx,27379dc76590027b0e6d21d736331f87376f0ac87810d68e9f7cca555eef4b1f
4484,89364ND0120006,306,17,Individual,PPO,QHP,Bronze,Transparency 2026 - Ind QHP,3818,Transparency_in_Coverage_PUF.xlsx,27379dc76590027b0e6d21d736331f87376f0ac87810d68e9f7cca555eef4b1f
4485,89364ND0120007,306,17,Individual,PPO,QHP,Bronze,Transparency 2026 - Ind QHP,3819,Transparency_in_Coverage_PUF.xlsx,27379dc76590027b0e6d21d736331f87376f0ac87810d68e9f7cca555eef4b1f
4486,89364ND0120009,306,17,Individual,PPO,QHP,Catastrophic,Transparency 2026 - Ind QHP,3820,Transparency_in_Coverage_PUF.xlsx,27379dc76590027b0e6d21d736331f87376f0ac87810d68e9f7cca555eef4b1f
4487,89364ND0120016,306,17,Individual,PPO,QHP,Bronze,Transparency 2026 - Ind QHP,3821,Transparency_in_Coverage_PUF.xlsx,27379dc76590027b0e6d21d736331f87376f0ac87810d68e9f7cca555eef4b1f
4488,89364ND0120017,306,17,Individual,PPO,QHP,Silver,Transparency 2026 - Ind QHP,3822,Transparency_in_Coverage_PUF.xlsx,27379dc76590027b0e6d21d736331f87376f0ac87810d68e9f7cca555eef4b1f
4489,89364ND0120018,306,17,Individual,PPO,QHP,Gold,Transparency 2026 - Ind QHP,3823,Transparency_in_Coverage_PUF.xlsx,27379dc76590027b0e6d21d736331f87376f0ac87810d68e9f7cca555eef4b1f
4490,89819OH0010001,307,20,Individual,PPO,SADP,Low,Transparency 2026 - Ind SADP,580,Transparency_in_Coverage_PUF.xlsx,27379dc76590027b0e6d21d736331f87376f0ac87810d68e9f7cca555eef4b1f
4491,89819OH0020001,307,20,Individual,PPO,SADP,High,Transparency 2026 - Ind SADP,581,Transparency_in_Coverage_PUF.xlsx,27379dc76590027b0e6d21d736331f87376f0ac87810d68e9f7cca555eef4b1f
4492,89819OH0050001,307,20,Individual,PPO,SADP,Low,Transparency 2026 - Ind SADP,582,Transparency_in_Coverage_PUF.xlsx,27379dc76590027b0e6d21d736331f87376f0ac87810d68e9f7cca555eef4b1f
4493,90028WI0420003,308,28,Individual,PPO,SADP,Low,Transparency 2026 - Ind SADP,583,Transparency_in_Coverage_PUF.xlsx,27379dc76590027b0e6d21d736331f87376f0ac87810d68e9f7cca555eef4b1f
4494,90028WI0420004,308,28,Individual,PPO,SADP,High,Transparency 2026 - Ind SADP,584,Transparency_in_Coverage_PUF.xlsx,27379dc76590027b0e6d21d736331f87376f0ac87810d68e9f7cca555eef4b1f
4495,90028WI0420005,308,28,Individual,PPO,SADP,Low,Transparency 2026 - Ind SADP,585,Transparency_in_Coverage_PUF.xlsx,27379dc76590027b0e6d21d736331f87376f0ac87810d68e9f7cca555eef4b1f
4496,90028WI0420006,308,28,Individual,PPO,SADP,Low,Transparency 2026 - Ind SADP,586,Transparency_in_Coverage_PUF.xlsx,27379dc76590027b0e6d21d736331f87376f0ac87810d68e9f7cca555eef4b1f
4497,90402TN0070006,309,25,Individual,PPO,SADP,Low,Transparency 2026 - Ind SADP,587,Transparency_in_Coverage_PUF.xlsx,27379dc76590027b0e6d21d736331f87376f0ac87810d68e9f7cca555eef4b1f
4498,90402TN0080006,309,25,Individual,PPO,SADP,Low,Transparency 2026 - Ind SADP,588,Transparency_in_Coverage_PUF.xlsx,27379dc76590027b0e6d21d736331f87376f0ac87810d68e9f7cca555eef4b1f
4499,90402TN0090006,309,25,Individual,PPO,SADP,Low,Transparency 2026 - Ind SADP,589,Transparency_in_Coverage_PUF.xlsx,27379dc76590027b0e6d21d736331f87376f0ac87810d68e9f7cca555eef4b1f
4500,90402TN0100005,309,25,Individual,PPO,SADP,Low,Transparency 2026 - Ind SADP,590,Transparency_in_Coverage_PUF.xlsx,27379dc76590027b0e6d21d736331f87376f0ac87810d68e9f7cca555eef4b1f
4501,90714MS0010016,310,14,Individual,HMO,QHP,Bronze,Transparency 2026 - Ind QHP,3824,Transparency_in_Coverage_PUF.xlsx,27379dc76590027b0e6d21d736331f87376f0ac87810d68e9f7cca555eef4b1f
4502,90714MS0010019,310,14,Individual,HMO,QHP,Gold,Transparency 2026 - Ind QHP,3825,Transparency_in_Coverage_PUF.xlsx,27379dc76590027b0e6d21d736331f87376f0ac87810d68e9f7cca555eef4b1f
4503,90714MS0010032,310,14,Individual,HMO,QHP,Silver,Transparency 2026 - Ind QHP,3826,Transparency_in_Coverage_PUF.xlsx,27379dc76590027b0e6d21d736331f87376f0ac87810d68e9f7cca555eef4b1f
4504,90714MS0010033,310,14,Individual,HMO,QHP,Silver,Transparency 2026 - Ind QHP,3827,Transparency_in_Coverage_PUF.xlsx,27379dc76590027b0e6d21d736331f87376f0ac87810d68e9f7cca555eef4b1f
4505,90714MS0010052,310,14,Individual,HMO,QHP,Bronze,Transparency 2026 - Ind QHP,3828,Transparency_in_Coverage_PUF.xlsx,27379dc76590027b0e6d21d736331f87376f0ac87810d68e9f7cca555eef4b1f
4506,90714MS0010060,310,14,Individual,HMO,QHP,Gold,Transparency 2026 - Ind QHP,3829,Transparency_in_Coverage_PUF.xlsx,27379dc76590027b0e6d21d736331f87376f0ac87810d68e9f7cca555eef4b1f
4507,90714MS0010063,310,14,Individual,HMO,QHP,Bronze,Transparency 2026 - Ind QHP,3830,Transparency_in_Coverage_PUF.xlsx,27379dc76590027b0e6d21d736331f87376f0ac87810d68e9f7cca555eef4b1f
4508,90714MS0010064,310,14,Individual,HMO,QHP,Silver,Transparency 2026 - Ind QHP,3831,Transparency_in_Coverage_PUF.xlsx,27379dc76590027b0e6d21d736331f87376f0ac87810d68e9f7cca555eef4b1f
4509,90714MS0010065,310,14,Individual,HMO,QHP,Gold,Transparency 2026 - Ind QHP,3832,Transparency_in_Coverage_PUF.xlsx,27379dc76590027b0e6d21d736331f87376f0ac87810d68e9f7cca555eef4b1f
4510,90714MS0030009,310,14,Individual,HMO,QHP,Silver,Transparency 2026 - Ind QHP,3833,Transparency_in_Coverage_PUF.xlsx,27379dc76590027b0e6d21d736331f87376f0ac87810d68e9f7cca555eef4b1f
4511,90714MS0030010,310,14,Individual,HMO,QHP,Bronze,Transparency 2026 - Ind QHP,3834,Transparency_in_Coverage_PUF.xlsx,27379dc76590027b0e6d21d736331f87376f0ac87810d68e9f7cca555eef4b1f
4512,90714MS0030019,310,14,Individual,HMO,QHP,Gold,Transparency 2026 - Ind QHP,3835,Transparency_in_Coverage_PUF.xlsx,27379dc76590027b0e6d21d736331f87376f0ac87810d68e9f7cca555eef4b1f
4513,90714MS0030029,310,14,Individual,HMO,QHP,Silver,Transparency 2026 - Ind QHP,3836,Transparency_in_Coverage_PUF.xlsx,27379dc76590027b0e6d21d736331f87376f0ac87810d68e9f7cca555eef4b1f
4514,90714MS0030052,310,14,Individual,HMO,QHP,Bronze,Transparency 2026 - Ind QHP,3837,Transparency_in_Coverage_PUF.xlsx,27379dc76590027b0e6d21d736331f87376f0ac87810d68e9f7cca555eef4b1f
4515,90714MS0030060,310,14,Individual,HMO,QHP,Gold,Transparency 2026 - Ind QHP,3838,Transparency_in_Coverage_PUF.xlsx,27379dc76590027b0e6d21d736331f87376f0ac87810d68e9f7cca555eef4b1f
4516,90714MS0030064,310,14,Individual,HMO,QHP,Bronze,Transparency 2026 - Ind QHP,3839,Transparency_in_Coverage_PUF.xlsx,27379dc76590027b0e6d21d736331f87376f0ac87810d68e9f7cca555eef4b1f
4517,90714MS0030066,310,14,Individual,HMO,QHP,Gold,Transparency 2026 - Ind QHP,3840,Transparency_in_Coverage_PUF.xlsx,27379dc76590027b0e6d21d736331f87376f0ac87810d68e9f7cca555eef4b1f
4518,90787LA0010001,311,11,Individual,EPO,QHP,Bronze,Transparency 2026 - Ind QHP,3841,Transparency_in_Coverage_PUF.xlsx,27379dc76590027b0e6d21d736331f87376f0ac87810d68e9f7cca555eef4b1f
4519,90787LA0010002,311,11,Individual,EPO,QHP,Bronze,Transparency 2026 - Ind QHP,3842,Transparency_in_Coverage_PUF.xlsx,27379dc76590027b0e6d21d736331f87376f0ac87810d68e9f7cca555eef4b1f
4520,90787LA0010005,311,11,Individual,EPO,QHP,Silver,Transparency 2026 - Ind QHP,3843,Transparency_in_Coverage_PUF.xlsx,27379dc76590027b0e6d21d736331f87376f0ac87810d68e9f7cca555eef4b1f
4521,90787LA0010006,311,11,Individual,EPO,QHP,Gold,Transparency 2026 - Ind QHP,3844,Transparency_in_Coverage_PUF.xlsx,27379dc76590027b0e6d21d736331f87376f0ac87810d68e9f7cca555eef4b1f
4522,90787LA0010008,311,11,Individual,EPO,QHP,Gold,Transparency 2026 - Ind QHP,3845,Transparency_in_Coverage_PUF.xlsx,27379dc76590027b0e6d21d736331f87376f0ac87810d68e9f7cca555eef4b1f
4523,90787LA0010009,311,11,Individual,EPO,QHP,Bronze,Transparency 2026 - Ind QHP,3846,Transparency_in_Coverage_PUF.xlsx,27379dc76590027b0e6d21d736331f87376f0ac87810d68e9f7cca555eef4b1f
4524,90787LA0010010,311,11,Individual,EPO,QHP,Silver,Transparency 2026 - Ind QHP,3847,Transparency_in_Coverage_PUF.xlsx,27379dc76590027b0e6d21d736331f87376f0ac87810d68e9f7cca555eef4b1f
4525,90787LA0010011,311,11,Individual,EPO,QHP,Gold,Transparency 2026 - Ind QHP,3848,Transparency_in_Coverage_PUF.xlsx,27379dc76590027b0e6d21d736331f87376f0ac87810d68e9f7cca555eef4b1f
4526,90787LA0010013,311,11,Individual,EPO,QHP,Silver,Transparency 2026 - Ind QHP,3849,Transparency_in_Coverage_PUF.xlsx,27379dc76590027b0e6d21d736331f87376f0ac87810d68e9f7cca555eef4b1f
4527,90787LA0020001,311,11,Individual,EPO,QHP,Bronze,Transparency 2026 - Ind QHP,3850,Transparency_in_Coverage_PUF.xlsx,27379dc76590027b0e6d21d736331f87376f0ac87810d68e9f7cca555eef4b1f
4528,90787LA0020002,311,11,Individual,EPO,QHP,Bronze,Transparency 2026 - Ind QHP,3851,Transparency_in_Coverage_PUF.xlsx,27379dc76590027b0e6d21d736331f87376f0ac87810d68e9f7cca555eef4b1f
4529,90787LA0020004,311,11,Individual,EPO,QHP,Silver,Transparency 2026 - Ind QHP,3852,Transparency_in_Coverage_PUF.xlsx,27379dc76590027b0e6d21d736331f87376f0ac87810d68e9f7cca555eef4b1f
4530,90787LA0020005,311,11,Individual,EPO,QHP,Gold,Transparency 2026 - Ind QHP,3853,Transparency_in_Coverage_PUF.xlsx,27379dc76590027b0e6d21d736331f87376f0ac87810d68e9f7cca555eef4b1f
4531,90787LA0020008,311,11,Individual,EPO,QHP,Gold,Transparency 2026 - Ind QHP,3854,Transparency_in_Coverage_PUF.xlsx,27379dc76590027b0e6d21d736331f87376f0ac87810d68e9f7cca555eef4b1f
4532,90787LA0020009,311,11,Individual,EPO,QHP,Bronze,Transparency 2026 - Ind QHP,3855,Transparency_in_Coverage_PUF.xlsx,27379dc76590027b0e6d21d736331f87376f0ac87810d68e9f7cca555eef4b1f
4533,90787LA0020011,311,11,Individual,EPO,QHP,Gold,Transparency 2026 - Ind QHP,3856,Transparency_in_Coverage_PUF.xlsx,27379dc76590027b0e6d21d736331f87376f0ac87810d68e9f7cca555eef4b1f
4534,90787LA0020014,311,11,Individual,EPO,QHP,Silver,Transparency 2026 - Ind QHP,3857,Transparency_in_Coverage_PUF.xlsx,27379dc76590027b0e6d21d736331f87376f0ac87810d68e9f7cca555eef4b1f
4535,91450AZ0080037,312,4,Individual,HMO,QHP,Bronze,Transparency 2026 - Ind QHP,3858,Transparency_in_Coverage_PUF.xlsx,27379dc76590027b0e6d21d736331f87376f0ac87810d68e9f7cca555eef4b1f
4536,91450AZ0080044,312,4,Individual,HMO,QHP,Silver,Transparency 2026 - Ind QHP,3859,Transparency_in_Coverage_PUF.xlsx,27379dc76590027b0e6d21d736331f87376f0ac87810d68e9f7cca555eef4b1f
4537,91450AZ0080059,312,4,Individual,HMO,QHP,Gold,Transparency 2026 - Ind QHP,3860,Transparency_in_Coverage_PUF.xlsx,27379dc76590027b0e6d21d736331f87376f0ac87810d68e9f7cca555eef4b1f
4538,91450AZ0080091,312,4,Individual,HMO,QHP,Silver,Transparency 2026 - Ind QHP,3861,Transparency_in_Coverage_PUF.xlsx,27379dc76590027b0e6d21d736331f87376f0ac87810d68e9f7cca555eef4b1f
4539,91450AZ0080113,312,4,Individual,HMO,QHP,Gold,Transparency 2026 - Ind QHP,3862,Transparency_in_Coverage_PUF.xlsx,27379dc76590027b0e6d21d736331f87376f0ac87810d68e9f7cca555eef4b1f
4540,91450AZ0080119,312,4,Individual,HMO,QHP,Bronze,Transparency 2026 - Ind QHP,3863,Transparency_in_Coverage_PUF.xlsx,27379dc76590027b0e6d21d736331f87376f0ac87810d68e9f7cca555eef4b1f
4541,91450AZ0080122,312,4,Individual,HMO,QHP,Bronze,Transparency 2026 - Ind QHP,3864,Transparency_in_Coverage_PUF.xlsx,27379dc76590027b0e6d21d736331f87376f0ac87810d68e9f7cca555eef4b1f
4542,91450AZ0080123,312,4,Individual,HMO,QHP,Silver,Transparency 2026 - Ind QHP,3865,Transparency_in_Coverage_PUF.xlsx,27379dc76590027b0e6d21d736331f87376f0ac87810d68e9f7cca555eef4b1f
4543,91450AZ0080124,312,4,Individual,HMO,QHP,Gold,Transparency 2026 - Ind QHP,3866,Transparency_in_Coverage_PUF.xlsx,27379dc76590027b0e6d21d736331f87376f0ac87810d68e9f7cca555eef4b1f
4544,91450AZ0180037,312,4,Individual,HMO,QHP,Bronze,Transparency 2026 - Ind QHP,3867,Transparency_in_Coverage_PUF.xlsx,27379dc76590027b0e6d21d736331f87376f0ac87810d68e9f7cca555eef4b1f
4545,91450AZ0180044,312,4,Individual,HMO,QHP,Silver,Transparency 2026 - Ind QHP,3868,Transparency_in_Coverage_PUF.xlsx,27379dc76590027b0e6d21d736331f87376f0ac87810d68e9f7cca555eef4b1f
4546,91450AZ0180059,312,4,Individual,HMO,QHP,Gold,Transparency 2026 - Ind QHP,3869,Transparency_in_Coverage_PUF.xlsx,27379dc76590027b0e6d21d736331f87376f0ac87810d68e9f7cca555eef4b1f
4547,91450AZ0180104,312,4,Individual,HMO,QHP,Bronze,Transparency 2026 - Ind QHP,3870,Transparency_in_Coverage_PUF.xlsx,27379dc76590027b0e6d21d736331f87376f0ac87810d68e9f7cca555eef4b1f
4548,91450AZ0180105,312,4,Individual,HMO,QHP,Silver,Transparency 2026 - Ind QHP,3871,Transparency_in_Coverage_PUF.xlsx,27379dc76590027b0e6d21d736331f87376f0ac87810d68e9f7cca555eef4b1f
4549,91450AZ0180106,312,4,Individual,HMO,QHP,Gold,Transparency 2026 - Ind QHP,3872,Transparency_in_Coverage_PUF.xlsx,27379dc76590027b0e6d21d736331f87376f0ac87810d68e9f7cca555eef4b1f
4550,91450AZ0180113,312,4,Individual,HMO,QHP,Gold,Transparency 2026 - Ind QHP,3873,Transparency_in_Coverage_PUF.xlsx,27379dc76590027b0e6d21d736331f87376f0ac87810d68e9f7cca555eef4b1f
4551,91450AZ0180119,312,4,Individual,HMO,QHP,Bronze,Transparency 2026 - Ind QHP,3874,Transparency_in_Coverage_PUF.xlsx,27379dc76590027b0e6d21d736331f87376f0ac87810d68e9f7cca555eef4b1f
4552,91476TX0010003,313,26,Individual,PPO,SADP,Low,Transparency 2026 - Ind SADP,591,Transparency_in_Coverage_PUF.xlsx,27379dc76590027b0e6d21d736331f87376f0ac87810d68e9f7cca555eef4b1f
4553,91476TX0010004,313,26,Individual,PPO,SADP,Low,Transparency 2026 - Ind SADP,592,Transparency_in_Coverage_PUF.xlsx,27379dc76590027b0e6d21d736331f87376f0ac87810d68e9f7cca555eef4b1f
4554,91476TX0010005,313,26,Individual,PPO,SADP,High,Transparency 2026 - Ind SADP,593,Transparency_in_Coverage_PUF.xlsx,27379dc76590027b0e6d21d736331f87376f0ac87810d68e9f7cca555eef4b1f
4555,91476TX0010006,313,26,Individual,PPO,SADP,Low,Transparency 2026 - Ind SADP,594,Transparency_in_Coverage_PUF.xlsx,27379dc76590027b0e6d21d736331f87376f0ac87810d68e9f7cca555eef4b1f
4556,91476TX0020002,313,26,Individual,PPO,SADP,Low,Transparency 2026 - Ind SADP,595,Transparency_in_Coverage_PUF.xlsx,27379dc76590027b0e6d21d736331f87376f0ac87810d68e9f7cca555eef4b1f
4557,91604WI0490002,314,28,Individual,PPO,SADP,Low,Transparency 2026 - Ind SADP,596,Transparency_in_Coverage_PUF.xlsx,27379dc76590027b0e6d21d736331f87376f0ac87810d68e9f7cca555eef4b1f
4558,91908OK0010005,315,21,Individual,PPO,QHP,Bronze,Transparency 2026 - Ind QHP,3875,Transparency_in_Coverage_PUF.xlsx,27379dc76590027b0e6d21d736331f87376f0ac87810d68e9f7cca555eef4b1f
4559,91908OK0010011,315,21,Individual,PPO,QHP,Catastrophic,Transparency 2026 - Ind QHP,3876,Transparency_in_Coverage_PUF.xlsx,27379dc76590027b0e6d21d736331f87376f0ac87810d68e9f7cca555eef4b1f
4560,91908OK0010025,315,21,Individual,PPO,QHP,Silver,Transparency 2026 - Ind QHP,3877,Transparency_in_Coverage_PUF.xlsx,27379dc76590027b0e6d21d736331f87376f0ac87810d68e9f7cca555eef4b1f
4561,91908OK0010030,315,21,Individual,PPO,QHP,Silver,Transparency 2026 - Ind QHP,3878,Transparency_in_Coverage_PUF.xlsx,27379dc76590027b0e6d21d736331f87376f0ac87810d68e9f7cca555eef4b1f
4562,91908OK0010045,315,21,Individual,PPO,QHP,Silver,Transparency 2026 - Ind QHP,3879,Transparency_in_Coverage_PUF.xlsx,27379dc76590027b0e6d21d736331f87376f0ac87810d68e9f7cca555eef4b1f
4563,91908OK0010050,315,21,Individual,PPO,QHP,Bronze,Transparency 2026 - Ind QHP,3880,Transparency_in_Coverage_PUF.xlsx,27379dc76590027b0e6d21d736331f87376f0ac87810d68e9f7cca555eef4b1f
4564,91908OK0010052,315,21,Individual,PPO,QHP,Silver,Transparency 2026 - Ind QHP,3881,Transparency_in_Coverage_PUF.xlsx,27379dc76590027b0e6d21d736331f87376f0ac87810d68e9f7cca555eef4b1f
4565,91908OK0010053,315,21,Individual,PPO,QHP,Gold,Transparency 2026 - Ind QHP,3882,Transparency_in_Coverage_PUF.xlsx,27379dc76590027b0e6d21d736331f87376f0ac87810d68e9f7cca555eef4b1f
4566,91908OK0010055,315,21,Individual,PPO,QHP,Silver,Transparency 2026 - Ind QHP,3883,Transparency_in_Coverage_PUF.xlsx,27379dc76590027b0e6d21d736331f87376f0ac87810d68e9f7cca555eef4b1f
4567,91908OK0010056,315,21,Individual,PPO,QHP,Bronze,Transparency 2026 - Ind QHP,3884,Transparency_in_Coverage_PUF.xlsx,27379dc76590027b0e6d21d736331f87376f0ac87810d68e9f7cca555eef4b1f
4568,91908OK0010057,315,21,Individual,PPO,QHP,Bronze,Transparency 2026 - Ind QHP,3885,Transparency_in_Coverage_PUF.xlsx,27379dc76590027b0e6d21d736331f87376f0ac87810d68e9f7cca555eef4b1f
4569,91908OK0010058,315,21,Individual,PPO,QHP,Bronze,Transparency 2026 - Ind QHP,3886,Transparency_in_Coverage_PUF.xlsx,27379dc76590027b0e6d21d736331f87376f0ac87810d68e9f7cca555eef4b1f
4570,91908OK0010059,315,21,Individual,PPO,QHP,Silver,Transparency 2026 - Ind QHP,3887,Transparency_in_Coverage_PUF.xlsx,27379dc76590027b0e6d21d736331f87376f0ac87810d68e9f7cca555eef4b1f
4571,91908OK0010060,315,21,Individual,PPO,QHP,Silver,Transparency 2026 - Ind QHP,3888,Transparency_in_Coverage_PUF.xlsx,27379dc76590027b0e6d21d736331f87376f0ac87810d68e9f7cca555eef4b1f
4572,91908OK0010068,315,21,Individual,PPO,QHP,Bronze,Transparency 2026 - Ind QHP,3889,Transparency_in_Coverage_PUF.xlsx,27379dc76590027b0e6d21d736331f87376f0ac87810d68e9f7cca555eef4b1f
4573,93078IA0050029,316,8,Individual,EPO,QHP,Bronze,Transparency 2026 - Ind QHP,3890,Transparency_in_Coverage_PUF.xlsx,27379dc76590027b0e6d21d736331f87376f0ac87810d68e9f7cca555eef4b1f
4574,93078IA0050041,316,8,Individual,EPO,QHP,Bronze,Transparency 2026 - Ind QHP,3891,Transparency_in_Coverage_PUF.xlsx,27379dc76590027b0e6d21d736331f87376f0ac87810d68e9f7cca555eef4b1f
4575,93078IA0050045,316,8,Individual,EPO,QHP,Gold,Transparency 2026 - Ind QHP,3892,Transparency_in_Coverage_PUF.xlsx,27379dc76590027b0e6d21d736331f87376f0ac87810d68e9f7cca555eef4b1f
4576,93078IA0050047,316,8,Individual,EPO,QHP,Silver,Transparency 2026 - Ind QHP,3893,Transparency_in_Coverage_PUF.xlsx,27379dc76590027b0e6d21d736331f87376f0ac87810d68e9f7cca555eef4b1f
4577,93078IA0050055,316,8,Individual,EPO,QHP,Gold,Transparency 2026 - Ind QHP,3894,Transparency_in_Coverage_PUF.xlsx,27379dc76590027b0e6d21d736331f87376f0ac87810d68e9f7cca555eef4b1f
4578,93078IA0050057,316,8,Individual,EPO,QHP,Silver,Transparency 2026 - Ind QHP,3895,Transparency_in_Coverage_PUF.xlsx,27379dc76590027b0e6d21d736331f87376f0ac87810d68e9f7cca555eef4b1f
4579,93078IA0050073,316,8,Individual,EPO,QHP,Bronze,Transparency 2026 - Ind QHP,3896,Transparency_in_Coverage_PUF.xlsx,27379dc76590027b0e6d21d736331f87376f0ac87810d68e9f7cca555eef4b1f
4580,93078IA0050074,316,8,Individual,EPO,QHP,Gold,Transparency 2026 - Ind QHP,3897,Transparency_in_Coverage_PUF.xlsx,27379dc76590027b0e6d21d736331f87376f0ac87810d68e9f7cca555eef4b1f
4581,93078IA0050075,316,8,Individual,EPO,QHP,Silver,Transparency 2026 - Ind QHP,3898,Transparency_in_Coverage_PUF.xlsx,27379dc76590027b0e6d21d736331f87376f0ac87810d68e9f7cca555eef4b1f
4582,93078IA0060027,316,8,Individual,EPO,QHP,Silver,Transparency 2026 - Ind QHP,3899,Transparency_in_Coverage_PUF.xlsx,27379dc76590027b0e6d21d736331f87376f0ac87810d68e9f7cca555eef4b1f
4583,93078IA0060029,316,8,Individual,EPO,QHP,Bronze,Transparency 2026 - Ind QHP,3900,Transparency_in_Coverage_PUF.xlsx,27379dc76590027b0e6d21d736331f87376f0ac87810d68e9f7cca555eef4b1f
4584,93078IA0060041,316,8,Individual,EPO,QHP,Bronze,Transparency 2026 - Ind QHP,3901,Transparency_in_Coverage_PUF.xlsx,27379dc76590027b0e6d21d736331f87376f0ac87810d68e9f7cca555eef4b1f
4585,93078IA0060045,316,8,Individual,EPO,QHP,Gold,Transparency 2026 - Ind QHP,3902,Transparency_in_Coverage_PUF.xlsx,27379dc76590027b0e6d21d736331f87376f0ac87810d68e9f7cca555eef4b1f
4586,93078IA0060047,316,8,Individual,EPO,QHP,Silver,Transparency 2026 - Ind QHP,3903,Transparency_in_Coverage_PUF.xlsx,27379dc76590027b0e6d21d736331f87376f0ac87810d68e9f7cca555eef4b1f
4587,93078IA0060055,316,8,Individual,EPO,QHP,Gold,Transparency 2026 - Ind QHP,3904,Transparency_in_Coverage_PUF.xlsx,27379dc76590027b0e6d21d736331f87376f0ac87810d68e9f7cca555eef4b1f
4588,93078IA0060057,316,8,Individual,EPO,QHP,Silver,Transparency 2026 - Ind QHP,3905,Transparency_in_Coverage_PUF.xlsx,27379dc76590027b0e6d21d736331f87376f0ac87810d68e9f7cca555eef4b1f
4589,93078IA0060073,316,8,Individual,EPO,QHP,Bronze,Transparency 2026 - Ind QHP,3906,Transparency_in_Coverage_PUF.xlsx,27379dc76590027b0e6d21d736331f87376f0ac87810d68e9f7cca555eef4b1f
4590,93078IA0060074,316,8,Individual,EPO,QHP,Gold,Transparency 2026 - Ind QHP,3907,Transparency_in_Coverage_PUF.xlsx,27379dc76590027b0e6d21d736331f87376f0ac87810d68e9f7cca555eef4b1f
4591,93078IA0070027,316,8,Individual,EPO,QHP,Silver,Transparency 2026 - Ind QHP,3908,Transparency_in_Coverage_PUF.xlsx,27379dc76590027b0e6d21d736331f87376f0ac87810d68e9f7cca555eef4b1f
4592,93078IA0070029,316,8,Individual,EPO,QHP,Bronze,Transparency 2026 - Ind QHP,3909,Transparency_in_Coverage_PUF.xlsx,27379dc76590027b0e6d21d736331f87376f0ac87810d68e9f7cca555eef4b1f
4593,93078IA0070045,316,8,Individual,EPO,QHP,Gold,Transparency 2026 - Ind QHP,3910,Transparency_in_Coverage_PUF.xlsx,27379dc76590027b0e6d21d736331f87376f0ac87810d68e9f7cca555eef4b1f
4594,93078IA0070047,316,8,Individual,EPO,QHP,Silver,Transparency 2026 - Ind QHP,3911,Transparency_in_Coverage_PUF.xlsx,27379dc76590027b0e6d21d736331f87376f0ac87810d68e9f7cca555eef4b1f
4595,93078IA0070055,316,8,Individual,EPO,QHP,Gold,Transparency 2026 - Ind QHP,3912,Transparency_in_Coverage_PUF.xlsx,27379dc76590027b0e6d21d736331f87376f0ac87810d68e9f7cca555eef4b1f
4596,93078IA0070057,316,8,Individual,EPO,QHP,Silver,Transparency 2026 - Ind QHP,3913,Transparency_in_Coverage_PUF.xlsx,27379dc76590027b0e6d21d736331f87376f0ac87810d68e9f7cca555eef4b1f
4597,93078IA0070073,316,8,Individual,EPO,QHP,Bronze,Transparency 2026 - Ind QHP,3914,Transparency_in_Coverage_PUF.xlsx,27379dc76590027b0e6d21d736331f87376f0ac87810d68e9f7cca555eef4b1f
4598,93078IA0070074,316,8,Individual,EPO,QHP,Bronze,Transparency 2026 - Ind QHP,3915,Transparency_in_Coverage_PUF.xlsx,27379dc76590027b0e6d21d736331f87376f0ac87810d68e9f7cca555eef4b1f
4599,93078IA0070075,316,8,Individual,EPO,QHP,Gold,Transparency 2026 - Ind QHP,3916,Transparency_in_Coverage_PUF.xlsx,27379dc76590027b0e6d21d736331f87376f0ac87810d68e9f7cca555eef4b1f
4600,93078IA0080029,316,8,Individual,EPO,QHP,Bronze,Transparency 2026 - Ind QHP,3917,Transparency_in_Coverage_PUF.xlsx,27379dc76590027b0e6d21d736331f87376f0ac87810d68e9f7cca555eef4b1f
4601,93078IA0080041,316,8,Individual,EPO,QHP,Bronze,Transparency 2026 - Ind QHP,3918,Transparency_in_Coverage_PUF.xlsx,27379dc76590027b0e6d21d736331f87376f0ac87810d68e9f7cca555eef4b1f
4602,93078IA0080045,316,8,Individual,EPO,QHP,Gold,Transparency 2026 - Ind QHP,3919,Transparency_in_Coverage_PUF.xlsx,27379dc76590027b0e6d21d736331f87376f0ac87810d68e9f7cca555eef4b1f
4603,93078IA0080047,316,8,Individual,EPO,QHP,Silver,Transparency 2026 - Ind QHP,3920,Transparency_in_Coverage_PUF.xlsx,27379dc76590027b0e6d21d736331f87376f0ac87810d68e9f7cca555eef4b1f
4604,93078IA0080055,316,8,Individual,EPO,QHP,Gold,Transparency 2026 - Ind QHP,3921,Transparency_in_Coverage_PUF.xlsx,27379dc76590027b0e6d21d736331f87376f0ac87810d68e9f7cca555eef4b1f
4605,93078IA0080057,316,8,Individual,EPO,QHP,Silver,Transparency 2026 - Ind QHP,3922,Transparency_in_Coverage_PUF.xlsx,27379dc76590027b0e6d21d736331f87376f0ac87810d68e9f7cca555eef4b1f
4606,93078IA0080073,316,8,Individual,EPO,QHP,Bronze,Transparency 2026 - Ind QHP,3923,Transparency_in_Coverage_PUF.xlsx,27379dc76590027b0e6d21d736331f87376f0ac87810d68e9f7cca555eef4b1f
4607,93078IA0080074,316,8,Individual,EPO,QHP,Gold,Transparency 2026 - Ind QHP,3924,Transparency_in_Coverage_PUF.xlsx,27379dc76590027b0e6d21d736331f87376f0ac87810d68e9f7cca555eef4b1f
4608,93078IA0080075,316,8,Individual,EPO,QHP,Silver,Transparency 2026 - Ind QHP,3925,Transparency_in_Coverage_PUF.xlsx,27379dc76590027b0e6d21d736331f87376f0ac87810d68e9f7cca555eef4b1f
4609,93078IA0130001,316,8,Individual,EPO,QHP,Gold,Transparency 2026 - Ind QHP,3926,Transparency_in_Coverage_PUF.xlsx,27379dc76590027b0e6d21d736331f87376f0ac87810d68e9f7cca555eef4b1f
4610,93078IA0130002,316,8,Individual,EPO,QHP,Silver,Transparency 2026 - Ind QHP,3927,Transparency_in_Coverage_PUF.xlsx,27379dc76590027b0e6d21d736331f87376f0ac87810d68e9f7cca555eef4b1f
4611,93078IA0130003,316,8,Individual,EPO,QHP,Bronze,Transparency 2026 - Ind QHP,3928,Transparency_in_Coverage_PUF.xlsx,27379dc76590027b0e6d21d736331f87376f0ac87810d68e9f7cca555eef4b1f
4612,93078IA0130004,316,8,Individual,EPO,QHP,Gold,Transparency 2026 - Ind QHP,3929,Transparency_in_Coverage_PUF.xlsx,27379dc76590027b0e6d21d736331f87376f0ac87810d68e9f7cca555eef4b1f
4613,93078IA0130005,316,8,Individual,EPO,QHP,Silver,Transparency 2026 - Ind QHP,3930,Transparency_in_Coverage_PUF.xlsx,27379dc76590027b0e6d21d736331f87376f0ac87810d68e9f7cca555eef4b1f
4614,93078IA0130006,316,8,Individual,EPO,QHP,Bronze,Transparency 2026 - Ind QHP,3931,Transparency_in_Coverage_PUF.xlsx,27379dc76590027b0e6d21d736331f87376f0ac87810d68e9f7cca555eef4b1f
4615,93078IA0130007,316,8,Individual,EPO,QHP,Gold,Transparency 2026 - Ind QHP,3932,Transparency_in_Coverage_PUF.xlsx,27379dc76590027b0e6d21d736331f87376f0ac87810d68e9f7cca555eef4b1f
4616,93078IA0130008,316,8,Individual,EPO,QHP,Silver,Transparency 2026 - Ind QHP,3933,Transparency_in_Coverage_PUF.xlsx,27379dc76590027b0e6d21d736331f87376f0ac87810d68e9f7cca555eef4b1f
4617,93078IA0130009,316,8,Individual,EPO,QHP,Bronze,Transparency 2026 - Ind QHP,3934,Transparency_in_Coverage_PUF.xlsx,27379dc76590027b0e6d21d736331f87376f0ac87810d68e9f7cca555eef4b1f
4618,93383NC0010001,317,16,Individual,PPO,SADP,High,Transparency 2026 - Ind SADP,597,Transparency_in_Coverage_PUF.xlsx,27379dc76590027b0e6d21d736331f87376f0ac87810d68e9f7cca555eef4b1f
4619,93383NC0010002,317,16,Individual,PPO,SADP,Low,Transparency 2026 - Ind SADP,598,Transparency_in_Coverage_PUF.xlsx,27379dc76590027b0e6d21d736331f87376f0ac87810d68e9f7cca555eef4b1f
4620,93383NC0010003,317,16,Individual,PPO,SADP,Low,Transparency 2026 - Ind SADP,599,Transparency_in_Coverage_PUF.xlsx,27379dc76590027b0e6d21d736331f87376f0ac87810d68e9f7cca555eef4b1f
4621,93383NC0010004,317,16,Individual,PPO,SADP,Low,Transparency 2026 - Ind SADP,600,Transparency_in_Coverage_PUF.xlsx,27379dc76590027b0e6d21d736331f87376f0ac87810d68e9f7cca555eef4b1f
4622,93895MT0020003,318,15,Individual,Indemnity,SADP,High,Transparency 2026 - Ind SADP,601,Transparency_in_Coverage_PUF.xlsx,27379dc76590027b0e6d21d736331f87376f0ac87810d68e9f7cca555eef4b1f
4623,93895MT0020006,318,15,Individual,Indemnity,SADP,Low,Transparency 2026 - Ind SADP,602,Transparency_in_Coverage_PUF.xlsx,27379dc76590027b0e6d21d736331f87376f0ac87810d68e9f7cca555eef4b1f
4624,93895MT0020007,318,15,Individual,Indemnity,SADP,High,Transparency 2026 - Ind SADP,603,Transparency_in_Coverage_PUF.xlsx,27379dc76590027b0e6d21d736331f87376f0ac87810d68e9f7cca555eef4b1f
4625,93895MT0020008,318,15,Individual,Indemnity,SADP,Low,Transparency 2026 - Ind SADP,604,Transparency_in_Coverage_PUF.xlsx,27379dc76590027b0e6d21d736331f87376f0ac87810d68e9f7cca555eef4b1f
4626,94248KS0560004,319,10,Individual,EPO,QHP,Silver,Transparency 2026 - Ind QHP,3935,Transparency_in_Coverage_PUF.xlsx,27379dc76590027b0e6d21d736331f87376f0ac87810d68e9f7cca555eef4b1f
4627,94248KS0560008,319,10,Individual,EPO,QHP,Bronze,Transparency 2026 - Ind QHP,3936,Transparency_in_Coverage_PUF.xlsx,27379dc76590027b0e6d21d736331f87376f0ac87810d68e9f7cca555eef4b1f
4628,94248KS0560012,319,10,Individual,EPO,QHP,Catastrophic,Transparency 2026 - Ind QHP,3937,Transparency_in_Coverage_PUF.xlsx,27379dc76590027b0e6d21d736331f87376f0ac87810d68e9f7cca555eef4b1f
4629,94248KS0560014,319,10,Individual,EPO,QHP,Silver,Transparency 2026 - Ind QHP,3938,Transparency_in_Coverage_PUF.xlsx,27379dc76590027b0e6d21d736331f87376f0ac87810d68e9f7cca555eef4b1f
4630,94248KS0560015,319,10,Individual,EPO,QHP,Bronze,Transparency 2026 - Ind QHP,3939,Transparency_in_Coverage_PUF.xlsx,27379dc76590027b0e6d21d736331f87376f0ac87810d68e9f7cca555eef4b1f
4631,94248KS0560016,319,10,Individual,EPO,QHP,Gold,Transparency 2026 - Ind QHP,3940,Transparency_in_Coverage_PUF.xlsx,27379dc76590027b0e6d21d736331f87376f0ac87810d68e9f7cca555eef4b1f
4632,94248KS0560017,319,10,Individual,EPO,QHP,Silver,Transparency 2026 - Ind QHP,3941,Transparency_in_Coverage_PUF.xlsx,27379dc76590027b0e6d21d736331f87376f0ac87810d68e9f7cca555eef4b1f
4633,94248KS0560018,319,10,Individual,EPO,QHP,Bronze,Transparency 2026 - Ind QHP,3942,Transparency_in_Coverage_PUF.xlsx,27379dc76590027b0e6d21d736331f87376f0ac87810d68e9f7cca555eef4b1f
4634,94248KS0560019,319,10,Individual,EPO,QHP,Gold,Transparency 2026 - Ind QHP,3943,Transparency_in_Coverage_PUF.xlsx,27379dc76590027b0e6d21d736331f87376f0ac87810d68e9f7cca555eef4b1f
4635,94419IN0010001,320,9,Individual,EPO,QHP,Bronze,Transparency 2026 - Ind QHP,3944,Transparency_in_Coverage_PUF.xlsx,27379dc76590027b0e6d21d736331f87376f0ac87810d68e9f7cca555eef4b1f
4636,94419IN0010002,320,9,Individual,EPO,QHP,Bronze,Transparency 2026 - Ind QHP,3945,Transparency_in_Coverage_PUF.xlsx,27379dc76590027b0e6d21d736331f87376f0ac87810d68e9f7cca555eef4b1f
4637,94419IN0010004,320,9,Individual,EPO,QHP,Bronze,Transparency 2026 - Ind QHP,3946,Transparency_in_Coverage_PUF.xlsx,27379dc76590027b0e6d21d736331f87376f0ac87810d68e9f7cca555eef4b1f
4638,94419IN0010008,320,9,Individual,EPO,QHP,Gold,Transparency 2026 - Ind QHP,3947,Transparency_in_Coverage_PUF.xlsx,27379dc76590027b0e6d21d736331f87376f0ac87810d68e9f7cca555eef4b1f
4639,94419IN0010009,320,9,Individual,EPO,QHP,Silver,Transparency 2026 - Ind QHP,3948,Transparency_in_Coverage_PUF.xlsx,27379dc76590027b0e6d21d736331f87376f0ac87810d68e9f7cca555eef4b1f
4640,94419IN0010011,320,9,Individual,EPO,QHP,Silver,Transparency 2026 - Ind QHP,3949,Transparency_in_Coverage_PUF.xlsx,27379dc76590027b0e6d21d736331f87376f0ac87810d68e9f7cca555eef4b1f
4641,94419IN0010012,320,9,Individual,EPO,QHP,Silver,Transparency 2026 - Ind QHP,3950,Transparency_in_Coverage_PUF.xlsx,27379dc76590027b0e6d21d736331f87376f0ac87810d68e9f7cca555eef4b1f
4642,94419IN0010013,320,9,Individual,EPO,QHP,Bronze,Transparency 2026 - Ind QHP,3951,Transparency_in_Coverage_PUF.xlsx,27379dc76590027b0e6d21d736331f87376f0ac87810d68e9f7cca555eef4b1f
4643,94419IN0010020,320,9,Individual,EPO,QHP,Gold,Transparency 2026 - Ind QHP,3952,Transparency_in_Coverage_PUF.xlsx,27379dc76590027b0e6d21d736331f87376f0ac87810d68e9f7cca555eef4b1f
4644,94419IN0010021,320,9,Individual,EPO,QHP,Silver,Transparency 2026 - Ind QHP,3953,Transparency_in_Coverage_PUF.xlsx,27379dc76590027b0e6d21d736331f87376f0ac87810d68e9f7cca555eef4b1f
4645,94419IN0010022,320,9,Individual,EPO,QHP,Silver,Transparency 2026 - Ind QHP,3954,Transparency_in_Coverage_PUF.xlsx,27379dc76590027b0e6d21d736331f87376f0ac87810d68e9f7cca555eef4b1f
4646,94419IN0010023,320,9,Individual,EPO,QHP,Silver,Transparency 2026 - Ind QHP,3955,Transparency_in_Coverage_PUF.xlsx,27379dc76590027b0e6d21d736331f87376f0ac87810d68e9f7cca555eef4b1f
4647,94419IN0010024,320,9,Individual,EPO,QHP,Bronze,Transparency 2026 - Ind QHP,3956,Transparency_in_Coverage_PUF.xlsx,27379dc76590027b0e6d21d736331f87376f0ac87810d68e9f7cca555eef4b1f
4648,94419IN0010025,320,9,Individual,EPO,QHP,Bronze,Transparency 2026 - Ind QHP,3957,Transparency_in_Coverage_PUF.xlsx,27379dc76590027b0e6d21d736331f87376f0ac87810d68e9f7cca555eef4b1f
4649,94419IN0010026,320,9,Individual,EPO,QHP,Bronze,Transparency 2026 - Ind QHP,3958,Transparency_in_Coverage_PUF.xlsx,27379dc76590027b0e6d21d736331f87376f0ac87810d68e9f7cca555eef4b1f
4650,94419IN0010027,320,9,Individual,EPO,QHP,Bronze,Transparency 2026 - Ind QHP,3959,Transparency_in_Coverage_PUF.xlsx,27379dc76590027b0e6d21d736331f87376f0ac87810d68e9f7cca555eef4b1f
4651,94419IN0010034,320,9,Individual,EPO,QHP,Gold,Transparency 2026 - Ind QHP,3960,Transparency_in_Coverage_PUF.xlsx,27379dc76590027b0e6d21d736331f87376f0ac87810d68e9f7cca555eef4b1f
4652,94419IN0010035,320,9,Individual,EPO,QHP,Gold,Transparency 2026 - Ind QHP,3961,Transparency_in_Coverage_PUF.xlsx,27379dc76590027b0e6d21d736331f87376f0ac87810d68e9f7cca555eef4b1f
4653,94482NC0020003,321,16,Individual,PPO,SADP,High,Transparency 2026 - Ind SADP,605,Transparency_in_Coverage_PUF.xlsx,27379dc76590027b0e6d21d736331f87376f0ac87810d68e9f7cca555eef4b1f
4654,94482NC0020006,321,16,Individual,PPO,SADP,Low,Transparency 2026 - Ind SADP,606,Transparency_in_Coverage_PUF.xlsx,27379dc76590027b0e6d21d736331f87376f0ac87810d68e9f7cca555eef4b1f
4655,94482NC0020007,321,16,Individual,PPO,SADP,High,Transparency 2026 - Ind SADP,607,Transparency_in_Coverage_PUF.xlsx,27379dc76590027b0e6d21d736331f87376f0ac87810d68e9f7cca555eef4b1f
4656,94482NC0020008,321,16,Individual,PPO,SADP,Low,Transparency 2026 - Ind SADP,608,Transparency_in_Coverage_PUF.xlsx,27379dc76590027b0e6d21d736331f87376f0ac87810d68e9f7cca555eef4b1f
4657,94529WI0240019,322,28,Individual,HMO,QHP,Bronze,Transparency 2026 - Ind QHP,3962,Transparency_in_Coverage_PUF.xlsx,27379dc76590027b0e6d21d736331f87376f0ac87810d68e9f7cca555eef4b1f
4658,94529WI0240022,322,28,Individual,HMO,QHP,Platinum,Transparency 2026 - Ind QHP,3963,Transparency_in_Coverage_PUF.xlsx,27379dc76590027b0e6d21d736331f87376f0ac87810d68e9f7cca555eef4b1f
4659,94529WI0240023,322,28,Individual,HMO,QHP,Gold,Transparency 2026 - Ind QHP,3964,Transparency_in_Coverage_PUF.xlsx,27379dc76590027b0e6d21d736331f87376f0ac87810d68e9f7cca555eef4b1f
4660,94529WI0240024,322,28,Individual,HMO,QHP,Gold,Transparency 2026 - Ind QHP,3965,Transparency_in_Coverage_PUF.xlsx,27379dc76590027b0e6d21d736331f87376f0ac87810d68e9f7cca555eef4b1f
4661,94529WI0240025,322,28,Individual,HMO,QHP,Silver,Transparency 2026 - Ind QHP,3966,Transparency_in_Coverage_PUF.xlsx,27379dc76590027b0e6d21d736331f87376f0ac87810d68e9f7cca555eef4b1f
4662,94529WI0240026,322,28,Individual,HMO,QHP,Silver,Transparency 2026 - Ind QHP,3967,Transparency_in_Coverage_PUF.xlsx,27379dc76590027b0e6d21d736331f87376f0ac87810d68e9f7cca555eef4b1f
4663,94529WI0240027,322,28,Individual,HMO,QHP,Bronze,Transparency 2026 - Ind QHP,3968,Transparency_in_Coverage_PUF.xlsx,27379dc76590027b0e6d21d736331f87376f0ac87810d68e9f7cca555eef4b1f
4664,94529WI0240028,322,28,Individual,HMO,QHP,Bronze,Transparency 2026 - Ind QHP,3969,Transparency_in_Coverage_PUF.xlsx,27379dc76590027b0e6d21d736331f87376f0ac87810d68e9f7cca555eef4b1f
4665,94529WI0240054,322,28,Individual,HMO,QHP,Platinum,Transparency 2026 - Ind QHP,3970,Transparency_in_Coverage_PUF.xlsx,27379dc76590027b0e6d21d736331f87376f0ac87810d68e9f7cca555eef4b1f
4666,94529WI0240057,322,28,Individual,HMO,QHP,Silver,Transparency 2026 - Ind QHP,3971,Transparency_in_Coverage_PUF.xlsx,27379dc76590027b0e6d21d736331f87376f0ac87810d68e9f7cca555eef4b1f
4667,94529WI0240058,322,28,Individual,HMO,QHP,Silver,Transparency 2026 - Ind QHP,3972,Transparency_in_Coverage_PUF.xlsx,27379dc76590027b0e6d21d736331f87376f0ac87810d68e9f7cca555eef4b1f
4668,94529WI0240061,322,28,Individual,HMO,QHP,Gold,Transparency 2026 - Ind QHP,3973,Transparency_in_Coverage_PUF.xlsx,27379dc76590027b0e6d21d736331f87376f0ac87810d68e9f7cca555eef4b1f
4669,94529WI0240063,322,28,Individual,HMO,QHP,Gold,Transparency 2026 - Ind QHP,3974,Transparency_in_Coverage_PUF.xlsx,27379dc76590027b0e6d21d736331f87376f0ac87810d68e9f7cca555eef4b1f
4670,94529WI0240073,322,28,Individual,HMO,QHP,Gold,Transparency 2026 - Ind QHP,3975,Transparency_in_Coverage_PUF.xlsx,27379dc76590027b0e6d21d736331f87376f0ac87810d68e9f7cca555eef4b1f
4671,94529WI0240074,322,28,Individual,HMO,QHP,Silver,Transparency 2026 - Ind QHP,3976,Transparency_in_Coverage_PUF.xlsx,27379dc76590027b0e6d21d736331f87376f0ac87810d68e9f7cca555eef4b1f
4672,94529WI0240075,322,28,Individual,HMO,QHP,Bronze,Transparency 2026 - Ind QHP,3977,Transparency_in_Coverage_PUF.xlsx,27379dc76590027b0e6d21d736331f87376f0ac87810d68e9f7cca555eef4b1f
4673,94529WI0240077,322,28,Individual,HMO,QHP,Platinum,Transparency 2026 - Ind QHP,3978,Transparency_in_Coverage_PUF.xlsx,27379dc76590027b0e6d21d736331f87376f0ac87810d68e9f7cca555eef4b1f
4674,94529WI0240078,322,28,Individual,HMO,QHP,Gold,Transparency 2026 - Ind QHP,3979,Transparency_in_Coverage_PUF.xlsx,27379dc76590027b0e6d21d736331f87376f0ac87810d68e9f7cca555eef4b1f
4675,94529WI0240079,322,28,Individual,HMO,QHP,Silver,Transparency 2026 - Ind QHP,3980,Transparency_in_Coverage_PUF.xlsx,27379dc76590027b0e6d21d736331f87376f0ac87810d68e9f7cca555eef4b1f
4676,94529WI0240080,322,28,Individual,HMO,QHP,Bronze,Transparency 2026 - Ind QHP,3981,Transparency_in_Coverage_PUF.xlsx,27379dc76590027b0e6d21d736331f87376f0ac87810d68e9f7cca555eef4b1f
4677,94529WI0240083,322,28,Individual,HMO,QHP,Bronze,Transparency 2026 - Ind QHP,3982,Transparency_in_Coverage_PUF.xlsx,27379dc76590027b0e6d21d736331f87376f0ac87810d68e9f7cca555eef4b1f
4678,94968KS0090003,323,10,Individual,EPO,QHP,Gold,Transparency 2026 - Ind QHP,3983,Transparency_in_Coverage_PUF.xlsx,27379dc76590027b0e6d21d736331f87376f0ac87810d68e9f7cca555eef4b1f
4679,94968KS0090004,323,10,Individual,EPO,QHP,Silver,Transparency 2026 - Ind QHP,3984,Transparency_in_Coverage_PUF.xlsx,27379dc76590027b0e6d21d736331f87376f0ac87810d68e9f7cca555eef4b1f
4680,94968KS0090008,323,10,Individual,EPO,QHP,Silver,Transparency 2026 - Ind QHP,3985,Transparency_in_Coverage_PUF.xlsx,27379dc76590027b0e6d21d736331f87376f0ac87810d68e9f7cca555eef4b1f
4681,94968KS0090013,323,10,Individual,EPO,QHP,Bronze,Transparency 2026 - Ind QHP,3986,Transparency_in_Coverage_PUF.xlsx,27379dc76590027b0e6d21d736331f87376f0ac87810d68e9f7cca555eef4b1f
4682,94968KS0090015,323,10,Individual,EPO,QHP,Bronze,Transparency 2026 - Ind QHP,3987,Transparency_in_Coverage_PUF.xlsx,27379dc76590027b0e6d21d736331f87376f0ac87810d68e9f7cca555eef4b1f
4683,94968KS0090016,323,10,Individual,EPO,QHP,Silver,Transparency 2026 - Ind QHP,3988,Transparency_in_Coverage_PUF.xlsx,27379dc76590027b0e6d21d736331f87376f0ac87810d68e9f7cca555eef4b1f
4684,94968KS0090018,323,10,Individual,EPO,QHP,Gold,Transparency 2026 - Ind QHP,3989,Transparency_in_Coverage_PUF.xlsx,27379dc76590027b0e6d21d736331f87376f0ac87810d68e9f7cca555eef4b1f
4685,94968KS0090019,323,10,Individual,EPO,QHP,Gold,Transparency 2026 - Ind QHP,3990,Transparency_in_Coverage_PUF.xlsx,27379dc76590027b0e6d21d736331f87376f0ac87810d68e9f7cca555eef4b1f
4686,94968KS0090021,323,10,Individual,EPO,QHP,Bronze,Transparency 2026 - Ind QHP,3991,Transparency_in_Coverage_PUF.xlsx,27379dc76590027b0e6d21d736331f87376f0ac87810d68e9f7cca555eef4b1f
4687,94968KS0100001,323,10,Individual,EPO,QHP,Gold,Transparency 2026 - Ind QHP,3992,Transparency_in_Coverage_PUF.xlsx,27379dc76590027b0e6d21d736331f87376f0ac87810d68e9f7cca555eef4b1f
4688,94968KS0100002,323,10,Individual,EPO,QHP,Silver,Transparency 2026 - Ind QHP,3993,Transparency_in_Coverage_PUF.xlsx,27379dc76590027b0e6d21d736331f87376f0ac87810d68e9f7cca555eef4b1f
4689,94968KS0100004,323,10,Individual,EPO,QHP,Bronze,Transparency 2026 - Ind QHP,3994,Transparency_in_Coverage_PUF.xlsx,27379dc76590027b0e6d21d736331f87376f0ac87810d68e9f7cca555eef4b1f
4690,94968KS0100005,323,10,Individual,EPO,QHP,Silver,Transparency 2026 - Ind QHP,3995,Transparency_in_Coverage_PUF.xlsx,27379dc76590027b0e6d21d736331f87376f0ac87810d68e9f7cca555eef4b1f
4691,94968KS0100006,323,10,Individual,EPO,QHP,Gold,Transparency 2026 - Ind QHP,3996,Transparency_in_Coverage_PUF.xlsx,27379dc76590027b0e6d21d736331f87376f0ac87810d68e9f7cca555eef4b1f
4692,94968KS0100007,323,10,Individual,EPO,QHP,Bronze,Transparency 2026 - Ind QHP,3997,Transparency_in_Coverage_PUF.xlsx,27379dc76590027b0e6d21d736331f87376f0ac87810d68e9f7cca555eef4b1f
4693,95038KS0040003,324,10,Individual,PPO,SADP,Low,Transparency 2026 - Ind SADP,609,Transparency_in_Coverage_PUF.xlsx,27379dc76590027b0e6d21d736331f87376f0ac87810d68e9f7cca555eef4b1f
4694,95038KS0050002,324,10,Individual,PPO,SADP,Low,Transparency 2026 - Ind SADP,610,Transparency_in_Coverage_PUF.xlsx,27379dc76590027b0e6d21d736331f87376f0ac87810d68e9f7cca555eef4b1f
4695,95038KS0070001,324,10,Individual,PPO,SADP,Low,Transparency 2026 - Ind SADP,611,Transparency_in_Coverage_PUF.xlsx,27379dc76590027b0e6d21d736331f87376f0ac87810d68e9f7cca555eef4b1f
4696,95233MI0210001,325,12,Individual,EPO,SADP,Low,Transparency 2026 - Ind SADP,612,Transparency_in_Coverage_PUF.xlsx,27379dc76590027b0e6d21d736331f87376f0ac87810d68e9f7cca555eef4b1f
4697,95233MI0210002,325,12,Individual,EPO,SADP,Low,Transparency 2026 - Ind SADP,613,Transparency_in_Coverage_PUF.xlsx,27379dc76590027b0e6d21d736331f87376f0ac87810d68e9f7cca555eef4b1f
4698,95233MI0210003,325,12,Individual,EPO,SADP,Low,Transparency 2026 - Ind SADP,614,Transparency_in_Coverage_PUF.xlsx,27379dc76590027b0e6d21d736331f87376f0ac87810d68e9f7cca555eef4b1f
4699,95426MO0410006,326,13,Individual,EPO,QHP,Silver,Transparency 2026 - Ind QHP,3998,Transparency_in_Coverage_PUF.xlsx,27379dc76590027b0e6d21d736331f87376f0ac87810d68e9f7cca555eef4b1f
4700,95426MO0410008,326,13,Individual,EPO,QHP,Silver,Transparency 2026 - Ind QHP,3999,Transparency_in_Coverage_PUF.xlsx,27379dc76590027b0e6d21d736331f87376f0ac87810d68e9f7cca555eef4b1f
4701,95426MO0410009,326,13,Individual,EPO,QHP,Gold,Transparency 2026 - Ind QHP,4000,Transparency_in_Coverage_PUF.xlsx,27379dc76590027b0e6d21d736331f87376f0ac87810d68e9f7cca555eef4b1f
4702,95426MO0410013,326,13,Individual,EPO,QHP,Bronze,Transparency 2026 - Ind QHP,4001,Transparency_in_Coverage_PUF.xlsx,27379dc76590027b0e6d21d736331f87376f0ac87810d68e9f7cca555eef4b1f
4703,95426MO0410016,326,13,Individual,EPO,QHP,Silver,Transparency 2026 - Ind QHP,4002,Transparency_in_Coverage_PUF.xlsx,27379dc76590027b0e6d21d736331f87376f0ac87810d68e9f7cca555eef4b1f
4704,95426MO0410018,326,13,Individual,EPO,QHP,Gold,Transparency 2026 - Ind QHP,4003,Transparency_in_Coverage_PUF.xlsx,27379dc76590027b0e6d21d736331f87376f0ac87810d68e9f7cca555eef4b1f
4705,95426MO0410019,326,13,Individual,EPO,QHP,Bronze,Transparency 2026 - Ind QHP,4004,Transparency_in_Coverage_PUF.xlsx,27379dc76590027b0e6d21d736331f87376f0ac87810d68e9f7cca555eef4b1f
4706,95426MO0410020,326,13,Individual,EPO,QHP,Gold,Transparency 2026 - Ind QHP,4005,Transparency_in_Coverage_PUF.xlsx,27379dc76590027b0e6d21d736331f87376f0ac87810d68e9f7cca555eef4b1f
4707,95426MO0410021,326,13,Individual,EPO,QHP,Bronze,Transparency 2026 - Ind QHP,4006,Transparency_in_Coverage_PUF.xlsx,27379dc76590027b0e6d21d736331f87376f0ac87810d68e9f7cca555eef4b1f
4708,95426MO0420001,326,13,Individual,EPO,QHP,Gold,Transparency 2026 - Ind QHP,4007,Transparency_in_Coverage_PUF.xlsx,27379dc76590027b0e6d21d736331f87376f0ac87810d68e9f7cca555eef4b1f
4709,95426MO0420002,326,13,Individual,EPO,QHP,Silver,Transparency 2026 - Ind QHP,4008,Transparency_in_Coverage_PUF.xlsx,27379dc76590027b0e6d21d736331f87376f0ac87810d68e9f7cca555eef4b1f
4710,95426MO0420004,326,13,Individual,EPO,QHP,Silver,Transparency 2026 - Ind QHP,4009,Transparency_in_Coverage_PUF.xlsx,27379dc76590027b0e6d21d736331f87376f0ac87810d68e9f7cca555eef4b1f
4711,95426MO0420005,326,13,Individual,EPO,QHP,Bronze,Transparency 2026 - Ind QHP,4010,Transparency_in_Coverage_PUF.xlsx,27379dc76590027b0e6d21d736331f87376f0ac87810d68e9f7cca555eef4b1f
4712,96384MO0220009,327,13,Individual,EPO,QHP,Silver,Transparency 2026 - Ind QHP,4011,Transparency_in_Coverage_PUF.xlsx,27379dc76590027b0e6d21d736331f87376f0ac87810d68e9f7cca555eef4b1f
4713,96384MO0220011,327,13,Individual,EPO,QHP,Bronze,Transparency 2026 - Ind QHP,4012,Transparency_in_Coverage_PUF.xlsx,27379dc76590027b0e6d21d736331f87376f0ac87810d68e9f7cca555eef4b1f
4714,96384MO0220012,327,13,Individual,EPO,QHP,Silver,Transparency 2026 - Ind QHP,4013,Transparency_in_Coverage_PUF.xlsx,27379dc76590027b0e6d21d736331f87376f0ac87810d68e9f7cca555eef4b1f
4715,96384MO0220014,327,13,Individual,EPO,QHP,Gold,Transparency 2026 - Ind QHP,4014,Transparency_in_Coverage_PUF.xlsx,27379dc76590027b0e6d21d736331f87376f0ac87810d68e9f7cca555eef4b1f
4716,96384MO0220015,327,13,Individual,EPO,QHP,Bronze,Transparency 2026 - Ind QHP,4015,Transparency_in_Coverage_PUF.xlsx,27379dc76590027b0e6d21d736331f87376f0ac87810d68e9f7cca555eef4b1f
4717,96384MO0220016,327,13,Individual,EPO,QHP,Silver,Transparency 2026 - Ind QHP,4016,Transparency_in_Coverage_PUF.xlsx,27379dc76590027b0e6d21d736331f87376f0ac87810d68e9f7cca555eef4b1f
4718,96384MO0220018,327,13,Individual,EPO,QHP,Gold,Transparency 2026 - Ind QHP,4017,Transparency_in_Coverage_PUF.xlsx,27379dc76590027b0e6d21d736331f87376f0ac87810d68e9f7cca555eef4b1f
4719,96751NH0150015,328,19,Individual,HMO,QHP,Bronze,Transparency 2026 - Ind QHP,4018,Transparency_in_Coverage_PUF.xlsx,27379dc76590027b0e6d21d736331f87376f0ac87810d68e9f7cca555eef4b1f
4720,96751NH0150018,328,19,Individual,HMO,QHP,Bronze,Transparency 2026 - Ind QHP,4019,Transparency_in_Coverage_PUF.xlsx,27379dc76590027b0e6d21d736331f87376f0ac87810d68e9f7cca555eef4b1f
4721,96751NH0150022,328,19,Individual,HMO,QHP,Silver,Transparency 2026 - Ind QHP,4020,Transparency_in_Coverage_PUF.xlsx,27379dc76590027b0e6d21d736331f87376f0ac87810d68e9f7cca555eef4b1f
4722,96751NH0150024,328,19,Individual,HMO,QHP,Catastrophic,Transparency 2026 - Ind QHP,4021,Transparency_in_Coverage_PUF.xlsx,27379dc76590027b0e6d21d736331f87376f0ac87810d68e9f7cca555eef4b1f
4723,96751NH0150036,328,19,Individual,HMO,QHP,Gold,Transparency 2026 - Ind QHP,4022,Transparency_in_Coverage_PUF.xlsx,27379dc76590027b0e6d21d736331f87376f0ac87810d68e9f7cca555eef4b1f
4724,96751NH0150202,328,19,Individual,HMO,QHP,Silver,Transparency 2026 - Ind QHP,4023,Transparency_in_Coverage_PUF.xlsx,27379dc76590027b0e6d21d736331f87376f0ac87810d68e9f7cca555eef4b1f
4725,96751NH0150203,328,19,Individual,HMO,QHP,Silver,Transparency 2026 - Ind QHP,4024,Transparency_in_Coverage_PUF.xlsx,27379dc76590027b0e6d21d736331f87376f0ac87810d68e9f7cca555eef4b1f
4726,96751NH0150206,328,19,Individual,HMO,QHP,Gold,Transparency 2026 - Ind QHP,4025,Transparency_in_Coverage_PUF.xlsx,27379dc76590027b0e6d21d736331f87376f0ac87810d68e9f7cca555eef4b1f
4727,96751NH0150208,328,19,Individual,HMO,QHP,Bronze,Transparency 2026 - Ind QHP,4026,Transparency_in_Coverage_PUF.xlsx,27379dc76590027b0e6d21d736331f87376f0ac87810d68e9f7cca555eef4b1f
4728,96751NH0150209,328,19,Individual,HMO,QHP,Silver,Transparency 2026 - Ind QHP,4027,Transparency_in_Coverage_PUF.xlsx,27379dc76590027b0e6d21d736331f87376f0ac87810d68e9f7cca555eef4b1f
4729,96751NH0150210,328,19,Individual,HMO,QHP,Gold,Transparency 2026 - Ind QHP,4028,Transparency_in_Coverage_PUF.xlsx,27379dc76590027b0e6d21d736331f87376f0ac87810d68e9f7cca555eef4b1f
4730,96751NH0150215,328,19,Individual,HMO,QHP,Bronze,Transparency 2026 - Ind QHP,4029,Transparency_in_Coverage_PUF.xlsx,27379dc76590027b0e6d21d736331f87376f0ac87810d68e9f7cca555eef4b1f
4731,96751NH0160008,328,19,SHOP,HMO,QHP,Bronze,Transparency 2026 - SHOP,97,Transparency_in_Coverage_PUF.xlsx,27379dc76590027b0e6d21d736331f87376f0ac87810d68e9f7cca555eef4b1f
4732,96751NH0160010,328,19,SHOP,HMO,QHP,Silver,Transparency 2026 - SHOP,98,Transparency_in_Coverage_PUF.xlsx,27379dc76590027b0e6d21d736331f87376f0ac87810d68e9f7cca555eef4b1f
4733,96751NH0160011,328,19,SHOP,HMO,QHP,Gold,Transparency 2026 - SHOP,99,Transparency_in_Coverage_PUF.xlsx,27379dc76590027b0e6d21d736331f87376f0ac87810d68e9f7cca555eef4b1f
4734,96751NH0160013,328,19,SHOP,HMO,QHP,Silver,Transparency 2026 - SHOP,100,Transparency_in_Coverage_PUF.xlsx,27379dc76590027b0e6d21d736331f87376f0ac87810d68e9f7cca555eef4b1f
4735,96751NH0160015,328,19,SHOP,HMO,QHP,Gold,Transparency 2026 - SHOP,101,Transparency_in_Coverage_PUF.xlsx,27379dc76590027b0e6d21d736331f87376f0ac87810d68e9f7cca555eef4b1f
4736,96751NH0160016,328,19,SHOP,HMO,QHP,Gold,Transparency 2026 - SHOP,102,Transparency_in_Coverage_PUF.xlsx,27379dc76590027b0e6d21d736331f87376f0ac87810d68e9f7cca555eef4b1f
4737,96751NH0160017,328,19,SHOP,HMO,QHP,Silver,Transparency 2026 - SHOP,103,Transparency_in_Coverage_PUF.xlsx,27379dc76590027b0e6d21d736331f87376f0ac87810d68e9f7cca555eef4b1f
4738,96751NH0160018,328,19,SHOP,HMO,QHP,Silver,Transparency 2026 - SHOP,104,Transparency_in_Coverage_PUF.xlsx,27379dc76590027b0e6d21d736331f87376f0ac87810d68e9f7cca555eef4b1f
4739,96751NH0160019,328,19,SHOP,HMO,QHP,Silver,Transparency 2026 - SHOP,105,Transparency_in_Coverage_PUF.xlsx,27379dc76590027b0e6d21d736331f87376f0ac87810d68e9f7cca555eef4b1f
4740,96751NH0160027,328,19,SHOP,HMO,QHP,Silver,Transparency 2026 - SHOP,106,Transparency_in_Coverage_PUF.xlsx,27379dc76590027b0e6d21d736331f87376f0ac87810d68e9f7cca555eef4b1f
4741,96751NH0160030,328,19,SHOP,HMO,QHP,Bronze,Transparency 2026 - SHOP,107,Transparency_in_Coverage_PUF.xlsx,27379dc76590027b0e6d21d736331f87376f0ac87810d68e9f7cca555eef4b1f
4742,96751NH0160032,328,19,SHOP,HMO,QHP,Gold,Transparency 2026 - SHOP,108,Transparency_in_Coverage_PUF.xlsx,27379dc76590027b0e6d21d736331f87376f0ac87810d68e9f7cca555eef4b1f
4743,96751NH0160033,328,19,SHOP,HMO,QHP,Gold,Transparency 2026 - SHOP,109,Transparency_in_Coverage_PUF.xlsx,27379dc76590027b0e6d21d736331f87376f0ac87810d68e9f7cca555eef4b1f
4744,96751NH0160037,328,19,SHOP,HMO,QHP,Bronze,Transparency 2026 - SHOP,110,Transparency_in_Coverage_PUF.xlsx,27379dc76590027b0e6d21d736331f87376f0ac87810d68e9f7cca555eef4b1f
4745,96751NH0160038,328,19,SHOP,HMO,QHP,Bronze,Transparency 2026 - SHOP,111,Transparency_in_Coverage_PUF.xlsx,27379dc76590027b0e6d21d736331f87376f0ac87810d68e9f7cca555eef4b1f
4746,96751NH0160039,328,19,SHOP,HMO,QHP,Gold,Transparency 2026 - SHOP,112,Transparency_in_Coverage_PUF.xlsx,27379dc76590027b0e6d21d736331f87376f0ac87810d68e9f7cca555eef4b1f
4747,96751NH0160041,328,19,SHOP,HMO,QHP,Gold,Transparency 2026 - SHOP,113,Transparency_in_Coverage_PUF.xlsx,27379dc76590027b0e6d21d736331f87376f0ac87810d68e9f7cca555eef4b1f
4748,96751NH0160042,328,19,SHOP,HMO,QHP,Gold,Transparency 2026 - SHOP,114,Transparency_in_Coverage_PUF.xlsx,27379dc76590027b0e6d21d736331f87376f0ac87810d68e9f7cca555eef4b1f
4749,96751NH0160043,328,19,SHOP,HMO,QHP,Gold,Transparency 2026 - SHOP,115,Transparency_in_Coverage_PUF.xlsx,27379dc76590027b0e6d21d736331f87376f0ac87810d68e9f7cca555eef4b1f
4750,96751NH0160044,328,19,SHOP,HMO,QHP,Gold,Transparency 2026 - SHOP,116,Transparency_in_Coverage_PUF.xlsx,27379dc76590027b0e6d21d736331f87376f0ac87810d68e9f7cca555eef4b1f
4751,96751NH0160048,328,19,SHOP,HMO,QHP,Silver,Transparency 2026 - SHOP,117,Transparency_in_Coverage_PUF.xlsx,27379dc76590027b0e6d21d736331f87376f0ac87810d68e9f7cca555eef4b1f
4752,96751NH0160049,328,19,SHOP,HMO,QHP,Silver,Transparency 2026 - SHOP,118,Transparency_in_Coverage_PUF.xlsx,27379dc76590027b0e6d21d736331f87376f0ac87810d68e9f7cca555eef4b1f
4753,96751NH0160050,328,19,SHOP,HMO,QHP,Silver,Transparency 2026 - SHOP,119,Transparency_in_Coverage_PUF.xlsx,27379dc76590027b0e6d21d736331f87376f0ac87810d68e9f7cca555eef4b1f
4754,96751NH0160051,328,19,SHOP,HMO,QHP,Silver,Transparency 2026 - SHOP,120,Transparency_in_Coverage_PUF.xlsx,27379dc76590027b0e6d21d736331f87376f0ac87810d68e9f7cca555eef4b1f
4755,96751NH0160052,328,19,SHOP,HMO,QHP,Silver,Transparency 2026 - SHOP,121,Transparency_in_Coverage_PUF.xlsx,27379dc76590027b0e6d21d736331f87376f0ac87810d68e9f7cca555eef4b1f
4756,96751NH0160055,328,19,SHOP,HMO,QHP,Silver,Transparency 2026 - SHOP,122,Transparency_in_Coverage_PUF.xlsx,27379dc76590027b0e6d21d736331f87376f0ac87810d68e9f7cca555eef4b1f
4757,96751NH0160065,328,19,SHOP,HMO,QHP,Gold,Transparency 2026 - SHOP,123,Transparency_in_Coverage_PUF.xlsx,27379dc76590027b0e6d21d736331f87376f0ac87810d68e9f7cca555eef4b1f
4758,96751NH0160066,328,19,SHOP,HMO,QHP,Silver,Transparency 2026 - SHOP,124,Transparency_in_Coverage_PUF.xlsx,27379dc76590027b0e6d21d736331f87376f0ac87810d68e9f7cca555eef4b1f
4759,96751NH0160068,328,19,SHOP,HMO,QHP,Silver,Transparency 2026 - SHOP,125,Transparency_in_Coverage_PUF.xlsx,27379dc76590027b0e6d21d736331f87376f0ac87810d68e9f7cca555eef4b1f
4760,96751NH0160069,328,19,SHOP,HMO,QHP,Gold,Transparency 2026 - SHOP,126,Transparency_in_Coverage_PUF.xlsx,27379dc76590027b0e6d21d736331f87376f0ac87810d68e9f7cca555eef4b1f
4761,96751NH0160073,328,19,SHOP,HMO,QHP,Silver,Transparency 2026 - SHOP,127,Transparency_in_Coverage_PUF.xlsx,27379dc76590027b0e6d21d736331f87376f0ac87810d68e9f7cca555eef4b1f
4762,96751NH0160074,328,19,SHOP,HMO,QHP,Silver,Transparency 2026 - SHOP,128,Transparency_in_Coverage_PUF.xlsx,27379dc76590027b0e6d21d736331f87376f0ac87810d68e9f7cca555eef4b1f
4763,96751NH0160075,328,19,SHOP,HMO,QHP,Silver,Transparency 2026 - SHOP,129,Transparency_in_Coverage_PUF.xlsx,27379dc76590027b0e6d21d736331f87376f0ac87810d68e9f7cca555eef4b1f
4764,96751NH0160076,328,19,SHOP,HMO,QHP,Silver,Transparency 2026 - SHOP,130,Transparency_in_Coverage_PUF.xlsx,27379dc76590027b0e6d21d736331f87376f0ac87810d68e9f7cca555eef4b1f
4765,96751NH0160081,328,19,SHOP,HMO,QHP,Silver,Transparency 2026 - SHOP,131,Transparency_in_Coverage_PUF.xlsx,27379dc76590027b0e6d21d736331f87376f0ac87810d68e9f7cca555eef4b1f
4766,96751NH0160083,328,19,SHOP,HMO,QHP,Silver,Transparency 2026 - SHOP,132,Transparency_in_Coverage_PUF.xlsx,27379dc76590027b0e6d21d736331f87376f0ac87810d68e9f7cca555eef4b1f
4767,96751NH0160084,328,19,SHOP,HMO,QHP,Silver,Transparency 2026 - SHOP,133,Transparency_in_Coverage_PUF.xlsx,27379dc76590027b0e6d21d736331f87376f0ac87810d68e9f7cca555eef4b1f
4768,96751NH0160085,328,19,SHOP,HMO,QHP,Silver,Transparency 2026 - SHOP,134,Transparency_in_Coverage_PUF.xlsx,27379dc76590027b0e6d21d736331f87376f0ac87810d68e9f7cca555eef4b1f
4769,96751NH0160087,328,19,SHOP,HMO,QHP,Platinum,Transparency 2026 - SHOP,135,Transparency_in_Coverage_PUF.xlsx,27379dc76590027b0e6d21d736331f87376f0ac87810d68e9f7cca555eef4b1f
4770,96751NH0160091,328,19,SHOP,HMO,QHP,Silver,Transparency 2026 - SHOP,136,Transparency_in_Coverage_PUF.xlsx,27379dc76590027b0e6d21d736331f87376f0ac87810d68e9f7cca555eef4b1f
4771,96751NH0160092,328,19,SHOP,HMO,QHP,Silver,Transparency 2026 - SHOP,137,Transparency_in_Coverage_PUF.xlsx,27379dc76590027b0e6d21d736331f87376f0ac87810d68e9f7cca555eef4b1f
4772,96751NH0160094,328,19,SHOP,HMO,QHP,Silver,Transparency 2026 - SHOP,138,Transparency_in_Coverage_PUF.xlsx,27379dc76590027b0e6d21d736331f87376f0ac87810d68e9f7cca555eef4b1f
4773,96751NH0160096,328,19,SHOP,HMO,QHP,Silver,Transparency 2026 - SHOP,139,Transparency_in_Coverage_PUF.xlsx,27379dc76590027b0e6d21d736331f87376f0ac87810d68e9f7cca555eef4b1f
4774,96751NH0160097,328,19,SHOP,HMO,QHP,Platinum,Transparency 2026 - SHOP,140,Transparency_in_Coverage_PUF.xlsx,27379dc76590027b0e6d21d736331f87376f0ac87810d68e9f7cca555eef4b1f
4775,96751NH0160098,328,19,SHOP,HMO,QHP,Silver,Transparency 2026 - SHOP,141,Transparency_in_Coverage_PUF.xlsx,27379dc76590027b0e6d21d736331f87376f0ac87810d68e9f7cca555eef4b1f
4776,96751NH0160099,328,19,SHOP,HMO,QHP,Silver,Transparency 2026 - SHOP,142,Transparency_in_Coverage_PUF.xlsx,27379dc76590027b0e6d21d736331f87376f0ac87810d68e9f7cca555eef4b1f
4777,96751NH0160100,328,19,SHOP,HMO,QHP,Gold,Transparency 2026 - SHOP,143,Transparency_in_Coverage_PUF.xlsx,27379dc76590027b0e6d21d736331f87376f0ac87810d68e9f7cca555eef4b1f
4778,96751NH0160101,328,19,SHOP,HMO,QHP,Gold,Transparency 2026 - SHOP,144,Transparency_in_Coverage_PUF.xlsx,27379dc76590027b0e6d21d736331f87376f0ac87810d68e9f7cca555eef4b1f
4779,96751NH0160102,328,19,SHOP,HMO,QHP,Bronze,Transparency 2026 - SHOP,145,Transparency_in_Coverage_PUF.xlsx,27379dc76590027b0e6d21d736331f87376f0ac87810d68e9f7cca555eef4b1f
4780,96751NH0160103,328,19,SHOP,HMO,QHP,Bronze,Transparency 2026 - SHOP,146,Transparency_in_Coverage_PUF.xlsx,27379dc76590027b0e6d21d736331f87376f0ac87810d68e9f7cca555eef4b1f
4781,96751NH0160106,328,19,SHOP,HMO,QHP,Bronze,Transparency 2026 - SHOP,147,Transparency_in_Coverage_PUF.xlsx,27379dc76590027b0e6d21d736331f87376f0ac87810d68e9f7cca555eef4b1f
4782,96751NH0160107,328,19,SHOP,HMO,QHP,Bronze,Transparency 2026 - SHOP,148,Transparency_in_Coverage_PUF.xlsx,27379dc76590027b0e6d21d736331f87376f0ac87810d68e9f7cca555eef4b1f
4783,97176LA0340010,329,11,Individual,PPO,QHP,Silver,Transparency 2026 - Ind QHP,4030,Transparency_in_Coverage_PUF.xlsx,27379dc76590027b0e6d21d736331f87376f0ac87810d68e9f7cca555eef4b1f
4784,97176LA0340015,329,11,Individual,PPO,QHP,Gold,Transparency 2026 - Ind QHP,4031,Transparency_in_Coverage_PUF.xlsx,27379dc76590027b0e6d21d736331f87376f0ac87810d68e9f7cca555eef4b1f
4785,97176LA0340017,329,11,Individual,PPO,QHP,Bronze,Transparency 2026 - Ind QHP,4032,Transparency_in_Coverage_PUF.xlsx,27379dc76590027b0e6d21d736331f87376f0ac87810d68e9f7cca555eef4b1f
4786,97176LA0340022,329,11,Individual,PPO,QHP,Gold,Transparency 2026 - Ind QHP,4033,Transparency_in_Coverage_PUF.xlsx,27379dc76590027b0e6d21d736331f87376f0ac87810d68e9f7cca555eef4b1f
4787,97176LA0340023,329,11,Individual,PPO,QHP,Silver,Transparency 2026 - Ind QHP,4034,Transparency_in_Coverage_PUF.xlsx,27379dc76590027b0e6d21d736331f87376f0ac87810d68e9f7cca555eef4b1f
4788,97176LA0340024,329,11,Individual,PPO,QHP,Bronze,Transparency 2026 - Ind QHP,4035,Transparency_in_Coverage_PUF.xlsx,27379dc76590027b0e6d21d736331f87376f0ac87810d68e9f7cca555eef4b1f
4789,97176LA0350003,329,11,Individual,PPO,QHP,Silver,Transparency 2026 - Ind QHP,4036,Transparency_in_Coverage_PUF.xlsx,27379dc76590027b0e6d21d736331f87376f0ac87810d68e9f7cca555eef4b1f
4790,97176LA0350004,329,11,Individual,PPO,QHP,Bronze,Transparency 2026 - Ind QHP,4037,Transparency_in_Coverage_PUF.xlsx,27379dc76590027b0e6d21d736331f87376f0ac87810d68e9f7cca555eef4b1f
4791,97176LA0390001,329,11,Individual,PPO,SADP,High,Transparency 2026 - Ind SADP,615,Transparency_in_Coverage_PUF.xlsx,27379dc76590027b0e6d21d736331f87376f0ac87810d68e9f7cca555eef4b1f
4792,97176LA0390002,329,11,Individual,PPO,SADP,High,Transparency 2026 - Ind SADP,616,Transparency_in_Coverage_PUF.xlsx,27379dc76590027b0e6d21d736331f87376f0ac87810d68e9f7cca555eef4b1f
4793,97176LA0390003,329,11,Individual,PPO,SADP,High,Transparency 2026 - Ind SADP,617,Transparency_in_Coverage_PUF.xlsx,27379dc76590027b0e6d21d736331f87376f0ac87810d68e9f7cca555eef4b1f
4794,97325SC0060003,330,23,Individual,PPO,SADP,High,Transparency 2026 - Ind SADP,618,Transparency_in_Coverage_PUF.xlsx,27379dc76590027b0e6d21d736331f87376f0ac87810d68e9f7cca555eef4b1f
4795,97325SC0060004,330,23,Individual,PPO,SADP,Low,Transparency 2026 - Ind SADP,619,Transparency_in_Coverage_PUF.xlsx,27379dc76590027b0e6d21d736331f87376f0ac87810d68e9f7cca555eef4b1f
4796,97325SC0070003,330,23,Individual,PPO,SADP,High,Transparency 2026 - Ind SADP,620,Transparency_in_Coverage_PUF.xlsx,27379dc76590027b0e6d21d736331f87376f0ac87810d68e9f7cca555eef4b1f
4797,97325SC0070004,330,23,Individual,PPO,SADP,Low,Transparency 2026 - Ind SADP,621,Transparency_in_Coverage_PUF.xlsx,27379dc76590027b0e6d21d736331f87376f0ac87810d68e9f7cca555eef4b1f
4798,97325SC0090001,330,23,Individual,PPO,SADP,Low,Transparency 2026 - Ind SADP,622,Transparency_in_Coverage_PUF.xlsx,27379dc76590027b0e6d21d736331f87376f0ac87810d68e9f7cca555eef4b1f
4799,97462UT0090001,331,27,Individual,EPO,SADP,High,Transparency 2026 - Ind SADP,623,Transparency_in_Coverage_PUF.xlsx,27379dc76590027b0e6d21d736331f87376f0ac87810d68e9f7cca555eef4b1f
4800,97462UT0100001,331,27,Individual,PPO,SADP,High,Transparency 2026 - Ind SADP,624,Transparency_in_Coverage_PUF.xlsx,27379dc76590027b0e6d21d736331f87376f0ac87810d68e9f7cca555eef4b1f
4801,97536TN0010001,332,25,Individual,PPO,SADP,High,Transparency 2026 - Ind SADP,625,Transparency_in_Coverage_PUF.xlsx,27379dc76590027b0e6d21d736331f87376f0ac87810d68e9f7cca555eef4b1f
4802,97536TN0010002,332,25,Individual,PPO,SADP,Low,Transparency 2026 - Ind SADP,626,Transparency_in_Coverage_PUF.xlsx,27379dc76590027b0e6d21d736331f87376f0ac87810d68e9f7cca555eef4b1f
4803,97536TN0010003,332,25,Individual,PPO,SADP,Low,Transparency 2026 - Ind SADP,627,Transparency_in_Coverage_PUF.xlsx,27379dc76590027b0e6d21d736331f87376f0ac87810d68e9f7cca555eef4b1f
4804,97536TN0010004,332,25,Individual,PPO,SADP,Low,Transparency 2026 - Ind SADP,628,Transparency_in_Coverage_PUF.xlsx,27379dc76590027b0e6d21d736331f87376f0ac87810d68e9f7cca555eef4b1f
4805,97560MS0030014,333,14,Individual,HMO,QHP,Gold,Transparency 2026 - Ind QHP,4038,Transparency_in_Coverage_PUF.xlsx,27379dc76590027b0e6d21d736331f87376f0ac87810d68e9f7cca555eef4b1f
4806,97560MS0030018,333,14,Individual,HMO,QHP,Silver,Transparency 2026 - Ind QHP,4039,Transparency_in_Coverage_PUF.xlsx,27379dc76590027b0e6d21d736331f87376f0ac87810d68e9f7cca555eef4b1f
4807,97560MS0030021,333,14,Individual,HMO,QHP,Silver,Transparency 2026 - Ind QHP,4040,Transparency_in_Coverage_PUF.xlsx,27379dc76590027b0e6d21d736331f87376f0ac87810d68e9f7cca555eef4b1f
4808,97560MS0030025,333,14,Individual,HMO,QHP,Bronze,Transparency 2026 - Ind QHP,4041,Transparency_in_Coverage_PUF.xlsx,27379dc76590027b0e6d21d736331f87376f0ac87810d68e9f7cca555eef4b1f
4809,97560MS0030028,333,14,Individual,HMO,QHP,Bronze,Transparency 2026 - Ind QHP,4042,Transparency_in_Coverage_PUF.xlsx,27379dc76590027b0e6d21d736331f87376f0ac87810d68e9f7cca555eef4b1f
4810,97560MS0030029,333,14,Individual,HMO,QHP,Silver,Transparency 2026 - Ind QHP,4043,Transparency_in_Coverage_PUF.xlsx,27379dc76590027b0e6d21d736331f87376f0ac87810d68e9f7cca555eef4b1f
4811,97560MS0030031,333,14,Individual,HMO,QHP,Gold,Transparency 2026 - Ind QHP,4044,Transparency_in_Coverage_PUF.xlsx,27379dc76590027b0e6d21d736331f87376f0ac87810d68e9f7cca555eef4b1f
4812,97560MS0030032,333,14,Individual,HMO,QHP,Gold,Transparency 2026 - Ind QHP,4045,Transparency_in_Coverage_PUF.xlsx,27379dc76590027b0e6d21d736331f87376f0ac87810d68e9f7cca555eef4b1f
4813,97560MS0030033,333,14,Individual,HMO,QHP,Bronze,Transparency 2026 - Ind QHP,4046,Transparency_in_Coverage_PUF.xlsx,27379dc76590027b0e6d21d736331f87376f0ac87810d68e9f7cca555eef4b1f
4814,97560MS0080001,333,14,Individual,HMO,QHP,Silver,Transparency 2026 - Ind QHP,4047,Transparency_in_Coverage_PUF.xlsx,27379dc76590027b0e6d21d736331f87376f0ac87810d68e9f7cca555eef4b1f
4815,97560MS0080002,333,14,Individual,HMO,QHP,Silver,Transparency 2026 - Ind QHP,4048,Transparency_in_Coverage_PUF.xlsx,27379dc76590027b0e6d21d736331f87376f0ac87810d68e9f7cca555eef4b1f
4816,97560MS0080003,333,14,Individual,HMO,QHP,Gold,Transparency 2026 - Ind QHP,4049,Transparency_in_Coverage_PUF.xlsx,27379dc76590027b0e6d21d736331f87376f0ac87810d68e9f7cca555eef4b1f
4817,97560MS0080004,333,14,Individual,HMO,QHP,Gold,Transparency 2026 - Ind QHP,4050,Transparency_in_Coverage_PUF.xlsx,27379dc76590027b0e6d21d736331f87376f0ac87810d68e9f7cca555eef4b1f
4818,97560MS0080006,333,14,Individual,HMO,QHP,Bronze,Transparency 2026 - Ind QHP,4051,Transparency_in_Coverage_PUF.xlsx,27379dc76590027b0e6d21d736331f87376f0ac87810d68e9f7cca555eef4b1f
4819,97560MS0080007,333,14,Individual,HMO,QHP,Bronze,Transparency 2026 - Ind QHP,4052,Transparency_in_Coverage_PUF.xlsx,27379dc76590027b0e6d21d736331f87376f0ac87810d68e9f7cca555eef4b1f
4820,97596OH0580003,334,20,Individual,PPO,SADP,Low,Transparency 2026 - Ind SADP,629,Transparency_in_Coverage_PUF.xlsx,27379dc76590027b0e6d21d736331f87376f0ac87810d68e9f7cca555eef4b1f
4821,97667AZ0110013,335,4,Individual,HMO,QHP,Silver,Transparency 2026 - Ind QHP,4053,Transparency_in_Coverage_PUF.xlsx,27379dc76590027b0e6d21d736331f87376f0ac87810d68e9f7cca555eef4b1f
4822,97667AZ0110014,335,4,Individual,HMO,QHP,Bronze,Transparency 2026 - Ind QHP,4054,Transparency_in_Coverage_PUF.xlsx,27379dc76590027b0e6d21d736331f87376f0ac87810d68e9f7cca555eef4b1f
4823,97667AZ0110016,335,4,Individual,HMO,QHP,Bronze,Transparency 2026 - Ind QHP,4055,Transparency_in_Coverage_PUF.xlsx,27379dc76590027b0e6d21d736331f87376f0ac87810d68e9f7cca555eef4b1f
4824,97667AZ0110018,335,4,Individual,HMO,QHP,Silver,Transparency 2026 - Ind QHP,4056,Transparency_in_Coverage_PUF.xlsx,27379dc76590027b0e6d21d736331f87376f0ac87810d68e9f7cca555eef4b1f
4825,97667AZ0110019,335,4,Individual,HMO,QHP,Gold,Transparency 2026 - Ind QHP,4057,Transparency_in_Coverage_PUF.xlsx,27379dc76590027b0e6d21d736331f87376f0ac87810d68e9f7cca555eef4b1f
4826,97667AZ0110032,335,4,Individual,HMO,QHP,Bronze,Transparency 2026 - Ind QHP,4058,Transparency_in_Coverage_PUF.xlsx,27379dc76590027b0e6d21d736331f87376f0ac87810d68e9f7cca555eef4b1f
4827,97667AZ0110034,335,4,Individual,HMO,QHP,Silver,Transparency 2026 - Ind QHP,4059,Transparency_in_Coverage_PUF.xlsx,27379dc76590027b0e6d21d736331f87376f0ac87810d68e9f7cca555eef4b1f
4828,97667AZ0110035,335,4,Individual,HMO,QHP,Gold,Transparency 2026 - Ind QHP,4060,Transparency_in_Coverage_PUF.xlsx,27379dc76590027b0e6d21d736331f87376f0ac87810d68e9f7cca555eef4b1f
4829,97667AZ0110037,335,4,Individual,HMO,QHP,Gold,Transparency 2026 - Ind QHP,4061,Transparency_in_Coverage_PUF.xlsx,27379dc76590027b0e6d21d736331f87376f0ac87810d68e9f7cca555eef4b1f
4830,97667AZ0110038,335,4,Individual,HMO,QHP,Gold,Transparency 2026 - Ind QHP,4062,Transparency_in_Coverage_PUF.xlsx,27379dc76590027b0e6d21d736331f87376f0ac87810d68e9f7cca555eef4b1f
4831,97667AZ0110039,335,4,Individual,HMO,QHP,Silver,Transparency 2026 - Ind QHP,4063,Transparency_in_Coverage_PUF.xlsx,27379dc76590027b0e6d21d736331f87376f0ac87810d68e9f7cca555eef4b1f
4832,97667AZ0110040,335,4,Individual,HMO,QHP,Silver,Transparency 2026 - Ind QHP,4064,Transparency_in_Coverage_PUF.xlsx,27379dc76590027b0e6d21d736331f87376f0ac87810d68e9f7cca555eef4b1f
4833,97667AZ0110041,335,4,Individual,HMO,QHP,Silver,Transparency 2026 - Ind QHP,4065,Transparency_in_Coverage_PUF.xlsx,27379dc76590027b0e6d21d736331f87376f0ac87810d68e9f7cca555eef4b1f
4834,97667AZ0110042,335,4,Individual,HMO,QHP,Bronze,Transparency 2026 - Ind QHP,4066,Transparency_in_Coverage_PUF.xlsx,27379dc76590027b0e6d21d736331f87376f0ac87810d68e9f7cca555eef4b1f
4835,97667AZ0110043,335,4,Individual,HMO,QHP,Bronze,Transparency 2026 - Ind QHP,4067,Transparency_in_Coverage_PUF.xlsx,27379dc76590027b0e6d21d736331f87376f0ac87810d68e9f7cca555eef4b1f
4836,97667AZ0110044,335,4,Individual,HMO,QHP,Bronze,Transparency 2026 - Ind QHP,4068,Transparency_in_Coverage_PUF.xlsx,27379dc76590027b0e6d21d736331f87376f0ac87810d68e9f7cca555eef4b1f
4837,97725FL0010004,336,6,Individual,PPO,SADP,High,Transparency 2026 - Ind SADP,630,Transparency_in_Coverage_PUF.xlsx,27379dc76590027b0e6d21d736331f87376f0ac87810d68e9f7cca555eef4b1f
4838,97725FL0010006,336,6,Individual,PPO,SADP,Low,Transparency 2026 - Ind SADP,631,Transparency_in_Coverage_PUF.xlsx,27379dc76590027b0e6d21d736331f87376f0ac87810d68e9f7cca555eef4b1f
4839,97725FL0010007,336,6,Individual,PPO,SADP,Low,Transparency 2026 - Ind SADP,632,Transparency_in_Coverage_PUF.xlsx,27379dc76590027b0e6d21d736331f87376f0ac87810d68e9f7cca555eef4b1f
4840,97725FL0030004,336,6,Individual,HMO,SADP,High,Transparency 2026 - Ind SADP,633,Transparency_in_Coverage_PUF.xlsx,27379dc76590027b0e6d21d736331f87376f0ac87810d68e9f7cca555eef4b1f
4841,97725FL0030006,336,6,Individual,HMO,SADP,Low,Transparency 2026 - Ind SADP,634,Transparency_in_Coverage_PUF.xlsx,27379dc76590027b0e6d21d736331f87376f0ac87810d68e9f7cca555eef4b1f
4842,98048NE0070004,337,18,Individual,PPO,SADP,Low,Transparency 2026 - Ind SADP,635,Transparency_in_Coverage_PUF.xlsx,27379dc76590027b0e6d21d736331f87376f0ac87810d68e9f7cca555eef4b1f
4843,98048NE0080004,337,18,Individual,PPO,SADP,Low,Transparency 2026 - Ind SADP,636,Transparency_in_Coverage_PUF.xlsx,27379dc76590027b0e6d21d736331f87376f0ac87810d68e9f7cca555eef4b1f
4844,98048NE0090004,337,18,Individual,PPO,SADP,Low,Transparency 2026 - Ind SADP,637,Transparency_in_Coverage_PUF.xlsx,27379dc76590027b0e6d21d736331f87376f0ac87810d68e9f7cca555eef4b1f
4845,98048NE0100004,337,18,Individual,PPO,SADP,Low,Transparency 2026 - Ind SADP,638,Transparency_in_Coverage_PUF.xlsx,27379dc76590027b0e6d21d736331f87376f0ac87810d68e9f7cca555eef4b1f
4846,98113UT0010001,338,27,Individual,HMO,QHP,Bronze,Transparency 2026 - Ind QHP,4069,Transparency_in_Coverage_PUF.xlsx,27379dc76590027b0e6d21d736331f87376f0ac87810d68e9f7cca555eef4b1f
4847,98113UT0010002,338,27,Individual,HMO,QHP,Silver,Transparency 2026 - Ind QHP,4070,Transparency_in_Coverage_PUF.xlsx,27379dc76590027b0e6d21d736331f87376f0ac87810d68e9f7cca555eef4b1f
4848,98113UT0010003,338,27,Individual,HMO,QHP,Gold,Transparency 2026 - Ind QHP,4071,Transparency_in_Coverage_PUF.xlsx,27379dc76590027b0e6d21d736331f87376f0ac87810d68e9f7cca555eef4b1f
4849,98113UT0020001,338,27,Individual,HMO,QHP,Silver,Transparency 2026 - Ind QHP,4072,Transparency_in_Coverage_PUF.xlsx,27379dc76590027b0e6d21d736331f87376f0ac87810d68e9f7cca555eef4b1f
4850,98113UT0020002,338,27,Individual,HMO,QHP,Gold,Transparency 2026 - Ind QHP,4073,Transparency_in_Coverage_PUF.xlsx,27379dc76590027b0e6d21d736331f87376f0ac87810d68e9f7cca555eef4b1f
4851,98185MI0180005,339,12,Individual,HMO,QHP,Silver,Transparency 2026 - Ind QHP,4074,Transparency_in_Coverage_PUF.xlsx,27379dc76590027b0e6d21d736331f87376f0ac87810d68e9f7cca555eef4b1f
4852,98185MI0180009,339,12,Individual,HMO,QHP,Gold,Transparency 2026 - Ind QHP,4075,Transparency_in_Coverage_PUF.xlsx,27379dc76590027b0e6d21d736331f87376f0ac87810d68e9f7cca555eef4b1f
4853,98185MI0180015,339,12,Individual,HMO,QHP,Silver,Transparency 2026 - Ind QHP,4076,Transparency_in_Coverage_PUF.xlsx,27379dc76590027b0e6d21d736331f87376f0ac87810d68e9f7cca555eef4b1f
4854,98185MI0180024,339,12,Individual,HMO,QHP,Catastrophic,Transparency 2026 - Ind QHP,4077,Transparency_in_Coverage_PUF.xlsx,27379dc76590027b0e6d21d736331f87376f0ac87810d68e9f7cca555eef4b1f
4855,98185MI0180026,339,12,Individual,HMO,QHP,Silver,Transparency 2026 - Ind QHP,4078,Transparency_in_Coverage_PUF.xlsx,27379dc76590027b0e6d21d736331f87376f0ac87810d68e9f7cca555eef4b1f
4856,98185MI0180028,339,12,Individual,HMO,QHP,Bronze,Transparency 2026 - Ind QHP,4079,Transparency_in_Coverage_PUF.xlsx,27379dc76590027b0e6d21d736331f87376f0ac87810d68e9f7cca555eef4b1f
4857,98185MI0180029,339,12,Individual,HMO,QHP,Bronze,Transparency 2026 - Ind QHP,4080,Transparency_in_Coverage_PUF.xlsx,27379dc76590027b0e6d21d736331f87376f0ac87810d68e9f7cca555eef4b1f
4858,98185MI0180032,339,12,Individual,HMO,QHP,Bronze,Transparency 2026 - Ind QHP,4081,Transparency_in_Coverage_PUF.xlsx,27379dc76590027b0e6d21d736331f87376f0ac87810d68e9f7cca555eef4b1f
4859,98185MI0440006,339,12,Individual,HMO,QHP,Bronze,Transparency 2026 - Ind QHP,4082,Transparency_in_Coverage_PUF.xlsx,27379dc76590027b0e6d21d736331f87376f0ac87810d68e9f7cca555eef4b1f
4860,98185MI0440015,339,12,Individual,HMO,QHP,Catastrophic,Transparency 2026 - Ind QHP,4083,Transparency_in_Coverage_PUF.xlsx,27379dc76590027b0e6d21d736331f87376f0ac87810d68e9f7cca555eef4b1f
4861,98185MI0440016,339,12,Individual,HMO,QHP,Silver,Transparency 2026 - Ind QHP,4084,Transparency_in_Coverage_PUF.xlsx,27379dc76590027b0e6d21d736331f87376f0ac87810d68e9f7cca555eef4b1f
4862,98185MI0440017,339,12,Individual,HMO,QHP,Silver,Transparency 2026 - Ind QHP,4085,Transparency_in_Coverage_PUF.xlsx,27379dc76590027b0e6d21d736331f87376f0ac87810d68e9f7cca555eef4b1f
4863,98185MI0440019,339,12,Individual,HMO,QHP,Bronze,Transparency 2026 - Ind QHP,4086,Transparency_in_Coverage_PUF.xlsx,27379dc76590027b0e6d21d736331f87376f0ac87810d68e9f7cca555eef4b1f
4864,98185MI0550001,339,12,Individual,HMO,QHP,Silver,Transparency 2026 - Ind QHP,4087,Transparency_in_Coverage_PUF.xlsx,27379dc76590027b0e6d21d736331f87376f0ac87810d68e9f7cca555eef4b1f
4865,98185MI0550002,339,12,Individual,HMO,QHP,Silver,Transparency 2026 - Ind QHP,4088,Transparency_in_Coverage_PUF.xlsx,27379dc76590027b0e6d21d736331f87376f0ac87810d68e9f7cca555eef4b1f
4866,98185MI0550018,339,12,Individual,HMO,QHP,Gold,Transparency 2026 - Ind QHP,4089,Transparency_in_Coverage_PUF.xlsx,27379dc76590027b0e6d21d736331f87376f0ac87810d68e9f7cca555eef4b1f
4867,98185MI0550019,339,12,Individual,HMO,QHP,Silver,Transparency 2026 - Ind QHP,4090,Transparency_in_Coverage_PUF.xlsx,27379dc76590027b0e6d21d736331f87376f0ac87810d68e9f7cca555eef4b1f
4868,98185MI0550020,339,12,Individual,HMO,QHP,Bronze,Transparency 2026 - Ind QHP,4091,Transparency_in_Coverage_PUF.xlsx,27379dc76590027b0e6d21d736331f87376f0ac87810d68e9f7cca555eef4b1f
4869,98185MI0550022,339,12,Individual,HMO,QHP,Bronze,Transparency 2026 - Ind QHP,4092,Transparency_in_Coverage_PUF.xlsx,27379dc76590027b0e6d21d736331f87376f0ac87810d68e9f7cca555eef4b1f
4870,98185MI0550023,339,12,Individual,HMO,QHP,Bronze,Transparency 2026 - Ind QHP,4093,Transparency_in_Coverage_PUF.xlsx,27379dc76590027b0e6d21d736331f87376f0ac87810d68e9f7cca555eef4b1f
4871,98780LA0220001,340,11,Individual,HMO,QHP,Bronze,Transparency 2026 - Ind QHP,4094,Transparency_in_Coverage_PUF.xlsx,27379dc76590027b0e6d21d736331f87376f0ac87810d68e9f7cca555eef4b1f
4872,98780LA0220002,340,11,Individual,HMO,QHP,Bronze,Transparency 2026 - Ind QHP,4095,Transparency_in_Coverage_PUF.xlsx,27379dc76590027b0e6d21d736331f87376f0ac87810d68e9f7cca555eef4b1f
4873,98780LA0220003,340,11,Individual,HMO,QHP,Bronze,Transparency 2026 - Ind QHP,4096,Transparency_in_Coverage_PUF.xlsx,27379dc76590027b0e6d21d736331f87376f0ac87810d68e9f7cca555eef4b1f
4874,98780LA0220004,340,11,Individual,HMO,QHP,Bronze,Transparency 2026 - Ind QHP,4097,Transparency_in_Coverage_PUF.xlsx,27379dc76590027b0e6d21d736331f87376f0ac87810d68e9f7cca555eef4b1f
4875,98780LA0220005,340,11,Individual,HMO,QHP,Bronze,Transparency 2026 - Ind QHP,4098,Transparency_in_Coverage_PUF.xlsx,27379dc76590027b0e6d21d736331f87376f0ac87810d68e9f7cca555eef4b1f
4876,98780LA0220006,340,11,Individual,HMO,QHP,Silver,Transparency 2026 - Ind QHP,4099,Transparency_in_Coverage_PUF.xlsx,27379dc76590027b0e6d21d736331f87376f0ac87810d68e9f7cca555eef4b1f
4877,98780LA0220007,340,11,Individual,HMO,QHP,Silver,Transparency 2026 - Ind QHP,4100,Transparency_in_Coverage_PUF.xlsx,27379dc76590027b0e6d21d736331f87376f0ac87810d68e9f7cca555eef4b1f
4878,98780LA0220008,340,11,Individual,HMO,QHP,Silver,Transparency 2026 - Ind QHP,4101,Transparency_in_Coverage_PUF.xlsx,27379dc76590027b0e6d21d736331f87376f0ac87810d68e9f7cca555eef4b1f
4879,98780LA0220009,340,11,Individual,HMO,QHP,Silver,Transparency 2026 - Ind QHP,4102,Transparency_in_Coverage_PUF.xlsx,27379dc76590027b0e6d21d736331f87376f0ac87810d68e9f7cca555eef4b1f
4880,98780LA0220010,340,11,Individual,HMO,QHP,Silver,Transparency 2026 - Ind QHP,4103,Transparency_in_Coverage_PUF.xlsx,27379dc76590027b0e6d21d736331f87376f0ac87810d68e9f7cca555eef4b1f
4881,98780LA0220011,340,11,Individual,HMO,QHP,Gold,Transparency 2026 - Ind QHP,4104,Transparency_in_Coverage_PUF.xlsx,27379dc76590027b0e6d21d736331f87376f0ac87810d68e9f7cca555eef4b1f
4882,98780LA0220012,340,11,Individual,HMO,QHP,Gold,Transparency 2026 - Ind QHP,4105,Transparency_in_Coverage_PUF.xlsx,27379dc76590027b0e6d21d736331f87376f0ac87810d68e9f7cca555eef4b1f
4883,98780LA0220013,340,11,Individual,HMO,QHP,Gold,Transparency 2026 - Ind QHP,4106,Transparency_in_Coverage_PUF.xlsx,27379dc76590027b0e6d21d736331f87376f0ac87810d68e9f7cca555eef4b1f
4884,98780LA0220014,340,11,Individual,HMO,QHP,Gold,Transparency 2026 - Ind QHP,4107,Transparency_in_Coverage_PUF.xlsx,27379dc76590027b0e6d21d736331f87376f0ac87810d68e9f7cca555eef4b1f
4885,98780LA0220015,340,11,Individual,HMO,QHP,Gold,Transparency 2026 - Ind QHP,4108,Transparency_in_Coverage_PUF.xlsx,27379dc76590027b0e6d21d736331f87376f0ac87810d68e9f7cca555eef4b1f
4886,98809TX0690001,341,26,Individual,PPO,SADP,Low,Transparency 2026 - Ind SADP,639,Transparency_in_Coverage_PUF.xlsx,27379dc76590027b0e6d21d736331f87376f0ac87810d68e9f7cca555eef4b1f
4887,98809TX0690002,341,26,Individual,PPO,SADP,Low,Transparency 2026 - Ind SADP,640,Transparency_in_Coverage_PUF.xlsx,27379dc76590027b0e6d21d736331f87376f0ac87810d68e9f7cca555eef4b1f
4888,98869FL0010003,342,6,Individual,PPO,SADP,Low,Transparency 2026 - Ind SADP,641,Transparency_in_Coverage_PUF.xlsx,27379dc76590027b0e6d21d736331f87376f0ac87810d68e9f7cca555eef4b1f
4889,98869FL0010004,342,6,Individual,PPO,SADP,Low,Transparency 2026 - Ind SADP,642,Transparency_in_Coverage_PUF.xlsx,27379dc76590027b0e6d21d736331f87376f0ac87810d68e9f7cca555eef4b1f
4890,98869FL0010005,342,6,Individual,PPO,SADP,High,Transparency 2026 - Ind SADP,643,Transparency_in_Coverage_PUF.xlsx,27379dc76590027b0e6d21d736331f87376f0ac87810d68e9f7cca555eef4b1f
4891,98869FL0010006,342,6,Individual,PPO,SADP,Low,Transparency 2026 - Ind SADP,644,Transparency_in_Coverage_PUF.xlsx,27379dc76590027b0e6d21d736331f87376f0ac87810d68e9f7cca555eef4b1f
4892,98869FL0020001,342,6,Individual,PPO,SADP,Low,Transparency 2026 - Ind SADP,645,Transparency_in_Coverage_PUF.xlsx,27379dc76590027b0e6d21d736331f87376f0ac87810d68e9f7cca555eef4b1f
4893,98884OR0070001,343,22,Individual,PPO,SADP,Low,Transparency 2026 - Ind SADP,646,Transparency_in_Coverage_PUF.xlsx,27379dc76590027b0e6d21d736331f87376f0ac87810d68e9f7cca555eef4b1f
4894,98884OR0070002,343,22,Individual,PPO,SADP,High,Transparency 2026 - Ind SADP,647,Transparency_in_Coverage_PUF.xlsx,27379dc76590027b0e6d21d736331f87376f0ac87810d68e9f7cca555eef4b1f
4895,98884OR0070003,343,22,Individual,PPO,SADP,Low,Transparency 2026 - Ind SADP,648,Transparency_in_Coverage_PUF.xlsx,27379dc76590027b0e6d21d736331f87376f0ac87810d68e9f7cca555eef4b1f
4896,98884OR0070004,343,22,Individual,PPO,SADP,High,Transparency 2026 - Ind SADP,649,Transparency_in_Coverage_PUF.xlsx,27379dc76590027b0e6d21d736331f87376f0ac87810d68e9f7cca555eef4b1f
4897,98884OR0070005,343,22,Individual,PPO,SADP,Low,Transparency 2026 - Ind SADP,650,Transparency_in_Coverage_PUF.xlsx,27379dc76590027b0e6d21d736331f87376f0ac87810d68e9f7cca555eef4b1f
4898,98884OR0070006,343,22,Individual,PPO,SADP,Low,Transparency 2026 - Ind SADP,651,Transparency_in_Coverage_PUF.xlsx,27379dc76590027b0e6d21d736331f87376f0ac87810d68e9f7cca555eef4b1f
4899,98905OK0130024,344,21,Individual,HMO,QHP,Catastrophic,Transparency 2026 - Ind QHP,4109,Transparency_in_Coverage_PUF.xlsx,27379dc76590027b0e6d21d736331f87376f0ac87810d68e9f7cca555eef4b1f
4900,98905OK0130041,344,21,Individual,HMO,QHP,Gold,Transparency 2026 - Ind QHP,4110,Transparency_in_Coverage_PUF.xlsx,27379dc76590027b0e6d21d736331f87376f0ac87810d68e9f7cca555eef4b1f
4901,98905OK0130042,344,21,Individual,HMO,QHP,Silver,Transparency 2026 - Ind QHP,4111,Transparency_in_Coverage_PUF.xlsx,27379dc76590027b0e6d21d736331f87376f0ac87810d68e9f7cca555eef4b1f
4902,98905OK0130043,344,21,Individual,HMO,QHP,Gold,Transparency 2026 - Ind QHP,4112,Transparency_in_Coverage_PUF.xlsx,27379dc76590027b0e6d21d736331f87376f0ac87810d68e9f7cca555eef4b1f
4903,98905OK0130045,344,21,Individual,HMO,QHP,Bronze,Transparency 2026 - Ind QHP,4113,Transparency_in_Coverage_PUF.xlsx,27379dc76590027b0e6d21d736331f87376f0ac87810d68e9f7cca555eef4b1f
4904,98905OK0130046,344,21,Individual,HMO,QHP,Bronze,Transparency 2026 - Ind QHP,4114,Transparency_in_Coverage_PUF.xlsx,27379dc76590027b0e6d21d736331f87376f0ac87810d68e9f7cca555eef4b1f
4905,98905OK0130047,344,21,Individual,HMO,QHP,Gold,Transparency 2026 - Ind QHP,4115,Transparency_in_Coverage_PUF.xlsx,27379dc76590027b0e6d21d736331f87376f0ac87810d68e9f7cca555eef4b1f
4906,98905OK0130048,344,21,Individual,HMO,QHP,Silver,Transparency 2026 - Ind QHP,4116,Transparency_in_Coverage_PUF.xlsx,27379dc76590027b0e6d21d736331f87376f0ac87810d68e9f7cca555eef4b1f
4907,98905OK0130050,344,21,Individual,HMO,QHP,Bronze,Transparency 2026 - Ind QHP,4117,Transparency_in_Coverage_PUF.xlsx,27379dc76590027b0e6d21d736331f87376f0ac87810d68e9f7cca555eef4b1f
4908,98905OK0130051,344,21,Individual,HMO,QHP,Silver,Transparency 2026 - Ind QHP,4118,Transparency_in_Coverage_PUF.xlsx,27379dc76590027b0e6d21d736331f87376f0ac87810d68e9f7cca555eef4b1f
4909,98905OK0330001,344,21,Individual,HMO,QHP,Silver,Transparency 2026 - Ind QHP,4119,Transparency_in_Coverage_PUF.xlsx,27379dc76590027b0e6d21d736331f87376f0ac87810d68e9f7cca555eef4b1f
4910,98905OK0330002,344,21,Individual,HMO,QHP,Bronze,Transparency 2026 - Ind QHP,4120,Transparency_in_Coverage_PUF.xlsx,27379dc76590027b0e6d21d736331f87376f0ac87810d68e9f7cca555eef4b1f
4911,98905OK0340001,344,21,Individual,HMO,QHP,Silver,Transparency 2026 - Ind QHP,4121,Transparency_in_Coverage_PUF.xlsx,27379dc76590027b0e6d21d736331f87376f0ac87810d68e9f7cca555eef4b1f
4912,98905OK0340003,344,21,Individual,HMO,QHP,Silver,Transparency 2026 - Ind QHP,4122,Transparency_in_Coverage_PUF.xlsx,27379dc76590027b0e6d21d736331f87376f0ac87810d68e9f7cca555eef4b1f
4913,99248TN0030001,345,25,Individual,PPO,SADP,Low,Transparency 2026 - Ind SADP,652,Transparency_in_Coverage_PUF.xlsx,27379dc76590027b0e6d21d736331f87376f0ac87810d68e9f7cca555eef4b1f
4914,99248TN0030002,345,25,Individual,PPO,SADP,Low,Transparency 2026 - Ind SADP,653,Transparency_in_Coverage_PUF.xlsx,27379dc76590027b0e6d21d736331f87376f0ac87810d68e9f7cca555eef4b1f
4915,99248TN0060005,345,25,Individual,EPO,QHP,Silver,Transparency 2026 - Ind QHP,4123,Transparency_in_Coverage_PUF.xlsx,27379dc76590027b0e6d21d736331f87376f0ac87810d68e9f7cca555eef4b1f
4916,99248TN0060033,345,25,Individual,EPO,QHP,Bronze,Transparency 2026 - Ind QHP,4124,Transparency_in_Coverage_PUF.xlsx,27379dc76590027b0e6d21d736331f87376f0ac87810d68e9f7cca555eef4b1f
4917,99248TN0060044,345,25,Individual,EPO,QHP,Silver,Transparency 2026 - Ind QHP,4125,Transparency_in_Coverage_PUF.xlsx,27379dc76590027b0e6d21d736331f87376f0ac87810d68e9f7cca555eef4b1f
4918,99248TN0060093,345,25,Individual,EPO,QHP,Silver,Transparency 2026 - Ind QHP,4126,Transparency_in_Coverage_PUF.xlsx,27379dc76590027b0e6d21d736331f87376f0ac87810d68e9f7cca555eef4b1f
4919,99248TN0060101,345,25,Individual,EPO,QHP,Bronze,Transparency 2026 - Ind QHP,4127,Transparency_in_Coverage_PUF.xlsx,27379dc76590027b0e6d21d736331f87376f0ac87810d68e9f7cca555eef4b1f
4920,99248TN0060102,345,25,Individual,EPO,QHP,Bronze,Transparency 2026 - Ind QHP,4128,Transparency_in_Coverage_PUF.xlsx,27379dc76590027b0e6d21d736331f87376f0ac87810d68e9f7cca555eef4b1f
4921,99248TN0060110,345,25,Individual,EPO,QHP,Bronze,Transparency 2026 - Ind QHP,4129,Transparency_in_Coverage_PUF.xlsx,27379dc76590027b0e6d21d736331f87376f0ac87810d68e9f7cca555eef4b1f
4922,99248TN0060111,345,25,Individual,EPO,QHP,Silver,Transparency 2026 - Ind QHP,4130,Transparency_in_Coverage_PUF.xlsx,27379dc76590027b0e6d21d736331f87376f0ac87810d68e9f7cca555eef4b1f
4923,99248TN0060112,345,25,Individual,EPO,QHP,Gold,Transparency 2026 - Ind QHP,4131,Transparency_in_Coverage_PUF.xlsx,27379dc76590027b0e6d21d736331f87376f0ac87810d68e9f7cca555eef4b1f
4924,99248TN0060117,345,25,Individual,EPO,QHP,Gold,Transparency 2026 - Ind QHP,4132,Transparency_in_Coverage_PUF.xlsx,27379dc76590027b0e6d21d736331f87376f0ac87810d68e9f7cca555eef4b1f
4925,99723MO0090011,346,13,Individual,EPO,QHP,Silver,Transparency 2026 - Ind QHP,4133,Transparency_in_Coverage_PUF.xlsx,27379dc76590027b0e6d21d736331f87376f0ac87810d68e9f7cca555eef4b1f
4926,99723MO0090016,346,13,Individual,EPO,QHP,Gold,Transparency 2026 - Ind QHP,4134,Transparency_in_Coverage_PUF.xlsx,27379dc76590027b0e6d21d736331f87376f0ac87810d68e9f7cca555eef4b1f
4927,99723MO0090018,346,13,Individual,EPO,QHP,Bronze,Transparency 2026 - Ind QHP,4135,Transparency_in_Coverage_PUF.xlsx,27379dc76590027b0e6d21d736331f87376f0ac87810d68e9f7cca555eef4b1f
4928,99723MO0090020,346,13,Individual,EPO,QHP,Silver,Transparency 2026 - Ind QHP,4136,Transparency_in_Coverage_PUF.xlsx,27379dc76590027b0e6d21d736331f87376f0ac87810d68e9f7cca555eef4b1f
4929,99723MO0090053,346,13,Individual,EPO,QHP,Bronze,Transparency 2026 - Ind QHP,4137,Transparency_in_Coverage_PUF.xlsx,27379dc76590027b0e6d21d736331f87376f0ac87810d68e9f7cca555eef4b1f
4930,99723MO0090063,346,13,Individual,EPO,QHP,Gold,Transparency 2026 - Ind QHP,4138,Transparency_in_Coverage_PUF.xlsx,27379dc76590027b0e6d21d736331f87376f0ac87810d68e9f7cca555eef4b1f
4931,99723MO0090069,346,13,Individual,EPO,QHP,Bronze,Transparency 2026 - Ind QHP,4139,Transparency_in_Coverage_PUF.xlsx,27379dc76590027b0e6d21d736331f87376f0ac87810d68e9f7cca555eef4b1f
4932,99723MO0090070,346,13,Individual,EPO,QHP,Silver,Transparency 2026 - Ind QHP,4140,Transparency_in_Coverage_PUF.xlsx,27379dc76590027b0e6d21d736331f87376f0ac87810d68e9f7cca555eef4b1f
4933,99723MO0090071,346,13,Individual,EPO,QHP,Gold,Transparency 2026 - Ind QHP,4141,Transparency_in_Coverage_PUF.xlsx,27379dc76590027b0e6d21d736331f87376f0ac87810d68e9f7cca555eef4b1f
4934,99723MO0110009,346,13,Individual,EPO,QHP,Bronze,Transparency 2026 - Ind QHP,4142,Transparency_in_Coverage_PUF.xlsx,27379dc76590027b0e6d21d736331f87376f0ac87810d68e9f7cca555eef4b1f
4935,99723MO0110010,346,13,Individual,EPO,QHP,Gold,Transparency 2026 - Ind QHP,4143,Transparency_in_Coverage_PUF.xlsx,27379dc76590027b0e6d21d736331f87376f0ac87810d68e9f7cca555eef4b1f
4936,99723MO0110013,346,13,Individual,EPO,QHP,Silver,Transparency 2026 - Ind QHP,4144,Transparency_in_Coverage_PUF.xlsx,27379dc76590027b0e6d21d736331f87376f0ac87810d68e9f7cca555eef4b1f
4937,99723MO0110027,346,13,Individual,EPO,QHP,Silver,Transparency 2026 - Ind QHP,4145,Transparency_in_Coverage_PUF.xlsx,27379dc76590027b0e6d21d736331f87376f0ac87810d68e9f7cca555eef4b1f
4938,99723MO0110053,346,13,Individual,EPO,QHP,Bronze,Transparency 2026 - Ind QHP,4146,Transparency_in_Coverage_PUF.xlsx,27379dc76590027b0e6d21d736331f87376f0ac87810d68e9f7cca555eef4b1f
4939,99723MO0110063,346,13,Individual,EPO,QHP,Gold,Transparency 2026 - Ind QHP,4147,Transparency_in_Coverage_PUF.xlsx,27379dc76590027b0e6d21d736331f87376f0ac87810d68e9f7cca555eef4b1f
4940,99723MO0110070,346,13,Individual,EPO,QHP,Bronze,Transparency 2026 - Ind QHP,4148,Transparency_in_Coverage_PUF.xlsx,27379dc76590027b0e6d21d736331f87376f0ac87810d68e9f7cca555eef4b1f
4941,99723MO0110072,346,13,Individual,EPO,QHP,Gold,Transparency 2026 - Ind QHP,4149,Transparency_in_Coverage_PUF.xlsx,27379dc76590027b0e6d21d736331f87376f0ac87810d68e9f7cca555eef4b1f
4942,99791IN0540001,347,9,Individual,PPO,SADP,Low,Transparency 2026 - Ind SADP,654,Transparency_in_Coverage_PUF.xlsx,27379dc76590027b0e6d21d736331f87376f0ac87810d68e9f7cca555eef4b1f
4943,99791IN0540002,347,9,Individual,PPO,SADP,High,Transparency 2026 - Ind SADP,655,Transparency_in_Coverage_PUF.xlsx,27379dc76590027b0e6d21d736331f87376f0ac87810d68e9f7cca555eef4b1f
4944,99969OH0080492,348,20,Individual,HMO,QHP,Gold,Transparency 2026 - Ind QHP,4150,Transparency_in_Coverage_PUF.xlsx,27379dc76590027b0e6d21d736331f87376f0ac87810d68e9f7cca555eef4b1f
4945,99969OH0080496,348,20,Individual,HMO,QHP,Silver,Transparency 2026 - Ind QHP,4151,Transparency_in_Coverage_PUF.xlsx,27379dc76590027b0e6d21d736331f87376f0ac87810d68e9f7cca555eef4b1f
4946,99969OH0080498,348,20,Individual,HMO,QHP,Bronze,Transparency 2026 - Ind QHP,4152,Transparency_in_Coverage_PUF.xlsx,27379dc76590027b0e6d21d736331f87376f0ac87810d68e9f7cca555eef4b1f
4947,99969OH0080499,348,20,Individual,HMO,QHP,Bronze,Transparency 2026 - Ind QHP,4153,Transparency_in_Coverage_PUF.xlsx,27379dc76590027b0e6d21d736331f87376f0ac87810d68e9f7cca555eef4b1f
4948,99969OH0080500,348,20,Individual,HMO,QHP,Bronze,Transparency 2026 - Ind QHP,4154,Transparency_in_Coverage_PUF.xlsx,27379dc76590027b0e6d21d736331f87376f0ac87810d68e9f7cca555eef4b1f
4949,99969OH0080503,348,20,Individual,HMO,QHP,Catastrophic,Transparency 2026 - Ind QHP,4155,Transparency_in_Coverage_PUF.xlsx,27379dc76590027b0e6d21d736331f87376f0ac87810d68e9f7cca555eef4b1f
4950,99969OH0080543,348,20,Individual,HMO,QHP,Gold,Transparency 2026 - Ind QHP,4156,Transparency_in_Coverage_PUF.xlsx,27379dc76590027b0e6d21d736331f87376f0ac87810d68e9f7cca555eef4b1f
4951,99969OH0080545,348,20,Individual,HMO,QHP,Gold,Transparency 2026 - Ind QHP,4157,Transparency_in_Coverage_PUF.xlsx,27379dc76590027b0e6d21d736331f87376f0ac87810d68e9f7cca555eef4b1f
4952,99969OH0080546,348,20,Individual,HMO,QHP,Gold,Transparency 2026 - Ind QHP,4158,Transparency_in_Coverage_PUF.xlsx,27379dc76590027b0e6d21d736331f87376f0ac87810d68e9f7cca555eef4b1f
4953,99969OH0080547,348,20,Individual,HMO,QHP,Silver,Transparency 2026 - Ind QHP,4159,Transparency_in_Coverage_PUF.xlsx,27379dc76590027b0e6d21d736331f87376f0ac87810d68e9f7cca555eef4b1f
4954,99969OH0080548,348,20,Individual,HMO,QHP,Silver,Transparency 2026 - Ind QHP,4160,Transparency_in_Coverage_PUF.xlsx,27379dc76590027b0e6d21d736331f87376f0ac87810d68e9f7cca555eef4b1f
4955,99969OH0080549,348,20,Individual,HMO,QHP,Silver,Transparency 2026 - Ind QHP,4161,Transparency_in_Coverage_PUF.xlsx,27379dc76590027b0e6d21d736331f87376f0ac87810d68e9f7cca555eef4b1f
4956,99969OH0080550,348,20,Individual,HMO,QHP,Bronze,Transparency 2026 - Ind QHP,4162,Transparency_in_Coverage_PUF.xlsx,27379dc76590027b0e6d21d736331f87376f0ac87810d68e9f7cca555eef4b1f
