ReportingPeriodKey,StateKey,IssuerKey,PlanKey,ClaimsReceivedOutOfNetwork,ClaimsReceivedInNetwork,ClaimsDeniedOutOfNetwork,ClaimsDeniedInNetwork,ClaimsResubmittedOutOfNetwork,ClaimsResubmittedInNetwork,DeniedReferralOrPriorAuthorization,DeniedDueToOutOfNetworkProvider,DeniedServicesExcluded,DeniedNotMedicallyNecessaryExclBH,DeniedNotMedicallyNecessaryBHOnly,DeniedBenefitLimitReached,DeniedMemberNotCovered,DeniedInvestigationalExperimentalCosmetic,DeniedAdministrativeReason,DeniedOther,AverageMonthlyEnrollment,AverageMonthlyDisenrollment
2024,7,1,1,0,,0,,0,0,0,0,,0,,0,0,0,0,0,,
2024,7,1,2,0,0,0,0,0,0,0,0,0,0,,0,0,0,0,0,,
2024,7,1,3,,11,,,0,0,0,0,,0,,0,0,0,0,,,
2024,7,1,4,0,0,0,0,0,0,0,0,0,0,,0,0,0,0,0,,
2024,22,2,5,645,2138,183,359,,25,0,0,172,0,,64,174,0,380,212,135.0,18.0
2024,22,2,6,,26,0,,0,0,0,0,,0,,0,0,0,0,0,,
2024,22,2,7,558,1607,155,297,12,28,0,0,117,0,,70,101,0,333,141,96.0,11.0
2024,22,2,8,,,,,,,,,,,,,,,,,,
2024,22,2,9,,,,,,,,,,,,,,,,,,
2024,22,2,10,,,,,,,,,,,,,,,,,,
2024,22,2,11,,,,,,,,,,,,,,,,,,
2024,22,2,12,,,,,,,,,,,,,,,,,,
2024,22,2,13,,,,,,,,,,,,,,,,,,
2024,22,2,14,,,,,,,,,,,,,,,,,,
2024,22,2,15,,,,,,,,,,,,,,,,,,
2024,22,2,16,,,,,,,,,,,,,,,,,,
2024,30,3,17,1722,72725,556,11665,30,9255,1030,,3963,22,39,995,2393,178,8256,855,245.0,21.0
2024,30,3,18,2466,104030,1400,20334,108,14915,2030,42,6646,21,0,1838,4473,177,14394,1823,186.0,18.0
2024,30,3,19,861,20613,352,4277,14,2508,615,,1216,,37,366,1366,89,2343,280,29.0,
2024,30,3,20,344,32158,181,6164,43,4503,663,,1840,14,84,438,1197,91,4380,407,49.0,
2024,30,3,21,3944,186168,1562,29288,228,24863,3075,59,10329,132,88,2803,4939,472,23457,2398,454.0,37.0
2024,30,3,22,900,26841,339,4886,24,3468,575,,1833,,,462,1036,82,3218,283,108.0,13.0
2024,30,3,23,413,41483,166,7070,25,4798,566,,2224,,39,775,1183,100,4707,665,49.0,
2024,30,3,24,1751,113676,775,20946,118,17993,2526,26,7267,62,144,1993,2971,177,15945,1694,233.0,26.0
2024,30,3,25,3405,192119,1557,33150,322,27374,3296,38,12771,149,217,3498,3151,375,23201,2658,315.0,30.0
2024,30,3,26,2839,21113,392,4343,31,3166,454,32,1597,14,414,395,637,23,3043,256,63.0,
2024,30,3,27,,,,,,,,,,,,,,,,,,
2024,14,4,28,,,,,0,0,0,0,,0,,0,0,0,0,,17.0,
2024,14,4,29,,,0,,0,,0,0,,0,,0,0,0,0,,26.0,
2024,14,4,30,0,,0,0,0,0,0,0,0,0,,0,0,0,0,0,,
2024,14,4,31,0,,0,,0,0,0,0,,0,,0,0,0,0,0,,
2024,10,5,32,2328,4123,1011,1754,76,,,0,802,0,,46,126,0,198,1592,81.0,22.0
2024,10,5,33,443,877,139,312,30,0,,0,161,0,,29,,0,,251,11.0,
2024,16,6,34,72150,2279607,19192,475717,2020,242221,34367,11186,89861,620,537,15391,75075,475,90413,176984,3033.0,371.0
2024,16,6,35,9595,630185,2366,126255,139,62516,7975,2735,24068,168,21,4415,19074,122,26324,43719,1762.0,184.0
2024,16,6,36,11331,569709,2387,74636,133,19120,1923,0,6349,158,21,6168,10848,122,29289,22145,1221.0,115.0
2024,16,6,37,7579,571491,1815,130732,156,66278,7984,2132,19777,121,42,3499,33018,99,18863,47012,667.0,67.0
2024,16,6,38,8721,632186,2124,131136,320,65566,8748,2847,23207,170,32,4680,20751,128,25668,47029,1439.0,149.0
2024,16,6,39,7598,566708,1772,108777,211,54722,10119,2953,20880,157,32,3833,9188,128,22595,40664,778.0,85.0
2024,16,6,40,31314,841586,8590,173283,445,93594,14811,4609,35025,291,499,5326,17650,210,33342,70110,1044.0,117.0
2024,16,6,41,6497,564386,1418,110531,130,56779,7671,2586,22245,143,30,4078,14820,114,22212,38050,1324.0,145.0
2024,16,6,42,,,,,,,,,,,,,,,,,,
2024,16,6,43,1209,21885,74,3258,27,738,50,0,216,14,,250,594,,1106,1100,45.0,
2024,16,6,44,910,12659,44,2418,19,805,20,0,174,,0,145,1228,,359,531,26.0,
2024,16,6,45,1602,21109,92,3062,61,821,66,0,248,,0,204,816,,859,949,69.0,
2024,16,6,46,6237,219944,1178,31710,169,7681,541,,2480,98,,2328,5262,41,13313,8819,485.0,52.0
2024,16,6,47,4426,166923,1105,33215,90,8228,640,0,1773,43,,1710,11285,40,12291,6537,311.0,38.0
2024,16,6,48,4185,130843,754,21067,141,5027,418,0,1480,35,,1348,3660,27,9150,5702,457.0,51.0
2024,16,6,49,28429,894909,5402,152360,750,35931,3273,,9626,340,58,9246,34242,252,63559,37164,1938.0,291.0
2024,16,6,50,3276,45977,457,6292,26,1587,257,0,490,,0,429,1575,,1942,2044,93.0,14.0
2024,16,6,51,5222,180116,835,26584,73,5954,601,,2175,23,,1709,3570,27,11814,7496,728.0,84.0
2024,16,6,52,1991,22309,206,3084,11,529,63,,239,11,0,232,606,,1076,1056,90.0,
2024,16,6,53,4233,149420,761,20752,84,5320,474,0,1631,26,,1292,2456,31,9654,5948,320.0,39.0
2024,16,6,54,11389,358342,2144,61794,172,15095,1394,0,3840,118,48,3872,9431,154,29830,15251,708.0,93.0
2024,16,6,55,4553,151864,631,21341,89,5001,400,,1737,58,,1429,3201,22,9069,6053,505.0,66.0
2024,16,6,56,1176,15668,88,1730,29,455,53,0,149,,0,172,204,,569,667,31.0,
2024,16,6,57,498,7647,23,885,15,362,22,0,79,0,,54,136,0,288,326,13.0,
2024,16,6,58,1231,19471,103,2320,32,476,69,0,203,0,0,122,426,,786,814,61.0,
2024,16,6,59,,,,,,,,,,,,,,,,,,
2024,16,6,60,,,,,,,,,,,,,,,,,,
2024,16,6,61,11434,326281,1629,75528,153,44788,6530,1694,18588,83,0,2949,7731,,5273,34307,409.0,43.0
2024,16,6,62,5646,88596,833,14712,148,1866,233,0,1165,24,0,2036,1422,,5521,5141,231.0,26.0
2024,16,6,63,244,3553,39,539,0,69,,0,51,0,0,53,118,0,214,134,,
2024,16,6,64,8228,235974,919,56721,161,32824,5745,1542,14029,46,,2075,5410,,4282,24505,286.0,34.0
2024,16,6,65,3655,61092,442,10540,121,1645,226,0,864,28,,1146,913,,4736,3065,158.0,23.0
2024,16,6,66,180,2702,30,295,,98,18,0,16,0,0,46,46,0,80,119,,
2024,16,6,67,24053,861225,2515,236476,449,143505,22067,5697,62712,39,17,4955,34577,,10522,98400,770.0,100.0
2024,16,6,68,43607,231664,4200,47739,1246,6767,824,,3445,175,22,5894,6065,21,22576,12913,895.0,128.0
2024,16,6,69,4721,33014,518,5105,105,1102,106,0,317,42,,1065,672,0,1922,1495,104.0,14.0
2024,16,6,70,7219,205723,847,51038,165,29883,3995,858,11095,54,,1643,7637,,3324,23276,202.0,20.0
2024,16,6,71,3633,46028,458,8900,64,1235,114,0,611,0,0,927,1459,,3758,2485,124.0,13.0
2024,16,6,72,140,2177,,339,0,58,,0,27,0,0,35,163,0,27,89,,
2024,16,6,73,6038,279750,731,79522,235,49145,8771,1787,21847,44,,1765,10253,,2996,32783,161.0,22.0
2024,16,6,74,27608,98460,2602,19872,803,2845,381,0,1592,130,16,2712,1199,23,10310,6111,439.0,75.0
2024,16,6,75,4707,17091,880,2498,127,495,73,0,211,24,,508,265,0,1063,1233,56.0,
2024,16,6,76,6076,152987,713,38786,108,22058,2948,1019,8952,20,,1610,5478,0,4088,15379,306.0,32.0
2024,16,6,77,3635,30955,495,5852,46,655,81,0,440,,12,875,782,0,2473,1681,153.0,18.0
2024,16,6,78,458,4571,51,868,22,122,13,0,41,0,0,71,174,,427,192,18.0,
2024,16,6,79,6566,208601,683,54051,122,34254,4524,1735,14428,39,0,1524,7862,,3280,21338,412.0,47.0
2024,16,6,80,3886,40282,471,7402,41,1009,77,0,646,12,0,959,935,0,3041,2203,230.0,29.0
2024,16,6,81,277,3858,47,487,0,135,,0,37,0,0,99,128,0,135,132,20.0,
2024,16,6,82,7921,209708,866,51104,104,31923,4457,1547,13069,30,0,2023,7105,,3495,20243,386.0,44.0
2024,16,6,83,4980,49218,527,8969,85,1317,131,0,720,27,,931,1011,,4142,2530,222.0,31.0
2024,16,6,84,519,4188,33,1192,,45,16,0,34,,0,42,100,0,909,123,15.0,
2024,16,6,85,,,,,,,,,,,,,,,,,,
2024,16,6,86,,,,,,,,,,,,,,,,,,
2024,16,6,87,,,,,,,,,,,,,,,,,,
2024,16,6,88,9730,172944,936,17181,252,3537,272,0,1757,34,,2804,2356,41,4892,5960,354.0,35.0
2024,16,6,89,818,20337,88,1623,14,636,20,0,141,0,0,181,363,,337,663,32.0,
2024,16,6,90,9977,152490,902,15869,412,3672,283,0,1573,35,,2543,1846,54,4850,5586,311.0,42.0
2024,16,6,91,920,18018,127,1478,11,474,28,0,138,,0,180,287,,345,620,32.0,
2024,16,6,92,55599,798001,4802,83476,1130,18020,1361,0,8002,145,,11866,14956,255,22211,29478,1761.0,202.0
2024,16,6,93,3375,71532,388,7432,51,2106,109,0,544,43,,758,2064,25,2056,2219,96.0,14.0
2024,16,6,94,16923,197761,1333,20682,532,4535,477,0,2073,65,,3476,2125,51,6329,7414,398.0,53.0
2024,16,6,95,449,17567,72,1559,,484,21,0,157,13,0,147,198,,575,518,21.0,
2024,16,6,96,10025,139094,664,15078,103,2953,231,0,1522,,0,2470,2532,43,3811,5123,579.0,65.0
2024,16,6,97,3539,78460,394,6633,53,1958,96,0,568,14,0,979,1123,23,1737,2487,203.0,25.0
2024,16,6,98,13061,176675,959,18672,203,3668,268,,1989,20,,2945,3375,48,4731,6249,582.0,67.0
2024,16,6,99,2444,41989,214,4395,73,998,30,0,330,,0,330,1599,,1011,1299,95.0,14.0
2024,16,6,100,324,6289,25,838,0,174,14,0,72,0,0,73,473,,113,116,12.0,
2024,16,6,101,328,6757,53,895,0,273,67,0,75,0,0,83,367,,211,144,13.0,
2024,16,6,102,806,14800,103,1929,18,461,53,0,156,,0,179,710,,587,343,29.0,
2024,16,6,103,40,1421,,407,,118,,0,17,0,0,,367,0,19,,,
2024,16,6,104,729,9792,47,1728,,607,31,0,96,0,0,116,869,,475,187,25.0,
2024,16,6,105,164,3525,39,395,0,80,15,0,51,13,0,59,97,,144,49,,
2024,16,6,106,459,7749,18,1091,0,235,22,0,83,,0,57,541,0,160,236,31.0,
2024,16,6,107,595,7860,70,1157,12,324,39,0,96,0,0,142,459,,315,175,21.0,
2024,16,6,108,4560,51638,322,4243,32,2012,186,0,734,22,0,612,433,,1450,1118,136.0,17.0
2024,16,6,109,3600,22288,287,1778,63,736,49,0,323,,0,232,282,,726,448,70.0,
2024,16,6,110,643,4800,35,577,27,264,57,0,52,0,0,80,40,0,245,138,12.0,
2024,16,6,111,3146,33917,261,2572,17,1365,133,0,453,17,,414,345,,778,684,98.0,14.0
2024,16,6,112,2386,16954,297,1522,112,692,78,0,234,,0,245,111,,774,374,52.0,
2024,16,6,113,318,3413,16,275,,128,,0,47,,0,31,,,111,82,,
2024,16,6,114,2009,34989,264,3203,18,948,119,0,362,,0,668,383,,1365,557,77.0,
2024,16,6,115,1513,23413,129,2710,15,563,74,0,245,,0,419,213,,1256,627,45.0,
2024,16,6,116,2884,66828,279,7395,,2094,288,0,704,27,0,1576,749,18,3085,1227,119.0,14.0
2024,16,6,117,482,9861,24,981,,233,32,0,130,0,0,87,236,,338,180,19.0,
2024,16,6,118,67085,331249,3964,36758,1113,14084,1396,,5174,42,20,5364,3759,84,14500,10382,1152.0,167.0
2024,16,6,119,44798,165723,3916,18145,1161,5684,605,0,2606,89,,3287,1456,27,8099,5889,717.0,99.0
2024,16,6,120,3917,29390,233,2789,45,1171,90,0,389,15,,314,173,14,1303,723,91.0,11.0
2024,16,6,121,700,6866,39,487,17,329,20,0,81,0,0,79,58,,122,163,14.0,
2024,16,6,122,6153,50789,461,4224,152,2227,134,0,786,15,,654,453,12,1468,1162,150.0,20.0
2024,16,6,123,44624,128074,3500,14041,966,4419,555,0,2252,104,21,2690,874,26,6167,4852,588.0,81.0
2024,16,6,124,2172,11689,193,1523,23,338,86,0,175,38,,289,90,,660,368,40.0,
2024,16,6,125,648,3484,26,430,0,91,24,0,47,,0,46,18,,190,125,15.0,
2024,16,6,126,5182,40092,322,3572,46,1412,131,,713,,0,563,462,,1059,957,215.0,27.0
2024,16,6,127,5006,23919,530,2337,59,713,57,28,427,,0,378,244,,1040,684,154.0,19.0
2024,16,6,128,477,4252,22,335,40,132,11,0,69,0,0,30,66,0,83,98,23.0,
2024,16,6,129,4306,30148,336,2787,42,1230,83,0,477,,0,554,487,,800,712,142.0,19.0
2024,16,6,130,3821,18739,321,1533,101,696,76,0,298,0,0,224,237,,588,429,114.0,16.0
2024,16,6,131,341,2850,19,251,,121,,0,59,0,0,25,,0,120,56,11.0,
2024,16,6,132,3676,68088,314,6235,68,1410,230,0,672,,,962,491,13,2612,1563,227.0,27.0
2024,16,6,133,1929,23904,184,2353,94,434,79,0,268,,0,352,202,,1203,424,83.0,
2024,16,6,134,,,,,,,,,,,,,,,,,,
2024,16,6,135,,,,,,,,,,,,,,,,,,
2024,16,6,136,,,,,,,,,,,,,,,,,,
2024,16,6,137,,,,,,,,,,,,,,,,,,
2024,16,6,138,,,,,,,,,,,,,,,,,,
2024,16,6,139,,,,,,,,,,,,,,,,,,
2024,16,6,140,,,,,,,,,,,,,,,,,,
2024,16,6,141,,,,,,,,,,,,,,,,,,
2024,16,6,142,,,,,,,,,,,,,,,,,,
2024,16,6,143,,,,,,,,,,,,,,,,,,
2024,16,6,144,,,,,,,,,,,,,,,,,,
2024,16,6,145,,,,,,,,,,,,,,,,,,
2024,16,6,146,,,,,,,,,,,,,,,,,,
2024,16,6,147,,,,,,,,,,,,,,,,,,
2024,16,6,148,,,,,,,,,,,,,,,,,,
2024,16,6,149,,,,,,,,,,,,,,,,,,
2024,16,6,150,,,,,,,,,,,,,,,,,,
2024,26,7,151,,,,,,,,,,,,,,,,,,
2024,26,7,152,,,,,,,,,,,,,,,,,,
2024,26,7,153,,,,,,,,,,,,,,,,,,
2024,26,7,154,,,,,,,,,,,,,,,,,,
2024,26,7,155,,,,,,,,,,,,,,,,,,
2024,26,7,156,,,,,,,,,,,,,,,,,,
2024,11,8,157,17,17,,,0,0,0,0,0,0,,0,0,0,0,,,
2024,11,8,158,187,184,110,66,0,,0,0,59,,,,0,0,,111,35.0,
2024,11,8,159,765,666,466,330,,,0,0,286,,,,0,0,13,484,159.0,43.0
2024,4,9,160,19,47,20,41,0,0,0,0,47,0,,0,0,0,0,14,,
2024,4,9,161,367,496,262,235,11,0,0,0,260,24,,13,0,0,25,175,41.0,
2024,4,9,162,458,576,298,267,0,0,0,0,311,28,,20,0,0,18,188,63.0,14.0
2024,21,10,163,1495,5430,299,1333,31,84,0,0,0,,,0,405,0,0,1981,151.0,23.0
2024,21,10,164,203,445,43,109,,,0,0,0,0,,11,59,0,0,171,,
2024,21,10,165,,,,,,,,,,,,,,,,,,
2024,2,11,166,0,,0,,0,,0,0,,0,,0,0,0,0,,66.0,14.0
2024,2,11,167,0,11,0,,0,0,0,0,,0,,0,0,0,0,0,120.0,20.0
2024,2,11,168,0,,0,,0,0,0,0,,0,,0,0,0,0,0,31.0,
2024,2,11,169,0,12,0,,0,0,0,0,,0,,0,0,0,0,0,36.0,
2024,26,12,170,,,,,,,,,,,,,,,,,,
2024,26,12,171,,,,,,,,,,,,,,,,,,
2024,26,12,172,,,,,,,,,,,,,,,,,,
2024,26,12,173,,,,,,,,,,,,,,,,,,
2024,19,13,174,,,,,,,,,,,,,,,,,,
2024,19,13,175,,,,,,,,,,,,,,,,,,
2024,19,13,176,,,,,,,,,,,,,,,,,,
2024,19,13,177,,,,,,,,,,,,,,,,,,
2024,19,13,178,,,,,,,,,,,,,,,,,,
2024,19,13,179,,,,,,,,,,,,,,,,,,
2024,19,13,180,,,,,,,,,,,,,,,,,,
2024,3,14,181,20883,1272312,7540,214749,183,30242,10114,7516,884,138,14,55255,18974,,53277,138868,,
2024,3,14,182,119,13029,34,2258,0,422,111,34,17,0,0,817,155,0,619,1291,15.0,
2024,3,14,183,632,57798,250,9929,,811,259,244,15,0,0,1678,1369,0,1799,6992,97.0,13.0
2024,3,14,184,2528,152825,704,20062,11,556,124,689,211,30,0,255,895,,3588,18880,399.0,40.0
2024,3,14,185,211,10657,56,1829,0,39,11,56,,,0,27,277,0,302,1627,31.0,
2024,3,14,186,,,,,,,,,,,,,,,,,,
2024,3,14,187,,,,,,,,,,,,,,,,,,
2024,3,14,188,,,,,,,,,,,,,,,,,,
2024,18,15,189,,,,,,,,,,,,,,,,,,
2024,18,15,190,,,,,,,,,,,,,,,,,,
2024,18,15,191,,,,,,,,,,,,,,,,,,
2024,18,15,192,,,,,,,,,,,,,,,,,,
2024,18,15,193,,,,,,,,,,,,,,,,,,
2024,18,15,194,,,,,,,,,,,,,,,,,,
2024,18,15,195,,,,,,,,,,,,,,,,,,
2024,18,15,196,,,,,,,,,,,,,,,,,,
2024,18,15,197,,,,,,,,,,,,,,,,,,
2024,18,15,198,,,,,,,,,,,,,,,,,,
2024,18,15,199,,,,,,,,,,,,,,,,,,
2024,18,15,200,,,,,,,,,,,,,,,,,,
2024,18,15,201,,,,,,,,,,,,,,,,,,
2024,18,15,202,,,,,,,,,,,,,,,,,,
2024,18,15,203,,,,,,,,,,,,,,,,,,
2024,18,15,204,,,,,,,,,,,,,,,,,,
2024,18,15,205,,,,,,,,,,,,,,,,,,
2024,16,16,206,1784,5082,1208,1525,116,728,264,874,376,0,0,137,507,0,403,594,38.0,
2024,16,16,207,2197,6211,1014,1702,151,852,322,1385,234,0,0,198,594,0,722,436,19.0,
2024,16,16,208,38979,71298,25181,34451,3468,17689,8684,22696,7501,,0,3566,5886,,10855,12312,638.0,115.0
2024,16,16,209,,,,,0,0,0,0,0,0,0,0,,0,0,0,,
2024,16,16,210,61,802,47,241,,153,58,46,62,0,0,34,,0,0,112,,
2024,16,16,211,30,127,29,46,,28,,15,18,0,0,,29,0,18,,,
2024,16,16,212,36,209,26,74,,31,16,14,,0,0,17,,0,0,54,,
2024,16,16,213,,,,,,,,,,,,,,,,,,
2024,16,16,214,,,,,,,,,,,,,,,,,,
2024,16,16,215,,,,,,,,,,,,,,,,,,
2024,16,16,216,,,,,,,,,,,,,,,,,,
2024,16,16,217,1289,4121,902,1057,38,453,118,837,204,0,0,86,318,0,522,43,24.0,
2024,16,16,218,1235,5916,774,1461,102,757,351,785,161,0,0,125,351,0,0,947,20.0,
2024,16,16,219,3347,12857,2119,3563,64,1809,796,2330,645,0,0,257,842,0,1389,833,45.0,11.0
2024,16,16,220,120,307,63,81,,33,,59,,0,0,,33,0,69,0,,
2024,16,16,221,254,900,151,220,,87,19,153,46,0,0,24,61,0,116,43,,
2024,16,16,222,14,203,11,54,0,34,21,,12,0,0,,,0,15,15,,
2024,16,16,223,149,1173,110,305,28,103,88,122,75,0,0,18,74,0,42,56,,
2024,16,16,224,,,,,,,,,,,,,,,,,,
2024,16,16,225,,,,,,,,,,,,,,,,,,
2024,16,16,226,,,,,,,,,,,,,,,,,,
2024,21,17,227,690,1937,206,657,42,119,0,310,233,0,,127,42,0,76,424,45.0,
2024,21,17,228,0,25,0,11,0,0,0,0,11,0,,0,0,0,0,0,,
2024,21,17,229,483,2118,159,544,33,126,0,241,284,0,,34,76,0,84,260,70.0,14.0
2024,4,18,230,2079,15042,1419,3829,45,469,40,882,,0,,,0,14,4176,126,60.0,
2024,4,18,231,1707,26946,1300,6869,210,1208,965,874,77,,,1383,61,22,5761,332,47.0,
2024,4,18,232,332,2406,257,762,22,124,26,229,,0,,211,24,0,566,72,17.0,
2024,4,18,233,870,14194,580,3650,116,789,868,497,79,0,0,727,11,,2884,123,18.0,
2024,4,18,234,1816,22571,1153,5753,110,1227,1074,823,138,,0,1477,31,16,4658,297,44.0,
2024,4,18,235,2987,34850,2123,8499,204,1070,166,1477,97,,63,13,,41,8444,315,99.0,11.0
2024,4,18,236,2563,7726,1791,2391,24,174,57,1381,0,,0,,0,,2652,77,45.0,
2024,4,18,237,4028,32625,2650,9438,70,2051,2217,1818,290,0,0,2551,326,19,7753,242,90.0,15.0
2024,4,18,238,339,5403,189,1345,14,356,597,165,39,0,0,377,29,,871,22,,
2024,4,18,239,,,,,,,,,,,,,,,,,,
2024,4,18,240,,,,,,,,,,,,,,,,,,
2024,4,18,241,,,,,,,,,,,,,,,,,,
2024,4,18,242,,,,,,,,,,,,,,,,,,
2024,4,18,243,,,,,,,,,,,,,,,,,,
2024,4,18,244,,,,,,,,,,,,,,,,,,
2024,4,18,245,,,,,,,,,,,,,,,,,,
2024,4,18,246,,,,,,,,,,,,,,,,,,
2024,4,18,247,,,,,,,,,,,,,,,,,,
2024,6,19,248,,,,,,,,,,,,,,,,,,
2024,6,19,249,,,,,,,,,,,,,,,,,,
2024,6,19,250,,,,,,,,,,,,,,,,,,
2024,6,19,251,,,,,,,,,,,,,,,,,,
2024,6,19,252,,,,,,,,,,,,,,,,,,
2024,25,20,253,208,5606,236,1537,,259,102,140,572,0,0,12,70,,1395,67,,
2024,25,20,254,449,7071,317,1257,13,366,220,73,331,0,0,,102,,818,51,,
2024,25,20,255,265,4649,142,1051,,198,93,50,445,,0,,93,,778,,,
2024,25,20,256,291,5371,260,991,36,363,134,125,407,0,0,21,53,,486,25,,
2024,25,20,257,53,1953,67,455,,83,101,19,177,0,0,,31,0,221,,,
2024,25,20,258,179,3263,155,509,39,108,66,50,177,0,0,0,19,0,388,12,,
2024,25,20,259,72,1857,67,317,,93,44,16,97,0,0,0,32,0,184,16,,
2024,25,20,260,339,3105,233,622,27,185,47,198,184,0,0,37,143,0,524,56,,
2024,25,20,261,1061,2187,589,574,165,38,34,330,174,0,0,14,101,0,572,36,,
2024,25,20,262,307,1758,102,361,13,59,14,26,135,0,0,0,40,0,243,23,,
2024,25,20,263,7049,26123,3865,5437,1112,704,312,2435,1390,0,0,34,854,11,6002,208,81.0,15.0
2024,25,20,264,5102,24820,3115,4575,740,953,326,1370,1300,0,0,45,1074,,4731,277,68.0,12.0
2024,25,20,265,4300,79490,4102,14956,202,2699,1876,956,4636,,0,70,1548,31,9875,668,144.0,20.0
2024,25,20,266,8958,187998,7196,33472,710,7353,4225,1600,9143,,0,357,3379,113,23554,1415,330.0,38.0
2024,25,20,267,5116,71422,3539,13388,469,3662,1150,1401,3621,,0,122,1389,71,10649,755,121.0,14.0
2024,25,20,268,4647,92948,3816,16963,588,4015,1770,1319,5005,,0,132,1614,47,11445,972,152.0,14.0
2024,25,20,269,1944,38888,1257,7622,176,1561,983,395,2229,,0,101,719,14,5228,282,63.0,
2024,25,20,270,3584,51453,2593,9479,282,2146,911,972,3309,0,0,96,987,12,6439,419,78.0,12.0
2024,25,20,271,4139,68098,2821,12262,242,2748,1445,815,3150,,0,138,1023,23,9108,587,141.0,16.0
2024,25,20,272,4759,70585,2947,13381,885,3498,1910,1423,3878,,0,214,899,67,9192,611,119.0,14.0
2024,25,20,273,13582,46464,7595,11028,2188,1473,684,4543,2003,0,0,149,1555,11,12113,560,132.0,23.0
2024,25,20,274,9075,42083,5852,7896,1204,1722,699,2974,2806,0,0,178,1460,17,7237,603,107.0,20.0
2024,25,20,275,5500,136997,5794,26854,195,4759,3842,1564,7983,,0,305,1877,37,17318,911,146.0,17.0
2024,25,20,276,16970,449949,14198,84909,1750,17153,11417,3987,24208,19,0,812,6777,228,56928,3477,440.0,41.0
2024,25,20,277,8289,156866,5854,32596,922,6947,4148,2170,9455,,0,409,2658,96,22639,1522,150.0,14.0
2024,25,20,278,5934,116529,4757,23276,839,4692,2409,1404,7161,,0,346,2212,76,14427,1040,117.0,14.0
2024,25,20,279,2002,51483,1584,10609,54,1970,1566,739,3303,,0,116,556,20,6667,298,55.0,
2024,25,20,280,8226,108861,6193,23120,577,5633,2418,1972,8547,14,0,400,3399,33,14564,868,100.0,13.0
2024,25,20,281,6497,181641,5678,35836,435,7631,4529,1192,9450,25,0,417,2503,96,25226,1349,235.0,25.0
2024,25,20,282,3775,73836,3095,13832,586,3226,1440,1257,4486,0,0,237,1345,76,8423,612,83.0,
2024,25,20,283,32185,116585,18275,31920,5837,3537,2706,10342,6939,,,415,4283,36,32511,1240,211.0,42.0
2024,25,20,284,55454,268394,32641,58281,7523,11527,5343,16607,20152,,0,1184,10329,71,50215,3106,453.0,88.0
2024,25,20,285,3792,14228,2228,2807,557,367,367,1375,935,0,0,78,358,17,2358,127,56.0,
2024,25,20,286,6180,24806,3659,5071,847,548,597,2415,1643,0,0,28,470,31,3381,239,87.0,13.0
2024,25,20,287,111662,298947,52797,70424,22740,8613,9813,24960,24147,,11,2155,6037,229,59718,4622,776.0,130.0
2024,25,20,288,4665,12388,2147,2608,754,465,439,975,1021,0,0,82,133,16,2511,144,36.0,
2024,25,20,289,461,2333,367,486,61,96,85,240,171,0,0,,71,,315,,,
2024,25,20,290,,,,,,,,,,,,,,,,,,
2024,25,20,291,,,,,,,,,,,,,,,,,,
2024,25,20,292,,,,,,,,,,,,,,,,,,
2024,25,20,293,,,,,,,,,,,,,,,,,,
2024,25,20,294,,,,,,,,,,,,,,,,,,
2024,25,20,295,,,,,,,,,,,,,,,,,,
2024,25,20,296,,,,,,,,,,,,,,,,,,
2024,25,20,297,,,,,,,,,,,,,,,,,,
2024,25,20,298,,,,,,,,,,,,,,,,,,
2024,25,20,299,,,,,,,,,,,,,,,,,,
2024,25,20,300,,,,,,,,,,,,,,,,,,
2024,25,20,301,,,,,,,,,,,,,,,,,,
2024,25,20,302,,,,,,,,,,,,,,,,,,
2024,25,20,303,,,,,,,,,,,,,,,,,,
2024,25,20,304,,,,,,,,,,,,,,,,,,
2024,25,20,305,,,,,,,,,,,,,,,,,,
2024,25,20,306,,,,,,,,,,,,,,,,,,
2024,25,20,307,,,,,,,,,,,,,,,,,,
2024,25,20,308,,,,,,,,,,,,,,,,,,
2024,25,20,309,,,,,,,,,,,,,,,,,,
2024,25,20,310,,,,,,,,,,,,,,,,,,
2024,25,20,311,,,,,,,,,,,,,,,,,,
2024,25,20,312,,,,,,,,,,,,,,,,,,
2024,25,20,313,,,,,,,,,,,,,,,,,,
2024,25,20,314,,,,,,,,,,,,,,,,,,
2024,25,20,315,,,,,,,,,,,,,,,,,,
2024,25,20,316,,,,,,,,,,,,,,,,,,
2024,25,20,317,,,,,,,,,,,,,,,,,,
2024,25,20,318,,,,,,,,,,,,,,,,,,
2024,25,20,319,,,,,,,,,,,,,,,,,,
2024,25,20,320,,,,,,,,,,,,,,,,,,
2024,25,20,321,,,,,,,,,,,,,,,,,,
2024,25,20,322,,,,,,,,,,,,,,,,,,
2024,25,20,323,,,,,,,,,,,,,,,,,,
2024,25,20,324,,,,,,,,,,,,,,,,,,
2024,25,20,325,,,,,,,,,,,,,,,,,,
2024,25,20,326,,,,,,,,,,,,,,,,,,
2024,25,20,327,,,,,,,,,,,,,,,,,,
2024,25,20,328,,,,,,,,,,,,,,,,,,
2024,25,20,329,,,,,,,,,,,,,,,,,,
2024,25,20,330,,,,,,,,,,,,,,,,,,
2024,25,20,331,,,,,,,,,,,,,,,,,,
2024,25,20,332,,,,,,,,,,,,,,,,,,
2024,25,20,333,,,,,,,,,,,,,,,,,,
2024,25,20,334,,,,,,,,,,,,,,,,,,
2024,25,20,335,,,,,,,,,,,,,,,,,,
2024,25,20,336,,,,,,,,,,,,,,,,,,
2024,25,20,337,,,,,,,,,,,,,,,,,,
2024,25,20,338,,,,,,,,,,,,,,,,,,
2024,25,20,339,,,,,,,,,,,,,,,,,,
2024,25,20,340,,,,,,,,,,,,,,,,,,
2024,25,20,341,,,,,,,,,,,,,,,,,,
2024,25,20,342,,,,,,,,,,,,,,,,,,
2024,25,20,343,,,,,,,,,,,,,,,,,,
2024,25,20,344,,,,,,,,,,,,,,,,,,
2024,25,20,345,,,,,,,,,,,,,,,,,,
2024,25,20,346,,,,,,,,,,,,,,,,,,
2024,25,20,347,,,,,,,,,,,,,,,,,,
2024,25,20,348,,,,,,,,,,,,,,,,,,
2024,27,21,349,11,1205,11,601,0,,31,355,153,0,,,29,0,,31,69.0,17.0
2024,27,21,350,,986,,391,0,,28,180,105,0,,,53,0,,22,47.0,13.0
2024,12,22,351,813,10067,596,1932,30,665,34,320,1282,11,0,25,676,57,347,32,47.0,
2024,12,22,352,18984,218789,11432,34471,761,16321,662,475,31449,184,0,289,5238,215,7247,846,683.0,62.0
2024,12,22,353,14369,179196,9268,29208,644,13534,882,468,27195,155,,287,4641,148,6429,9674,377.0,38.0
2024,12,22,354,9273,120833,5658,20533,438,9375,385,324,17913,91,29,177,3959,122,4644,456,227.0,25.0
2024,12,22,355,14196,165337,9183,28451,566,12407,357,275,23713,145,,246,6537,135,5916,475,599.0,73.0
2024,12,22,356,27085,307810,15500,49212,1198,23656,840,796,45749,256,15,480,7294,309,10535,1043,681.0,66.0
2024,12,22,357,40744,20124,124,62,208,75,0,0,70,0,,12,,0,94,0,44.0,
2024,12,22,358,70217,60918,258,204,364,261,0,0,126,0,,,20,0,296,,228.0,27.0
2024,12,22,359,114687,116489,337,407,558,387,0,0,267,0,,30,49,0,372,26,381.0,59.0
2024,12,22,360,67360,89402,194,256,382,263,0,0,160,0,,12,24,0,250,,392.0,60.0
2024,12,22,361,15063,90890,77,294,25,313,0,26,94,,,,21,0,216,,645.0,106.0
2024,12,22,362,8354,5822,26,,,19,0,0,16,0,,0,,0,12,0,,
2024,12,22,363,22118,265892,14645,44726,802,20382,637,539,39703,161,,324,8808,168,9693,893,861.0,108.0
2024,12,22,364,9063,125559,6027,20894,350,9927,314,422,19783,82,0,139,3722,112,4960,334,227.0,29.0
2024,12,22,365,2564,30716,1577,5601,153,2635,102,201,4978,41,,54,1019,29,1666,125,53.0,
2024,12,23,366,60,301,13,59,0,,0,0,30,,,0,,0,14,24,,
2024,12,23,367,,192,,76,0,48,0,0,41,,,0,0,0,,30,,
2024,12,23,368,409,1258,148,289,0,42,0,0,225,,,0,,0,102,103,36.0,11.0
2024,12,23,369,658,1545,237,305,0,24,0,0,385,0,,0,,0,146,,80.0,24.0
2024,12,23,370,11,59,,,0,0,0,0,,0,,0,0,0,,0,,
2024,12,23,371,0,13,0,0,0,0,0,0,0,0,,0,0,0,0,0,,
2024,6,24,372,,,,,,,,,,,,,,,,,,
2024,6,24,373,,,,,,,,,,,,,,,,,,
2024,6,24,374,,,,,,,,,,,,,,,,,,
2024,6,24,375,,,,,,,,,,,,,,,,,,
2024,6,24,376,,,,,,,,,,,,,,,,,,
2024,6,25,377,1160,13077,316,3475,0,14,0,30,3260,27,,15,999,,0,593,289.0,54.0
2024,6,25,378,2993,29144,944,7830,15,77,0,161,6968,187,,322,2526,,0,1856,511.0,98.0
2024,6,25,379,904,10272,336,3977,,0,0,32,3958,,,0,1080,0,0,390,266.0,77.0
2024,6,26,380,51567,811542,17038,156672,4208,43374,190,17038,1335,62,0,1143,52,117,86105,67668,2406.0,339.0
2024,6,26,381,49863,1242472,10983,225404,5793,72904,491,10983,1513,118,0,2979,25,245,99485,120548,1429.0,157.0
2024,6,26,382,3530,24997,364,4550,440,1802,,364,19,0,,36,0,,1724,2758,28.0,
2024,6,26,383,78969,2035650,24229,444970,7188,106988,348,24229,2182,185,,2996,12,220,238110,200916,4478.0,581.0
2024,6,26,384,25279,570785,5183,95295,2466,48042,252,5183,2237,61,0,1380,,121,37307,53935,459.0,53.0
2024,6,26,385,259497,7386117,64492,1501632,29128,406751,2190,64492,9604,689,,14284,31,1110,751239,722479,10210.0,1150.0
2024,6,26,386,54996,977996,10033,173914,5172,59820,298,10033,1286,91,13,2110,12,168,73632,96304,1309.0,151.0
2024,6,26,387,26647,547028,7009,99902,3146,30602,260,7009,606,52,,1298,0,105,48773,48807,1182.0,110.0
2024,6,26,388,9757,185971,1943,34784,1118,10527,67,1943,149,20,,383,0,28,15377,18759,280.0,29.0
2024,6,26,389,177297,3408347,49416,669161,16281,188277,715,49416,5367,301,,5964,19,584,359318,296886,8068.0,1030.0
2024,6,26,390,9372,148319,2908,29225,841,9062,22,2908,177,,0,190,,16,14411,14397,342.0,56.0
2024,6,26,391,11535,246510,3329,47087,1007,13786,55,3329,277,14,0,407,0,52,23732,22550,452.0,67.0
2024,6,26,392,4175,81981,1256,16099,407,5236,,1256,69,23,0,96,0,12,6577,9313,105.0,15.0
2024,6,26,393,11695,134478,1972,20786,867,9012,61,1972,208,,0,315,0,21,8196,11980,117.0,16.0
2024,6,26,394,36231,597927,4921,95469,4830,38084,438,4921,802,90,,1457,133,148,34432,57964,501.0,59.0
2024,6,26,395,32616,605207,6691,105275,4033,32850,229,6691,753,75,0,1422,27,88,47689,54992,983.0,111.0
2024,6,26,396,1686,24265,272,4426,283,2413,18,272,24,,0,41,0,,1945,2390,18.0,
2024,6,26,397,21052,330922,4651,56476,2498,21085,172,4651,548,53,0,684,,67,26325,28619,556.0,84.0
2024,6,26,398,13296,210239,1916,30311,2308,15263,174,1916,298,41,0,745,,57,10734,18256,142.0,17.0
2024,6,26,399,27403,759499,5447,130489,2868,89464,182,5447,2674,91,291,965,17,118,45827,80324,603.0,42.0
2024,6,26,400,13912,202487,2274,32813,1931,14403,146,2274,313,21,,493,21,51,11287,20480,205.0,21.0
2024,6,26,401,23181,408043,4429,64269,3679,23876,229,4429,508,76,0,1102,22,111,26747,35474,522.0,48.0
2024,6,26,402,3231,45990,590,7367,447,2832,,590,173,,0,71,0,19,2845,4244,45.0,
2024,6,26,403,73666,1093891,15037,182415,9917,64151,399,15037,1805,151,,2647,28,284,81501,95599,1781.0,205.0
2024,6,26,404,3571,51615,954,9402,371,2954,18,954,63,12,0,128,,12,4398,4770,94.0,15.0
2024,6,26,405,1176,22539,247,3206,172,1755,26,247,11,,0,87,0,,1139,1928,17.0,
2024,6,26,406,1480,19124,302,2999,235,1623,14,302,74,0,0,91,0,,1117,1702,21.0,
2024,6,26,407,5145,46948,718,7592,417,3745,40,718,287,,0,156,,,3179,3917,31.0,
2024,6,26,408,,,,,,,,,,,,,,,,,,
2024,6,26,409,,,,,,,,,,,,,,,,,,
2024,6,26,410,,,,,,,,,,,,,,,,,,
2024,6,26,411,,,,,,,,,,,,,,,,,,
2024,6,26,412,,,,,,,,,,,,,,,,,,
2024,9,27,413,128,291,34,115,0,65,0,0,54,18,,0,13,0,25,39,,
2024,9,27,414,,,,,0,0,0,0,,0,,0,0,0,,,,
2024,9,27,415,321,700,106,180,0,12,0,0,167,,,0,,0,38,67,29.0,
2024,9,27,416,370,635,156,142,0,24,0,0,227,0,,0,0,0,65,,41.0,14.0
2024,9,27,417,,30,,0,0,0,0,0,0,0,,0,0,0,,,,
2024,9,27,418,,,0,,0,0,0,0,0,0,,0,0,0,0,,,
2024,2,28,419,,,,,,,,,,,,,,,,,,
2024,2,28,420,,,,,,,,,,,,,,,,,,
2024,2,28,421,,,,,,,,,,,,,,,,,,
2024,2,28,422,,,,,,,,,,,,,,,,,,
2024,2,28,423,,,,,,,,,,,,,,,,,,
2024,2,28,424,,,,,,,,,,,,,,,,,,
2024,2,28,425,,,,,,,,,,,,,,,,,,
2024,2,28,426,,,,,,,,,,,,,,,,,,
2024,2,28,427,,,,,,,,,,,,,,,,,,
2024,6,29,428,17,149,12,54,,12,0,0,38,0,,0,20,0,0,,76.0,14.0
2024,6,29,429,0,,0,,0,0,0,0,,0,,0,,0,0,0,12.0,
2024,6,29,430,,28,0,,0,,0,0,,0,,0,,0,0,,21.0,
2024,6,29,431,,13,,,0,0,0,0,,0,,0,0,0,0,,,
2024,16,30,432,8346,36087,4347,10586,4104,7179,1423,4347,2703,0,0,2122,433,0,2876,1029,228.0,37.0
2024,16,30,433,3230,15958,1649,4684,1676,3151,747,1649,1008,0,0,962,318,0,1185,464,62.0,13.0
2024,16,30,434,44141,263467,19721,73805,19277,49956,11699,19730,15771,0,0,18586,3563,0,17678,6499,942.0,165.0
2024,16,30,435,453,4823,250,1445,223,1097,356,250,225,0,0,291,154,0,346,73,,
2024,16,30,436,6507,36211,2331,9895,2526,7066,1785,2331,2103,0,0,1960,325,0,2617,1105,180.0,38.0
2024,16,30,437,5636,31225,2083,8812,2233,6577,1390,2083,2050,0,0,2137,440,0,2125,670,111.0,22.0
2024,16,30,438,,,,,,,,,,,,,,,,,,
2024,16,30,439,,,,,,,,,,,,,,,,,,
2024,4,31,440,,,,,,,,,,,,,,,,,,
2024,4,31,441,,,,,,,,,,,,,,,,,,
2024,4,31,442,,,,,,,,,,,,,,,,,,
2024,4,31,443,,,,,,,,,,,,,,,,,,
2024,2,32,444,,,,,,,,,,,,,,,,,,
2024,2,32,445,,,,,,,,,,,,,,,,,,
2024,2,32,446,,,,,,,,,,,,,,,,,,
2024,9,33,447,1727,4221,294,272,0,19,,0,245,0,,0,0,0,0,317,139.0,21.0
2024,9,33,448,1055,2793,182,214,,19,0,0,188,0,,0,0,0,0,208,78.0,13.0
2024,9,33,449,936,2868,144,269,,30,,0,240,0,,0,0,0,0,172,94.0,19.0
2024,9,33,450,1297,1805,245,246,15,,,0,435,0,,0,0,0,0,54,100.0,21.0
2024,9,33,451,,,,,,,,,,,,,,,,,,
2024,9,33,452,,,,,,,,,,,,,,,,,,
2024,9,33,453,,,,,,,,,,,,,,,,,,
2024,9,33,454,,,,,,,,,,,,,,,,,,
2024,9,33,455,,,,,,,,,,,,,,,,,,
2024,9,33,456,,,,,,,,,,,,,,,,,,
2024,9,33,457,,,,,,,,,,,,,,,,,,
2024,9,33,458,,,,,,,,,,,,,,,,,,
2024,9,33,459,,,,,,,,,,,,,,,,,,
2024,9,33,460,,,,,,,,,,,,,,,,,,
2024,9,33,461,,,,,,,,,,,,,,,,,,
2024,9,33,462,,,,,,,,,,,,,,,,,,
2024,9,33,463,,,,,,,,,,,,,,,,,,
2024,9,33,464,,,,,,,,,,,,,,,,,,
2024,9,33,465,,,,,,,,,,,,,,,,,,
2024,26,34,466,483,7508,480,1912,,544,104,225,663,0,0,0,0,0,794,606,33.0,
2024,26,34,467,1161,15792,1157,3394,,887,338,730,913,,0,,,,1402,1153,74.0,
2024,26,34,468,355,10338,330,2602,,730,201,267,958,,,,0,,1155,342,14.0,
2024,26,34,469,368,7375,313,2247,0,492,96,141,756,,0,,,,1246,306,12.0,
2024,26,34,470,2810,40025,2744,9789,16,2212,510,1418,2994,,0,,16,16,3929,3641,182.0,27.0
2024,27,35,471,1084,31156,486,7407,212,5506,2220,383,169,4345,905,1621,727,176,2767,1445,111.0,18.0
2024,27,35,472,2256,60829,1146,13980,312,9817,4068,944,325,7639,2041,3484,2119,314,5163,2373,241.0,30.0
2024,27,35,473,105,3958,44,922,14,667,275,32,22,638,141,219,54,,337,152,,
2024,27,35,474,49,2358,20,569,,369,258,17,29,290,55,166,47,,146,54,,
2024,27,35,475,596,14375,257,3078,97,2454,862,186,113,2026,404,687,251,89,1355,633,53.0,
2024,27,35,476,350,12332,180,2662,67,2032,701,117,83,1497,487,695,450,61,1241,502,37.0,
2024,27,35,477,,,,,,,,,,,,,,,,,,
2024,27,35,478,,,,,,,,,,,,,,,,,,
2024,7,36,479,880,216370,153,57666,,5136,2271,14,2695,648,25,6487,715,43,10181,41779,259.0,33.0
2024,7,36,480,,3317,,1025,0,79,,0,90,,,118,43,0,226,688,16.0,
2024,7,36,481,829,91670,61,25069,,1948,813,,1292,360,,2450,411,14,3687,19073,166.0,21.0
2024,7,36,482,370,157649,38,43138,0,3647,1864,0,2540,506,37,4297,462,43,7480,31083,317.0,40.0
2024,7,36,483,483,126449,65,34475,,2470,1087,,1835,412,,3498,711,16,6548,23990,215.0,29.0
2024,7,36,484,205,63544,78,17786,0,1562,585,0,1232,171,,1902,357,20,2821,12813,184.0,25.0
2024,7,36,485,109,34111,,9186,0,983,210,0,620,118,,1216,101,15,1763,6319,91.0,11.0
2024,7,36,486,369,10131,173,3182,0,0,0,0,3032,0,,60,0,0,170,93,144.0,18.0
2024,7,36,487,249,7569,95,2399,0,0,0,0,2331,0,,0,15,0,71,77,161.0,28.0
2024,7,36,488,,133,,14,0,0,0,0,11,0,,0,0,0,,0,,
2024,7,36,489,275,7090,140,2161,0,0,0,0,1948,0,,19,,0,65,266,115.0,15.0
2024,7,36,490,79,5625,72,1968,0,0,171,0,1800,0,,0,,0,49,17,130.0,22.0
2024,10,37,491,14204,300001,8562,38408,1247,4696,2876,3690,4871,352,,4109,3992,382,9270,17425,533.0,54.0
2024,10,37,492,5458,113792,3493,15464,623,2019,865,1526,1579,155,,1993,1390,167,4895,6382,129.0,13.0
2024,10,37,493,4028,68325,4004,8495,483,1045,544,1200,1448,100,,797,2562,91,2283,3471,184.0,24.0
2024,10,37,494,3600,67629,2829,8023,332,887,429,1139,1608,108,0,819,1512,91,1999,3147,162.0,15.0
2024,10,37,495,7984,161359,5377,19979,681,2577,1415,2253,2601,201,,2279,2785,239,5044,8537,268.0,30.0
2024,10,37,496,,,,,,,,,,,,,,,,,,
2024,10,37,497,5344,79659,3136,10006,471,1289,601,1355,1345,93,,953,1492,116,2553,4631,211.0,32.0
2024,10,37,498,7416,104493,3268,14426,424,2000,1125,1581,1642,165,,1287,1426,163,3889,6413,184.0,29.0
2024,10,37,499,6410,95219,3296,12536,407,1706,1293,1892,1994,117,,1207,1125,119,2925,5158,181.0,25.0
2024,11,38,500,488,2159,166,626,,12,,0,270,0,,145,53,0,81,241,35.0,
2024,11,38,501,510,2711,157,724,,22,,0,412,0,,76,135,0,20,235,55.0,12.0
2024,11,39,502,40691,385315,787,60065,37,255,198,274,5218,89,,0,5752,77,5227,44016,512.0,55.0
2024,11,39,503,60721,428141,753,80546,91,218,285,159,6183,37,,0,6963,41,6519,61110,1011.0,119.0
2024,11,39,504,128983,1656855,2881,260432,126,354,1307,734,22792,214,,0,22294,214,28593,187162,2111.0,211.0
2024,11,39,505,24827,262778,375,45461,38,58,209,70,3389,20,,0,4487,30,4337,33293,533.0,71.0
2024,11,39,506,24859,438830,1159,71113,27,491,445,238,6252,68,15,0,5381,132,8045,51696,619.0,78.0
2024,11,39,507,6576,90269,113,15652,22,48,49,31,1306,16,0,0,1443,0,1979,10941,108.0,13.0
2024,11,39,508,,,,,,,,,,,,,,,,,,
2024,11,39,509,18765,172838,210,35142,32,124,119,44,2685,17,0,0,2200,,3025,27255,262.0,32.0
2024,11,39,510,,,,,,,,,,,,,,,,,,
2024,11,39,511,,,,,,,,,,,,,,,,,,
2024,11,39,512,,,,,,,,,,,,,,,,,,
2024,11,39,513,,,,,,,,,,,,,,,,,,
2024,11,39,514,60402,364792,404,102697,22,266,244,71,6968,61,0,0,8915,47,5135,81660,526.0,58.0
2024,11,39,515,13328,164748,306,33492,15,,132,96,2654,23,0,0,2395,,3931,24563,250.0,26.0
2024,11,39,516,9905,105236,146,18211,,23,152,45,1454,21,0,0,2085,11,2041,12548,175.0,21.0
2024,11,39,517,,,,,,,,,,,,,,,,,,
2024,11,39,518,,,,,,,,,,,,,,,,,,
2024,11,39,519,,,,,,,,,,,,,,,,,,
2024,11,39,520,,,,,,,,,,,,,,,,,,
2024,11,39,521,,,,,,,,,,,,,,,,,,
2024,11,39,522,,,,,,,,,,,,,,,,,,
2024,11,39,523,,,,,,,,,,,,,,,,,,
2024,11,39,524,,,,,,,,,,,,,,,,,,
2024,11,39,525,,,,,,,,,,,,,,,,,,
2024,11,39,526,,,,,,,,,,,,,,,,,,
2024,11,39,527,,,,,,,,,,,,,,,,,,
2024,11,39,528,15176,149753,269,43526,,,111,113,1702,,0,0,3317,25,1639,36880,234.0,28.0
2024,11,39,529,,,,,,,,,,,,,,,,,,
2024,11,39,530,,,,,,,,,,,,,,,,,,
2024,11,39,531,,,,,,,,,,,,,,,,,,
2024,11,39,532,,,,,,,,,,,,,,,,,,
2024,11,39,533,14287,105685,184,10350,15,113,62,40,1569,15,0,0,1946,17,1747,5138,205.0,24.0
2024,11,39,534,2964,39998,118,6526,,,69,14,632,0,0,0,629,,1138,4160,78.0,
2024,11,39,535,,,,,,,,,,,,,,,,,,
2024,11,39,536,,,,,,,,,,,,,,,,,,
2024,11,39,537,,,,,,,,,,,,,,,,,,
2024,11,39,538,,,,,,,,,,,,,,,,,,
2024,11,39,539,,,,,,,,,,,,,,,,,,
2024,11,39,540,,,,,,,,,,,,,,,,,,
2024,11,39,541,,,,,,,,,,,,,,,,,,
2024,6,40,542,257,7432,120,1639,,70,263,171,303,0,0,313,109,0,358,1295,12.0,
2024,6,40,543,983,6881,264,1437,,41,235,412,300,0,0,293,168,0,238,1112,,
2024,6,40,544,693,11119,241,2421,64,172,403,353,437,,0,283,198,,427,1989,12.0,
2024,6,40,545,208,5345,91,1446,,48,144,112,247,,0,166,169,,335,1216,11.0,
2024,6,40,546,304,4972,179,988,,114,124,208,174,0,0,104,123,0,128,898,,
2024,6,40,547,1043,20934,430,4202,,266,700,857,669,0,0,499,587,0,766,3046,24.0,
2024,6,40,548,552,10834,360,2565,,142,625,459,452,0,0,372,302,,492,1945,15.0,
2024,6,40,549,797,12636,348,3065,,221,430,679,635,0,0,479,251,0,535,2539,15.0,
2024,6,40,550,515,8226,213,2218,,117,249,331,411,0,0,223,287,0,294,1626,23.0,
2024,6,40,551,517,7380,270,1691,,30,330,349,347,0,0,252,264,0,62,1218,17.0,
2024,6,40,552,,190,,39,0,0,,14,,0,0,,0,0,,32,,
2024,6,40,553,229,1286,147,342,,,106,167,45,0,0,38,59,0,28,281,,
2024,6,40,554,38,1194,14,408,,16,53,44,64,0,0,27,81,0,54,300,,
2024,6,40,555,143,2242,49,460,0,56,125,103,48,0,0,46,38,0,69,328,,
2024,6,40,556,41,724,15,268,,,23,22,16,0,0,20,26,0,66,199,,
2024,6,40,557,514,2955,204,691,28,193,155,398,101,0,0,172,81,,105,606,,
2024,6,40,558,1101,7294,379,1586,12,158,359,548,270,0,0,209,144,,347,1314,,
2024,6,40,559,589,3723,247,1040,13,29,322,327,151,0,0,156,199,0,227,725,,
2024,6,40,560,965,5828,362,1464,35,121,272,600,236,0,0,243,199,,312,1162,,
2024,6,40,561,724,3800,411,1062,37,131,170,550,130,0,0,101,80,0,221,863,,
2024,6,40,562,1451,4597,355,802,29,43,151,523,238,0,0,195,74,0,93,572,11.0,
2024,6,40,563,180,2297,39,484,0,23,165,52,94,0,0,72,57,0,27,287,,
2024,6,40,564,348,2989,92,770,,29,171,102,128,0,0,81,97,0,102,570,,
2024,6,40,565,849,6238,287,2187,,65,240,398,210,0,0,297,140,,208,1841,,
2024,6,40,566,100,2067,23,571,0,11,112,67,98,0,0,75,106,0,60,355,,
2024,6,40,567,280,2881,164,628,0,143,204,184,136,0,0,105,114,0,75,402,,
2024,6,40,568,,,,,,,,,,,,,,,,,,
2024,6,40,569,,,,,,,,,,,,,,,,,,
2024,6,40,570,0,0,0,0,0,0,0,0,0,0,0,0,0,0,0,0,,
2024,6,40,571,,,,,,,,,,,,,,,,,,
2024,6,40,572,,,,,,,,,,,,,,,,,,
2024,6,40,573,70,1244,50,333,,,,56,38,0,0,15,,0,65,368,,
2024,6,40,574,310,3435,126,530,,95,139,141,202,0,0,154,105,0,22,316,,
2024,6,40,575,,136,0,20,0,0,0,,,0,0,,0,0,0,18,,
2024,6,40,576,109,992,15,95,0,34,41,63,15,0,0,18,,0,,189,,
2024,6,40,577,83,376,37,52,0,38,17,42,27,0,0,,15,0,,66,,
2024,6,40,578,1994,32943,1027,8058,22,352,1386,1259,1332,0,0,1213,973,,1113,6775,38.0,
2024,6,40,579,2204,29084,1291,7407,30,428,1346,1484,1318,0,0,1139,1903,,844,5476,41.0,
2024,6,40,580,232,2343,95,712,,58,180,196,109,0,0,80,86,0,112,583,,
2024,6,40,581,2508,13393,1097,3760,66,424,965,1723,642,0,0,710,523,,375,3203,15.0,
2024,6,40,582,905,10876,375,2721,21,189,824,470,466,0,0,483,391,,401,1860,15.0,
2024,6,40,583,426,6611,180,1706,,59,290,233,245,0,0,217,311,0,213,1356,17.0,
2024,6,40,584,918,16550,529,5785,11,241,643,690,805,0,0,667,436,11,441,5014,35.0,
2024,6,40,585,301,2276,140,613,13,52,139,195,149,0,0,68,133,0,36,502,,
2024,6,40,586,1682,6517,620,1510,25,149,388,924,276,0,0,278,159,0,134,1027,23.0,
2024,6,40,587,811,5153,208,1110,82,264,193,268,366,0,0,201,213,0,69,820,11.0,
2024,6,40,588,330,8064,162,1627,,137,198,207,286,0,0,252,88,0,410,1422,12.0,
2024,6,40,589,250,4933,148,1131,,82,343,230,236,0,0,166,193,0,166,782,,
2024,6,40,590,157,4231,62,778,,70,99,73,187,0,0,164,142,0,122,587,,
2024,6,40,591,1115,12539,632,3082,50,232,547,817,493,0,0,332,320,0,577,2575,21.0,
2024,6,40,592,801,10891,303,2522,,135,338,426,427,0,0,308,329,,280,2063,19.0,
2024,6,40,593,522,8302,217,2321,,104,303,283,383,0,0,261,266,0,450,1941,12.0,
2024,6,40,594,14,174,14,40,0,,,24,,0,0,,29,0,,13,,
2024,6,40,595,148,1520,62,370,0,49,48,88,127,0,0,47,39,,91,324,,
2024,6,40,596,159,1329,110,386,,12,42,133,21,0,0,52,76,0,80,323,,
2024,6,40,597,53,971,14,247,,0,57,30,27,0,0,16,70,0,27,264,,
2024,6,40,598,525,2883,264,796,,18,144,335,83,0,0,51,37,0,113,627,,
2024,6,40,599,265,2446,154,692,,24,241,177,171,0,0,101,114,0,92,381,,
2024,6,40,600,390,2531,155,716,,40,182,200,131,0,0,93,76,,156,525,,
2024,6,40,601,128,1863,68,424,0,36,53,66,93,0,0,70,26,,168,431,,
2024,6,40,602,256,3163,144,857,,32,295,190,208,0,0,114,297,0,79,480,,
2024,6,40,603,292,2683,149,820,,31,74,194,124,,0,87,140,0,122,630,,
2024,6,40,604,,,,,,,,,,,,,,,,,,
2024,6,40,605,,,,,,,,,,,,,,,,,,
2024,26,41,606,118296,358488,60730,93159,4277,15012,9762,19068,3719,50,17,9850,661,328,116801,3973,3808.0,1013.0
2024,26,41,607,11270,100274,6724,22759,481,3479,555,2293,258,0,,35,,149,24800,1384,209.0,24.0
2024,26,41,608,51470,209305,27855,55063,1663,11769,11701,10769,1920,,,15027,4921,115,53415,2014,1130.0,313.0
2024,26,41,609,24042,208918,13564,49913,1064,11827,11710,6411,1086,,28,13564,963,262,42548,2604,324.0,55.0
2024,26,41,610,21359,80832,10245,21209,886,2746,479,3672,,,0,26,41,97,26716,418,585.0,107.0
2024,26,41,611,46903,410754,26362,103416,2504,25323,29724,13483,3056,23,14,33998,3224,309,83378,3207,562.0,95.0
2024,26,41,612,56398,449879,29548,113900,2239,25696,31502,14389,3178,20,,33076,3238,317,94359,3637,1151.0,219.0
2024,26,41,613,7015,45110,3454,11124,218,1560,277,1310,,0,0,30,22,87,12371,479,168.0,24.0
2024,26,41,614,34897,192588,19876,49215,910,6809,1873,6222,20,21,,89,77,263,59134,1390,615.0,115.0
2024,26,41,615,,,,,,,,,,,,,,,,,,
2024,26,41,616,,,,,,,,,,,,,,,,,,
2024,26,41,617,,,,,,,,,,,,,,,,,,
2024,26,41,618,,,,,,,,,,,,,,,,,,
2024,26,41,619,,,,,,,,,,,,,,,,,,
2024,26,41,620,,,,,,,,,,,,,,,,,,
2024,26,41,621,,,,,,,,,,,,,,,,,,
2024,26,41,622,,,,,,,,,,,,,,,,,,
2024,26,41,623,,,,,,,,,,,,,,,,,,
2024,26,41,624,,,,,,,,,,,,,,,,,,
2024,26,41,625,,,,,,,,,,,,,,,,,,
2024,26,41,626,,,,,,,,,,,,,,,,,,
2024,26,41,627,,,,,,,,,,,,,,,,,,
2024,26,41,628,,,,,,,,,,,,,,,,,,
2024,26,41,629,,,,,,,,,,,,,,,,,,
2024,26,41,630,,,,,,,,,,,,,,,,,,
2024,26,41,631,,,,,,,,,,,,,,,,,,
2024,26,41,632,,,,,,,,,,,,,,,,,,
2024,26,41,633,,,,,,,,,,,,,,,,,,
2024,26,41,634,,,,,,,,,,,,,,,,,,
2024,26,41,635,,,,,,,,,,,,,,,,,,
2024,26,41,636,,,,,,,,,,,,,,,,,,
2024,26,41,637,,,,,,,,,,,,,,,,,,
2024,26,41,638,,,,,,,,,,,,,,,,,,
2024,26,41,639,,,,,,,,,,,,,,,,,,
2024,26,41,640,,,,,,,,,,,,,,,,,,
2024,26,41,641,,,,,,,,,,,,,,,,,,
2024,26,41,642,,,,,,,,,,,,,,,,,,
2024,26,41,643,,,,,,,,,,,,,,,,,,
2024,26,41,644,,,,,,,,,,,,,,,,,,
2024,26,41,645,,,,,,,,,,,,,,,,,,
2024,26,41,646,,,,,,,,,,,,,,,,,,
2024,26,41,647,,,,,,,,,,,,,,,,,,
2024,26,41,648,,,,,,,,,,,,,,,,,,
2024,26,41,649,,,,,,,,,,,,,,,,,,
2024,26,41,650,,,,,,,,,,,,,,,,,,
2024,26,41,651,,,,,,,,,,,,,,,,,,
2024,26,41,652,,,,,,,,,,,,,,,,,,
2024,26,41,653,,,,,,,,,,,,,,,,,,
2024,26,41,654,,,,,,,,,,,,,,,,,,
2024,26,41,655,,,,,,,,,,,,,,,,,,
2024,26,41,656,,,,,,,,,,,,,,,,,,
2024,26,41,657,,,,,,,,,,,,,,,,,,
2024,26,41,658,,,,,,,,,,,,,,,,,,
2024,26,41,659,,,,,,,,,,,,,,,,,,
2024,26,41,660,,,,,,,,,,,,,,,,,,
2024,26,41,661,,,,,,,,,,,,,,,,,,
2024,26,41,662,,,,,,,,,,,,,,,,,,
2024,26,41,663,,,,,,,,,,,,,,,,,,
2024,26,41,664,,,,,,,,,,,,,,,,,,
2024,26,41,665,,,,,,,,,,,,,,,,,,
2024,26,41,666,,,,,,,,,,,,,,,,,,
2024,26,41,667,,,,,,,,,,,,,,,,,,
2024,26,41,668,,,,,,,,,,,,,,,,,,
2024,26,41,669,,,,,,,,,,,,,,,,,,
2024,26,41,670,,,,,,,,,,,,,,,,,,
2024,26,41,671,,,,,,,,,,,,,,,,,,
2024,26,41,672,,,,,,,,,,,,,,,,,,
2024,26,41,673,,,,,,,,,,,,,,,,,,
2024,26,41,674,,,,,,,,,,,,,,,,,,
2024,26,41,675,,,,,,,,,,,,,,,,,,
2024,26,41,676,,,,,,,,,,,,,,,,,,
2024,26,41,677,,,,,,,,,,,,,,,,,,
2024,26,41,678,,,,,,,,,,,,,,,,,,
2024,26,41,679,,,,,,,,,,,,,,,,,,
2024,26,41,680,,,,,,,,,,,,,,,,,,
2024,26,41,681,,,,,,,,,,,,,,,,,,
2024,26,41,682,,,,,,,,,,,,,,,,,,
2024,26,41,683,,,,,,,,,,,,,,,,,,
2024,26,41,684,,,,,,,,,,,,,,,,,,
2024,26,41,685,,,,,,,,,,,,,,,,,,
2024,26,41,686,,,,,,,,,,,,,,,,,,
2024,26,41,687,,,,,,,,,,,,,,,,,,
2024,26,41,688,,,,,,,,,,,,,,,,,,
2024,26,41,689,,,,,,,,,,,,,,,,,,
2024,26,41,690,,,,,,,,,,,,,,,,,,
2024,26,41,691,,,,,,,,,,,,,,,,,,
2024,26,41,692,,,,,,,,,,,,,,,,,,
2024,26,41,693,,,,,,,,,,,,,,,,,,
2024,26,41,694,,,,,,,,,,,,,,,,,,
2024,26,41,695,,,,,,,,,,,,,,,,,,
2024,26,41,696,,,,,,,,,,,,,,,,,,
2024,26,41,697,,,,,,,,,,,,,,,,,,
2024,26,41,698,,,,,,,,,,,,,,,,,,
2024,26,41,699,,,,,,,,,,,,,,,,,,
2024,26,41,700,,,,,,,,,,,,,,,,,,
2024,26,41,701,,,,,,,,,,,,,,,,,,
2024,26,41,702,,,,,,,,,,,,,,,,,,
2024,26,41,703,,,,,,,,,,,,,,,,,,
2024,26,41,704,,,,,,,,,,,,,,,,,,
2024,26,41,705,,,,,,,,,,,,,,,,,,
2024,28,42,706,172,7320,38,520,0,456,46,0,35,0,0,,70,0,70,336,,
2024,28,42,707,134,4052,,413,0,383,53,0,107,0,0,,47,0,87,117,,
2024,28,42,708,646,45035,126,2965,14,2355,222,0,760,,0,308,234,0,663,1136,47.0,
2024,28,42,709,300,22226,38,1382,,1750,29,0,284,,0,24,268,0,297,529,28.0,
2024,28,42,710,282,21951,38,1340,36,1391,47,0,285,0,0,35,215,0,249,554,49.0,
2024,28,42,711,361,45243,58,2764,,2028,86,0,572,,0,41,460,0,636,1031,55.0,
2024,28,42,712,1029,108499,262,6541,19,4594,244,0,1631,38,0,227,741,0,1372,2654,218.0,23.0
2024,28,42,713,620,9246,66,780,100,413,67,0,174,,0,,41,0,133,424,,
2024,28,42,714,946,14876,92,1070,,657,68,0,171,0,0,53,139,0,200,531,16.0,
2024,28,42,715,620,7653,94,539,42,454,29,0,117,0,0,,100,0,158,228,13.0,
2024,28,42,716,502,13948,50,885,,792,69,0,124,0,0,44,140,0,122,436,22.0,
2024,28,42,717,237,8947,18,801,,510,124,0,102,0,0,18,95,0,171,312,,
2024,28,42,718,4044,54740,414,3292,262,2507,277,0,565,,0,111,342,0,712,1697,98.0,11.0
2024,28,42,719,210,12001,40,830,,679,17,0,160,0,0,47,129,0,189,361,13.0,
2024,28,42,720,340,41242,46,2594,,1887,84,0,486,32,0,102,289,,609,1162,37.0,
2024,28,42,721,428,32089,38,2023,74,1768,112,0,394,0,0,52,304,0,457,791,49.0,
2024,18,43,722,448,12335,304,2997,112,1339,328,0,484,0,0,117,381,0,2460,176,13.0,
2024,18,43,723,3937,94074,3563,19779,798,9124,1134,274,3006,0,0,898,5457,,20991,1668,284.0,36.0
2024,18,43,724,108,6929,72,1392,18,757,57,0,210,0,0,49,239,0,1554,131,,
2024,18,43,725,1126,22267,997,4905,469,2205,286,,722,0,0,358,1752,0,5368,419,38.0,
2024,18,43,726,2438,73812,1943,14989,484,6804,944,108,1989,,0,643,3771,,12126,1086,204.0,22.0
2024,18,43,727,92,2891,79,568,,329,18,19,100,0,0,31,91,0,600,51,,
2024,18,43,728,442,11516,387,2259,114,1217,105,0,283,0,0,91,562,0,2306,145,13.0,
2024,18,43,729,2722,82824,2184,17593,553,8313,898,157,2597,0,0,872,4085,0,14142,1164,226.0,26.0
2024,18,43,730,,,,,,,,,,,,,,,,,,
2024,18,43,731,273,13729,172,2991,22,1904,200,15,385,0,0,82,188,0,2434,182,14.0,
2024,18,43,732,34,543,14,88,,57,,0,21,0,0,13,,0,75,0,,
2024,18,43,733,1350,44726,1087,7852,109,4237,694,51,1089,,0,500,1214,0,5907,699,107.0,
2024,18,43,734,788,17469,679,3400,64,2170,161,,587,0,0,236,410,0,2964,324,22.0,
2024,18,43,735,1049,12334,981,2890,593,1740,96,0,304,0,0,161,390,0,3125,187,16.0,
2024,18,43,736,1835,66753,1426,13007,315,7623,566,19,1253,,0,619,1597,0,11306,1070,154.0,15.0
2024,18,43,737,383,12694,306,2980,95,1799,170,21,240,0,0,121,368,0,3038,140,,
2024,18,43,738,1849,65139,1424,13970,451,8507,722,39,1793,0,0,516,1582,0,12788,1164,65.0,
2024,18,43,739,5884,209965,4632,40051,1046,23323,2641,51,4682,,0,1955,5185,11,34834,2969,478.0,38.0
2024,18,43,740,263,6337,252,1563,58,810,51,0,182,0,0,93,204,0,1541,105,,
2024,18,43,741,1717,46685,1323,10970,383,5041,686,35,1341,0,0,563,1861,,10934,885,78.0,
2024,18,43,742,372,14063,323,3386,50,1507,92,30,472,0,0,134,812,,2896,243,24.0,
2024,18,43,743,1322,51964,1075,12893,167,6065,634,12,1316,0,0,422,2316,,10078,948,140.0,11.0
2024,18,43,744,209,4415,191,1078,35,432,41,0,128,0,0,27,265,0,981,90,,
2024,18,43,745,1441,51574,1207,12220,291,5832,775,62,1407,,0,622,2180,25,11518,801,92.0,12.0
2024,18,43,746,3355,122149,2579,28121,592,13748,1492,128,3448,,0,1528,5418,62,22827,1886,389.0,42.0
2024,18,43,747,,,,,,,,,,,,,,,,,,
2024,18,43,748,,,,,,,,,,,,,,,,,,
2024,18,43,749,,,,,,,,,,,,,,,,,,
2024,18,43,750,,,,,,,,,,,,,,,,,,
2024,18,43,751,,,,,,,,,,,,,,,,,,
2024,18,43,752,,,,,,,,,,,,,,,,,,
2024,18,43,753,,,,,,,,,,,,,,,,,,
2024,18,43,754,,,,,,,,,,,,,,,,,,
2024,18,43,755,,,,,,,,,,,,,,,,,,
2024,18,43,756,,,,,,,,,,,,,,,,,,
2024,18,43,757,,,,,,,,,,,,,,,,,,
2024,14,44,758,,,,,,,,,,,,,,,,,,
2024,14,44,759,,,,,,,,,,,,,,,,,,
2024,14,44,760,,,,,,,,,,,,,,,,,,
2024,14,44,761,,,,,,,,,,,,,,,,,,
2024,14,44,762,,,,,,,,,,,,,,,,,,
2024,14,44,763,,,,,,,,,,,,,,,,,,
2024,14,44,764,,,,,,,,,,,,,,,,,,
2024,21,45,765,73,765,25,133,,68,28,0,14,0,0,,34,0,114,21,,
2024,21,45,766,7217,60721,3640,16860,605,6411,1132,517,2594,0,0,1003,2826,0,14654,1806,230.0,36.0
2024,21,45,767,948,15741,623,3519,236,1767,282,26,499,0,0,248,427,0,3729,413,29.0,
2024,21,45,768,1143,8286,935,2333,343,1009,297,16,297,0,0,113,386,0,2672,235,14.0,
2024,21,45,769,4279,41193,2294,12482,704,4016,796,320,2021,0,0,727,1869,0,9783,1145,166.0,30.0
2024,21,45,770,831,15228,438,3795,75,1965,241,36,349,0,0,200,368,0,3346,261,28.0,
2024,21,45,771,7571,77164,5437,19879,1736,9333,1844,189,2913,0,0,1274,4216,0,17402,2067,156.0,28.0
2024,21,45,772,3421,34062,1762,9138,396,3397,846,97,1707,0,0,517,1729,0,6794,885,110.0,23.0
2024,21,45,773,,,,,,,,,,,,,,,,,,
2024,21,45,774,,,,,,,,,,,,,,,,,,
2024,21,45,775,43,163,27,21,0,,,0,,0,0,,20,0,25,,,
2024,21,45,776,932,6836,661,1596,217,901,111,0,271,0,0,164,335,0,2043,266,12.0,
2024,21,45,777,655,5831,401,1399,67,614,114,,134,0,0,114,365,0,1530,104,11.0,
2024,21,45,778,3244,20383,1296,5055,242,1875,564,109,953,0,0,374,1137,0,3936,460,79.0,12.0
2024,21,45,779,687,6283,351,1269,216,481,86,,266,0,0,155,285,0,1090,117,15.0,
2024,21,45,780,3539,26772,2202,6061,520,2832,817,42,971,0,0,501,1156,0,5744,715,59.0,11.0
2024,21,45,781,3163,20799,1331,4625,311,1589,360,14,1014,0,0,377,1165,0,3590,454,96.0,18.0
2024,21,45,782,,,,,,,,,,,,,,,,,,
2024,21,45,783,,,,,,,,,,,,,,,,,,
2024,21,45,784,,,,,,,,,,,,,,,,,,
2024,21,45,785,,,,,,,,,,,,,,,,,,
2024,21,45,786,,,,,,,,,,,,,,,,,,
2024,21,45,787,,,,,,,,,,,,,,,,,,
2024,21,45,788,,,,,,,,,,,,,,,,,,
2024,21,45,789,,,,,,,,,,,,,,,,,,
2024,21,45,790,,,,,,,,,,,,,,,,,,
2024,21,45,791,,,,,,,,,,,,,,,,,,
2024,21,45,792,,,,,,,,,,,,,,,,,,
2024,21,45,793,,,,,,,,,,,,,,,,,,
2024,21,45,794,,,,,,,,,,,,,,,,,,
2024,6,46,795,,,,,,,,,,,,,,,,,,
2024,6,46,796,,,,,,,,,,,,,,,,,,
2024,6,46,797,,,,,,,,,,,,,,,,,,
2024,6,46,798,,,,,,,,,,,,,,,,,,
2024,6,46,799,,,,,,,,,,,,,,,,,,
2024,6,46,800,,,,,,,,,,,,,,,,,,
2024,6,46,801,,,,,,,,,,,,,,,,,,
2024,6,46,802,,,,,,,,,,,,,,,,,,
2024,6,46,803,,,,,,,,,,,,,,,,,,
2024,6,46,804,,,,,,,,,,,,,,,,,,
2024,6,46,805,,,,,,,,,,,,,,,,,,
2024,6,46,806,,,,,,,,,,,,,,,,,,
2024,6,46,807,,,,,,,,,,,,,,,,,,
2024,6,46,808,,,,,,,,,,,,,,,,,,
2024,6,46,809,,,,,,,,,,,,,,,,,,
2024,6,46,810,,,,,,,,,,,,,,,,,,
2024,6,46,811,,,,,,,,,,,,,,,,,,
2024,6,46,812,,,,,,,,,,,,,,,,,,
2024,6,46,813,,,,,,,,,,,,,,,,,,
2024,6,46,814,,,,,,,,,,,,,,,,,,
2024,6,46,815,,,,,,,,,,,,,,,,,,
2024,6,46,816,,,,,,,,,,,,,,,,,,
2024,6,46,817,,,,,,,,,,,,,,,,,,
2024,6,46,818,,,,,,,,,,,,,,,,,,
2024,6,46,819,,,,,,,,,,,,,,,,,,
2024,6,46,820,,,,,,,,,,,,,,,,,,
2024,6,46,821,,,,,,,,,,,,,,,,,,
2024,6,46,822,,,,,,,,,,,,,,,,,,
2024,6,46,823,,,,,,,,,,,,,,,,,,
2024,6,46,824,,,,,,,,,,,,,,,,,,
2024,6,46,825,,,,,,,,,,,,,,,,,,
2024,6,46,826,,,,,,,,,,,,,,,,,,
2024,6,46,827,,,,,,,,,,,,,,,,,,
2024,6,46,828,,,,,,,,,,,,,,,,,,
2024,1,47,829,767,3804,270,711,14,50,0,0,419,0,,220,162,0,169,11,107.0,11.0
2024,1,47,830,272,2985,164,488,,64,0,0,194,0,,162,105,0,108,83,77.0,
2024,1,47,831,202,2338,91,416,,62,0,0,152,0,,119,62,0,157,17,49.0,
2024,27,48,832,11595,193790,8247,26168,63,162,602,0,2441,,0,19,,0,551,30790,591.0,81.0
2024,27,48,833,2535,46236,2078,5322,25,,85,0,767,,0,,,0,84,6452,116.0,15.0
2024,27,48,834,1906,24292,1437,3738,,20,62,0,568,,0,0,0,,57,4484,128.0,14.0
2024,27,48,835,3672,35385,2622,5218,22,36,106,0,735,0,0,,16,0,132,6847,252.0,49.0
2024,27,48,836,835,14173,604,7179,,14,20,0,363,0,0,0,0,0,28,7372,32.0,
2024,27,48,837,2638,40573,1851,5282,13,34,178,0,632,0,0,,0,,66,6253,106.0,20.0
2024,27,48,838,3078,40619,2117,5476,,0,146,0,351,,0,0,0,,72,7015,219.0,34.0
2024,27,48,839,,,,,,,,,,,,,,,,,,
2024,26,49,840,,,,,,,,,,,,,,,,,,
2024,26,49,841,,,,,,,,,,,,,,,,,,
2024,26,49,842,,,,,,,,,,,,,,,,,,
2024,26,49,843,,,,,,,,,,,,,,,,,,
2024,26,49,844,,,,,,,,,,,,,,,,,,
2024,26,49,845,,,,,,,,,,,,,,,,,,
2024,21,50,846,408,2864,110,542,0,22,0,16,540,0,,0,66,0,0,138,30.0,
2024,21,50,847,438,3754,118,720,0,0,0,,690,38,,50,124,0,0,158,32.0,
2024,21,50,848,,,,,,,,,,,,,,,,,,
2024,25,51,849,1734,20183,1048,5029,49,574,113,733,,,0,,,18,5037,164,132.0,36.0
2024,25,51,850,4320,54834,2788,13008,323,1960,191,1794,,,0,59,21,67,13138,511,177.0,25.0
2024,25,51,851,513,4743,413,1348,73,295,148,366,30,0,,233,114,,1060,87,19.0,
2024,25,51,852,14192,113362,8092,26334,327,4376,2547,5695,260,,,2765,210,92,24860,1038,380.0,66.0
2024,25,51,853,688,11378,537,2584,53,407,76,422,0,0,0,,46,,2501,66,23.0,
2024,25,51,854,2951,19380,1938,4133,176,535,110,1283,,0,0,,,29,4575,65,132.0,19.0
2024,25,51,855,49518,366311,30802,85880,1878,18171,19160,25262,2806,,,20610,3118,271,68113,4173,1036.0,200.0
2024,25,51,856,599,11727,514,2845,59,810,1159,470,117,0,0,921,47,,1916,104,18.0,
2024,25,51,857,670,12138,345,2777,67,499,85,252,,0,0,,36,14,2650,83,30.0,
2024,25,51,858,687,8359,450,1739,36,270,,271,0,0,,,0,16,1870,18,26.0,
2024,25,51,859,,,,,,,,,,,,,,,,,,
2024,25,51,860,,,,,,,,,,,,,,,,,,
2024,25,51,861,,,,,,,,,,,,,,,,,,
2024,25,51,862,,,,,,,,,,,,,,,,,,
2024,25,51,863,,,,,,,,,,,,,,,,,,
2024,25,51,864,,,,,,,,,,,,,,,,,,
2024,25,51,865,,,,,,,,,,,,,,,,,,
2024,15,52,866,155,25,24,,0,0,0,0,12,0,,11,83,0,39,18,11.0,
2024,15,52,867,,0,0,0,0,0,0,0,,0,,0,18,0,0,0,,
2024,15,52,868,153,16,25,,,0,0,0,,0,,15,69,0,13,0,,
2024,15,52,869,,,,,,,,,,,,,,,,,,
2024,15,52,870,,,,,,,,,,,,,,,,,,
2024,15,52,871,,,,,,,,,,,,,,,,,,
2024,15,52,872,,,,,,,,,,,,,,,,,,
2024,15,52,873,,,,,,,,,,,,,,,,,,
2024,15,52,874,,,,,,,,,,,,,,,,,,
2024,15,52,875,,,,,,,,,,,,,,,,,,
2024,15,52,876,,,,,,,,,,,,,,,,,,
2024,26,53,877,152,9974,131,3571,0,104,559,692,1366,0,,88,349,0,160,488,785.0,192.0
2024,26,53,878,208,10821,156,3559,0,99,499,929,1250,0,,85,329,0,152,471,950.0,234.0
2024,4,54,879,16,286,,174,0,0,0,0,0,0,,0,0,0,0,180,,
2024,4,54,880,96,480,40,239,,,0,0,0,,,,0,0,0,284,,
2024,4,54,881,,,,,,,,,,,,,,,,,,
2024,26,55,882,4823,34308,1367,8459,73,416,44,0,4434,0,,1529,901,0,484,2434,420.0,82.0
2024,26,55,883,4230,31636,1292,8379,96,259,33,0,5423,,,646,866,0,241,2461,474.0,99.0
2024,26,55,884,7409,59024,2935,20076,90,528,50,0,0,0,,1384,0,0,335,21242,1141.0,300.0
2024,25,56,885,,48,,20,,,0,0,13,,,0,,0,0,,57.0,11.0
2024,25,56,886,,28,,12,,0,0,0,11,0,,0,,0,0,,56.0,
2024,25,56,887,0,11,0,,0,0,0,0,,0,,0,0,0,0,,18.0,
2024,25,56,888,,39,,,,0,0,0,,0,,0,0,0,0,,22.0,
2024,10,57,889,139,425,40,131,0,,0,0,0,0,,0,0,0,0,171,,
2024,10,57,890,645,1394,216,650,15,21,0,0,0,0,,0,0,0,0,866,27.0,
2024,10,57,891,,,,,,,,,,,,,,,,,,
2024,22,58,892,,859,,277,0,0,0,,277,0,,0,0,0,0,0,153.0,40.0
2024,22,58,893,,248,,76,0,0,0,,76,0,,0,0,0,0,0,34.0,
2024,22,58,894,,357,,122,0,0,0,,122,0,,0,0,0,0,0,44.0,12.0
2024,8,59,895,10256,370006,7782,62862,750,17562,4987,7046,1420,4653,143,8650,383,768,16274,51670,1031.0,83.0
2024,8,59,896,13796,442613,10276,86452,817,23456,7343,7366,1844,5181,516,13693,1256,930,24187,68226,785.0,87.0
2024,8,59,897,3827,144493,3079,26155,231,6410,1485,2228,781,1808,69,3508,179,216,6861,20729,447.0,49.0
2024,8,59,898,23009,850014,17959,141590,1967,38285,12293,14131,3276,10258,764,22524,917,1524,40203,106822,1516.0,159.0
2024,8,59,899,25425,255498,19030,51627,1564,12169,4837,13733,1028,2397,366,10066,1254,484,16346,34194,508.0,56.0
2024,8,59,900,13212,199234,10444,35608,788,8005,3485,8284,497,1641,166,6505,633,365,11549,23398,388.0,45.0
2024,8,59,901,8256,290386,6326,48991,566,12600,3892,4213,972,2839,211,8130,708,447,13568,38003,785.0,90.0
2024,8,59,902,11592,450292,8902,88730,418,23133,7833,6275,1573,5004,669,14133,1600,815,24077,68512,695.0,79.0
2024,8,59,903,16784,670374,13521,113463,1141,31177,11656,9790,2226,6645,538,19458,1769,1168,31684,87225,1126.0,134.0
2024,8,59,904,,,,,,,,,,,,,,,,,,
2024,20,60,905,,,,,,,,,,,,,,,,,,
2024,20,60,906,,,,,,,,,,,,,,,,,,
2024,20,60,907,,,,,,,,,,,,,,,,,,
2024,5,61,908,1143,4819,233,1011,47,49,0,0,229,0,,406,157,0,102,350,75.0,12.0
2024,5,61,909,1609,6353,448,1231,70,39,,0,0,0,,113,233,0,64,1265,115.0,22.0
2024,23,62,910,8074,412635,6548,76640,216,9932,11349,6525,7288,5703,565,14484,7901,126,10899,35114,627.0,58.0
2024,23,62,911,71380,2947539,59996,524959,2243,58074,44656,60696,55220,32927,3739,74214,75779,993,69800,259089,7981.0,814.0
2024,23,62,912,8424,1858341,23008,335692,709,31878,39412,22555,31591,20265,2666,66405,41799,408,43165,151523,2513.0,284.0
2024,23,62,913,76309,2978087,65490,516831,2255,62461,52426,65401,53049,31422,3823,74680,68191,863,66828,260032,7808.0,921.0
2024,23,62,914,6278,245100,5446,46080,167,5472,7256,5486,4520,3040,402,8500,5456,65,6160,20851,397.0,50.0
2024,23,62,915,,,,,,,,,,,,,,,,,,
2024,23,62,916,,,,,,,,,,,,,,,,,,
2024,23,62,917,2087,41128,1852,9812,91,1077,526,1913,646,499,117,864,3754,,935,3939,145.0,35.0
2024,23,62,918,481,17404,383,3181,29,393,504,402,314,226,17,634,405,,437,1496,31.0,
2024,23,62,919,617,84361,1599,15366,73,1612,2121,1553,1562,1128,178,3147,2130,13,2226,6221,100.0,18.0
2024,23,62,920,4529,100262,3289,19329,133,2393,2521,3101,2140,1583,93,2349,2637,25,2968,9625,314.0,49.0
2024,23,62,921,2615,6636,874,2191,0,,0,0,1707,138,,152,422,0,646,0,468.0,95.0
2024,23,62,922,3149,8887,1125,2701,0,,0,0,2039,160,,143,579,,948,0,687.0,147.0
2024,23,62,923,579,28065,471,5150,28,648,752,500,480,408,75,930,456,15,756,2388,45.0,
2024,23,62,924,767,155826,2148,30606,84,3251,3848,2092,2625,2046,373,6849,4691,30,4094,12204,166.0,25.0
2024,23,62,925,3058,114385,2668,21640,127,2639,2223,2770,2100,1453,168,2987,3608,51,2885,10303,312.0,43.0
2024,23,62,926,1928,24340,1633,3913,33,768,1402,1402,463,403,68,912,822,,811,540,51.0,
2024,23,62,927,258,37595,1803,5222,26,850,1352,1501,808,392,66,1496,898,,1074,1008,74.0,
2024,23,62,928,312,42661,2347,6420,30,977,1516,1910,899,621,55,1882,1267,,1398,1028,83.0,12.0
2024,23,62,929,5933,70668,5266,9681,106,1437,1449,4503,1516,881,125,1998,2916,26,2039,1452,282.0,37.0
2024,23,62,930,359,3601,330,461,,90,138,280,87,44,,141,48,,103,63,,
2024,23,62,931,168,18860,1563,2869,12,461,1005,1360,377,278,49,917,436,17,591,510,31.0,
2024,23,62,932,4618,41387,4215,4948,71,860,903,3510,799,626,70,1099,995,0,1177,949,169.0,26.0
2024,23,62,933,,,,,,,,,,,,,,,,,,
2024,23,62,934,,,,,,,,,,,,,,,,,,
2024,23,62,935,1095,24612,943,5658,25,729,821,898,452,362,63,810,760,,733,2739,48.0,
2024,23,62,936,543,55024,2287,12289,36,1179,1546,2046,800,581,76,1819,2181,,1233,6128,94.0,13.0
2024,23,62,937,702,116848,4882,25554,42,2104,2417,4158,1970,1210,133,3465,5569,,2686,11730,214.0,39.0
2024,23,62,938,1968,30801,1711,6807,29,785,711,1561,572,459,26,826,991,,834,3574,107.0,13.0
2024,23,62,939,159,2422,112,529,,108,126,119,93,33,15,70,33,,89,253,,
2024,23,62,940,221,27457,1299,5748,22,621,925,1128,455,357,33,1140,412,,724,2874,42.0,
2024,23,62,941,2488,29864,2156,5798,36,537,597,1834,467,299,50,683,575,0,605,3402,110.0,20.0
2024,23,62,942,,,,,,,,,,,,,,,,,,
2024,23,62,943,,,,,,,,,,,,,,,,,,
2024,23,62,944,873,11778,797,2036,28,380,808,695,225,182,25,370,539,,359,350,24.0,
2024,23,62,945,263,21180,1692,3296,15,594,936,1330,433,307,34,940,644,,679,536,43.0,
2024,23,62,946,374,28432,2418,4431,24,677,1152,1960,549,328,28,1089,1015,,756,874,53.0,
2024,23,62,947,1547,15338,1427,2317,13,367,218,1157,306,181,19,441,858,,410,333,62.0,
2024,23,62,948,248,1723,227,263,,49,74,204,49,17,0,44,22,,59,87,,
2024,23,62,949,212,16520,1526,2633,18,449,968,1229,363,253,47,644,438,,527,477,30.0,
2024,23,62,950,2122,15279,1758,2074,34,386,471,1435,332,188,24,412,478,0,445,448,64.0,13.0
2024,23,62,951,,,,,,,,,,,,,,,,,,
2024,23,62,952,,,,,,,,,,,,,,,,,,
2024,23,62,953,1633,16709,1368,2780,15,469,899,1080,314,156,25,675,492,,394,784,31.0,
2024,23,62,954,248,28923,2012,4208,26,566,940,1614,529,348,57,981,615,,752,1177,57.0,
2024,23,62,955,232,37295,2937,5555,22,859,961,2314,730,455,104,1481,1029,,1082,1277,67.0,
2024,23,62,956,2833,21140,2435,3180,20,453,495,1888,349,238,93,522,982,0,535,722,86.0,13.0
2024,23,62,957,153,1291,133,223,,47,158,116,,38,,30,36,,48,45,,
2024,23,62,958,152,21820,1589,3313,17,591,1282,1184,368,189,86,991,402,,516,963,37.0,
2024,23,62,959,3040,23064,2630,3170,39,569,587,2100,402,307,22,608,585,0,636,960,95.0,16.0
2024,23,62,960,,,,,,,,,,,,,,,,,,
2024,23,62,961,,,,,,,,,,,,,,,,,,
2024,23,62,962,,,,,,,,,,,,,,,,,,
2024,23,62,963,,,,,,,,,,,,,,,,,,
2024,23,62,964,,,,,,,,,,,,,,,,,,
2024,23,62,965,,,,,,,,,,,,,,,,,,
2024,23,62,966,,,,,,,,,,,,,,,,,,
2024,23,62,967,,,,,,,,,,,,,,,,,,
2024,23,62,968,,,,,,,,,,,,,,,,,,
2024,23,62,969,,,,,,,,,,,,,,,,,,
2024,23,62,970,,,,,,,,,,,,,,,,,,
2024,23,62,971,,,,,,,,,,,,,,,,,,
2024,23,62,972,,,,,,,,,,,,,,,,,,
2024,23,62,973,,,,,,,,,,,,,,,,,,
2024,23,62,974,,,,,,,,,,,,,,,,,,
2024,23,62,975,,,,,,,,,,,,,,,,,,
2024,23,62,976,,,,,,,,,,,,,,,,,,
2024,23,62,977,,,,,,,,,,,,,,,,,,
2024,23,62,978,,,,,,,,,,,,,,,,,,
2024,23,62,979,,,,,,,,,,,,,,,,,,
2024,23,62,980,,,,,,,,,,,,,,,,,,
2024,23,62,981,,,,,,,,,,,,,,,,,,
2024,23,62,982,,,,,,,,,,,,,,,,,,
2024,23,62,983,,,,,,,,,,,,,,,,,,
2024,23,62,984,,,,,,,,,,,,,,,,,,
2024,23,62,985,,,,,,,,,,,,,,,,,,
2024,23,62,986,,,,,,,,,,,,,,,,,,
2024,26,63,987,,,,,,,,,,,,,,,,,,
2024,3,64,988,,,,,,,,,,,,,,,,,,
2024,3,64,989,,,,,,,,,,,,,,,,,,
2024,3,64,990,,,,,,,,,,,,,,,,,,
2024,3,64,991,,,,,,,,,,,,,,,,,,
2024,26,65,992,11427,185320,5683,48555,726,26345,1527,6840,28406,14,0,16,2705,,2006,25570,546.0,44.0
2024,26,65,993,113061,1067622,73599,239511,3564,157007,15841,79678,119881,222,0,135,9184,34,13318,157590,1525.0,177.0
2024,26,65,994,31815,353805,20044,82977,883,55440,5907,21904,40800,154,0,80,3121,17,4062,56628,399.0,41.0
2024,26,65,995,13262,114344,8376,31158,702,17012,1074,9174,19940,0,0,,1641,,1355,14569,426.0,54.0
2024,26,65,996,12624,185993,6821,48207,1142,26882,2178,8074,28559,,0,15,1921,,2120,26170,549.0,60.0
2024,26,65,997,248401,2681642,136935,494853,13633,418679,22880,151355,268808,216,0,205,19250,67,26695,331142,3980.0,449.0
2024,26,65,998,39005,354008,25956,78753,923,51751,5808,28074,37902,289,0,28,2745,,4281,55129,365.0,46.0
2024,26,65,999,21679,148735,15515,33277,530,23861,3274,16490,16210,79,0,,1449,,1754,23724,160.0,21.0
2024,26,65,1000,103704,900620,60752,218034,5500,143150,9700,66947,131824,115,0,173,6899,38,9604,124889,2016.0,232.0
2024,26,65,1001,,,,,,,,,,,,,,,,,,
2024,26,65,1002,,,,,,,,,,,,,,,,,,
2024,7,66,1003,,,,,,,,,,,,,,,,,,
2024,7,66,1004,,,,,,,,,,,,,,,,,,
2024,7,66,1005,,,,,,,,,,,,,,,,,,
2024,17,67,1006,0,34,0,,0,,0,0,,0,,0,0,0,0,0,,
2024,17,67,1007,383,1134,212,424,28,70,0,267,332,0,,0,56,0,16,92,47.0,
2024,17,67,1008,185,1260,79,300,18,49,0,115,239,0,,,18,0,11,61,30.0,
2024,17,67,1009,147,1407,35,290,0,116,0,52,173,0,,16,34,0,15,117,29.0,
2024,17,67,1010,184,1482,63,319,,117,0,86,198,,,389,26,0,,120,31.0,
2024,3,68,1011,0,338,0,27,0,,0,0,15,0,,0,,0,,12,,
2024,3,68,1012,0,702,0,81,0,18,0,0,41,0,,0,17,0,15,40,,
2024,3,68,1013,57,3379,41,546,,252,0,78,119,0,,0,59,0,139,427,61.0,
2024,3,68,1014,171,4793,84,847,18,294,0,146,292,0,,0,107,0,125,555,86.0,13.0
2024,3,68,1015,198,7576,88,1435,14,650,0,142,735,0,,0,226,0,222,700,180.0,28.0
2024,25,69,1016,374,1456,134,679,0,21,0,0,0,0,,0,22,0,0,835,32.0,
2024,25,69,1017,966,2096,437,1005,20,20,0,0,0,0,,29,57,0,0,1528,32.0,
2024,25,69,1018,,,,,,,,,,,,,,,,,,
2024,22,70,1019,1142,38607,365,6884,29,506,0,0,4094,0,,1803,1352,0,1241,0,739.0,94.0
2024,22,70,1020,,135,0,15,0,0,0,0,11,0,,,,0,,0,,
2024,22,70,1021,,,,,,,,,,,,,,,,,,
2024,11,71,1022,346,479,134,170,27,25,0,229,51,0,,26,28,0,14,119,15.0,
2024,11,71,1023,97,164,34,51,12,,0,50,12,0,,,,0,,22,,
2024,11,71,1024,,0,,0,0,0,0,,0,0,,0,0,0,0,0,,
2024,11,71,1025,0,0,0,0,0,0,0,0,0,0,,0,0,0,0,0,,
2024,2,72,1026,451,2021,195,553,39,111,0,286,172,,,95,41,0,63,377,53.0,
2024,2,72,1027,635,2710,223,665,42,141,0,358,211,0,,67,99,0,74,454,85.0,
2024,2,72,1028,,0,0,0,0,0,0,,0,0,,0,0,0,0,0,,
2024,2,72,1029,0,0,0,0,0,0,0,0,0,0,,0,0,0,0,0,,
2024,2,72,1030,947,2920,373,689,66,159,0,611,365,0,,35,136,0,99,324,103.0,18.0
2024,9,73,1031,447,5836,124,1433,32,369,0,173,426,,,305,168,,174,1002,105.0,12.0
2024,9,73,1032,988,14060,320,3142,48,987,0,510,1055,,,601,409,0,433,2086,269.0,27.0
2024,9,73,1033,82,1407,26,295,0,91,0,34,99,,,,,0,58,190,29.0,
2024,9,73,1034,0,22,0,,0,0,0,0,,0,,0,0,0,0,0,,
2024,9,73,1035,0,70,0,,0,0,0,0,,0,,0,,0,0,,,
2024,20,74,1036,1712,3706,352,298,18,90,,0,298,0,,0,0,0,0,349,120.0,20.0
2024,20,74,1037,1337,3243,192,344,37,62,0,0,274,0,,0,0,0,0,262,103.0,20.0
2024,20,74,1038,1361,2305,240,205,19,26,0,0,307,0,,0,0,0,0,138,100.0,17.0
2024,20,74,1039,1519,2476,417,532,43,21,,0,809,0,,0,0,0,0,133,120.0,27.0
2024,20,74,1040,,,,,,,,,,,,,,,,,,
2024,20,74,1041,,,,,,,,,,,,,,,,,,
2024,20,74,1042,,,,,,,,,,,,,,,,,,
2024,20,74,1043,,,,,,,,,,,,,,,,,,
2024,20,74,1044,,,,,,,,,,,,,,,,,,
2024,20,74,1045,,,,,,,,,,,,,,,,,,
2024,20,74,1046,,,,,,,,,,,,,,,,,,
2024,20,74,1047,,,,,,,,,,,,,,,,,,
2024,20,74,1048,,,,,,,,,,,,,,,,,,
2024,20,74,1049,,,,,,,,,,,,,,,,,,
2024,20,74,1050,,,,,,,,,,,,,,,,,,
2024,20,74,1051,,,,,,,,,,,,,,,,,,
2024,20,75,1052,653,6855,392,1583,,493,469,291,24,0,0,636,11,,1155,25,11.0,
2024,20,75,1053,26568,70661,15032,18578,576,4241,4348,9858,671,18,0,6556,864,37,17150,480,337.0,59.0
2024,20,75,1054,221201,282689,123301,73941,5246,10900,9712,78588,753,0,0,9683,875,278,105214,2287,2138.0,451.0
2024,20,75,1055,7963,35155,4353,7486,225,1120,172,2745,,0,,16,15,49,8642,198,140.0,24.0
2024,20,75,1056,3541,26083,2150,6047,148,1463,1211,1506,128,0,0,1820,115,21,4946,86,39.0,
2024,20,75,1057,10752,17274,5661,4528,156,503,210,3443,,0,0,,,13,6428,82,159.0,26.0
2024,20,75,1058,281056,425418,158433,120181,8147,26986,29601,102716,2971,0,0,45969,3244,318,135099,2451,2271.0,464.0
2024,20,75,1059,2326,17433,1585,4132,76,1121,1291,1012,91,0,0,1493,54,,3202,24,27.0,
2024,20,75,1060,,,,,,,,,,,,,,,,,,
2024,20,75,1061,,,,,,,,,,,,,,,,,,
2024,20,75,1062,,,,,,,,,,,,,,,,,,
2024,20,75,1063,,,,,,,,,,,,,,,,,,
2024,20,75,1064,,,,,,,,,,,,,,,,,,
2024,20,75,1065,,,,,,,,,,,,,,,,,,
2024,20,75,1066,,,,,,,,,,,,,,,,,,
2024,20,75,1067,,,,,,,,,,,,,,,,,,
2024,13,76,1068,,,,,0,0,0,0,,0,,0,0,0,0,,25.0,
2024,13,76,1069,,22,,,0,0,0,0,,0,,0,0,0,0,,22.0,
2024,13,76,1070,,30,,17,0,,0,0,13,0,,0,,0,0,,16.0,
2024,13,76,1071,,26,,11,0,,0,0,11,0,,0,0,0,0,,,
2024,26,77,1072,,,,,,,,,,,,,,,,,,
2024,26,77,1073,,,,,,,,,,,,,,,,,,
2024,26,77,1074,89315,688322,15705,116306,4232,79347,23428,15268,26895,21535,731,11476,20049,16,30466,16914,1686.0,341.0
2024,26,77,1075,257480,3598715,35082,559054,10850,434007,108776,52040,128614,102403,2071,54702,84329,85,140521,95684,5375.0,927.0
2024,26,77,1076,242054,1644719,44332,284098,11731,192687,58478,39862,64276,54856,1504,26696,53533,39,77538,38671,4759.0,1043.0
2024,26,77,1077,523014,4856301,78457,754152,17916,517018,147807,82453,173005,137928,3003,76268,107036,72,186602,130211,9374.0,1842.0
2024,26,77,1078,22942,138006,3378,25530,1184,20931,7055,3188,4857,6506,171,2184,4173,,6889,3868,305.0,60.0
2024,26,77,1079,19391,180883,3278,33494,819,23472,8394,3433,8304,7699,335,3258,3826,,7552,5234,267.0,46.0
2024,26,77,1080,3467,16500,467,3560,128,1846,900,373,1076,829,36,315,314,,704,539,31.0,
2024,26,77,1081,,,,,,,,,,,,,,,,,,
2024,26,77,1082,,,,,,,,,,,,,,,,,,
2024,26,77,1083,65281,976079,9586,157159,2943,123500,31745,14986,39417,30213,463,15909,20709,29,37433,26685,1278.0,227.0
2024,26,77,1084,32772,310240,5769,55767,1389,37297,12796,5697,13437,11896,399,4959,7108,,13698,9151,545.0,92.0
2024,18,78,1085,380,36367,361,3536,,2404,239,362,693,,0,280,204,75,799,1382,87.0,
2024,18,78,1086,577,22616,568,2325,0,884,226,582,514,,0,200,195,57,520,924,49.0,
2024,18,78,1087,348,34594,334,4955,0,2888,209,335,749,,0,219,973,50,1045,1821,82.0,
2024,18,78,1088,78,4017,78,1556,0,21,136,78,502,,0,198,206,,467,39,27.0,
2024,18,78,1089,68,2018,68,1043,0,,134,68,273,,0,171,203,,223,29,24.0,
2024,18,78,1090,202,20040,201,2236,0,634,188,201,578,,0,159,83,55,539,654,25.0,
2024,18,78,1091,48,7485,48,1136,0,798,142,49,217,0,0,66,82,,291,352,,
2024,18,78,1092,959,42435,954,4480,11,788,373,954,1193,22,0,375,349,100,1097,1071,103.0,
2024,18,78,1093,2208,88996,2192,11923,76,2346,770,2203,2522,24,0,797,2125,144,3288,2667,213.0,24.0
2024,18,78,1094,,,,,,,,,,,,,,,,,,
2024,18,78,1095,675,14975,675,7668,14,146,636,675,2618,27,0,923,1480,15,1744,231,122.0,14.0
2024,18,78,1096,,,,,,,,,,,,,,,,,,
2024,18,78,1097,1205,58356,1198,7386,28,1859,517,1211,2038,58,0,645,600,116,1884,1690,77.0,
2024,18,78,1098,905,34212,904,3411,,1156,235,905,752,,0,228,163,105,835,1186,70.0,
2024,18,78,1099,1006,39855,1004,4729,0,1424,298,1006,947,11,0,337,616,97,1021,1475,94.0,
2024,18,78,1100,,,,,,,,,,,,,,,,,,
2024,18,78,1101,116,3742,116,2120,0,12,267,116,729,,0,250,285,,535,50,37.0,
2024,18,78,1102,,,,,,,,,,,,,,,,,,
2024,18,78,1103,515,27246,511,3126,13,648,241,511,752,13,0,277,252,61,746,809,36.0,
2024,18,78,1104,848,14863,843,2093,27,673,200,865,487,,0,163,171,32,801,410,45.0,
2024,18,78,1105,2109,31753,2100,4459,58,1449,264,2110,897,,0,240,754,63,1728,745,88.0,12.0
2024,18,78,1106,,,,,,,,,,,,,,,,,,
2024,18,78,1107,554,10651,554,8540,11,47,915,555,2425,31,0,877,2266,,1992,52,157.0,27.0
2024,18,78,1108,,,,,,,,,,,,,,,,,,
2024,18,78,1109,1207,23390,1202,3160,32,1148,321,1207,812,,0,262,277,65,1138,375,44.0,
2024,18,78,1110,712,9050,712,1211,11,355,101,712,202,0,0,88,140,16,378,330,26.0,
2024,18,78,1111,998,10941,994,1566,18,511,126,994,346,0,0,116,275,26,433,277,32.0,
2024,18,78,1112,,,,,,,,,,,,,,,,,,
2024,18,78,1113,184,1584,184,1385,0,0,221,184,477,,0,183,186,0,310,,25.0,
2024,18,78,1114,,,,,,,,,,,,,,,,,,
2024,18,78,1115,543,7175,543,1148,18,224,162,543,215,,0,124,53,14,391,206,13.0,
2024,18,78,1116,838,11289,837,1241,21,887,39,837,256,0,0,81,102,25,400,365,34.0,
2024,18,78,1117,1249,20791,1247,2682,144,965,198,1247,538,,0,157,252,26,873,739,46.0,
2024,18,78,1118,,,,,,,,,,,,,,,,,,
2024,18,78,1119,99,2179,99,1393,0,28,148,99,469,,0,195,179,,356,34,37.0,
2024,18,78,1120,,,,,,,,,,,,,,,,,,
2024,18,78,1121,141,4878,141,688,,55,79,141,195,0,0,36,32,,198,147,,
2024,18,78,1122,,,,,,,,,,,,,,,,,,
2024,18,78,1123,,,,,,,,,,,,,,,,,,
2024,18,78,1124,,,,,,,,,,,,,,,,,,
2024,18,78,1125,,,,,,,,,,,,,,,,,,
2024,18,78,1126,,,,,,,,,,,,,,,,,,
2024,18,78,1127,,,,,,,,,,,,,,,,,,
2024,18,78,1128,,,,,,,,,,,,,,,,,,
2024,18,78,1129,,,,,,,,,,,,,,,,,,
2024,18,78,1130,,,,,,,,,,,,,,,,,,
2024,18,78,1131,,,,,,,,,,,,,,,,,,
2024,18,78,1132,,,,,,,,,,,,,,,,,,
2024,18,78,1133,,,,,,,,,,,,,,,,,,
2024,18,78,1134,,,,,,,,,,,,,,,,,,
2024,18,78,1135,,,,,,,,,,,,,,,,,,
2024,18,78,1136,,,,,,,,,,,,,,,,,,
2024,18,78,1137,,,,,,,,,,,,,,,,,,
2024,18,78,1138,,,,,,,,,,,,,,,,,,
2024,18,78,1139,,,,,,,,,,,,,,,,,,
2024,18,78,1140,,,,,,,,,,,,,,,,,,
2024,18,78,1141,,,,,,,,,,,,,,,,,,
2024,18,78,1142,,,,,,,,,,,,,,,,,,
2024,18,78,1143,,,,,,,,,,,,,,,,,,
2024,18,78,1144,,,,,,,,,,,,,,,,,,
2024,18,78,1145,,,,,,,,,,,,,,,,,,
2024,18,78,1146,,,,,,,,,,,,,,,,,,
2024,18,78,1147,,,,,,,,,,,,,,,,,,
2024,18,78,1148,,,,,,,,,,,,,,,,,,
2024,18,78,1149,,,,,,,,,,,,,,,,,,
2024,18,78,1150,,,,,,,,,,,,,,,,,,
2024,18,78,1151,,,,,,,,,,,,,,,,,,
2024,18,78,1152,,,,,,,,,,,,,,,,,,
2024,18,78,1153,,,,,,,,,,,,,,,,,,
2024,18,78,1154,,,,,,,,,,,,,,,,,,
2024,18,78,1155,,,,,,,,,,,,,,,,,,
2024,18,78,1156,,,,,,,,,,,,,,,,,,
2024,18,78,1157,,,,,,,,,,,,,,,,,,
2024,18,78,1158,,,,,,,,,,,,,,,,,,
2024,18,78,1159,,,,,,,,,,,,,,,,,,
2024,18,78,1160,,,,,,,,,,,,,,,,,,
2024,18,78,1161,,,,,,,,,,,,,,,,,,
2024,18,78,1162,,,,,,,,,,,,,,,,,,
2024,12,79,1163,203,7491,97,505,18,257,,41,114,0,0,43,43,0,489,673,18.0,
2024,12,79,1164,218,1845,134,103,29,35,0,135,18,0,0,135,135,0,272,189,,
2024,12,79,1165,2200,14652,762,1288,162,721,14,266,231,0,15,268,338,0,1666,1420,37.0,
2024,12,79,1166,215,2045,97,114,,49,0,62,49,0,0,63,63,0,139,82,,
2024,12,79,1167,13,500,11,31,0,12,0,11,14,0,0,11,11,0,26,51,,
2024,12,79,1168,,,,,,,,,,,,,,,,,,
2024,12,79,1169,,,,,,,,,,,,,,,,,,
2024,12,79,1170,,,,,,,,,,,,,,,,,,
2024,12,79,1171,,,,,,,,,,,,,,,,,,
2024,12,79,1172,,,,,,,,,,,,,,,,,,
2024,12,79,1173,,,,,,,,,,,,,,,,,,
2024,12,79,1174,,,,,,,,,,,,,,,,,,
2024,12,79,1175,,,,,,,,,,,,,,,,,,
2024,12,79,1176,,,,,,,,,,,,,,,,,,
2024,12,79,1177,,,,,,,,,,,,,,,,,,
2024,12,79,1178,,,,,,,,,,,,,,,,,,
2024,12,79,1179,,,,,,,,,,,,,,,,,,
2024,12,79,1180,,,,,,,,,,,,,,,,,,
2024,12,79,1181,,,,,,,,,,,,,,,,,,
2024,12,79,1182,,,,,,,,,,,,,,,,,,
2024,12,79,1183,,,,,,,,,,,,,,,,,,
2024,12,79,1184,,,,,,,,,,,,,,,,,,
2024,12,79,1185,,,,,,,,,,,,,,,,,,
2024,12,79,1186,,,,,,,,,,,,,,,,,,
2024,12,79,1187,,,,,,,,,,,,,,,,,,
2024,12,79,1188,,,,,,,,,,,,,,,,,,
2024,12,79,1189,,,,,,,,,,,,,,,,,,
2024,12,79,1190,,,,,,,,,,,,,,,,,,
2024,12,79,1191,,,,,,,,,,,,,,,,,,
2024,12,79,1192,,,,,,,,,,,,,,,,,,
2024,12,79,1193,,,,,,,,,,,,,,,,,,
2024,12,79,1194,,,,,,,,,,,,,,,,,,
2024,12,79,1195,,,,,,,,,,,,,,,,,,
2024,12,79,1196,,,,,,,,,,,,,,,,,,
2024,12,79,1197,,,,,,,,,,,,,,,,,,
2024,12,79,1198,,,,,,,,,,,,,,,,,,
2024,12,79,1199,,,,,,,,,,,,,,,,,,
2024,12,79,1200,,,,,,,,,,,,,,,,,,
2024,12,79,1201,,,,,,,,,,,,,,,,,,
2024,12,79,1202,,,,,,,,,,,,,,,,,,
2024,12,79,1203,,,,,,,,,,,,,,,,,,
2024,12,79,1204,,,,,,,,,,,,,,,,,,
2024,12,79,1205,,,,,,,,,,,,,,,,,,
2024,12,79,1206,,,,,,,,,,,,,,,,,,
2024,12,79,1207,,,,,,,,,,,,,,,,,,
2024,12,79,1208,,,,,,,,,,,,,,,,,,
2024,12,79,1209,,,,,,,,,,,,,,,,,,
2024,12,79,1210,,,,,,,,,,,,,,,,,,
2024,12,79,1211,,,,,,,,,,,,,,,,,,
2024,25,80,1212,,,,,,,,,,,,,,,,,,
2024,25,80,1213,,,,,,,,,,,,,,,,,,
2024,25,80,1214,,,,,,,,,,,,,,,,,,
2024,25,80,1215,,,,,,,,,,,,,,,,,,
2024,25,80,1216,,,,,,,,,,,,,,,,,,
2024,25,80,1217,,,,,,,,,,,,,,,,,,
2024,25,80,1218,,,,,,,,,,,,,,,,,,
2024,25,80,1219,,,,,,,,,,,,,,,,,,
2024,25,80,1220,,,,,,,,,,,,,,,,,,
2024,4,81,1221,1005,28289,629,8142,73,1985,0,1047,5955,49,,26,745,,813,2170,528.0,69.0
2024,4,81,1222,760,14426,380,4596,75,902,0,633,2626,24,,585,317,,507,1961,203.0,23.0
2024,6,82,1223,20,248,,20,0,0,0,0,16,0,,0,0,0,,,20.0,
2024,6,82,1224,238,1460,62,180,0,0,,0,172,0,,0,,0,16,45,,
2024,6,82,1225,7592,40202,2726,14463,0,0,26,0,12143,,,474,15,0,969,3560,957.0,176.0
2024,6,82,1226,2227,17752,791,5749,0,0,,0,4535,0,,449,,0,383,1161,353.0,52.0
2024,6,83,1227,25738,1774049,3427,468123,3673,94032,1625,3427,1912,203,,2577,184,225,215396,245999,4844.0,851.0
2024,6,83,1228,844,159743,318,33583,86,10200,152,318,111,,0,289,0,40,14907,18079,214.0,33.0
2024,6,83,1229,7572,1665790,1329,473192,1102,104599,1677,1329,2009,136,0,2503,,234,291359,175268,2877.0,423.0
2024,6,83,1230,107,17887,14,4086,16,831,18,14,,,0,26,0,,2017,2008,27.0,
2024,6,83,1231,1296,232475,213,68535,138,15114,227,213,170,19,0,265,,24,40230,27598,576.0,98.0
2024,6,83,1232,153,18615,30,3903,11,1245,53,30,,,0,43,0,,1879,1909,20.0,
2024,6,83,1233,170,45466,35,10689,19,2962,103,35,35,0,0,82,0,,5949,4518,69.0,
2024,6,83,1234,15994,1774838,2645,453690,1933,105717,1596,2645,1149,125,0,2940,20,229,236748,210883,4796.0,827.0
2024,6,83,1235,1748,359145,282,102423,280,23047,455,282,252,18,0,478,,59,62042,39116,849.0,139.0
2024,6,83,1236,47680,7067928,12456,1811037,5674,403528,7568,12456,6003,592,,17256,155,973,914347,864140,10894.0,1537.0
2024,6,83,1237,55615,2383107,4949,566025,7288,127289,2554,4949,2431,139,0,2467,67,187,256798,301382,8328.0,1480.0
2024,6,83,1238,1439,114420,93,30778,167,6383,106,93,143,,0,165,,24,16639,13698,363.0,65.0
2024,6,83,1239,42241,1229988,2663,263585,6125,63137,1724,2663,1266,77,0,1402,54,110,108472,150480,5344.0,805.0
2024,6,83,1240,1080,107461,166,30921,90,7089,105,166,81,,0,107,0,15,18649,11962,338.0,55.0
2024,6,83,1241,943,133538,224,32708,98,7496,115,224,151,,0,357,0,11,14367,17698,173.0,29.0
2024,6,83,1242,177,23877,23,5829,28,1301,31,23,60,,0,79,0,,2827,2827,29.0,
2024,6,83,1243,206,38984,75,9429,34,2402,41,75,69,,0,121,0,0,3555,5640,57.0,
2024,6,83,1244,42,7233,,2191,,394,,,,0,0,,0,,942,1221,13.0,
2024,6,83,1245,90,13044,16,2723,11,944,12,16,11,0,0,51,0,,1072,1568,12.0,
2024,6,83,1246,,,,,,,,,,,,,,,,,,
2024,6,83,1247,,,,,,,,,,,,,,,,,,
2024,6,83,1248,,,,,,,,,,,,,,,,,,
2024,6,83,1249,,,,,,,,,,,,,,,,,,
2024,6,83,1250,,,,,,,,,,,,,,,,,,
2024,6,83,1251,91724,8195606,12183,2028395,11161,505015,9868,12183,12758,402,0,21177,159,957,1161084,821990,20251.0,3240.0
2024,6,83,1252,829,104477,287,21268,108,6900,232,287,93,,0,151,0,22,9169,11592,159.0,34.0
2024,6,83,1253,266,40106,75,6772,19,3639,61,75,43,,0,171,,,2593,3889,32.0,
2024,6,83,1254,14413,1649470,3128,421177,1674,88728,1500,3128,1410,107,0,2262,71,279,210859,204689,2549.0,390.0
2024,6,83,1255,14730,1887564,1600,552596,2101,118273,1652,1600,2987,99,0,2170,17,165,357338,188168,4215.0,545.0
2024,6,83,1256,204,29378,67,5419,11,2114,39,67,18,0,0,93,,21,2110,3133,27.0,
2024,6,83,1257,,,,,,,,,,,,,,,,,,
2024,6,83,1258,,,,,,,,,,,,,,,,,,
2024,6,83,1259,,,,,,,,,,,,,,,,,,
2024,6,83,1260,17204,889850,5337,170164,1509,46712,524,5337,1347,101,,1687,22,144,84302,82034,1039.0,121.0
2024,6,83,1261,8527,392690,3026,80648,620,20391,166,3026,427,44,0,523,,47,44259,35176,769.0,92.0
2024,6,83,1262,221,5272,43,1084,22,243,,43,,0,0,43,0,,258,776,,
2024,6,83,1263,6170,202707,2262,42865,664,11619,79,2262,213,,0,196,,23,23684,18659,458.0,66.0
2024,6,83,1264,3201,102008,931,16100,302,7265,66,931,72,,0,218,,29,6847,8861,106.0,16.0
2024,6,83,1265,1195,56863,305,9552,91,3553,47,305,61,,0,160,,16,4014,5246,55.0,
2024,6,83,1266,2442,88662,601,15608,221,4906,73,601,94,,0,140,0,29,7003,8268,113.0,12.0
2024,6,83,1267,4374,163974,1384,31932,279,9726,114,1384,229,18,0,212,0,53,15937,15369,310.0,29.0
2024,6,83,1268,690,25736,151,4276,104,1372,33,151,28,,0,31,,,1966,2204,36.0,
2024,6,83,1269,685,25794,259,3850,63,2437,18,259,,,0,82,0,,1416,2326,21.0,
2024,6,83,1270,1122,34799,394,5702,140,2580,17,394,11,,0,118,0,13,2460,3081,62.0,
2024,6,83,1271,1368,26056,416,4229,130,1451,,416,14,,0,43,12,,1719,2424,51.0,
2024,6,83,1272,1723,27476,461,3567,191,2127,25,461,,,0,71,0,11,1297,2150,29.0,
2024,6,83,1273,3602,120026,1248,18562,274,8277,161,1248,362,11,0,409,,42,6655,10920,130.0,16.0
2024,6,83,1274,2736,73460,940,11735,187,5727,27,940,29,,0,222,,20,4942,6485,134.0,17.0
2024,6,83,1275,12867,478770,4073,96614,958,26629,353,4073,800,59,,698,12,86,53546,41057,886.0,106.0
2024,6,83,1276,233,5990,76,898,,412,,76,,,0,33,0,,402,457,11.0,
2024,6,83,1277,438,9503,87,1432,23,756,17,87,115,0,0,60,0,,428,810,,
2024,6,83,1278,405,5580,119,785,51,403,,119,,0,0,20,,,313,448,,
2024,6,83,1279,621,8117,94,978,55,661,18,94,,0,0,25,0,,340,591,,
2024,6,83,1280,1333,46855,552,10123,38,2521,27,552,51,17,0,56,,12,5312,4644,106.0,13.0
2024,6,83,1281,463,18249,176,3494,29,840,19,176,12,,0,52,,,1261,2146,16.0,
2024,6,83,1282,241,10645,83,2054,,555,,83,,,0,,,0,915,1116,16.0,
2024,6,83,1283,370,18142,161,3410,13,1179,,161,,,0,76,0,17,1362,1936,17.0,
2024,6,83,1284,,,,,,,,,,,,,,,,,,
2024,6,83,1285,,,,,,,,,,,,,,,,,,
2024,6,83,1286,,,,,,,,,,,,,,,,,,
2024,6,83,1287,,,,,,,,,,,,,,,,,,
2024,6,83,1288,,,,,,,,,,,,,,,,,,
2024,6,83,1289,,,,,,,,,,,,,,,,,,
2024,6,83,1290,,,,,,,,,,,,,,,,,,
2024,6,83,1291,,,,,,,,,,,,,,,,,,
2024,6,83,1292,,,,,,,,,,,,,,,,,,
2024,6,83,1293,,,,,,,,,,,,,,,,,,
2024,6,83,1294,,,,,,,,,,,,,,,,,,
2024,6,83,1295,,,,,,,,,,,,,,,,,,
2024,6,83,1296,,,,,,,,,,,,,,,,,,
2024,6,83,1297,,,,,,,,,,,,,,,,,,
2024,6,83,1298,,,,,,,,,,,,,,,,,,
2024,6,83,1299,,,,,,,,,,,,,,,,,,
2024,6,83,1300,,,,,,,,,,,,,,,,,,
2024,6,83,1301,,,,,,,,,,,,,,,,,,
2024,6,83,1302,,,,,,,,,,,,,,,,,,
2024,6,83,1303,,,,,,,,,,,,,,,,,,
2024,6,83,1304,,,,,,,,,,,,,,,,,,
2024,6,83,1305,,,,,,,,,,,,,,,,,,
2024,6,83,1306,,,,,,,,,,,,,,,,,,
2024,6,83,1307,,,,,,,,,,,,,,,,,,
2024,6,83,1308,,,,,,,,,,,,,,,,,,
2024,6,83,1309,,,,,,,,,,,,,,,,,,
2024,13,84,1310,748,5065,221,1100,0,13,0,38,1129,29,,11,255,0,0,204,124.0,18.0
2024,13,84,1311,150,2328,60,756,0,0,0,,772,0,,0,164,0,0,50,44.0,
2024,13,84,1312,,,,,,,,,,,,,,,,,,
2024,15,85,1313,40,5311,23,384,0,157,49,39,120,,27,30,14,0,45,208,,
2024,15,85,1314,334,3144,52,241,,58,26,,60,,16,0,34,,86,111,,
2024,15,85,1315,40,7799,16,844,,186,64,14,200,17,46,,28,,185,467,19.0,
2024,15,85,1316,142,10077,98,856,,214,85,,222,52,37,,28,,180,537,19.0,
2024,15,85,1317,,99,,15,0,,,,,,,,,0,,,,
2024,15,85,1318,251,22784,58,2372,,896,217,35,536,106,142,22,166,30,617,1208,35.0,
2024,15,85,1319,313,10721,111,1109,17,414,93,18,237,47,51,16,31,11,251,698,18.0,
2024,15,85,1320,285,20888,61,2040,,840,160,22,491,91,82,,111,,545,993,38.0,
2024,15,85,1321,708,16715,161,2934,,968,126,,346,128,79,0,238,25,925,1548,27.0,
2024,15,85,1322,76,4141,18,469,,111,22,,100,18,15,0,12,13,57,308,,
2024,15,85,1323,751,20705,178,2380,37,689,136,83,446,89,62,70,99,16,562,1424,40.0,
2024,15,85,1324,2865,53007,586,8207,71,2360,491,101,1550,218,282,79,419,40,2545,4425,141.0,16.0
2024,15,85,1325,362,15295,74,1811,18,442,152,28,445,55,87,23,155,,336,1002,55.0,
2024,15,85,1326,3873,66536,1012,8190,53,2372,584,96,1809,274,350,78,479,43,3172,4041,256.0,21.0
2024,15,85,1327,942,31877,241,3647,54,1191,201,54,649,133,112,35,82,51,919,2207,73.0,
2024,15,85,1328,295,10781,98,1267,16,343,61,,303,57,31,0,94,,268,706,24.0,
2024,15,85,1329,3129,54015,777,6490,69,1673,372,119,1327,265,177,89,196,60,2182,3579,140.0,11.0
2024,15,85,1330,,331,,40,0,14,,,11,,,0,,0,16,20,,
2024,15,85,1331,158,134,,36,0,0,,,,,,0,,0,,30,,
2024,15,85,1332,,178,,20,0,0,,,,,,0,,0,,12,,
2024,15,85,1333,158,6309,121,543,0,214,36,15,119,13,25,,,0,152,430,,
2024,15,85,1334,1139,32912,328,4031,43,1666,240,32,621,132,160,22,52,56,1574,2136,44.0,
2024,15,85,1335,318,12556,114,1260,32,387,116,,314,61,65,0,61,14,256,749,19.0,
2024,15,85,1336,1192,45579,368,4900,45,1586,301,113,985,207,158,101,250,93,1268,2747,88.0,
2024,15,85,1337,11,1513,,115,0,49,31,,38,23,,0,,0,15,58,,
2024,15,85,1338,1447,2721,357,353,14,69,89,,208,12,75,0,,0,349,195,,
2024,15,85,1339,104,7792,35,869,,330,77,,211,30,47,,,,176,551,,
2024,15,85,1340,542,8453,131,1049,0,282,133,13,208,51,72,,125,11,260,612,15.0,
2024,15,85,1341,471,3455,303,411,,91,53,16,132,15,29,,26,0,334,233,,
2024,15,85,1342,14129,37095,3039,6314,116,1796,663,57,1525,153,525,44,155,19,4964,3084,110.0,
2024,15,85,1343,49,5190,23,528,,149,46,,125,21,28,0,,,100,329,,
2024,15,85,1344,150,4771,28,540,0,109,43,,102,,26,0,,,130,340,,
2024,15,85,1345,946,5242,269,680,,172,78,,157,19,59,0,36,,373,399,,
2024,15,85,1346,686,11660,148,1375,,285,93,14,249,37,65,11,174,,240,891,24.0,
2024,15,85,1347,1442,21276,263,2768,32,759,277,40,658,89,197,27,80,17,719,1665,57.0,
2024,15,85,1348,435,7579,104,1104,,269,76,,222,41,40,,36,,389,567,24.0,
2024,15,85,1349,,,,,,,,,,,,,,,,,,
2024,15,85,1350,,,,,,,,,,,,,,,,,,
2024,15,85,1351,,,,,,,,,,,,,,,,,,
2024,15,85,1352,,,,,,,,,,,,,,,,,,
2024,15,85,1353,7211,7469,1443,1315,219,537,0,0,568,47,,15,22,0,252,1854,283.0,34.0
2024,15,85,1354,5875,5850,1050,778,179,231,,0,389,45,,,37,0,215,1128,256.0,34.0
2024,15,85,1355,312,288,59,37,0,0,0,0,42,,,,0,0,0,47,,
2024,15,85,1356,259,238,44,46,,30,0,0,19,0,,0,0,0,,64,,
2024,15,85,1357,5389,5001,1293,1131,140,319,0,0,413,29,,20,,,192,1759,259.0,41.0
2024,15,85,1358,,,,,,,,,,,,,,,,,,
2024,15,85,1359,67,10740,34,1032,0,325,72,51,279,24,48,24,101,,159,536,25.0,
2024,15,85,1360,1212,51409,352,4971,103,1537,538,65,1497,186,355,38,183,,946,2965,144.0,17.0
2024,15,85,1361,425,34113,154,3735,,986,287,207,969,108,173,177,200,16,579,2103,144.0,14.0
2024,15,85,1362,166,8240,14,750,0,202,75,13,181,31,41,11,49,,101,453,33.0,
2024,15,85,1363,57,7311,17,746,0,217,75,22,209,37,40,,26,,56,493,12.0,
2024,15,85,1364,5254,47584,1301,5566,112,1545,583,68,1606,173,391,29,239,,1933,3330,141.0,12.0
2024,15,85,1365,466,19200,57,2050,19,608,277,34,649,88,187,26,105,,340,1114,66.0,
2024,15,85,1366,541,37372,210,5010,33,1598,317,42,1036,142,148,29,171,21,1316,2811,143.0,16.0
2024,15,85,1367,361,27803,123,3688,23,933,268,65,868,97,144,56,227,18,678,2100,141.0,15.0
2024,15,85,1368,209,10627,93,1418,62,408,114,31,244,116,46,27,66,19,365,772,40.0,
2024,15,85,1369,535,8738,225,1163,129,300,77,,231,58,34,,53,27,403,699,42.0,
2024,15,85,1370,231,20924,68,3206,37,1641,200,36,612,89,118,32,181,,1472,1072,64.0,
2024,15,85,1371,181,18049,77,1931,11,586,240,18,456,64,156,13,111,,314,1206,75.0,
2024,15,85,1372,157,10581,56,1152,,487,81,27,264,32,47,16,44,,326,606,23.0,
2024,15,85,1373,71,7153,20,723,,236,97,39,218,27,52,34,53,,137,327,16.0,
2024,15,85,1374,47,7543,15,901,,245,85,,220,37,48,0,25,,191,506,15.0,
2024,15,85,1375,79,3369,42,296,0,91,32,,128,17,19,0,14,,32,183,,
2024,15,85,1376,603,48616,142,6490,11,2012,505,76,1251,168,323,54,294,24,1796,3431,141.0,17.0
2024,15,85,1377,1028,45439,259,5490,50,1190,399,114,1007,175,240,97,266,42,967,3532,145.0,18.0
2024,15,85,1378,2180,53874,507,9268,112,3374,583,69,1960,201,373,43,343,22,3240,4488,148.0,18.0
2024,15,85,1379,1370,40599,205,4492,35,1328,473,92,955,190,257,82,153,26,1044,2526,139.0,12.0
2024,15,85,1380,,,,,,,,,,,,,,,,,,
2024,15,85,1381,,,,,,,,,,,,,,,,,,
2024,15,85,1382,,,,,,,,,,,,,,,,,,
2024,15,85,1383,,,,,,,,,,,,,,,,,,
2024,15,85,1384,,,,,,,,,,,,,,,,,,
2024,15,85,1385,,,,,,,,,,,,,,,,,,
2024,24,86,1386,1516,41027,812,1314,33,575,38,402,220,37,0,,19,,0,1402,147.0,14.0
2024,24,86,1387,835,36664,374,840,15,682,19,244,188,36,,,41,,0,672,75.0,
2024,24,86,1388,417,19320,295,618,,405,,186,116,16,,,32,,0,552,60.0,
2024,24,86,1389,108,1010,14,20,0,,0,,,0,0,0,0,0,0,23,,
2024,24,86,1390,1970,67346,1127,1947,69,1322,71,776,266,100,16,,21,,0,1818,129.0,13.0
2024,24,86,1391,1576,42783,871,1248,18,441,13,213,254,34,,12,,,0,1578,89.0,
2024,24,86,1392,741,33143,407,1014,27,342,20,298,136,31,,,13,,0,916,121.0,18.0
2024,24,86,1393,2253,64152,1001,1874,152,1078,34,667,184,61,,20,,,0,1892,143.0,14.0
2024,24,86,1394,112,4915,38,137,0,27,,24,25,,0,0,14,0,0,109,11.0,
2024,24,86,1395,904,44721,305,1729,37,767,33,143,194,45,,11,,15,0,1588,92.0,
2024,24,86,1396,343,22857,101,930,15,420,26,65,106,63,0,0,,,0,762,53.0,
2024,24,86,1397,3283,117892,1445,5457,66,2326,379,490,577,117,,17,48,35,0,5231,260.0,29.0
2024,24,86,1398,1549,51230,613,2390,42,713,48,337,314,64,,,47,13,0,2165,157.0,12.0
2024,24,86,1399,1884,96703,764,5108,27,1456,162,454,569,136,14,11,30,27,0,4469,338.0,32.0
2024,24,86,1400,79,1519,26,79,0,23,,24,0,,,0,0,0,0,72,,
2024,24,86,1401,1891,58797,664,3057,63,1263,56,376,477,70,,,21,21,0,2687,214.0,21.0
2024,24,86,1402,2947,102273,1078,4919,,2228,155,559,462,114,,30,49,26,0,4592,238.0,24.0
2024,24,86,1403,131,5674,87,185,0,81,,58,44,,0,,,,0,149,12.0,
2024,12,87,1404,,15,0,0,0,,0,0,0,0,,0,0,0,0,0,15.0,
2024,12,87,1405,,,,,0,0,0,,0,0,,,,0,0,0,53.0,17.0
2024,12,87,1406,,,,0,0,0,0,0,0,0,,,0,0,0,0,,
2024,29,88,1407,3659,255115,1316,50800,317,316,1178,745,1609,2529,52,324,2399,93,0,43187,483.0,54.0
2024,29,88,1408,4395,289336,1014,54976,560,346,1337,730,1724,3038,45,292,3012,78,0,45734,298.0,40.0
2024,29,88,1409,253,33613,51,6757,145,23,41,57,218,305,,46,433,,0,5702,62.0,
2024,29,88,1410,,,,,,,,,,,,,,,,,,
2024,29,88,1411,,,,,,,,,,,,,,,,,,
2024,29,88,1412,,,,,,,,,,,,,,,,,,
2024,29,88,1413,,,,,,,,,,,,,,,,,,
2024,29,88,1414,978,109663,168,21925,128,124,267,309,820,1286,26,120,1529,48,0,17688,211.0,29.0
2024,29,88,1415,1360,153679,290,29486,281,106,402,489,886,1472,46,159,1989,41,0,24292,187.0,27.0
2024,29,88,1416,266,15141,67,2860,24,28,100,15,91,154,0,,136,15,0,2411,17.0,
2024,29,88,1417,1862,101459,609,18527,256,81,203,258,730,970,26,125,775,28,0,16021,96.0,11.0
2024,29,88,1418,,,,,,,,,,,,,,,,,,
2024,29,88,1419,1710,106162,179,19403,239,121,309,274,504,1051,19,102,1355,20,0,15948,110.0,13.0
2024,29,88,1420,,,,,,,,,,,,,,,,,,
2024,29,88,1421,,,,,,,,,,,,,,,,,,
2024,7,89,1422,,,,,,,,,,,,,,,,,,
2024,7,89,1423,,,,,,,,,,,,,,,,,,
2024,20,90,1424,,,,,,,,,,,,,,,,,,
2024,20,90,1425,,,,,,,,,,,,,,,,,,
2024,20,90,1426,,,,,,,,,,,,,,,,,,
2024,20,90,1427,,,,,,,,,,,,,,,,,,
2024,20,90,1428,,,,,,,,,,,,,,,,,,
2024,20,90,1429,,,,,,,,,,,,,,,,,,
2024,20,90,1430,,,,,,,,,,,,,,,,,,
2024,20,90,1431,,,,,,,,,,,,,,,,,,
2024,20,90,1432,,,,,,,,,,,,,,,,,,
2024,20,90,1433,,,,,,,,,,,,,,,,,,
2024,20,90,1434,,,,,,,,,,,,,,,,,,
2024,20,90,1435,,,,,,,,,,,,,,,,,,
2024,20,90,1436,,,,,,,,,,,,,,,,,,
2024,20,90,1437,,,,,,,,,,,,,,,,,,
2024,20,90,1438,,,,,,,,,,,,,,,,,,
2024,20,90,1439,,,,,,,,,,,,,,,,,,
2024,23,91,1440,934,1861,170,385,45,63,0,0,0,,,0,155,0,0,597,60.0,12.0
2024,23,91,1441,397,660,74,192,,27,0,0,0,0,,12,95,0,0,239,20.0,
2024,23,91,1442,,,,,,,,,,,,,,,,,,
2024,15,92,1443,6168,91086,2268,9388,716,7704,286,0,199,0,0,0,260,0,0,11041,180.0,30.0
2024,15,92,1444,8386,115636,3047,11652,1157,11875,291,0,285,0,0,0,583,0,0,13685,486.0,77.0
2024,15,92,1445,1718,25383,375,2264,423,2230,37,0,103,0,0,0,110,0,0,2458,54.0,
2024,15,92,1446,9523,148665,3600,15387,1361,13368,436,0,443,0,0,0,551,0,0,17906,390.0,58.0
2024,15,92,1447,4488,73329,1752,6492,516,5837,202,0,138,0,0,0,232,0,0,7748,267.0,41.0
2024,15,92,1448,,,,,,,,,,,,,,,,,,
2024,15,92,1449,1571,32955,518,3705,333,3054,93,0,60,0,0,0,123,0,0,4028,62.0,
2024,15,92,1450,3278,35663,1476,3901,352,2967,230,0,217,0,0,0,118,0,0,4917,144.0,13.0
2024,15,92,1451,2126,27963,873,2818,192,1968,19,0,84,0,0,0,87,0,0,3536,69.0,
2024,15,92,1452,414,3367,209,349,37,220,37,0,,0,0,0,38,0,0,480,21.0,
2024,15,92,1453,64,1763,34,193,12,158,,0,,0,0,0,,0,0,222,,
2024,15,92,1454,601,12562,252,1536,46,1057,,0,45,0,0,0,32,0,0,1715,30.0,
2024,15,92,1455,1285,22013,467,2278,107,1808,42,0,58,0,0,0,101,0,0,2562,77.0,
2024,15,92,1456,,,,,,,,,,,,,,,,,,
2024,15,92,1457,89,2134,24,319,17,240,,0,0,0,0,0,,0,0,343,,
2024,15,92,1458,499,8975,128,977,121,1091,,0,,0,0,0,24,0,0,1104,27.0,
2024,15,92,1459,1153,16026,177,2273,125,1821,120,0,35,0,0,0,36,0,0,2276,53.0,
2024,15,92,1460,,,,,,,,,,,,,,,,,,
2024,16,93,1461,3096,7396,852,1490,,16,0,74,1842,38,,46,400,0,0,532,120.0,27.0
2024,16,93,1462,4298,11262,900,2134,40,44,0,96,2246,32,,260,662,0,0,930,157.0,34.0
2024,16,93,1463,2930,6776,874,2166,30,0,0,74,2814,28,,0,574,0,0,218,128.0,33.0
2024,13,94,1464,1846,2528,405,260,22,119,13,0,292,0,,0,0,0,0,360,93.0,14.0
2024,13,94,1465,2116,2619,351,363,71,42,,,353,0,,0,0,0,0,356,100.0,15.0
2024,13,94,1466,1145,1356,212,146,,41,,0,267,0,,0,0,0,0,90,60.0,
2024,13,94,1467,1473,1829,405,275,,28,,0,551,0,,0,0,0,0,124,96.0,18.0
2024,13,94,1468,,,,,,,,,,,,,,,,,,
2024,13,94,1469,,,,,,,,,,,,,,,,,,
2024,13,94,1470,,,,,,,,,,,,,,,,,,
2024,13,94,1471,,,,,,,,,,,,,,,,,,
2024,13,94,1472,,,,,,,,,,,,,,,,,,
2024,13,94,1473,,,,,,,,,,,,,,,,,,
2024,13,94,1474,,,,,,,,,,,,,,,,,,
2024,13,94,1475,,,,,,,,,,,,,,,,,,
2024,13,94,1476,,,,,,,,,,,,,,,,,,
2024,13,94,1477,,,,,,,,,,,,,,,,,,
2024,13,94,1478,,,,,,,,,,,,,,,,,,
2024,13,94,1479,,,,,,,,,,,,,,,,,,
2024,13,94,1480,,,,,,,,,,,,,,,,,,
2024,13,94,1481,,,,,,,,,,,,,,,,,,
2024,13,94,1482,,,,,,,,,,,,,,,,,,
2024,13,94,1483,,,,,,,,,,,,,,,,,,
2024,13,94,1484,,,,,,,,,,,,,,,,,,
2024,13,94,1485,,,,,,,,,,,,,,,,,,
2024,13,94,1486,,,,,,,,,,,,,,,,,,
2024,13,94,1487,,,,,,,,,,,,,,,,,,
2024,9,95,1488,,390,,197,0,21,0,,183,0,,0,12,0,0,,23.0,
2024,9,95,1489,19,579,18,190,0,26,0,18,78,0,,0,20,0,0,92,28.0,
2024,9,95,1490,44,1187,41,395,,34,0,41,218,0,,0,33,0,0,144,56.0,
2024,26,96,1491,6611,293312,2137,50545,142,3764,2854,953,6007,426,49,15,3369,20,3499,37719,568.0,89.0
2024,26,96,1492,21,1069,14,216,0,,,14,12,,,0,,0,,194,,
2024,26,96,1493,1857,118601,730,21931,48,1985,1344,434,2244,161,11,100,1283,19,1788,16123,144.0,15.0
2024,26,96,1494,1085,70108,436,13141,19,997,651,228,1893,105,,,807,,809,9562,159.0,22.0
2024,26,96,1495,4338,163320,1491,22017,124,2362,3126,691,4106,283,19,22,2456,14,1947,12249,348.0,56.0
2024,26,96,1496,2889,119221,1306,18302,76,1607,2543,831,3249,272,48,,940,37,1340,11493,212.0,31.0
2024,26,96,1497,12726,298280,4217,47435,215,4387,4463,1683,9213,632,42,12,3811,13,3562,31313,606.0,81.0
2024,26,96,1498,2315,111649,1082,23374,48,1490,1143,901,4331,239,,,803,18,982,17426,248.0,35.0
2024,26,96,1499,2955,81055,925,12528,48,1284,1401,402,2382,163,11,27,1071,,1338,7546,173.0,31.0
2024,26,96,1500,5107,153422,2233,23411,68,3142,2090,1197,4993,351,17,57,2357,13,2645,13860,304.0,49.0
2024,26,96,1501,5841,294512,3107,42670,25,3844,5831,2494,8541,730,86,47,3373,83,2704,25089,467.0,55.0
2024,26,96,1502,925,37775,232,6960,16,478,563,161,1333,72,,,318,16,320,4802,74.0,
2024,26,96,1503,7386,228699,2351,42105,138,4139,4195,1656,8006,482,57,,1938,33,3843,26581,324.0,42.0
2024,26,96,1504,5804,154978,2029,26379,207,5280,2866,1020,4847,270,11,,2128,11,5119,14047,383.0,74.0
2024,26,96,1505,1139,41443,350,7493,19,695,554,175,1844,117,,0,492,,498,4675,66.0,
2024,26,96,1506,25148,215072,3218,36361,254,2680,3002,1421,6912,386,31,,2472,23,2159,25323,414.0,48.0
2024,26,96,1507,3414,171378,1747,22936,97,3247,3937,1251,4701,360,14,,2622,12,2736,11034,421.0,61.0
2024,26,96,1508,2815,144348,1467,28047,67,3152,2306,1159,6806,421,13,,1541,,2301,17183,354.0,55.0
2024,26,96,1509,17059,361117,3896,59731,156,6926,4431,2361,10265,614,32,55,5024,49,5512,39137,857.0,155.0
2024,26,96,1510,2178,113725,536,10907,41,1437,1356,392,3136,204,,26,1062,,1060,5266,199.0,24.0
2024,26,96,1511,19111,529687,5276,74055,247,9668,6979,2347,15355,1148,64,34,8576,68,8122,42292,1095.0,160.0
2024,26,96,1512,2242,101424,906,12298,33,1135,2122,669,2320,220,17,33,897,33,944,6863,194.0,20.0
2024,26,96,1513,8616,138725,2033,21893,189,2019,2586,1118,4655,292,18,,2108,29,1604,13076,283.0,38.0
2024,26,96,1514,25792,315904,4994,53753,467,4639,4556,2578,10514,634,46,16,4852,32,3555,35488,629.0,86.0
2024,26,96,1515,1851,88443,512,13118,38,1132,964,196,2819,159,,,1455,,1096,7677,164.0,18.0
2024,26,96,1516,4546,164553,1684,21017,183,2627,2628,845,4614,324,28,,1863,32,2249,11652,356.0,59.0
2024,26,96,1517,2748,109867,1437,11231,86,1158,1506,382,2804,232,13,33,1279,31,885,6419,213.0,28.0
2024,26,96,1518,22,777,,130,0,,12,,36,,,0,21,0,,67,,
2024,26,96,1519,172,2527,111,530,0,61,116,47,47,,,0,209,0,48,199,,
2024,26,96,1520,122,1268,53,220,,,29,,41,,,0,22,0,,173,,
2024,26,96,1521,,115,,14,0,,,,,,,0,,0,,,,
2024,26,96,1522,29,775,20,117,0,,17,24,13,,,0,17,0,,75,,
2024,26,96,1523,21,696,18,118,0,,14,17,15,,,0,12,0,,84,,
2024,26,96,1524,203,3430,131,616,0,55,206,113,106,,,0,75,0,35,263,,
2024,26,96,1525,19,439,,54,0,,11,,11,,,0,,0,,32,,
2024,26,96,1526,146,2474,58,600,0,85,54,52,82,,,0,124,,60,330,,
2024,26,96,1527,28,1308,14,144,0,21,20,,33,,,0,19,0,13,78,,
2024,26,96,1528,,328,,41,0,,,,,,,0,,0,,34,,
2024,26,96,1529,,1071,,163,0,,18,,12,,,0,24,0,,119,,
2024,26,96,1530,,693,,129,0,,48,,16,,,0,,0,,66,,
2024,26,96,1531,19,1801,,176,0,17,22,,62,,,0,28,0,,82,,
2024,26,96,1532,68,2202,16,537,0,49,23,16,45,,,0,121,0,48,310,,
2024,26,96,1533,,631,,74,0,,,,37,,,0,,,,29,,
2024,26,96,1534,369,5168,68,872,,59,63,35,189,,,0,160,0,53,485,11.0,
2024,26,96,1535,12,686,,156,0,,11,,,,,0,55,0,,83,,
2024,26,96,1536,,243,,23,0,,,,,,,0,,0,,14,,
2024,26,96,1537,47,729,31,210,0,,39,21,33,,,0,17,0,,136,,
2024,26,96,1538,32,820,,64,,,,,18,,,0,,0,,41,,
2024,26,96,1539,25,752,20,114,,,15,,15,,,0,,0,11,90,,
2024,26,96,1540,,630,,75,,,26,,,,,0,,0,,42,,
2024,26,96,1541,3410,155657,1045,20592,51,2456,2711,562,3494,227,,45,1598,29,2184,11951,272.0,50.0
2024,26,96,1542,2826,108411,923,15717,11,1472,1909,460,2757,174,39,62,639,14,1390,10057,113.0,12.0
2024,26,96,1543,40227,1014712,11742,158025,677,14904,12899,6136,33051,1730,88,115,6557,46,13565,105039,1708.0,199.0
2024,26,96,1544,11907,529387,5571,114163,366,7873,5886,3531,18745,999,18,71,6516,82,6477,83298,817.0,130.0
2024,26,96,1545,1377,47446,508,6802,11,538,982,125,1188,90,,0,464,,391,4424,64.0,
2024,26,96,1546,2068,62560,667,8864,13,992,756,514,1736,140,,208,441,,822,5626,71.0,
2024,26,96,1547,6675,342380,2968,45107,71,5371,6534,2025,8688,599,74,212,2311,51,4817,25657,333.0,41.0
2024,26,96,1548,2018,46467,358,8036,61,732,906,143,1588,68,,15,506,,670,4893,54.0,
2024,26,96,1549,5662,249412,2065,42459,82,3308,4941,864,8450,435,43,54,1633,31,2844,27086,228.0,27.0
2024,26,96,1550,996,38468,421,5818,,946,739,87,1126,92,,,286,,896,3332,52.0,
2024,26,96,1551,2217,79492,726,14921,71,1202,912,190,3078,175,,0,653,,1150,10208,73.0,11.0
2024,26,96,1552,127207,1240226,19943,185017,1467,16687,21221,7923,39119,1916,119,340,9074,121,14743,121566,1741.0,191.0
2024,26,96,1553,1731,115425,870,13031,,1959,2045,525,2969,223,15,15,1205,,1606,6347,173.0,21.0
2024,26,96,1554,7237,274315,3384,50027,110,5755,3699,2104,12294,671,,161,2888,,5135,30176,539.0,94.0
2024,26,96,1555,8685,273539,1983,41653,76,4437,3215,1097,7438,454,25,73,2675,39,4319,26541,446.0,71.0
2024,26,96,1556,1039,66239,195,7134,,684,621,128,1746,119,,0,903,,509,3820,94.0,13.0
2024,26,96,1557,9750,364139,3463,53168,137,5118,4737,1091,10052,770,38,100,9696,61,3876,29783,450.0,79.0
2024,26,96,1558,1867,92633,807,11120,25,1168,1535,470,2198,164,12,17,547,13,1148,6511,114.0,11.0
2024,26,96,1559,8235,181044,1949,28929,15,2174,2454,746,4898,373,18,,2654,67,1692,19402,213.0,30.0
2024,26,96,1560,20950,383371,4101,71443,314,4991,5666,1924,13394,687,59,58,5520,53,4331,47217,458.0,67.0
2024,26,96,1561,1875,100668,417,12690,,1145,1118,118,3096,183,16,,803,,1027,7445,128.0,17.0
2024,26,96,1562,347,44134,137,6310,,1421,795,85,944,51,11,,296,18,1473,3006,39.0,
2024,26,96,1563,12149,491997,5509,58688,183,7665,7307,3116,14878,892,39,78,3598,67,6148,33002,859.0,102.0
2024,26,96,1564,1409,47792,384,6744,13,767,817,229,1308,99,,13,552,12,563,4031,151.0,22.0
2024,26,96,1565,6738,201261,2749,32338,101,3377,4003,1671,7120,417,35,11,2846,44,2717,18650,587.0,119.0
2024,26,96,1566,3291,77124,1030,13041,66,1224,1304,489,2470,177,,,859,19,915,8662,204.0,28.0
2024,26,96,1567,343,13372,170,2665,18,187,203,155,438,28,,0,113,,138,1926,40.0,
2024,26,96,1568,1328,42394,561,6640,117,863,737,277,1328,80,,14,666,,840,3782,123.0,18.0
2024,26,96,1569,2414,60529,981,8280,95,1126,614,624,1813,130,,,1055,,928,4831,167.0,28.0
2024,26,96,1570,9156,353795,4829,51669,174,5997,5991,4308,10794,777,63,33,3768,46,4890,30263,907.0,120.0
2024,26,96,1571,906,29802,277,5968,42,449,484,152,1211,54,,0,332,,376,3966,80.0,
2024,26,96,1572,8484,196399,3120,34936,106,3328,3775,1971,6370,352,32,,2214,29,2537,23027,437.0,62.0
2024,26,96,1573,1842,53431,739,8212,66,1015,1136,356,1584,115,,0,622,,959,4775,184.0,29.0
2024,26,96,1574,990,20672,352,3916,22,263,442,137,954,47,,0,306,,219,2381,56.0,
2024,26,96,1575,8478,73131,1088,11902,136,832,783,577,2207,105,,0,643,15,753,8590,164.0,20.0
2024,26,96,1576,828,56914,426,7247,,968,1187,367,1595,140,,22,840,,759,3450,184.0,25.0
2024,26,96,1577,653,26484,277,4813,22,501,295,207,1145,57,,,300,0,378,3072,93.0,13.0
2024,26,96,1578,3843,76726,1030,13325,42,1671,943,677,2351,189,,0,922,,1393,8724,250.0,43.0
2024,26,96,1579,1061,33790,510,3693,249,479,556,123,894,70,,0,352,,544,1992,91.0,11.0
2024,26,96,1580,6198,203280,2296,32302,117,3689,2894,1375,6316,488,31,,2640,42,3556,19558,540.0,88.0
2024,26,96,1581,1160,48343,482,7161,,628,1523,401,1404,98,,0,559,,489,3647,126.0,11.0
2024,26,96,1582,3059,51954,712,8045,30,844,1101,363,1592,91,,,621,,711,4732,117.0,16.0
2024,26,96,1583,6298,97292,1492,17553,52,1452,1301,978,3552,189,,25,1137,18,1257,11647,241.0,28.0
2024,26,96,1584,561,28201,129,3874,0,375,279,68,792,34,,,557,,258,2245,70.0,
2024,26,96,1585,2001,90356,704,11706,84,1661,1539,376,2407,206,,22,948,26,1465,6259,258.0,45.0
2024,26,96,1586,1194,45507,472,5256,18,517,745,233,1121,80,,,584,,397,2915,129.0,15.0
2024,26,96,1587,253,10305,97,1864,0,94,96,24,231,19,,0,127,,90,1434,22.0,
2024,26,96,1588,464,9626,123,1472,,148,258,56,311,37,,0,112,,93,875,31.0,
2024,26,96,1589,176,6109,54,773,,84,61,23,175,,,,20,,72,500,17.0,
2024,26,96,1590,586,13474,306,1986,170,347,216,117,361,24,,35,147,0,535,1032,36.0,
2024,26,96,1591,49,3403,11,435,0,90,19,,106,,,0,29,,77,231,,
2024,26,96,1592,1401,8806,116,1421,,81,172,71,235,,,,106,0,53,963,17.0,
2024,26,96,1593,234,7173,109,932,,91,222,121,179,21,,,115,0,53,436,31.0,
2024,26,96,1594,364,8662,126,1394,15,139,149,91,229,13,,0,105,,127,905,27.0,
2024,26,96,1595,108,2317,17,202,0,17,61,,58,,,0,14,0,14,80,,
2024,26,96,1596,332,9605,134,1594,11,331,330,104,285,23,,0,57,,336,700,14.0,
2024,26,96,1597,568,7222,141,1039,,104,302,51,316,31,,19,97,,71,409,16.0,
2024,26,96,1598,581,9444,112,1611,,127,159,95,273,29,,0,81,,77,1130,25.0,
2024,26,96,1599,20,1342,,142,0,15,,,38,,,0,24,0,,77,,
2024,26,96,1600,289,4085,239,537,,60,141,13,243,17,,0,30,0,67,399,,
2024,26,96,1601,622,34590,209,6223,15,395,389,105,769,45,,0,163,,304,4865,52.0,
2024,26,96,1602,525,25665,178,3251,,393,411,90,680,37,,0,93,0,305,2036,36.0,
2024,26,96,1603,615,21968,323,3658,12,607,653,147,592,41,,0,242,0,508,2035,38.0,
2024,26,96,1604,173,6558,61,1350,0,299,171,11,342,,,0,57,0,276,596,,
2024,26,96,1605,3974,64672,589,10748,,824,862,330,1616,120,,,354,,702,7881,92.0,13.0
2024,26,96,1606,465,36596,262,4354,,441,1032,178,855,91,,0,270,,347,2165,60.0,
2024,26,96,1607,2028,52835,466,8878,36,816,1834,462,1332,117,,139,356,,728,4969,107.0,14.0
2024,26,96,1608,347,19819,111,1825,,238,275,74,523,37,,0,148,,180,869,32.0,
2024,26,96,1609,724,35060,220,4388,13,446,579,119,766,57,,,214,,685,2411,50.0,
2024,26,96,1610,1571,36107,382,5015,,314,845,273,1059,64,,44,155,,223,3042,56.0,
2024,26,96,1611,4316,83753,1120,13490,75,1157,1310,508,2450,173,15,,586,,925,9358,135.0,16.0
2024,26,96,1612,151,12494,79,1707,,179,265,50,397,26,,0,60,0,139,951,22.0,
2024,26,96,1613,314,26925,177,2643,0,438,406,114,583,69,,25,130,,382,1319,49.0,
2024,26,96,1614,951,36907,362,5280,79,505,867,171,744,60,,18,143,0,617,3261,63.0,
2024,26,96,1615,6135,153998,1603,28344,22,1928,2463,980,5235,301,30,23,1806,19,1406,19342,256.0,38.0
2024,26,96,1616,2911,104496,856,18482,29,1168,1701,369,3281,187,16,16,620,12,1017,12894,111.0,14.0
2024,26,96,1617,3573,76223,1014,14045,16,1167,1210,588,2638,168,21,,847,13,840,9590,195.0,27.0
2024,26,96,1618,68,1131,22,263,0,17,28,15,45,,,0,,0,12,191,,
2024,26,96,1619,1556,75260,498,12812,60,859,922,332,1464,111,,85,517,12,751,9672,144.0,23.0
2024,26,96,1620,1548,86264,619,15108,42,1204,928,374,1710,131,,,585,,1084,11488,108.0,15.0
2024,26,96,1621,1131,38161,465,5332,,519,868,232,993,106,,12,511,,580,2887,85.0,13.0
2024,26,96,1622,2617,113514,1418,17693,22,1597,2776,1206,3262,312,37,133,815,45,1383,10492,188.0,28.0
2024,26,96,1623,7858,167994,2334,28611,193,2795,3066,1434,5243,396,25,12,1519,24,2435,18625,328.0,46.0
2024,26,96,1624,2982,98021,1393,21532,70,1419,1309,1194,3883,238,,,754,19,1018,15843,199.0,26.0
2024,26,96,1625,1309,40341,540,6068,,592,840,270,1228,98,18,,300,0,577,3698,83.0,12.0
2024,26,96,1626,3154,84821,1372,12545,17,1745,1149,878,2946,257,12,0,1053,,1391,7306,163.0,26.0
2024,26,96,1627,5197,197344,2990,29463,26,3350,4181,2764,5906,485,47,49,2001,35,2831,16481,293.0,44.0
2024,26,96,1628,660,26166,204,4977,22,348,455,150,1180,71,,0,206,,259,3185,37.0,
2024,26,96,1629,6979,193484,2644,36652,95,2712,4412,1941,6825,504,39,47,2073,40,2112,23568,270.0,43.0
2024,26,96,1630,1330,48834,694,7164,24,925,876,341,1480,116,,,483,,692,4431,123.0,23.0
2024,26,96,1631,946,19909,283,3144,23,259,267,247,902,52,,14,205,,173,1849,32.0,
2024,26,96,1632,10703,93717,1300,15547,286,1087,1532,646,2712,180,21,,755,,1018,10865,180.0,23.0
2024,26,96,1633,1211,46468,566,6226,,705,1258,506,1273,139,13,0,453,,541,3184,106.0,13.0
2024,26,96,1634,2853,134089,1532,23715,70,2713,2048,1285,6864,392,,,1054,,1795,14007,329.0,53.0
2024,26,96,1635,7722,158141,1875,25626,93,2652,1788,1225,4774,304,12,,1443,41,2221,17299,376.0,70.0
2024,26,96,1636,788,29562,208,2980,17,332,661,149,801,84,,,112,,261,1413,57.0,
2024,26,96,1637,8761,268046,3465,42116,75,4963,4874,1858,8550,688,37,77,3635,41,4086,24778,472.0,78.0
2024,26,96,1638,892,34505,340,4657,20,734,596,261,780,68,,0,184,,711,2673,63.0,
2024,26,96,1639,3779,42049,698,7085,92,755,947,366,1475,120,12,0,830,,701,3839,86.0,11.0
2024,26,96,1640,9101,113526,1587,20785,117,1676,1868,965,3308,241,13,,1245,,1532,14319,210.0,28.0
2024,26,96,1641,555,21514,187,2881,,223,444,134,617,68,,0,161,,158,1707,46.0,
2024,26,96,1642,559,36447,306,4682,14,289,656,154,1029,93,11,0,233,,262,2826,55.0,
2024,26,96,1643,416,18252,211,1889,,180,327,54,467,27,,0,206,,150,992,34.0,
2024,26,96,1644,8271,289989,4261,42055,130,3955,5742,3259,7642,726,58,48,2801,77,3271,25787,459.0,67.0
2024,26,96,1645,3378,124158,1561,21306,26,1811,2267,1196,4302,315,25,16,985,35,1362,13773,206.0,30.0
2024,26,96,1646,5169,116858,1780,22768,142,1530,2389,939,3993,289,23,,1150,19,1221,15782,203.0,27.0
2024,26,96,1647,3078,110946,1077,14410,56,1634,1972,722,2747,218,11,,1063,,1330,8451,219.0,40.0
2024,26,96,1648,994,35662,399,5326,,407,773,267,880,94,,19,297,,321,3394,36.0,
2024,26,96,1649,39633,831415,11510,134545,731,12599,11841,5482,29539,1672,78,52,8028,54,9415,88852,1301.0,185.0
2024,26,96,1650,40770,1575550,16523,342846,1098,22387,16342,12466,60654,3519,66,370,9307,244,16893,258633,2271.0,242.0
2024,26,96,1651,593,17721,209,2623,,249,404,111,527,25,,,124,0,187,1621,27.0,
2024,26,96,1652,1052,31353,461,6035,,683,463,250,1075,76,,,404,0,1885,2690,29.0,
2024,26,96,1653,2390,86558,1138,12418,24,1663,1518,860,2251,188,17,,713,18,1401,7489,81.0,13.0
2024,26,96,1654,848,14060,186,2816,16,234,333,113,634,35,,0,194,0,213,1660,18.0,
2024,26,96,1655,4857,105240,2447,18457,50,1713,2147,788,3588,192,17,78,1033,,2350,11696,89.0,15.0
2024,26,96,1656,653,22718,171,4581,,1062,378,93,739,38,,0,403,,1042,2287,27.0,
2024,26,96,1657,1085,34817,455,7093,28,527,611,191,1334,101,,,1028,,475,4164,32.0,
2024,26,96,1658,97255,660567,12528,97578,1123,9372,9477,5909,23802,1179,86,102,6066,65,7089,63964,1084.0,153.0
2024,26,96,1659,1229,56517,604,7293,,889,1649,385,1624,126,,,562,,650,3508,77.0,13.0
2024,26,96,1660,46532,2211938,22911,405653,1099,46293,28583,17609,102460,5830,117,282,17093,119,33984,254208,3942.0,508.0
2024,26,96,1661,7540,169196,1812,23913,42,2679,2302,1182,4545,330,11,65,1594,30,2163,15162,347.0,61.0
2024,26,96,1662,1167,51807,344,5564,16,744,597,244,1465,125,,31,416,,587,2955,79.0,
2024,26,96,1663,5587,202789,2362,32542,111,3447,3164,952,6269,537,22,60,6427,19,2788,17006,276.0,57.0
2024,26,96,1664,974,37822,374,4442,13,472,592,281,850,109,,,370,20,392,2553,42.0,
2024,26,96,1665,5840,80938,1084,11518,21,1244,1207,474,2472,196,15,27,1358,13,987,6637,88.0,17.0
2024,26,96,1666,11253,144209,2562,24675,67,1662,2944,1036,5140,283,18,50,1185,19,1397,16414,163.0,26.0
2024,26,96,1667,869,32297,184,4319,,421,399,157,994,56,,54,270,,238,2688,35.0,
2024,26,96,1668,152,13546,77,2108,,479,217,45,399,48,,0,66,,474,1048,,
2024,26,96,1669,7341,295855,3196,32025,93,4010,4089,1343,7883,535,32,24,2354,18,2951,18723,520.0,71.0
2024,26,96,1670,3376,119856,1772,17007,41,1855,1900,1021,3162,273,15,78,1609,22,1613,10320,116.0,21.0
2024,26,96,1671,1689,61955,714,10093,29,856,919,455,1930,107,11,,776,,699,6433,61.0,
2024,26,96,1672,2813,59842,700,11634,,710,962,398,2090,100,17,13,945,,474,7865,61.0,
2024,26,96,1673,1075,27539,337,5275,18,1002,480,173,798,54,,0,451,,954,2981,80.0,14.0
2024,26,96,1674,3902,108050,1837,17130,29,1635,2577,1315,3371,284,28,,992,25,1487,10116,290.0,48.0
2024,26,96,1675,1899,41616,643,6698,67,680,621,312,1492,89,,,342,,635,4272,107.0,17.0
2024,26,96,1676,370,15752,214,3536,,297,156,225,618,27,,0,207,,211,2533,47.0,
2024,26,96,1677,609,20650,307,2986,28,420,395,181,630,45,,0,243,,358,1682,60.0,
2024,26,96,1678,1213,24282,601,3423,22,447,501,410,827,61,,0,291,,358,1937,73.0,11.0
2024,26,96,1679,7020,214981,3552,34702,111,4119,4769,3114,6369,437,40,33,2345,30,3938,19830,492.0,81.0
2024,26,96,1680,871,17119,380,3376,99,264,421,214,894,62,,0,138,,260,2027,48.0,
2024,26,96,1681,5733,122008,1908,23186,95,2385,2186,1509,4118,300,21,16,1073,21,2001,15444,277.0,45.0
2024,26,96,1682,1089,28848,515,4596,86,501,598,267,999,65,,0,263,,544,2744,95.0,17.0
2024,26,96,1683,641,13298,141,2743,,240,256,133,522,25,,0,289,,167,1672,49.0,12.0
2024,26,96,1684,2770,27718,499,4694,32,448,418,290,965,48,,0,327,,344,3139,68.0,11.0
2024,26,96,1685,717,23397,343,3186,,352,722,227,589,57,,,273,,244,1691,70.0,
2024,26,96,1686,1237,40346,645,7780,53,901,514,418,2165,89,,,377,,820,4714,150.0,25.0
2024,26,96,1687,3441,64327,886,9679,16,995,841,652,1781,114,,,691,13,805,6328,215.0,43.0
2024,26,96,1688,463,14176,164,1548,,154,172,86,490,35,,0,215,,105,764,41.0,
2024,26,96,1689,3593,108702,1663,17606,53,1747,1748,1223,3345,296,18,,1176,24,1454,11360,305.0,42.0
2024,26,96,1690,619,13622,419,1724,,181,286,150,327,20,,0,218,0,177,1084,41.0,
2024,26,96,1691,1276,18491,328,2912,11,396,561,257,534,44,,,208,,349,1483,50.0,
2024,26,96,1692,2635,39751,687,7185,38,590,733,446,1434,81,,0,440,,468,4708,113.0,16.0
2024,26,96,1693,229,8965,91,1363,0,129,200,29,258,18,,0,88,,94,848,23.0,
2024,26,96,1694,1236,45530,558,6862,65,961,899,300,1449,89,,0,559,11,1375,3217,135.0,25.0
2024,26,96,1695,414,15306,195,1567,,250,234,112,405,38,,0,135,,159,850,42.0,
2024,26,96,1696,8620,234181,4542,35415,182,3565,4573,3649,6351,541,57,62,2125,55,3184,22211,542.0,75.0
2024,26,96,1697,3076,77585,1483,15290,77,1338,1517,1277,2727,174,14,45,959,21,1087,10027,197.0,30.0
2024,26,96,1698,1766,48523,671,9663,,605,915,525,1559,100,13,25,320,,460,6969,129.0,21.0
2024,26,96,1699,12784,508007,6339,70748,192,6743,9290,3935,13964,1142,144,83,5554,90,5405,42615,837.0,108.0
2024,26,96,1700,4182,189107,1639,32398,118,2749,2929,1130,6447,430,40,15,1733,23,2104,21163,335.0,44.0
2024,26,96,1701,10959,508858,4974,68340,151,7234,8438,2814,12436,823,82,95,4817,59,6364,41406,508.0,60.0
2024,26,96,1702,2244,122160,897,19720,32,1819,1921,491,4102,234,17,30,663,14,1622,12595,126.0,15.0
2024,26,96,1703,12405,463248,6367,65009,261,7514,8080,4684,12305,892,73,18,4446,79,6587,39032,1116.0,121.0
2024,26,96,1704,4380,133363,2048,23841,168,2141,2019,1553,4907,254,16,0,1648,17,1603,15543,356.0,51.0
2024,26,96,1705,343,5324,254,1008,,133,266,210,168,,,0,61,,126,528,16.0,
2024,26,96,1706,233,2686,137,509,31,67,77,113,73,,,13,18,0,82,319,,
2024,26,96,1707,400,23182,168,4135,,242,261,111,385,28,,0,214,0,230,3233,70.0,11.0
2024,26,96,1708,8504,78406,3677,14934,198,1844,2298,1615,2712,204,34,12,1319,12,1803,10046,353.0,71.0
2024,26,96,1709,25884,224720,10090,43423,571,5254,8778,3788,8624,451,48,13,3679,35,4881,26700,827.0,166.0
2024,26,96,1710,2892,39650,983,6458,27,660,925,488,1137,79,13,17,523,,540,4193,74.0,11.0
2024,26,96,1711,557,24616,297,4740,,383,296,272,447,57,,0,262,,320,3639,44.0,
2024,26,96,1712,3648,39898,1737,8424,129,742,1507,967,1302,68,11,0,362,,808,5736,172.0,29.0
2024,26,96,1713,9169,101969,4122,19821,149,1736,3777,2178,3265,251,43,37,1132,14,1690,13273,357.0,67.0
2024,26,96,1714,3720,59612,1745,11189,61,1111,1647,921,1564,141,16,12,711,,1034,7662,110.0,20.0
2024,26,96,1715,473,19177,249,2106,,198,404,104,468,26,,0,92,,156,1248,27.0,
2024,26,96,1716,189,6433,38,970,0,96,201,13,133,11,,0,13,,82,585,,
2024,26,96,1717,151,6115,38,814,0,83,75,26,128,13,,0,26,,70,557,,
2024,26,96,1718,160,2375,36,410,,24,22,,65,,,0,,0,18,345,,
2024,26,96,1719,3844,29164,474,4329,,292,794,288,897,59,,0,289,0,191,2549,57.0,
2024,26,96,1720,299,14038,189,1510,,156,276,69,323,39,,,91,0,118,898,19.0,
2024,26,96,1721,2272,50416,547,7120,23,798,685,254,1364,66,,,635,,837,4197,113.0,26.0
2024,26,96,1722,368,12044,52,1384,,110,201,150,510,17,,0,182,0,70,407,23.0,
2024,26,96,1723,228,9496,93,1206,,102,141,50,186,22,,0,52,,233,669,,
2024,26,96,1724,531,12534,133,2390,,273,456,57,332,31,,0,104,,256,1351,11.0,
2024,26,96,1725,1549,27846,396,4682,29,334,489,251,924,88,,0,257,32,266,3079,36.0,
2024,26,96,1726,150,10073,53,1197,0,92,225,13,234,16,,,31,0,75,706,,
2024,26,96,1727,222,13226,83,1538,,158,247,57,342,32,,17,135,,109,803,31.0,
2024,26,96,1728,776,13169,415,3299,46,200,579,225,471,50,,0,300,,182,2155,61.0,15.0
2024,26,96,1729,17470,344656,9295,73363,271,6868,9411,8339,11326,852,39,149,5249,23,5252,48255,1333.0,243.0
2024,26,96,1730,3307,25782,797,6941,11,377,580,426,1466,105,,0,277,,323,5091,140.0,23.0
2024,26,96,1731,19906,381834,8391,103121,614,6961,8583,6030,15346,841,57,11,4838,39,6377,75349,1543.0,271.0
2024,26,96,1732,1537,13103,724,2811,61,335,915,354,605,46,,0,315,,237,1399,91.0,22.0
2024,26,96,1733,4697,101226,2345,25063,82,2353,5139,1572,3590,268,22,17,1865,21,1943,14641,392.0,79.0
2024,26,96,1734,7622,102485,3711,18832,130,2083,4305,2503,2900,294,15,,1985,11,1668,10683,386.0,73.0
2024,26,96,1735,3862,57178,1522,13649,177,913,2269,869,2187,159,,,417,,805,9472,191.0,31.0
2024,26,96,1736,100981,1892870,47199,382880,1546,42126,70175,38118,63954,4716,140,85,29695,94,31872,224274,5611.0,1252.0
2024,26,96,1737,11791,126032,2903,34574,490,2509,4038,1415,6891,459,16,12,1359,30,2074,23510,470.0,75.0
2024,26,96,1738,49500,1110890,19055,288912,828,20878,23932,12652,45313,2339,124,34,11698,64,15894,211413,3216.0,547.0
2024,26,96,1739,4748,53414,1656,11995,128,1106,3482,768,2414,174,,,1041,,973,5845,235.0,50.0
2024,26,96,1740,8305,197467,4219,44599,110,4428,6490,2763,8289,631,30,0,2486,25,3345,28149,700.0,122.0
2024,26,96,1741,19233,287513,9665,52591,240,6230,11549,5813,8745,734,40,44,5680,31,4823,29656,696.0,132.0
2024,26,96,1742,26234,317899,9531,75098,1244,5061,14410,3897,11531,660,26,,4438,27,4833,49597,1088.0,266.0
2024,26,96,1743,7678,259846,3515,50197,52,3678,7255,2635,7276,560,36,81,2471,24,2882,33257,380.0,58.0
2024,26,96,1744,19574,165209,4354,41637,423,3062,3789,2332,8114,487,14,0,1583,53,2589,30083,576.0,112.0
2024,26,96,1745,76983,1708145,29608,430449,1162,30487,43066,19796,69291,3179,118,125,14249,92,23211,309967,4769.0,1031.0
2024,26,96,1746,38974,370921,11559,77818,1020,8886,22450,5399,15207,1069,52,41,9143,12,7202,36819,1816.0,592.0
2024,26,96,1747,16004,323743,6886,70259,110,8632,12106,3909,12715,745,35,32,4943,14,6979,40872,1929.0,1006.0
2024,26,96,1748,1298,28152,651,4778,,471,610,513,874,72,16,,279,,388,3152,49.0,
2024,26,96,1749,8257,172828,5067,34893,55,3053,5581,4566,5465,398,28,78,1847,21,2476,22396,652.0,121.0
2024,26,96,1750,3918,33256,1234,8576,177,579,693,594,1784,111,,0,435,21,525,6312,164.0,28.0
2024,26,96,1751,7194,139934,3285,38725,120,2545,3602,2644,5744,293,28,,1431,19,2013,28450,563.0,106.0
2024,26,96,1752,2415,55138,1500,13275,82,989,1589,1083,2175,142,,0,767,11,846,9075,226.0,41.0
2024,26,96,1753,2654,45737,1295,7780,37,812,1486,1151,1228,154,,31,373,,759,4690,139.0,26.0
2024,26,96,1754,33747,662088,16859,135370,330,12366,28978,14392,21467,1612,61,43,7880,43,10012,78566,2466.0,581.0
2024,26,96,1755,6755,82690,1769,22183,158,1302,1721,1051,4283,283,,0,637,28,1023,16432,275.0,41.0
2024,26,96,1756,19620,495295,8649,133668,291,7743,13088,6415,20479,1224,87,25,3907,44,5971,98143,1331.0,235.0
2024,26,96,1757,4292,116773,2220,27149,49,2363,3408,1600,4535,358,,0,1205,18,1898,18136,369.0,71.0
2024,26,96,1758,3403,78547,1762,13816,15,1241,3636,1346,2102,217,27,0,1063,17,1000,7285,148.0,28.0
2024,26,96,1759,17775,448941,10159,85566,151,6675,16107,7354,14871,1115,62,135,3845,43,5267,53343,666.0,125.0
2024,26,96,1760,126365,1216163,30073,313575,3101,21962,32655,18728,63217,4111,107,62,9943,357,17771,221083,3404.0,501.0
2024,26,96,1761,369373,7324525,142138,1899603,6106,135510,191858,104750,326066,13504,403,297,56073,453,98667,1357106,19776.0,3733.0
2024,26,96,1762,77633,1731403,36695,379447,1111,43892,65139,22835,70066,4431,184,302,20874,133,34691,226797,5850.0,1533.0
2024,26,96,1763,2612,74716,1378,11114,13,1287,1710,1040,1840,171,12,0,529,13,1031,7051,85.0,15.0
2024,26,96,1764,569,11491,356,1898,,202,402,94,341,28,,0,99,,181,1238,40.0,
2024,26,96,1765,1964,39163,1289,6801,21,795,1886,269,1313,128,,0,305,,778,3939,140.0,21.0
2024,26,96,1766,3795,52112,2052,8979,38,1493,2161,289,1889,145,,0,334,19,1408,5415,160.0,33.0
2024,26,96,1767,219,6146,159,961,,40,228,36,160,19,,0,65,,40,621,20.0,
2024,26,96,1768,906,24078,628,4077,16,491,772,127,822,67,,0,224,11,507,2450,64.0,11.0
2024,26,96,1769,13895,230075,7957,38354,67,5483,10032,1095,9323,583,29,24,1904,48,4738,21512,600.0,96.0
2024,26,96,1770,,,,,,,,,,,,,,,,,,
2024,26,96,1771,,,,,,,,,,,,,,,,,,
2024,26,96,1772,,,,,,,,,,,,,,,,,,
2024,26,96,1773,,,,,,,,,,,,,,,,,,
2024,26,96,1774,,,,,,,,,,,,,,,,,,
2024,26,96,1775,,,,,,,,,,,,,,,,,,
2024,26,96,1776,,,,,,,,,,,,,,,,,,
2024,26,96,1777,,,,,,,,,,,,,,,,,,
2024,26,96,1778,,,,,,,,,,,,,,,,,,
2024,26,96,1779,,,,,,,,,,,,,,,,,,
2024,26,96,1780,,,,,,,,,,,,,,,,,,
2024,26,96,1781,,,,,,,,,,,,,,,,,,
2024,26,96,1782,,,,,,,,,,,,,,,,,,
2024,26,96,1783,,,,,,,,,,,,,,,,,,
2024,26,96,1784,,,,,,,,,,,,,,,,,,
2024,26,96,1785,,,,,,,,,,,,,,,,,,
2024,26,96,1786,,,,,,,,,,,,,,,,,,
2024,26,96,1787,,,,,,,,,,,,,,,,,,
2024,26,96,1788,,,,,,,,,,,,,,,,,,
2024,26,96,1789,,,,,,,,,,,,,,,,,,
2024,26,96,1790,,,,,,,,,,,,,,,,,,
2024,26,96,1791,,,,,,,,,,,,,,,,,,
2024,26,96,1792,,,,,,,,,,,,,,,,,,
2024,26,96,1793,,,,,,,,,,,,,,,,,,
2024,26,96,1794,42175,142668,10596,30504,1390,4300,36,0,14813,516,,388,157,,1605,23582,2777.0,503.0
2024,26,96,1795,21881,77990,4900,14857,796,2224,,0,7147,162,,152,174,,888,11226,1755.0,273.0
2024,26,96,1796,2158,9282,441,1033,38,242,0,0,467,33,,21,0,0,54,899,138.0,21.0
2024,26,96,1797,1135,4994,221,573,28,165,0,0,259,14,,11,0,0,28,482,89.0,15.0
2024,26,96,1798,17221,58263,4915,13568,507,1690,,0,5478,132,,140,35,,611,12078,1491.0,298.0
2024,26,96,1799,,,,,,,,,,,,,,,,,,
2024,26,96,1800,128,9871,14,1568,,144,40,,272,20,,0,65,0,92,1188,25.0,
2024,26,96,1801,20,4472,,907,,123,,,112,,,0,85,,105,618,,
2024,26,96,1802,249,10304,33,1676,,107,22,,274,13,,0,62,,94,1300,26.0,
2024,26,96,1803,3467,223701,616,36108,91,3462,575,74,5272,316,23,,2387,12,2812,26877,380.0,62.0
2024,26,96,1804,244,13934,81,2413,,176,41,,415,23,,0,179,,136,1803,27.0,
2024,26,96,1805,33,5476,13,676,0,56,18,,139,,,,22,,50,488,,
2024,26,96,1806,11,2155,,338,0,35,,,46,,,0,15,0,32,260,,
2024,26,96,1807,54,3709,,584,0,47,14,,112,,,0,52,,28,412,,
2024,26,96,1808,3613,170947,671,27306,121,2807,470,80,4277,260,17,19,1465,25,2329,20341,306.0,45.0
2024,26,96,1809,232,9127,29,1223,0,111,32,,232,13,,0,156,0,83,803,24.0,
2024,26,96,1810,136,13136,14,2057,0,200,52,,429,39,,0,253,,132,1290,40.0,11.0
2024,26,96,1811,412,11529,95,1543,0,134,19,,374,18,,0,279,,52,987,20.0,
2024,26,96,1812,268,1365,46,228,15,30,,,50,,,0,20,0,39,172,,
2024,26,96,1813,222,8509,22,1135,,173,27,,325,18,,0,74,0,221,581,27.0,
2024,26,96,1814,284,8648,99,1169,0,237,25,,367,18,,0,230,,134,633,21.0,
2024,26,96,1815,557,38441,140,5492,,558,114,95,1685,71,,90,423,,316,3335,83.0,11.0
2024,26,96,1816,41,2232,,474,0,55,,,128,,,0,11,0,54,312,,
2024,26,96,1817,65,5265,16,885,,66,23,,229,14,,0,80,,32,583,,
2024,26,96,1818,190,6565,42,823,19,217,22,,184,15,,0,85,,229,398,25.0,
2024,26,96,1819,79,1559,,265,0,34,21,,115,,,0,35,0,14,119,,
2024,26,96,1820,769,8790,74,1140,,102,17,,293,,,0,121,0,45,807,16.0,
2024,26,96,1821,78,8312,25,780,0,104,30,,275,26,,,79,0,59,428,24.0,
2024,26,96,1822,136,2930,30,461,15,50,14,,226,12,,0,53,18,34,208,,
2024,26,96,1823,189,6973,26,1154,,138,17,,261,,,0,71,0,90,803,23.0,
2024,26,96,1824,130,9223,21,1209,,185,18,22,168,,,18,22,0,166,872,14.0,
2024,26,96,1825,455,21104,92,3287,,628,83,12,848,76,,0,153,,481,2018,50.0,
2024,26,96,1826,137,8781,18,1531,,219,74,,265,17,,,95,,195,984,14.0,
2024,26,96,1827,807,9150,129,1274,,159,29,,434,20,,0,43,,115,840,21.0,
2024,26,96,1828,1031,14435,92,2515,13,213,24,,628,20,,0,235,0,156,1647,28.0,
2024,26,96,1829,110,3335,25,313,0,32,,,132,,,0,29,0,,191,11.0,
2024,26,96,1830,95,5909,60,663,,77,46,,200,14,,0,30,0,80,423,14.0,
2024,26,96,1831,471,12516,121,1289,15,164,35,,358,21,,0,175,,128,779,29.0,
2024,26,96,1832,1876,56850,731,8000,14,1208,156,56,2177,93,,40,665,,941,5116,100.0,14.0
2024,26,96,1833,70,4103,28,741,,61,24,,201,16,,0,35,0,42,506,,
2024,26,96,1834,14,2277,,421,0,57,11,,97,,,0,22,0,32,289,,
2024,26,96,1835,110,3757,42,582,18,49,25,,110,,,0,18,0,73,421,,
2024,26,96,1836,395,8856,39,1554,0,187,33,,480,14,,0,214,,94,896,25.0,
2024,26,96,1837,136,2918,43,489,,44,,,126,,,,40,0,46,329,,
2024,26,96,1838,22,628,,136,0,,11,,20,11,,0,,0,,104,,
2024,26,96,1839,184,3624,24,433,,79,,,127,,,0,33,0,58,271,,
2024,26,96,1840,35,2027,20,363,,31,,,56,,,0,129,,29,175,,
2024,26,96,1841,1485,40711,192,6293,43,1260,186,,1883,103,,,541,,1058,3235,103.0,19.0
2024,26,96,1842,149,3291,,453,,61,11,,167,,,0,12,,68,240,,
2024,26,96,1843,293,8007,22,1159,,124,25,,433,21,,0,97,,98,599,11.0,
2024,26,96,1844,81,3861,24,518,,99,12,,92,,,0,45,0,98,324,,
2024,26,96,1845,13,813,11,87,0,,,,23,,,0,,0,,77,,
2024,26,96,1846,930,3105,110,616,62,34,15,,165,,,0,12,0,282,279,,
2024,26,96,1847,17,1902,,265,0,45,19,,89,,,0,27,0,22,137,,
2024,26,96,1848,,520,,92,0,,,,46,,,0,,0,,40,,
2024,26,96,1849,147,3216,42,494,,70,,,110,,,0,13,0,58,372,,
2024,26,96,1850,61,1987,,184,0,19,21,,35,,,0,16,0,15,112,,
2024,26,96,1851,512,12831,158,2117,,199,47,,626,28,,0,161,,130,1434,38.0,
2024,26,96,1852,80,3509,11,473,,48,16,,139,11,,0,27,,28,302,,
2024,26,96,1853,162,5022,21,743,,104,16,,151,13,,0,47,,111,469,,
2024,26,96,1854,510,5084,24,807,,47,,,187,,,,17,0,37,605,11.0,
2024,26,96,1855,21,1513,,148,0,13,,,34,,,0,11,0,,112,,
2024,26,96,1856,43,4307,,465,,123,18,,133,,,0,15,0,125,207,13.0,
2024,26,96,1857,116,3419,11,250,0,40,,,99,,,0,30,0,17,140,,
2024,26,96,1858,778,29988,134,3908,,435,140,36,1018,63,,18,341,,281,2450,53.0,
2024,26,96,1859,45,3075,32,380,29,52,,,142,,,0,19,0,62,212,,
2024,26,96,1860,72,2780,25,552,,108,,,113,,,0,,0,97,377,,
2024,26,96,1861,276,8292,32,1185,0,101,13,,260,,,0,197,,77,730,22.0,
2024,26,96,1862,342,12927,78,2029,,181,32,15,638,29,,,195,,87,1279,45.0,
2024,26,96,1863,305,3317,104,647,,69,,,190,,,0,30,,46,515,11.0,
2024,26,96,1864,150,2037,57,339,20,52,32,,48,,,0,,0,73,250,,
2024,26,96,1865,239,11395,36,1566,,312,34,,469,27,,,98,,257,839,29.0,
2024,26,96,1866,348,8422,75,847,,151,44,,279,33,,0,96,0,117,458,19.0,
2024,26,96,1867,661,36268,133,5329,18,666,280,16,1748,98,,,390,,405,3023,90.0,14.0
2024,26,96,1868,367,6583,48,1211,33,175,45,,327,22,,0,12,0,173,756,15.0,
2024,26,96,1869,156,4730,17,1018,0,127,26,,232,12,,0,36,,98,677,,
2024,26,96,1870,250,11347,74,2042,,429,30,,503,23,,0,344,0,331,1038,33.0,
2024,26,96,1871,26,1704,,393,0,76,,,72,,,0,15,0,73,238,,
2024,26,96,1872,669,6705,192,1152,,98,20,,210,,,0,52,0,325,776,11.0,
2024,26,96,1873,87,4682,21,576,,92,32,,204,20,,0,55,0,72,294,17.0,
2024,26,96,1874,46,3858,,738,0,104,24,,227,18,,0,64,0,74,398,16.0,
2024,26,96,1875,352,7143,25,952,,114,16,,253,14,,0,61,,87,614,31.0,
2024,26,96,1876,109,5666,15,817,,147,26,,205,11,,0,73,,166,391,14.0,
2024,26,96,1877,556,28180,213,3754,37,532,143,11,1147,80,,0,315,,445,2153,73.0,
2024,26,96,1878,187,5832,18,733,0,78,12,,238,,,0,18,0,51,482,15.0,
2024,26,96,1879,318,6941,46,1205,12,114,30,,298,15,,0,258,,77,667,15.0,
2024,26,96,1880,896,8857,186,1563,,149,22,,596,11,,0,64,0,116,1028,22.0,
2024,26,96,1881,27,2723,,363,0,44,14,,109,12,,0,20,0,31,216,,
2024,26,96,1882,127,6577,40,730,,110,53,,231,11,,0,77,0,93,374,17.0,
2024,26,96,1883,161,6720,30,610,,112,24,,247,17,,0,29,,74,324,23.0,
2024,26,96,1884,1376,60340,336,8722,33,1272,213,20,2577,143,13,0,695,,995,5130,153.0,24.0
2024,26,96,1885,21,2229,,437,0,27,17,,106,13,,0,15,0,,317,,
2024,26,96,1886,384,6715,43,1084,16,111,32,,314,25,,0,33,0,60,764,18.0,
2024,26,96,1887,5194,190012,1079,24962,268,3873,486,52,6073,322,11,,2406,20,3408,15040,361.0,68.0
2024,26,96,1888,1620,90633,318,12310,22,1614,320,153,3149,219,52,81,829,21,1315,7397,128.0,15.0
2024,26,96,1889,2029,75424,400,11243,20,1031,202,33,2487,160,,,1128,,751,7608,96.0,16.0
2024,26,96,1890,4736,189263,1601,39221,298,3345,567,53,9039,390,18,,1291,31,2992,28724,340.0,49.0
2024,26,96,1891,569,43390,91,6224,,776,140,39,1331,75,,23,296,,978,3810,64.0,
2024,26,96,1892,864,27846,233,3290,,466,102,11,1143,76,,0,126,,311,2027,38.0,
2024,26,96,1893,3840,240246,815,30100,78,4240,1188,122,8150,525,86,22,2623,47,3206,17188,287.0,34.0
2024,26,96,1894,797,44724,160,6917,,668,193,35,2149,94,,12,237,,467,4377,77.0,
2024,26,96,1895,3221,129099,1280,21553,115,3704,1140,155,4203,201,28,54,2061,22,3979,11990,91.0,13.0
2024,26,96,1896,868,36971,122,4778,11,752,104,,1294,63,,,226,,583,2925,71.0,12.0
2024,26,96,1897,946,28656,135,5131,23,380,111,15,1321,82,,,917,,251,2879,42.0,
2024,26,96,1898,9976,121508,835,19101,94,1541,459,37,4035,245,29,0,1122,35,1034,14027,193.0,26.0
2024,26,96,1899,5015,252769,1531,32293,569,5366,934,182,8555,530,19,84,4162,11,4548,17607,548.0,92.0
2024,26,96,1900,1707,95967,332,16946,78,2628,446,17,4597,241,,0,1094,,1997,10113,180.0,31.0
2024,26,96,1901,5162,155866,939,26178,158,3470,414,64,4970,233,16,20,4640,21,3038,15130,290.0,65.0
2024,26,96,1902,744,53158,123,4805,71,743,147,26,1602,108,,0,438,,491,2631,86.0,12.0
2024,26,96,1903,3475,193745,823,26894,60,3286,964,212,6493,501,47,112,1893,39,2632,16800,283.0,40.0
2024,26,96,1904,2555,92982,349,10322,67,1439,318,32,2960,175,25,0,943,11,1140,5939,157.0,17.0
2024,26,96,1905,11044,239120,1856,35440,367,4526,686,229,10363,448,31,150,3541,44,3821,20574,450.0,67.0
2024,26,96,1906,18911,315685,2409,51422,327,6021,1029,157,13448,602,37,73,4177,31,4486,33334,527.0,80.0
2024,26,96,1907,2045,103144,279,13560,48,1893,282,100,3305,215,17,62,1028,,1497,8269,174.0,22.0
2024,26,96,1908,842,18189,95,1907,53,336,52,,448,37,,0,61,,374,1122,22.0,
2024,26,96,1909,1408,98371,346,8912,15,1183,337,104,2980,222,20,66,869,13,714,4874,189.0,26.0
2024,26,96,1910,5593,420913,1333,49966,214,5893,1143,223,11261,727,98,69,5973,83,4868,30059,410.0,58.0
2024,26,96,1911,678,35229,153,5612,20,523,114,29,1231,71,,15,387,,481,3725,37.0,
2024,26,96,1912,890,35524,133,5922,13,647,106,19,1284,77,16,0,203,11,516,4129,42.0,
2024,26,96,1913,222,10432,20,1749,,204,39,,336,23,,0,453,0,166,859,25.0,
2024,26,96,1914,398,20473,140,2772,0,345,68,22,762,47,11,0,70,0,272,1872,31.0,
2024,26,96,1915,185,5747,81,918,37,150,31,,240,24,,0,99,,196,495,,
2024,26,96,1916,128,6368,,1233,,171,50,,255,18,,0,36,,141,807,14.0,
2024,26,96,1917,75,5394,,786,,81,15,,217,,,0,16,0,50,546,11.0,
2024,26,96,1918,188,4988,43,652,0,110,23,,235,16,,0,11,0,95,385,,
2024,26,96,1919,891,43650,155,6285,51,906,223,36,1762,113,26,,377,21,750,3611,61.0,
2024,26,96,1920,109,4299,32,809,11,80,23,,230,17,,0,32,0,50,568,,
2024,26,96,1921,234,23892,97,4105,,315,166,70,932,46,,30,132,0,220,2845,21.0,
2024,26,96,1922,72,3568,21,434,,66,,,85,,,0,31,0,93,253,,
2024,26,96,1923,75,1531,,363,0,36,,,69,,,0,92,0,23,200,,
2024,26,96,1924,2082,12593,289,1784,96,164,54,149,471,30,,143,16,0,182,1285,16.0,
2024,26,96,1925,167,15001,79,1692,35,283,83,,491,43,,0,169,0,216,924,34.0,
2024,26,96,1926,204,7247,32,1169,,152,26,,376,19,,0,37,,116,701,16.0,
2024,26,96,1927,265,9471,93,1461,26,171,31,13,265,29,,0,137,,165,996,19.0,
2024,26,96,1928,55,3686,,307,0,26,13,,108,,,0,38,0,15,156,,
2024,26,96,1929,389,24343,190,3492,12,363,148,61,1028,87,,31,198,,289,2150,38.0,
2024,26,96,1930,123,7667,16,1007,0,114,32,,243,31,,,69,0,101,630,12.0,
2024,26,96,1931,652,11990,118,1998,46,252,37,,549,22,,0,310,,222,1097,26.0,
2024,26,96,1932,773,22917,100,4109,,541,126,,1080,49,,,228,14,483,2469,40.0,
2024,26,96,1933,131,4954,18,627,,112,23,,228,14,,0,23,0,92,316,,
2024,26,96,1934,11,1688,,269,0,16,,,52,,,0,35,0,,180,,
2024,26,96,1935,75,5731,,441,0,88,32,,139,,,0,54,0,67,199,,
2024,26,96,1936,986,50132,243,6384,,840,225,96,1938,135,21,55,295,13,593,3853,68.0,
2024,26,96,1937,135,7122,24,1207,,90,17,21,375,,,,46,0,52,779,,
2024,26,96,1938,428,8446,30,1672,,81,32,32,271,21,,18,40,,58,1321,,
2024,26,96,1939,181,6314,40,786,0,55,11,45,206,,,42,,,29,572,,
2024,26,96,1940,825,12321,507,1641,,193,28,,826,22,,0,82,,158,1123,12.0,
2024,26,96,1941,169,12531,18,1639,0,94,35,,311,14,,0,88,0,62,1209,14.0,
2024,26,96,1942,36,4551,,838,0,96,32,,226,31,,0,79,0,55,504,,
2024,26,96,1943,28,3131,13,403,0,58,,,80,,,0,15,0,50,276,,
2024,26,96,1944,96,4742,20,490,0,65,26,,125,,,0,,0,52,321,,
2024,26,96,1945,508,33418,57,3514,,347,83,34,970,66,,22,179,,280,2211,33.0,
2024,26,96,1946,91,5495,17,849,,86,11,,192,14,,0,32,,48,627,,
2024,26,96,1947,440,21754,53,3742,,321,55,,815,28,12,,94,,227,2739,19.0,
2024,26,96,1948,27,3623,,503,0,28,12,,130,13,,0,56,,16,305,,
2024,26,96,1949,61,1538,,368,0,15,,,54,,,0,22,0,17,287,,
2024,26,96,1950,1314,6398,118,964,48,89,24,,323,23,,0,18,0,85,703,,
2024,26,96,1951,110,6464,12,539,0,63,,15,191,,,12,15,0,32,337,,
2024,26,96,1952,191,6759,99,903,,160,26,11,344,24,,,42,0,135,502,,
2024,26,96,1953,499,11155,35,1462,,195,39,,283,26,,0,95,0,197,926,17.0,
2024,26,96,1954,66,6482,16,766,,86,19,,134,,,0,26,0,72,554,,
2024,26,96,1955,485,36203,143,3769,0,359,64,,741,59,,0,445,,298,2485,33.0,
2024,26,96,1956,88,9459,30,946,0,123,25,,197,21,,,117,0,107,568,,
2024,26,96,1957,362,10290,47,1438,0,126,21,,655,18,,0,50,,89,723,11.0,
2024,26,96,1958,590,12945,43,1797,,97,51,16,335,30,,13,44,0,66,1387,13.0,
2024,26,96,1959,114,7239,35,678,0,54,16,,236,12,,0,13,0,28,459,,
2024,26,96,1960,436,8801,54,1116,0,187,29,,291,11,,0,24,0,179,669,,
2024,26,96,1961,123,11927,21,1038,0,99,30,,250,20,,0,83,,62,684,14.0,
2024,26,96,1962,597,39576,108,4872,,755,92,31,1181,74,,16,205,,821,2870,38.0,
2024,26,96,1963,105,5969,19,1031,0,68,16,,238,11,,0,104,,35,689,,
2024,26,96,1964,101,6498,15,965,0,54,37,,163,11,,,18,0,35,744,,
2024,26,96,1965,797,2418,140,373,20,29,,,156,,,0,78,0,41,253,,
2024,26,96,1966,318,6533,51,1004,,112,11,,252,,,,40,0,84,714,,
2024,26,96,1967,143,7290,13,927,0,62,19,,123,13,,0,53,,48,716,,
2024,26,96,1968,24,4232,,731,0,81,,11,199,,,,,0,36,528,,
2024,26,96,1969,33,4619,,578,0,76,17,,163,,,0,66,0,41,336,,
2024,26,96,1970,24,1619,19,243,0,25,20,,104,,,0,42,0,18,93,,
2024,26,96,1971,478,21207,58,2450,,359,81,12,702,45,,0,149,,319,1403,21.0,
2024,26,96,1972,165,2612,35,399,18,49,15,,117,,,0,50,0,51,221,,
2024,26,96,1973,357,12701,45,1847,,161,71,29,455,19,,18,136,,145,1125,,
2024,26,96,1974,97,2557,21,343,0,66,24,,108,16,,0,21,0,56,187,,
2024,26,96,1975,17,1271,,112,0,,,,29,,,0,,0,,75,,
2024,26,96,1976,93,3407,,653,0,59,12,,134,,,0,60,,40,452,,
2024,26,96,1977,52,2321,14,288,,26,25,63,104,,,60,34,0,17,81,,
2024,26,96,1978,31,3065,,444,0,53,36,,125,,,0,37,0,41,231,,
2024,26,96,1979,215,5394,33,656,,96,25,,197,,,0,40,,77,374,,
2024,26,96,1980,23,524,,51,0,,,,16,,,0,20,0,,18,,
2024,26,96,1981,231,14523,78,1588,,197,51,53,472,31,,48,97,,149,940,17.0,
2024,26,96,1982,35,2732,,300,0,27,20,,71,,,0,11,0,22,192,,
2024,26,96,1983,88,3432,,384,0,26,,,90,,,0,17,0,20,270,,
2024,26,96,1984,349,4071,37,451,0,27,,,117,,,0,76,0,14,292,,
2024,26,96,1985,43,2778,,218,0,27,,,85,,,0,24,0,14,109,,
2024,26,96,1986,24,2026,20,225,0,16,,11,47,,,0,66,,14,116,,
2024,26,96,1987,20,6646,,745,0,127,20,,96,12,,0,38,,112,505,,
2024,26,96,1988,411,19419,98,2388,,326,40,17,569,40,,0,214,18,279,1472,22.0,
2024,26,96,1989,233,3976,,526,0,47,20,,117,18,,0,28,0,40,348,,
2024,26,96,1990,114,3160,26,397,0,34,23,,96,,,0,30,0,22,273,,
2024,26,96,1991,155,3372,15,414,0,41,14,,105,,,0,49,0,26,258,,
2024,26,96,1992,428,7218,101,1062,,131,31,,329,22,,0,113,,101,650,,
2024,26,96,1993,674,4973,59,594,25,76,17,,175,,,,57,0,61,381,,
2024,26,96,1994,506,20930,97,4162,13,385,101,31,912,67,,17,152,,290,2968,21.0,
2024,26,96,1995,309,3699,34,394,,38,,,78,,,0,,0,24,332,,
2024,26,96,1996,371,3688,12,488,,83,11,,149,,,0,42,0,70,255,,
2024,26,96,1997,609,18435,37,2390,,283,51,52,728,40,,45,158,0,159,1439,18.0,
2024,26,96,1998,157,1814,71,224,38,16,11,,70,,,0,,0,49,164,,
2024,26,96,1999,1648,12161,337,2027,,192,54,,467,22,,0,70,0,122,1735,,
2024,26,96,2000,19,3677,,553,0,97,20,,56,,,0,,0,159,322,,
2024,26,96,2001,118,674,23,56,20,,,,30,,,0,,,22,31,,
2024,26,96,2002,310,4768,36,729,,87,34,,123,14,,0,63,0,62,531,,
2024,26,96,2003,39,1980,22,248,0,44,11,,83,,,0,90,0,23,88,,
2024,26,96,2004,92,4940,26,845,,114,56,,273,17,,,41,,71,479,,
2024,26,96,2005,111,3865,,507,,41,,,103,12,,0,32,,33,359,,
2024,26,96,2006,,483,,46,0,15,,,32,,,0,17,0,,,,
2024,26,96,2007,528,16384,100,2522,20,249,287,148,603,45,,135,40,,191,1476,18.0,
2024,26,96,2008,55,3806,14,389,,82,13,,103,,,0,,0,71,234,,
2024,26,96,2009,254,6111,32,661,0,82,19,,208,13,,0,52,0,46,416,,
2024,26,96,2010,315,5183,43,824,,61,24,,263,22,,0,57,,34,525,,
2024,26,96,2011,46,3823,,539,0,40,15,61,122,11,,58,,0,24,350,,
2024,26,96,2012,36,633,,77,0,22,,,43,,,0,,0,,42,,
2024,26,96,2013,123,6650,19,647,0,85,21,,191,15,,0,42,0,76,367,11.0,
2024,26,96,2014,646,22454,101,3269,0,382,86,21,757,50,,0,289,,272,2109,21.0,
2024,26,96,2015,1228,3768,90,614,0,47,,,203,,,0,35,,17,474,,
2024,26,96,2016,649,4714,53,948,,283,,,145,,,0,11,0,266,592,,
2024,26,96,2017,1931,73415,272,9562,29,1521,215,33,2258,118,15,,1138,,1279,5415,147.0,27.0
2024,26,96,2018,412,23605,108,3543,,307,95,11,857,71,,0,158,13,215,2464,34.0,
2024,26,96,2019,1050,14701,240,2485,21,234,43,,648,34,,0,153,,227,1747,19.0,
2024,26,96,2020,2241,117577,760,26065,209,2071,551,29,5806,286,,0,600,26,1419,19655,217.0,32.0
2024,26,96,2021,2245,62429,307,8706,45,1287,259,15,2423,173,,,867,11,888,5144,124.0,19.0
2024,26,96,2022,623,11763,129,1466,,196,48,16,563,42,,,239,0,96,766,16.0,
2024,26,96,2023,1098,67654,248,9941,33,1398,337,67,2815,179,24,12,610,,986,6013,82.0,16.0
2024,26,96,2024,721,22324,53,3745,,383,72,,914,60,,0,217,,280,2537,42.0,
2024,26,96,2025,797,22469,289,3982,54,374,120,27,1021,36,26,,250,,320,2700,20.0,
2024,26,96,2026,5914,165717,1238,24137,248,4879,640,32,6453,343,22,14,1691,,4001,14403,369.0,66.0
2024,26,96,2027,233,9042,58,1781,,140,69,,379,18,,0,142,0,95,1232,13.0,
2024,26,96,2028,7376,51688,434,7949,48,842,173,17,1926,88,,,756,,630,5273,83.0,12.0
2024,26,96,2029,2603,131286,658,21972,215,3422,1015,70,4928,283,14,20,3533,,2769,11571,280.0,50.0
2024,26,96,2030,1700,82262,439,16026,103,2021,564,21,4914,252,,,1070,12,1376,9605,192.0,53.0
2024,26,96,2031,4067,109323,565,16883,71,2639,323,52,4022,193,12,22,1319,13,2190,10443,216.0,42.0
2024,26,96,2032,793,35588,94,3307,16,651,99,25,1113,59,,0,317,,465,1671,57.0,
2024,26,96,2033,2937,106409,470,14584,53,1617,722,28,3630,290,13,0,1560,13,1162,8687,148.0,23.0
2024,26,96,2034,2216,48556,570,5955,90,931,285,12,1581,105,12,,947,,781,3292,80.0,12.0
2024,26,96,2035,8043,122709,1186,18092,126,2502,437,49,5945,276,24,,2026,13,1844,10048,220.0,36.0
2024,26,96,2036,13641,176171,1703,28950,239,3683,598,48,8396,345,33,,2227,40,2781,18198,308.0,48.0
2024,26,96,2037,1068,39711,207,5118,34,569,93,,1394,75,,0,508,,390,3239,79.0,15.0
2024,26,96,2038,148,13844,28,1429,,169,33,,336,12,,,160,,155,820,11.0,
2024,26,96,2039,647,46980,138,4286,,725,181,27,1383,110,,12,442,,518,2159,87.0,12.0
2024,26,96,2040,2926,121111,565,16654,32,2214,489,125,4710,335,40,30,1211,22,1514,10182,173.0,26.0
2024,26,96,2041,301,11094,50,1780,0,226,52,11,500,20,,,78,,164,1119,12.0,
2024,26,96,2042,662,9624,91,2031,13,120,31,,372,34,,0,262,,79,1441,11.0,
2024,26,97,2043,1451,9053,1286,6744,0,0,0,0,4704,1157,,2169,0,0,0,0,1742.0,331.0
2024,26,97,2044,,,,,,,,,,,,,,,,,,
2024,23,98,2045,186,1627,128,346,19,142,106,137,77,0,0,0,40,0,19,183,,
2024,23,98,2046,732,3441,471,634,36,323,242,547,227,0,0,0,46,0,61,298,,
2024,23,98,2047,2975,12120,1480,2199,101,1135,724,1617,851,0,0,0,388,0,250,1086,25.0,
2024,23,98,2048,118,3165,107,754,13,443,282,163,293,0,0,0,115,0,89,346,14.0,
2024,23,98,2049,1683,9307,860,2484,80,1110,554,942,862,0,0,0,555,0,270,1203,64.0,13.0
2024,23,98,2050,6970,85426,4365,24646,283,14632,8386,5804,11075,0,,0,7200,0,2168,8731,1222.0,235.0
2024,23,98,2051,,,,,,,,,,,,,,,,,,
2024,23,98,2052,,,,,,,,,,,,,,,,,,
2024,23,98,2053,,,,,,,,,,,,,,,,,,
2024,23,98,2054,,,,,,,,,,,,,,,,,,
2024,23,98,2055,,,,,,,,,,,,,,,,,,
2024,23,98,2056,,,,,,,,,,,,,,,,,,
2024,23,98,2057,,,,,,,,,,,,,,,,,,
2024,23,98,2058,,,,,,,,,,,,,,,,,,
2024,23,98,2059,,,,,,,,,,,,,,,,,,
2024,23,98,2060,,,,,,,,,,,,,,,,,,
2024,23,98,2061,,,,,,,,,,,,,,,,,,
2024,23,99,2062,,,,,,,,,,,,,,,,,,
2024,23,99,2063,,,,,,,,,,,,,,,,,,
2024,23,99,2064,,,,,,,,,,,,,,,,,,
2024,23,99,2065,,,,,,,,,,,,,,,,,,
2024,23,99,2066,,,,,,,,,,,,,,,,,,
2024,20,100,2067,2025,12236,1178,2372,208,1780,700,1395,584,,0,0,297,0,680,1117,17.0,
2024,20,100,2068,4455,22452,2432,4347,584,2990,942,3084,1589,0,0,0,757,0,977,1906,45.0,
2024,20,100,2069,15306,31932,9179,9322,1507,4170,1409,11035,2062,,0,0,1421,0,2590,4420,117.0,24.0
2024,20,100,2070,12221,79316,6909,15230,1706,9767,4109,8918,4943,,0,0,2770,,2611,6381,175.0,32.0
2024,20,100,2071,59065,159924,34089,32941,5276,19620,6979,40978,9366,,,0,6937,,8811,13711,439.0,80.0
2024,20,100,2072,4532,28149,2616,4566,590,3733,1446,3300,1360,,0,0,647,0,1013,2070,61.0,11.0
2024,20,100,2073,,,,,,,,,,,,,,,,,,
2024,20,100,2074,,,,,,,,,,,,,,,,,,
2024,20,100,2075,,,,,,,,,,,,,,,,,,
2024,20,100,2076,8836,55285,5407,9718,1112,7002,2428,6883,3359,,0,,1475,0,1832,3844,127.0,26.0
2024,20,100,2077,8196,54945,4887,8804,1133,6905,2805,6342,2761,,0,,1149,0,1906,3811,111.0,20.0
2024,20,100,2078,,,,,,,,,,,,,,,,,,
2024,20,100,2079,,,,,,,,,,,,,,,,,,
2024,20,100,2080,,,,,,,,,,,,,,,,,,
2024,20,100,2081,,,,,,,,,,,,,,,,,,
2024,20,100,2082,,,,,,,,,,,,,,,,,,
2024,20,100,2083,,,,,,,,,,,,,,,,,,
2024,20,100,2084,,,,,,,,,,,,,,,,,,
2024,27,101,2085,,,,,,,,,,,,,,,,,,
2024,27,101,2086,,,,,,,,,,,,,,,,,,
2024,27,101,2087,,,,,,,,,,,,,,,,,,
2024,4,102,2088,1451,9053,1286,6742,0,0,0,0,4704,1155,,2169,0,0,0,0,449.0,82.0
2024,28,103,2089,1259,1354,499,366,92,63,0,812,105,0,,65,,0,74,261,59.0,
2024,28,103,2090,0,0,0,0,0,0,0,0,0,0,,0,0,0,0,0,,
2024,28,103,2091,679,739,277,182,40,41,0,458,94,0,,15,30,0,23,88,39.0,
2024,10,104,2092,,,,,,,,,,,,,,,,,,
2024,10,104,2093,8150,129825,1397,22796,166,16146,5291,1368,4160,4553,212,2285,3686,0,6496,3508,230.0,31.0
2024,10,104,2094,23335,201980,5021,40665,490,29078,7317,3525,7814,6168,308,3625,7954,0,14375,5447,614.0,108.0
2024,10,104,2095,14804,132419,2952,27134,235,18911,5350,2051,5694,4612,122,2330,5050,0,9305,3245,412.0,89.0
2024,10,104,2096,24967,307607,4522,56150,386,41996,12807,3646,11002,11042,387,5650,8056,0,15349,9627,598.0,90.0
2024,10,104,2097,4430,53324,1009,9614,72,6220,2623,894,2202,2057,232,854,1080,0,2285,1407,76.0,12.0
2024,10,104,2098,14500,110218,2832,20981,253,14406,3784,1928,4062,3010,99,1952,3895,0,7545,2649,357.0,61.0
2024,10,104,2099,134326,1331975,23166,260478,2263,158222,49314,16403,53970,41558,1917,27861,33518,0,75443,43031,2797.0,444.0
2024,10,104,2100,842,18429,133,3872,37,2948,1068,154,942,988,29,328,526,0,723,608,32.0,
2024,10,104,2101,3833,60659,824,11121,93,8091,2925,671,2555,2564,73,928,1530,0,2598,1712,105.0,14.0
2024,10,104,2102,4899,69832,765,13598,33,9423,2917,564,3165,2470,166,1233,2558,0,3689,1999,194.0,35.0
2024,10,104,2103,2744,36291,434,6720,43,4500,1368,532,1674,1206,44,649,1032,0,1915,864,92.0,12.0
2024,10,104,2104,15408,197595,3940,37503,384,27026,8231,3271,8674,7243,380,3803,4463,0,9457,6350,341.0,47.0
2024,10,104,2105,2752,32667,552,5843,33,3563,1554,333,1491,1289,88,565,576,0,1348,874,51.0,
2024,10,104,2106,1782,24033,265,4863,12,2520,1079,214,1202,981,24,467,571,0,1119,660,74.0,13.0
2024,10,104,2107,10827,157292,2198,30913,161,17711,6818,1621,7555,5571,451,3099,3181,0,6788,5640,276.0,40.0
2024,10,104,2108,294,4397,63,837,,296,220,55,211,202,,88,85,0,137,148,,
2024,27,105,2109,,680,,50,0,0,0,0,,0,0,0,0,0,0,52,,
2024,27,105,2110,212,2324,166,296,,0,0,0,0,0,0,0,0,0,0,462,,
2024,27,105,2111,338,4896,270,964,,0,,0,,0,0,0,0,0,0,1294,23.0,
2024,30,106,2112,729,175,265,30,67,,0,0,109,0,,19,22,0,145,0,20.0,
2024,30,106,2113,657,170,233,47,70,,0,0,106,,,16,45,0,112,0,22.0,
2024,30,106,2114,2446,730,955,187,179,31,0,0,348,,,74,162,0,553,0,69.0,12.0
2024,30,106,2115,4931,1038,1757,306,522,67,0,0,609,,,156,332,0,958,0,155.0,29.0
2024,13,107,2116,231,15705,196,3883,35,1598,263,323,823,207,12,0,1293,,1130,3086,19.0,
2024,13,107,2117,30,5589,18,1462,,428,128,64,208,108,,0,695,,322,874,,
2024,13,107,2118,94,4312,115,995,29,1467,73,130,205,72,0,0,382,,251,730,,
2024,13,107,2119,297,16325,254,2909,50,1506,250,389,725,214,,0,466,13,1219,2900,23.0,
2024,13,107,2120,613,22861,554,4657,114,1874,296,830,854,242,,,1444,16,1923,4133,53.0,
2024,13,107,2121,276,10909,237,2019,47,827,169,473,530,140,0,0,248,,824,1748,33.0,
2024,13,107,2122,125,5887,129,832,25,603,95,181,228,75,,0,59,,405,815,,
2024,13,107,2123,493,17148,404,2954,77,2020,274,699,991,230,16,0,339,16,1760,3080,37.0,
2024,13,107,2124,146,8322,93,1157,22,197,133,289,133,45,47,0,81,,207,927,24.0,
2024,13,107,2125,11,127,,23,,,0,14,,0,0,0,19,0,,,,
2024,13,107,2126,,,,,,,,,,,,,,,,,,
2024,13,107,2127,,,,,,,,,,,,,,,,,,
2024,13,107,2128,,,,,,,,,,,,,,,,,,
2024,13,107,2129,,,,,,,,,,,,,,,,,,
2024,26,108,2130,382,356,162,140,32,,41,41,0,0,0,0,,0,0,216,,
2024,26,108,2131,578,1011,248,372,11,22,52,63,0,0,0,0,22,0,0,488,30.0,
2024,26,108,2132,185,359,107,136,,0,22,24,0,0,0,0,25,0,0,172,,
2024,26,108,2133,260,553,87,168,,,34,28,0,0,0,,24,0,0,170,,
2024,26,108,2134,257,162,141,45,,0,21,13,0,0,0,0,,0,0,151,,
2024,26,108,2135,22,26,11,14,0,0,,,0,0,0,0,,0,0,16,,
2024,26,108,2136,93,63,48,27,0,0,19,12,0,0,0,0,,0,0,43,,
2024,12,109,2137,1879,35898,602,6894,99,2428,0,335,1508,17,,1453,587,,971,5369,601.0,71.0
2024,12,109,2138,3763,72259,936,11090,217,4862,0,565,2524,16,,1999,1589,0,2014,8550,1386.0,160.0
2024,12,109,2139,416,9136,119,1715,18,573,0,41,281,,,94,123,0,297,1428,170.0,21.0
2024,12,109,2140,19,412,,32,0,,0,0,21,0,,0,0,0,,11,,
2024,12,109,2141,0,556,0,89,0,20,0,0,12,0,,0,47,0,14,77,,
2024,20,110,2142,12,31,,18,0,0,0,0,,0,,,0,0,0,15,,
2024,20,110,2143,,622,,248,0,,0,0,111,,,,0,0,,136,39.0,
2024,20,110,2144,88,926,94,319,0,21,0,0,128,,,26,0,0,12,244,64.0,12.0
2024,20,110,2145,0,0,0,0,0,0,0,0,0,0,,0,0,0,0,0,65.0,16.0
2024,9,111,2146,,,,,,,,,,,,,,,,,,
2024,9,111,2147,,,,,,,,,,,,,,,,,,
2024,9,111,2148,,,,,,,,,,,,,,,,,,
2024,9,111,2149,,,,,,,,,,,,,,,,,,
2024,9,111,2150,,,,,,,,,,,,,,,,,,
2024,9,111,2151,,,,,,,,,,,,,,,,,,
2024,9,111,2152,,,,,,,,,,,,,,,,,,
2024,9,111,2153,,,,,,,,,,,,,,,,,,
2024,9,111,2154,,,,,,,,,,,,,,,,,,
2024,9,111,2155,,,,,,,,,,,,,,,,,,
2024,12,112,2156,,55,,33,0,,0,0,34,0,,0,,0,0,,14.0,
2024,12,112,2157,,23,,21,0,18,0,0,,0,,0,,0,0,18,,
2024,12,112,2158,,,0,,0,0,0,0,,0,,0,0,0,0,0,,
2024,12,112,2159,,38,,24,0,,0,0,22,,,0,0,0,0,,,
2024,13,113,2160,559,2633,220,698,46,179,0,351,266,0,,109,23,0,107,433,60.0,
2024,13,113,2161,498,2327,181,562,36,124,0,301,183,0,,55,79,0,55,379,62.0,
2024,13,113,2162,0,,0,,0,0,0,0,,0,,0,0,0,0,0,,
2024,13,113,2163,0,12,0,,0,0,0,0,0,0,,0,,0,0,,,
2024,13,113,2164,261,1056,106,243,27,76,0,0,114,,,29,47,,36,128,31.0,
2024,6,114,2165,13929,208400,8623,46137,683,14390,7045,1407,5866,0,428,1689,1994,0,9033,33116,490.0,64.0
2024,6,114,2166,1907,32861,1338,6766,4192,2291,1164,160,997,0,111,280,403,0,1130,5252,87.0,13.0
2024,6,114,2167,22986,268717,14577,60687,1153,26237,11869,4024,9005,0,1174,3424,5639,0,9790,42078,472.0,75.0
2024,6,114,2168,1159,23663,804,5234,507,2103,885,224,723,0,34,184,298,0,699,3735,34.0,
2024,6,114,2169,1821,47790,1297,8311,5186,3042,958,469,1352,0,30,287,595,0,878,6046,127.0,21.0
2024,6,114,2170,27927,612734,15429,118081,1613,46824,12996,5280,17955,0,1961,5951,4432,0,11793,90761,960.0,88.0
2024,6,114,2171,3845,119720,2368,21177,662,8688,2807,656,3425,0,153,926,616,0,1553,16039,172.0,19.0
2024,6,114,2172,2768,28301,1903,7413,13902,2089,1276,405,816,0,114,297,344,0,1887,5562,93.0,13.0
2024,6,114,2173,65780,602593,40843,153288,2051,56865,30199,14506,18279,19,3282,7330,6280,0,33846,109470,1549.0,257.0
2024,6,114,2174,3900,51452,2619,12844,147,4983,2607,486,1583,0,163,615,484,0,2188,9124,83.0,12.0
2024,6,114,2175,,,,,,,,,,,,,,,,,,
2024,6,114,2176,,,,,,,,,,,,,,,,,,
2024,6,114,2177,,,,,,,,,,,,,,,,,,
2024,6,114,2178,,,,,,,,,,,,,,,,,,
2024,6,114,2179,,,,,,,,,,,,,,,,,,
2024,6,114,2180,,,,,,,,,,,,,,,,,,
2024,6,114,2181,,,,,,,,,,,,,,,,,,
2024,6,114,2182,,,,,,,,,,,,,,,,,,
2024,6,114,2183,,,,,,,,,,,,,,,,,,
2024,6,114,2184,,,,,,,,,,,,,,,,,,
2024,6,114,2185,,,,,,,,,,,,,,,,,,
2024,6,114,2186,,,,,,,,,,,,,,,,,,
2024,6,114,2187,,,,,,,,,,,,,,,,,,
2024,6,114,2188,,,,,,,,,,,,,,,,,,
2024,17,115,2189,346,37672,560,5171,,314,72,252,,2010,220,,,54,0,3111,90.0,
2024,17,115,2190,1006,123304,624,14210,28,1490,389,97,22,5234,587,,22,209,0,8267,273.0,24.0
2024,17,115,2191,132,15457,57,2057,0,197,50,,,854,78,,,12,0,1112,36.0,
2024,17,115,2192,1322,151984,2134,22090,49,2918,600,1228,30,7280,889,,30,185,0,13977,479.0,33.0
2024,17,115,2193,27,4006,,499,0,27,,,,233,37,0,,,0,213,18.0,
2024,17,115,2194,1212,145039,1120,16772,,1511,396,352,56,5892,729,20,56,176,0,10215,277.0,19.0
2024,17,115,2195,244,11478,73,1931,0,181,31,29,,456,72,0,,30,0,1380,26.0,
2024,17,115,2196,193,35989,478,4391,,325,85,226,,1962,423,0,,72,0,2081,80.0,
2024,17,115,2197,396,49217,660,7219,30,750,195,433,,2170,913,0,,79,0,4085,155.0,18.0
2024,17,115,2198,,,,,,,,,,,,,,,,,,
2024,17,115,2199,182,33298,458,4593,,378,61,170,0,0,0,,0,42,0,4777,77.0,
2024,17,115,2200,1399,25985,3903,5874,,327,78,3359,,0,0,,,36,0,6297,72.0,
2024,17,115,2201,11,14004,308,2393,0,318,32,221,,0,0,,,,0,2438,39.0,
2024,17,115,2202,23,14724,505,2867,0,111,21,251,,0,0,0,,11,0,3085,38.0,
2024,26,116,2203,,,,,,,,,,,,,,,,,,
2024,26,116,2204,,,,,,,,,,,,,,,,,,
2024,26,116,2205,,,,,,,,,,,,,,,,,,
2024,26,116,2206,,,,,,,,,,,,,,,,,,
2024,28,117,2207,495,37635,156,2504,,1072,225,28,455,0,0,26,,,5219,,116.0,13.0
2024,28,117,2208,71,4571,14,322,0,260,73,,29,,0,93,0,0,1110,0,,
2024,28,117,2209,379,18992,130,1120,,450,343,35,208,0,0,,0,0,2146,,92.0,
2024,28,117,2210,,,,,,,,,,,,,,,,,,
2024,28,117,2211,,,,,,,,,,,,,,,,,,
2024,28,117,2212,,,,,,,,,,,,,,,,,,
2024,28,117,2213,,,,,,,,,,,,,,,,,,
2024,28,117,2214,,,,,,,,,,,,,,,,,,
2024,28,117,2215,,,,,,,,,,,,,,,,,,
2024,28,117,2216,,,,,,,,,,,,,,,,,,
2024,28,117,2217,,,,,,,,,,,,,,,,,,
2024,28,117,2218,,,,,,,,,,,,,,,,,,
2024,28,117,2219,,,,,,,,,,,,,,,,,,
2024,28,117,2220,,,,,,,,,,,,,,,,,,
2024,28,117,2221,,,,,,,,,,,,,,,,,,
2024,28,117,2222,,,,,,,,,,,,,,,,,,
2024,28,117,2223,,,,,,,,,,,,,,,,,,
2024,28,117,2224,,,,,,,,,,,,,,,,,,
2024,28,117,2225,,,,,,,,,,,,,,,,,,
2024,28,117,2226,,,,,,,,,,,,,,,,,,
2024,28,117,2227,,,,,,,,,,,,,,,,,,
2024,28,117,2228,,,,,,,,,,,,,,,,,,
2024,28,117,2229,,,,,,,,,,,,,,,,,,
2024,28,117,2230,,,,,,,,,,,,,,,,,,
2024,28,117,2231,,,,,,,,,,,,,,,,,,
2024,28,117,2232,,,,,,,,,,,,,,,,,,
2024,28,117,2233,,,,,,,,,,,,,,,,,,
2024,28,117,2234,411,37782,175,1824,,892,384,14,515,,0,,0,32,3650,,102.0,11.0
2024,28,117,2235,60,3553,,183,0,69,38,0,62,,0,0,0,0,339,0,,
2024,28,117,2236,135,5776,38,335,,140,89,,53,,0,0,0,0,700,,13.0,
2024,28,117,2237,1210,49786,402,4183,,1682,1226,100,763,,0,0,,13,8473,,205.0,25.0
2024,28,117,2238,345,25029,89,1770,0,578,210,,341,0,0,11,0,,3083,20,101.0,13.0
2024,28,117,2239,1173,92036,406,6368,25,3100,1061,46,1002,,0,54,0,24,12769,51,249.0,30.0
2024,28,117,2240,998,80802,265,5300,,2624,667,36,938,,0,12,,13,11612,51,203.0,26.0
2024,28,117,2241,,,,,,,,,,,,,,,,,,
2024,28,117,2242,,,,,,,,,,,,,,,,,,
2024,28,117,2243,,,,,,,,,,,,,,,,,,
2024,28,117,2244,,,,,,,,,,,,,,,,,,
2024,28,117,2245,,,,,,,,,,,,,,,,,,
2024,28,117,2246,,,,,,,,,,,,,,,,,,
2024,28,117,2247,,,,,,,,,,,,,,,,,,
2024,28,117,2248,,,,,,,,,,,,,,,,,,
2024,28,117,2249,,,,,,,,,,,,,,,,,,
2024,28,117,2250,,,,,,,,,,,,,,,,,,
2024,28,117,2251,,,,,,,,,,,,,,,,,,
2024,28,117,2252,,,,,,,,,,,,,,,,,,
2024,28,117,2253,,,,,,,,,,,,,,,,,,
2024,28,117,2254,,,,,,,,,,,,,,,,,,
2024,28,117,2255,,,,,,,,,,,,,,,,,,
2024,28,117,2256,,,,,,,,,,,,,,,,,,
2024,28,117,2257,,,,,,,,,,,,,,,,,,
2024,28,117,2258,,,,,,,,,,,,,,,,,,
2024,28,117,2259,,,,,,,,,,,,,,,,,,
2024,28,117,2260,,,,,,,,,,,,,,,,,,
2024,28,117,2261,157,687,,103,0,0,,0,16,,0,34,0,0,166,0,,
2024,28,117,2262,,,,,,,,,,,,,,,,,,
2024,28,117,2263,,,,,,,,,,,,,,,,,,
2024,3,118,2264,112870,1503981,9481,235707,1214,169847,57730,3695,41450,28625,1154,20037,40686,0,68648,36441,,
2024,3,118,2265,1543,24045,194,3703,17,1354,909,24,945,662,48,334,274,0,827,642,21.0,
2024,3,118,2266,3275,53188,361,8755,33,5258,2132,155,1681,1513,51,702,974,0,2388,1503,62.0,12.0
2024,3,118,2267,117,1505,,375,0,74,173,0,51,172,0,18,28,0,44,49,,
2024,3,118,2268,,,,,,,,,,,,,,,,,,
2024,3,118,2269,,,,,,,,,,,,,,,,,,
2024,3,118,2270,,,,,,,,,,,,,,,,,,
2024,28,119,2271,23,0,23,0,0,0,0,0,0,0,0,0,23,0,0,0,,
2024,28,119,2272,0,0,0,0,0,0,0,0,0,0,0,0,0,0,0,0,,
2024,28,119,2273,0,345,0,62,0,,,0,0,,0,0,0,,,48,,
2024,28,119,2274,0,0,0,0,0,0,0,0,0,0,0,0,0,0,0,0,,
2024,28,119,2275,0,20,0,0,0,,0,0,0,0,0,0,0,0,0,0,,
2024,28,119,2276,0,0,0,0,0,0,0,0,0,0,0,0,0,0,0,0,,
2024,28,119,2277,0,0,0,0,0,0,0,0,0,0,0,0,0,0,0,0,,
2024,28,119,2278,0,87,0,11,0,0,0,0,0,0,0,0,0,0,0,11,,
2024,28,119,2279,0,0,0,0,0,0,0,0,0,0,0,0,0,0,0,0,,
2024,28,119,2280,0,0,0,0,0,0,0,0,0,0,0,0,0,0,0,0,,
2024,28,119,2281,0,0,0,0,0,0,0,0,0,0,0,0,0,0,0,0,,
2024,28,119,2282,0,0,0,0,0,0,0,0,0,0,0,0,0,0,0,0,,
2024,28,119,2283,0,0,0,0,0,0,0,0,0,0,0,0,0,0,0,0,,
2024,28,119,2284,0,0,0,0,0,0,0,0,0,0,0,0,0,0,0,0,,
2024,28,119,2285,0,0,0,0,0,0,0,0,0,0,0,0,0,0,0,0,,
2024,28,119,2286,0,0,0,0,0,0,0,0,0,0,0,0,0,0,0,0,,
2024,28,119,2287,0,0,0,0,0,0,0,0,0,0,0,0,0,0,0,0,,
2024,28,119,2288,0,0,0,0,0,0,0,0,0,0,0,0,0,0,0,0,,
2024,28,119,2289,0,0,0,0,0,0,0,0,0,0,0,0,0,0,0,0,,
2024,28,119,2290,0,0,0,0,0,0,0,0,0,0,0,0,0,0,0,0,,
2024,28,119,2291,0,0,0,0,0,0,0,0,0,0,0,0,0,0,0,0,,
2024,28,119,2292,0,0,0,0,0,0,0,0,0,0,0,0,0,0,0,0,,
2024,28,119,2293,0,0,0,0,0,0,0,0,0,0,0,0,0,0,0,0,,
2024,28,119,2294,0,0,0,0,0,0,0,0,0,0,0,0,0,0,0,0,,
2024,28,119,2295,0,0,0,0,0,0,0,0,0,0,0,0,0,0,0,0,,
2024,28,119,2296,0,0,0,0,0,0,0,0,0,0,0,0,0,0,0,0,,
2024,28,119,2297,0,0,0,0,0,0,0,0,0,0,0,0,0,0,0,0,,
2024,28,119,2298,0,60,0,,0,0,0,0,0,0,0,0,0,,,,,
2024,28,119,2299,0,0,0,0,0,0,0,0,0,0,0,0,0,0,0,0,,
2024,28,119,2300,0,0,0,0,0,0,0,0,0,0,0,0,0,0,0,0,,
2024,28,119,2301,0,0,0,0,0,0,0,0,0,0,0,0,0,0,0,0,,
2024,28,119,2302,0,0,0,0,0,0,0,0,0,0,0,0,0,0,0,0,,
2024,28,119,2303,0,0,0,0,0,0,0,0,0,0,0,0,0,0,0,0,,
2024,28,119,2304,59,1166,55,368,0,27,,12,25,,0,0,68,0,33,276,,
2024,28,119,2305,2141,28284,1068,5029,116,968,148,457,94,96,0,0,152,,612,4528,79.0,
2024,28,119,2306,376,5831,71,1043,30,225,18,42,12,,0,,95,,71,866,,
2024,28,119,2307,3516,69511,1245,12058,194,2247,239,377,277,162,23,,268,19,1543,10393,178.0,13.0
2024,28,119,2308,2799,70871,1048,13185,16,2066,296,332,200,150,,19,245,,1572,11403,97.0,11.0
2024,28,119,2309,234,8735,98,1745,,275,14,41,25,25,0,0,119,,186,1432,15.0,
2024,28,119,2310,10997,129251,4404,25717,477,4011,887,1283,397,275,53,,686,54,3291,23186,245.0,26.0
2024,28,119,2311,6517,86318,3479,16723,109,2629,391,742,347,304,56,,642,15,3277,14424,258.0,27.0
2024,28,119,2312,,,,,,,,,,,,,,,,,,
2024,28,119,2313,3489,84950,1635,14995,281,2763,218,469,279,156,,,528,12,1124,13835,137.0,14.0
2024,28,119,2314,692,16932,259,2709,18,691,57,43,43,61,20,0,100,0,286,2358,23.0,
2024,28,119,2315,3039,75584,1300,12297,266,3149,205,338,298,166,16,,203,,1413,10951,177.0,17.0
2024,28,119,2316,1442,30096,801,5218,58,949,65,220,158,25,0,0,305,,722,4520,79.0,
2024,28,119,2317,157,522,94,114,,,0,32,12,0,0,0,12,0,29,123,,
2024,28,119,2318,402,15306,206,3006,35,624,30,80,56,56,0,0,88,,269,2629,24.0,
2024,28,119,2319,6807,135075,3097,25448,279,4405,439,930,426,312,24,,581,54,2864,22914,261.0,27.0
2024,28,119,2320,3080,65760,1375,12041,217,2302,259,491,233,206,,,306,,1322,10591,199.0,23.0
2024,28,119,2321,,,,,,,,,,,,,,,,,,
2024,28,119,2322,43,1844,25,325,0,61,16,,,17,0,0,0,0,42,266,,
2024,28,119,2323,,126,,12,0,,0,0,0,0,0,0,,0,,11,,
2024,28,119,2324,31,1518,27,268,0,137,17,,,,0,0,0,,58,206,,
2024,28,119,2325,11,518,,142,0,,0,,,0,0,0,,0,,132,,
2024,28,119,2326,52,299,45,61,0,,0,18,0,0,0,0,19,0,,61,,
2024,28,119,2327,15,360,,70,0,,0,0,0,,0,0,0,0,14,58,,
2024,28,119,2328,189,5849,119,1636,32,209,37,23,,58,0,0,45,,227,1352,,
2024,28,119,2329,351,7345,180,1624,0,243,44,60,18,14,0,0,62,,197,1407,15.0,
2024,28,119,2330,,,,,,,,,,,,,,,,,,
2024,28,119,2331,0,0,0,0,0,0,0,0,0,0,0,0,0,0,0,0,,
2024,28,119,2332,0,0,0,0,0,0,0,0,0,0,0,0,0,0,0,0,,
2024,28,119,2333,0,0,0,0,0,0,0,0,0,0,0,0,0,0,0,0,,
2024,28,119,2334,0,0,0,0,0,0,0,0,0,0,0,0,0,0,0,0,,
2024,28,119,2335,0,0,0,0,0,0,0,0,0,0,0,0,0,0,0,0,,
2024,28,119,2336,0,0,0,0,0,0,0,0,0,0,0,0,0,0,0,0,,
2024,28,119,2337,0,0,0,0,0,0,0,0,0,0,0,0,0,0,0,0,,
2024,28,119,2338,0,0,0,0,0,0,0,0,0,0,0,0,0,0,0,0,,
2024,28,119,2339,0,0,0,0,0,0,0,0,0,0,0,0,0,0,0,0,,
2024,28,119,2340,0,0,0,0,0,0,0,0,0,0,0,0,0,0,0,0,,
2024,28,119,2341,0,0,0,0,0,0,0,0,0,0,0,0,0,0,0,0,,
2024,28,119,2342,0,0,0,0,0,0,0,0,0,0,0,0,0,0,0,0,,
2024,28,119,2343,0,0,0,0,0,0,0,0,0,0,0,0,0,0,0,0,,
2024,28,119,2344,0,0,0,0,0,0,0,0,0,0,0,0,0,0,0,0,,
2024,28,119,2345,0,0,0,0,0,0,0,0,0,0,0,0,0,0,0,0,,
2024,28,119,2346,0,0,0,0,0,0,0,0,0,0,0,0,0,0,0,0,,
2024,28,119,2347,0,0,0,0,0,0,0,0,0,0,0,0,0,0,0,0,,
2024,28,119,2348,0,0,0,0,0,0,0,0,0,0,0,0,0,0,0,0,,
2024,28,119,2349,0,0,0,0,0,0,0,0,0,0,0,0,0,0,0,0,,
2024,28,119,2350,0,0,0,0,0,0,0,0,0,0,0,0,0,0,0,0,,
2024,28,119,2351,0,0,0,0,0,0,0,0,0,0,0,0,0,0,0,0,,
2024,28,119,2352,0,0,0,0,0,0,0,0,0,0,0,0,0,0,0,0,,
2024,28,119,2353,97,6054,32,1292,0,131,22,,21,,0,0,,,109,1165,,
2024,28,119,2354,364,28925,186,5989,16,791,67,57,155,40,0,,79,,543,5230,36.0,
2024,28,119,2355,1883,114858,1125,23683,13,3679,393,282,404,316,74,,607,,2203,20517,171.0,17.0
2024,28,119,2356,56,1852,22,390,,40,23,,,,0,0,12,0,61,299,,
2024,28,119,2357,1503,72389,822,12629,31,2440,298,203,393,301,,,132,13,1454,10652,156.0,12.0
2024,28,119,2358,1714,113249,1066,24211,50,2830,387,364,467,325,163,0,369,22,2050,21130,261.0,27.0
2024,28,119,2359,39,890,25,248,0,,,0,0,0,0,0,23,0,14,235,,
2024,28,119,2360,,,,,,,,,,,,,,,,,,
2024,11,120,2361,,,,,,,,,,,,,,,,,,
2024,11,120,2362,,,,,,,,,,,,,,,,,,
2024,11,120,2363,,,,,,,,,,,,,,,,,,
2024,11,120,2364,,,,,,,,,,,,,,,,,,
2024,11,120,2365,,,,,,,,,,,,,,,,,,
2024,11,120,2366,,,,,,,,,,,,,,,,,,
2024,11,120,2367,,,,,,,,,,,,,,,,,,
2024,11,120,2368,,,,,,,,,,,,,,,,,,
2024,1,121,2369,9580,185966,4565,48364,1504,19379,3852,576,4771,3649,12,30,2237,100,1013,58006,395.0,38.0
2024,1,121,2370,3236,58401,1927,21879,581,7927,1965,249,1344,1079,,,1289,50,488,25353,80.0,
2024,1,121,2371,1954,38078,656,13426,188,3608,882,269,1552,638,,,1225,,275,13545,145.0,14.0
2024,1,121,2372,4084,64743,1782,19097,373,6381,1490,164,1969,1205,,,1137,32,435,21634,213.0,17.0
2024,1,121,2373,7735,144900,3459,39820,1121,15230,3378,516,3838,2527,,13,2421,97,771,46168,343.0,39.0
2024,1,121,2374,4179,74142,2213,20806,491,7100,1760,417,2017,1467,,,1468,26,508,22952,175.0,22.0
2024,1,121,2375,3642,36461,2613,12161,301,3530,1106,249,1347,746,0,0,1262,18,279,12599,75.0,
2024,1,121,2376,4989,137646,2888,29354,664,14521,3290,330,2314,2471,,36,1548,71,640,38988,306.0,29.0
2024,1,121,2377,,,,,,,,,,,,,,,,,,
2024,1,121,2378,,,,,,,,,,,,,,,,,,
2024,28,122,2379,27,806,25,162,,217,23,0,,0,0,0,64,0,53,62,,
2024,28,122,2380,346,28174,263,3938,146,7093,438,12,385,0,0,0,488,0,2114,2117,54.0,
2024,28,122,2381,249,20685,221,3050,77,5233,403,,428,0,0,0,771,0,1172,1655,37.0,
2024,28,122,2382,566,46894,480,6947,159,12152,833,21,1266,0,0,38,1162,0,2974,4528,93.0,11.0
2024,28,122,2383,276,27532,255,4139,101,6803,425,14,554,0,0,54,512,0,2166,1925,90.0,12.0
2024,28,122,2384,,,,,,,,,,,,,,,,,,
2024,28,122,2385,,,,,,,,,,,,,,,,,,
2024,28,122,2386,,,,,,,,,,,,,,,,,,
2024,28,122,2387,,,,,,,,,,,,,,,,,,
2024,28,122,2388,,,,,,,,,,,,,,,,,,
2024,28,122,2389,393,18449,332,2748,51,4394,461,26,288,0,0,12,533,0,1235,1203,32.0,
2024,28,122,2390,61,864,42,119,42,228,,0,16,0,0,0,66,0,38,90,,
2024,28,122,2391,166,19884,166,2713,97,5182,191,,326,0,0,0,541,0,1055,1677,36.0,
2024,28,122,2392,908,75429,740,11677,314,18822,1188,23,1914,0,0,21,2465,0,4222,7152,206.0,30.0
2024,28,122,2393,149,12463,119,1569,52,2722,178,14,157,0,0,,364,0,727,568,43.0,
2024,28,122,2394,,,,,,,,,,,,,,,,,,
2024,28,122,2395,,,,,,,,,,,,,,,,,,
2024,28,122,2396,,,,,,,,,,,,,,,,,,
2024,28,122,2397,,,,,,,,,,,,,,,,,,
2024,28,122,2398,,,,,,,,,,,,,,,,,,
2024,28,122,2399,139,17811,127,2797,41,3655,333,37,402,0,0,165,367,0,1146,1051,44.0,
2024,28,122,2400,,276,,41,0,57,,,,0,0,0,,0,11,37,,
2024,28,122,2401,28,6016,13,1038,,1748,159,,125,0,0,,109,0,415,637,,
2024,28,122,2402,57,1151,57,188,52,339,67,,20,0,0,0,63,0,72,110,,
2024,28,122,2403,12,1654,,311,,381,69,,48,0,0,0,46,0,112,131,,
2024,28,122,2404,128,5554,74,761,0,1479,83,,112,0,0,0,121,0,326,434,16.0,
2024,28,122,2405,,,,,,,,,,,,,,,,,,
2024,28,122,2406,,,,,,,,,,,,,,,,,,
2024,28,122,2407,,,,,,,,,,,,,,,,,,
2024,28,122,2408,,,,,,,,,,,,,,,,,,
2024,22,123,2409,,,,,,,,,,,,,,,,,,
2024,22,123,2410,,,,,,,,,,,,,,,,,,
2024,22,123,2411,,,,,,,,,,,,,,,,,,
2024,22,123,2412,,,,,,,,,,,,,,,,,,
2024,22,123,2413,,,,,,,,,,,,,,,,,,
2024,22,123,2414,,,,,,,,,,,,,,,,,,
2024,22,123,2415,,,,,,,,,,,,,,,,,,
2024,22,123,2416,,,,,,,,,,,,,,,,,,
2024,22,123,2417,,,,,,,,,,,,,,,,,,
2024,22,123,2418,,,,,,,,,,,,,,,,,,
2024,22,123,2419,,,,,,,,,,,,,,,,,,
2024,22,123,2420,,,,,,,,,,,,,,,,,,
2024,22,123,2421,,,,,,,,,,,,,,,,,,
2024,10,124,2422,40,1567,17,288,0,91,,0,43,0,0,14,71,0,193,,,
2024,10,124,2423,65,4845,45,1178,,503,73,0,86,0,0,69,273,0,963,57,14.0,
2024,10,124,2424,228,8612,141,1814,15,1018,106,,244,0,0,80,287,0,1602,144,,
2024,10,124,2425,14,792,,144,,42,23,0,,0,0,,34,,80,,,
2024,10,124,2426,98,2528,76,667,30,380,35,0,50,0,0,12,100,0,716,33,,
2024,10,124,2427,37,816,38,270,,73,,,27,0,0,,60,0,262,,,
2024,10,124,2428,,,,,,,,,,,,,,,,,,
2024,10,124,2429,,,,,,,,,,,,,,,,,,
2024,10,124,2430,,,,,,,,,,,,,,,,,,
2024,26,125,2431,77704,230826,44958,51787,8485,21355,8759,52578,11720,13,0,0,13089,0,10159,22952,1252.0,280.0
2024,26,125,2432,43292,272597,22880,47359,5926,26779,11094,27857,13290,11,0,0,6239,,8831,26123,566.0,98.0
2024,26,125,2433,17777,88556,10124,17050,2310,9484,4571,12931,4769,,,0,3210,0,3359,7577,225.0,48.0
2024,26,125,2434,498347,1787263,256836,328067,65142,187219,76938,306090,93524,61,,0,42984,,67296,174977,5864.0,1033.0
2024,26,125,2435,75689,473710,41436,78507,9301,46046,19630,49902,22207,18,,0,9794,,11055,46984,932.0,145.0
2024,26,125,2436,162302,792196,89125,143840,19127,77541,33899,105330,39438,38,,0,24749,,24189,75218,2414.0,448.0
2024,26,125,2437,617127,1085285,354756,232701,63944,112896,49056,410038,59454,22,,0,41325,,56118,107844,8140.0,1784.0
2024,26,125,2438,186999,471160,11087,32881,7117,30481,13606,13523,18619,0,0,0,8774,0,7121,4321,2975.0,499.0
2024,26,125,2439,201757,543872,8488,33701,6839,36716,16543,10565,23061,0,0,0,5670,0,5527,5816,1680.0,232.0
2024,26,125,2440,1037039,2138290,56969,148340,37066,146891,61892,67968,91896,0,,0,36172,0,27125,22578,10894.0,1888.0
2024,26,125,2441,,,,,,,,,,,,,,,,,,
2024,26,125,2442,,,,,,,,,,,,,,,,,,
2024,26,125,2443,38604,244935,21641,45958,4552,22872,9827,25281,11694,11,0,51,5208,0,7997,24910,484.0,99.0
2024,26,125,2444,78312,516795,45025,97973,9952,45893,19945,53406,23399,21,0,71,11613,,17425,51733,1281.0,270.0
2024,26,125,2445,,,,,,,,,,,,,,,,,,
2024,26,125,2446,,,,,,,,,,,,,,,,,,
2024,26,125,2447,,,,,,,,,,,,,,,,,,
2024,26,125,2448,,,,,,,,,,,,,,,,,,
2024,26,125,2449,,,,,,,,,,,,,,,,,,
2024,26,125,2450,,,,,,,,,,,,,,,,,,
2024,21,126,2451,,44,,24,0,,0,0,12,0,,0,,0,0,,21.0,
2024,21,126,2452,,74,,22,0,,0,0,18,0,,0,,0,0,,34.0,
2024,21,126,2453,,,,,0,0,0,0,,0,,0,,0,0,0,11.0,
2024,21,126,2454,11,33,,18,0,0,0,0,16,0,,0,,0,0,,15.0,
2024,27,127,2455,1641,29878,501,6407,88,1742,0,0,2525,21,,1128,1084,0,2150,0,195.0,23.0
2024,27,127,2456,4308,40303,1586,8722,234,1903,0,0,4144,106,,1058,2193,0,2807,0,653.0,97.0
2024,27,127,2457,1196,14549,421,3124,73,703,0,0,1285,17,,598,635,0,1010,0,416.0,53.0
2024,27,127,2458,6933,47247,2039,10384,459,2771,0,0,4616,78,,1217,2423,0,4089,0,879.0,154.0
2024,27,127,2459,41,1274,41,354,0,121,0,33,105,0,,,128,0,127,0,22.0,
2024,27,127,2460,,843,,226,0,81,0,0,92,0,,,47,0,81,0,12.0,
2024,12,128,2461,,,,,,,,,,,,,,,,,,
2024,12,128,2462,,,,,,,,,,,,,,,,,,
2024,12,128,2463,,,,,,,,,,,,,,,,,,
2024,12,128,2464,,,,,,,,,,,,,,,,,,
2024,12,128,2465,,,,,,,,,,,,,,,,,,
2024,12,128,2466,,,,,,,,,,,,,,,,,,
2024,12,128,2467,,,,,,,,,,,,,,,,,,
2024,12,128,2468,,,,,,,,,,,,,,,,,,
2024,12,128,2469,,,,,,,,,,,,,,,,,,
2024,12,128,2470,,,,,,,,,,,,,,,,,,
2024,12,128,2471,,,,,,,,,,,,,,,,,,
2024,12,128,2472,,,,,,,,,,,,,,,,,,
2024,12,128,2473,,,,,,,,,,,,,,,,,,
2024,12,128,2474,,,,,,,,,,,,,,,,,,
2024,12,128,2475,,,,,,,,,,,,,,,,,,
2024,12,128,2476,,,,,,,,,,,,,,,,,,
2024,12,128,2477,,,,,,,,,,,,,,,,,,
2024,12,128,2478,,,,,,,,,,,,,,,,,,
2024,12,128,2479,,,,,,,,,,,,,,,,,,
2024,12,128,2480,,,,,,,,,,,,,,,,,,
2024,12,128,2481,,,,,,,,,,,,,,,,,,
2024,12,128,2482,,,,,,,,,,,,,,,,,,
2024,12,128,2483,,,,,,,,,,,,,,,,,,
2024,12,128,2484,,,,,,,,,,,,,,,,,,
2024,12,128,2485,,,,,,,,,,,,,,,,,,
2024,12,128,2486,,,,,,,,,,,,,,,,,,
2024,12,128,2487,,,,,,,,,,,,,,,,,,
2024,12,128,2488,,,,,,,,,,,,,,,,,,
2024,12,128,2489,,,,,,,,,,,,,,,,,,
2024,13,129,2490,285,682,137,283,,66,0,0,162,,,46,30,0,181,0,18.0,
2024,13,129,2491,230,347,98,142,22,15,0,0,59,0,,41,67,0,73,0,11.0,
2024,13,129,2492,916,1613,437,683,74,155,0,0,485,11,,81,79,0,464,0,62.0,12.0
2024,13,129,2493,1508,2149,720,803,140,209,0,0,578,,,90,131,0,723,0,121.0,25.0
2024,26,130,2494,808,2711,253,759,27,162,0,356,284,0,,89,32,0,95,475,66.0,
2024,26,130,2495,947,2343,368,732,117,177,0,544,228,,,32,47,0,115,504,61.0,
2024,26,130,2496,28,53,,,0,0,0,15,,0,,0,,0,0,,,
2024,26,130,2497,12,,0,0,0,0,0,0,0,0,,0,0,0,0,0,,
2024,26,130,2498,1854,6332,535,1539,110,338,0,810,894,0,,,104,153,0,166,181.0,27.0
2024,4,131,2499,442,7448,271,1378,18,1000,600,312,360,,0,0,165,0,272,752,11.0,
2024,4,131,2500,3495,41974,2038,9543,419,4237,1786,2609,2371,,,0,962,0,2138,5299,78.0,13.0
2024,4,131,2501,19528,112930,12316,26338,1558,11959,4523,14429,5526,,0,0,3414,0,6806,13939,419.0,77.0
2024,4,131,2502,,,,,,,,,,,,,,,,,,
2024,4,131,2503,,,,,,,,,,,,,,,,,,
2024,4,131,2504,,,,,,,,,,,,,,,,,,
2024,4,131,2505,,,,,,,,,,,,,,,,,,
2024,4,131,2506,,,,,,,,,,,,,,,,,,
2024,4,131,2507,,,,,,,,,,,,,,,,,,
2024,4,131,2508,,,,,,,,,,,,,,,,,,
2024,4,131,2509,,,,,,,,,,,,,,,,,,
2024,4,131,2510,,,,,,,,,,,,,,,,,,
2024,4,131,2511,,,,,,,,,,,,,,,,,,
2024,4,131,2512,,,,,,,,,,,,,,,,,,
2024,26,132,2513,11321,70694,1856,12499,3831,14037,2125,1861,3859,0,0,,1479,0,2728,7371,126.0,20.0
2024,26,132,2514,595045,3175557,126288,499865,207842,643527,56079,126547,137912,0,0,,66701,0,120982,295134,9540.0,1410.0
2024,26,132,2515,18615,150017,3642,24028,6239,33204,3322,3646,6840,0,0,0,3221,0,6096,12882,307.0,50.0
2024,26,132,2516,168247,1453193,34892,172080,57596,292486,16391,34951,34869,0,0,,8496,0,55385,87966,3185.0,449.0
2024,26,132,2517,16648,77674,2844,9845,6099,15485,842,2849,1732,0,0,0,1208,0,2805,4729,214.0,27.0
2024,26,132,2518,32600,203249,5981,25739,10377,44321,2807,5992,5121,0,0,0,2068,0,7147,11962,722.0,117.0
2024,26,132,2519,380423,2225824,72590,352674,133657,440270,42705,72728,101081,0,0,,46208,0,82192,222921,5624.0,859.0
2024,26,132,2520,25986,164798,4606,20513,8549,34158,1725,4614,3574,0,0,0,4455,0,5183,8845,566.0,79.0
2024,26,132,2521,111989,753558,17879,88534,38069,152395,8631,17928,17617,0,0,,8541,0,24061,43369,1615.0,247.0
2024,26,132,2522,,,,,,,,,,,,,,,,,,
2024,20,133,2523,13840,224658,3255,40565,137,33869,8213,2832,8801,6719,260,3607,6914,0,11273,7377,352.0,41.0
2024,20,133,2524,,,,,,,,,,,,,,,,,,
2024,20,133,2525,9540,142834,2701,25106,177,18855,6527,2289,5728,5557,210,2339,3047,0,6261,4065,181.0,18.0
2024,20,133,2526,32105,351674,8643,104270,429,64073,20208,5383,28936,16792,544,10490,17648,0,24582,13493,713.0,131.0
2024,20,133,2527,112943,480196,29552,53424,756,14188,14489,16085,5732,3906,265,1581,3651,0,41256,2238,2407.0,424.0
2024,20,133,2528,11454,213554,2885,63663,159,39424,11822,2202,18601,10603,350,6611,10067,0,12423,8814,232.0,31.0
2024,20,133,2529,70247,416558,17701,85293,557,48776,20464,9702,16844,13897,627,6737,12680,0,30362,12011,1531.0,291.0
2024,20,133,2530,39916,241401,10130,20547,234,5118,6774,6244,1860,2198,66,619,719,0,14094,916,725.0,159.0
2024,20,133,2531,1995,63605,565,19521,50,17263,4613,414,4350,4351,91,2058,3236,0,3359,4130,37.0,
2024,20,133,2532,8329,96846,2106,15972,70,9634,4309,2080,3675,3668,102,1376,1496,0,4107,2276,188.0,24.0
2024,20,133,2533,4797,56556,1316,6371,33,3369,1459,1283,1211,911,18,481,820,0,2644,523,102.0,14.0
2024,20,133,2534,1943,57199,407,16600,21,11107,3234,457,4060,2997,64,1885,3004,0,3515,2847,55.0,
2024,20,133,2535,8082,70642,1921,5991,66,2584,1320,1533,1093,612,34,286,463,0,3144,469,243.0,41.0
2024,20,133,2536,3730,45582,1090,6048,32,2573,1302,1090,1522,1086,24,656,675,0,1549,768,96.0,14.0
2024,20,133,2537,3158,45840,760,12205,26,5754,2925,528,3404,2596,161,1456,1157,0,1808,2179,87.0,17.0
2024,20,133,2538,5396,44674,1092,3419,38,736,1007,919,592,678,12,120,142,0,1553,230,107.0,19.0
2024,20,133,2539,484,10409,134,2337,15,1637,496,126,522,445,,252,385,0,549,364,15.0,
2024,27,134,2540,104,27187,87,5293,0,1931,1086,72,548,75,46,1193,399,0,1430,892,21.0,
2024,27,134,2541,343,80878,302,14922,,4767,2084,289,1810,312,402,3988,1270,,4020,1413,69.0,
2024,27,134,2542,2248,237986,1986,42754,30,13777,6323,1719,6370,961,86,12816,2754,0,10385,5293,478.0,43.0
2024,27,134,2543,145,20610,127,3937,,1263,1072,119,662,81,,1046,216,0,895,637,17.0,
2024,27,134,2544,264,32167,254,7226,,2185,1284,199,814,117,27,1508,304,0,2387,934,23.0,
2024,27,134,2545,158,25001,130,4900,0,1151,621,100,593,0,99,1245,485,0,1440,596,59.0,
2024,27,134,2546,290,15354,231,3181,31,824,631,228,715,33,21,1113,69,0,557,491,12.0,
2024,27,134,2547,781,27066,505,5401,48,1724,872,374,903,78,30,1426,350,0,1506,769,28.0,
2024,27,134,2548,854,23537,504,4349,24,1541,704,379,786,31,,1428,169,0,1223,626,58.0,
2024,27,134,2549,899,20242,349,3855,,1417,812,299,540,53,25,984,103,0,1143,482,20.0,
2024,27,134,2550,406,20535,310,3759,26,1208,548,282,591,55,37,955,158,0,978,530,19.0,
2024,27,134,2551,1077,36959,803,6906,44,2083,1165,726,1048,100,23,2242,301,0,1477,696,80.0,12.0
2024,23,135,2552,671,14783,322,3169,109,2579,994,272,119,1984,441,980,225,92,1714,326,30.0,
2024,23,135,2553,39172,468102,11879,101046,3337,77902,27196,9146,3135,69263,7525,27820,20472,2507,54020,10939,1413.0,235.0
2024,23,135,2554,232,5783,89,1408,25,1013,527,71,20,1084,152,401,109,23,672,110,,
2024,23,135,2555,5557,96485,2430,25309,752,14986,4180,2089,643,12896,1304,5556,11084,555,11328,1866,160.0,56.0
2024,23,135,2556,33981,376526,10155,79894,3093,68660,24450,7669,2768,61722,6785,22285,11997,2072,46988,9378,1190.0,211.0
2024,23,135,2557,,,,,,,,,,,,,,,,,,
2024,23,135,2558,259,7753,101,1658,23,1401,592,74,68,1128,162,399,261,51,946,188,14.0,
2024,23,135,2559,3367,85584,1241,17666,332,13726,4781,1014,517,11883,1539,5376,2680,434,9718,1660,147.0,21.0
2024,23,135,2560,,,,,,,,,,,,,,,,,,
2024,23,135,2561,,,,,,,,,,,,,,,,,,
2024,23,135,2562,,,,,,,,,,,,,,,,,,
2024,23,135,2563,,,,,,,,,,,,,,,,,,
2024,27,136,2564,,20,,15,0,0,0,0,12,0,,0,,0,0,,,
2024,27,136,2565,0,16,0,,0,,0,0,,0,,0,0,0,0,,,
2024,27,136,2566,0,11,0,,0,0,0,0,,0,,0,,0,0,0,,
2024,27,136,2567,,,,,,,,,,,,,,,,,,
2024,6,137,2568,,,,,0,0,0,,,,,0,0,0,0,0,,
2024,6,137,2569,411,1397,350,772,0,0,0,252,466,90,,314,0,0,0,0,102.0,16.0
2024,6,137,2570,3537,18388,3083,12074,0,0,0,,10989,1041,,3756,0,0,0,0,3753.0,600.0
2024,9,138,2571,,59,,14,0,0,0,,,0,,0,0,0,0,12,,
2024,9,138,2572,47,336,47,100,0,,0,13,34,,,,0,0,,88,22.0,
2024,9,138,2573,254,1376,244,412,,56,0,100,216,,,,0,0,15,313,57.0,11.0
2024,9,138,2574,0,0,0,0,0,0,0,0,0,0,,0,0,0,0,0,78.0,19.0
2024,10,139,2575,461,4496,261,992,38,227,210,201,39,0,0,436,76,0,640,35,17.0,
2024,10,139,2576,211,1279,151,299,13,47,86,123,,0,0,71,12,,227,17,,
2024,10,139,2577,732,4507,379,988,13,246,95,267,14,0,0,269,77,0,838,62,16.0,
2024,10,139,2578,316,922,101,223,,46,,52,0,0,0,,0,0,258,,,
2024,10,139,2579,58134,192640,32042,51003,2415,11761,13229,20511,1704,0,0,13507,2554,164,47222,2516,682.0,134.0
2024,10,139,2580,176,3471,124,775,,175,347,101,16,0,0,374,19,0,455,51,,
2024,10,139,2581,,,,,,,,,,,,,,,,,,
2024,13,140,2582,182,1093,56,295,0,32,0,,113,32,,0,,0,62,135,21.0,
2024,13,140,2583,28,238,12,40,0,22,0,0,30,0,,0,0,0,,13,,
2024,13,140,2584,188,551,65,140,0,84,0,0,120,,,0,,0,45,35,13.0,
2024,13,140,2585,459,1372,157,377,52,107,0,0,417,0,,0,,0,112,,63.0,22.0
2024,13,140,2586,67,31,22,,0,0,0,0,,0,,0,,0,17,,,
2024,13,140,2587,,23,,,0,0,0,0,,0,,0,0,0,,0,,
2024,25,141,2588,,15,0,,0,0,0,0,,0,,0,0,0,0,,,
2024,25,141,2589,17,606,18,259,0,0,0,52,153,,,,0,0,15,81,44.0,
2024,25,141,2590,42,1149,41,46,0,,0,73,242,,,13,0,0,,198,102.0,22.0
2024,6,142,2591,,,,,,,,,,,,,,,,,,
2024,6,142,2592,,,,,,,,,,,,,,,,,,
2024,6,142,2593,,,,,,,,,,,,,,,,,,
2024,6,142,2594,,,,,,,,,,,,,,,,,,
2024,6,142,2595,,,,,,,,,,,,,,,,,,
2024,6,142,2596,,,,,,,,,,,,,,,,,,
2024,6,142,2597,,,,,,,,,,,,,,,,,,
2024,6,142,2598,,,,,,,,,,,,,,,,,,
2024,6,142,2599,,,,,,,,,,,,,,,,,,
2024,6,142,2600,,,,,,,,,,,,,,,,,,
2024,6,142,2601,,,,,,,,,,,,,,,,,,
2024,6,142,2602,,,,,,,,,,,,,,,,,,
2024,6,142,2603,,,,,,,,,,,,,,,,,,
2024,20,143,2604,1167,1905,487,766,95,163,0,0,358,,,77,164,0,644,0,85.0,18.0
2024,20,143,2605,3192,3444,1190,1203,231,271,0,0,703,,,169,390,0,1124,0,229.0,50.0
2024,20,143,2606,536,767,243,338,64,91,0,0,125,0,,66,51,0,339,0,26.0,
2024,20,143,2607,865,1144,268,371,71,66,0,0,224,0,,54,64,0,297,0,43.0,
2024,2,144,2608,573,4621,172,925,0,,0,12,904,24,,,131,,0,190,147.0,26.0
2024,2,144,2609,1368,11803,318,2238,,,0,32,1817,123,,131,615,,0,744,219.0,44.0
2024,2,144,2610,750,4139,263,1299,,0,0,24,1351,,,0,316,0,0,217,152.0,39.0
2024,11,145,2611,1037,3774,253,737,0,11,0,37,758,,,0,133,0,0,227,116.0,21.0
2024,21,146,2612,241,897,143,204,22,144,50,165,157,0,0,0,71,0,15,24,,
2024,21,146,2613,638,2457,340,440,29,308,149,407,174,0,0,0,108,0,83,199,,
2024,21,146,2614,9328,19697,5330,5619,797,2155,1013,6149,1238,,0,0,1178,0,1855,1884,96.0,22.0
2024,21,146,2615,477,3603,324,484,62,300,165,374,103,0,0,0,55,0,168,205,,
2024,21,146,2616,43225,72460,22756,17728,3820,8919,3813,27008,4500,,0,0,3852,0,5156,6248,509.0,116.0
2024,21,146,2617,1434,8263,1019,1444,120,985,324,1181,394,0,,0,530,0,400,406,17.0,
2024,21,146,2618,1556,9493,998,1776,141,1099,460,1161,505,0,0,0,546,0,291,802,18.0,
2024,21,146,2619,,,,,,,,,,,,,,,,,,
2024,21,146,2620,,,,,,,,,,,,,,,,,,
2024,21,146,2621,991,8056,664,1628,51,1068,466,745,523,0,0,,344,0,386,537,13.0,
2024,21,146,2622,926,5944,747,1432,66,578,233,783,295,,0,0,127,0,627,479,,
2024,21,146,2623,,,,,,,,,,,,,,,,,,
2024,21,146,2624,,,,,,,,,,,,,,,,,,
2024,18,147,2625,,215,,15,0,28,0,14,,,,0,,0,,12,,
2024,18,147,2626,243,4495,142,1655,33,418,0,204,1311,,,0,217,0,64,342,104.0,13.0
2024,18,147,2627,297,3379,128,735,44,286,0,200,476,,,16,105,0,80,259,65.0,
2024,18,147,2628,145,3523,42,804,,263,0,66,407,,,40,159,0,77,396,59.0,
2024,18,147,2629,278,4059,98,776,33,436,0,147,370,28,,59,89,0,168,384,66.0,
2024,26,148,2630,15142,235684,6044,55084,1771,42603,12310,4454,1824,40970,2931,14987,9452,2197,35851,6007,592.0,111.0
2024,26,148,2631,11783,240859,4529,63196,1203,38785,9501,3047,1743,36812,2664,16009,21488,1567,35455,6017,363.0,56.0
2024,26,148,2632,2698,46651,1089,12706,299,8270,2930,879,431,8105,746,3088,3719,321,7262,994,118.0,22.0
2024,26,148,2633,19582,307962,7511,68489,2241,53033,17076,4920,2011,53720,3199,21168,7920,2637,39795,9045,526.0,80.0
2024,26,148,2634,919,16666,411,3883,170,2930,1106,263,119,2847,141,914,684,140,2394,495,29.0,
2024,26,148,2635,,,,,,,,,,,,,,,,,,
2024,26,148,2636,4035,72621,1694,17174,484,13282,4410,1227,698,12797,1047,4488,2921,702,11034,1820,163.0,28.0
2024,26,148,2637,3423,67130,1595,16594,404,11118,3798,994,548,10767,912,4242,4494,660,8573,1734,95.0,13.0
2024,26,148,2638,,,,,,,,,,,,,,,,,,
2024,26,148,2639,,,,,,,,,,,,,,,,,,
2024,26,148,2640,,,,,,,,,,,,,,,,,,
2024,26,148,2641,,,,,,,,,,,,,,,,,,
2024,8,149,2642,13558,57205,8158,14105,899,4539,1861,5188,800,0,0,3793,1048,15,12657,640,188.0,29.0
2024,8,149,2643,2476,23559,1632,4571,195,1275,772,1316,144,0,0,1268,204,,3568,183,61.0,
2024,8,149,2644,115,723,88,156,,55,70,77,0,0,0,37,39,0,88,,,
2024,8,149,2645,5525,31868,3197,7850,469,2764,1484,2891,167,0,0,2396,764,,6060,171,122.0,17.0
2024,8,149,2646,95667,131502,52740,38054,1760,4512,1495,34511,1194,0,,83,122,204,51833,1357,1104.0,170.0
2024,8,149,2647,1406,25324,925,4607,102,1259,1184,776,101,0,,1441,137,14,2981,255,39.0,
2024,8,149,2648,1363,9946,916,2205,43,645,850,714,63,0,0,824,58,,1487,103,23.0,
2024,8,149,2649,2377,4811,1302,1005,29,125,32,994,0,0,0,0,,,1256,17,47.0,
2024,8,149,2650,13866,63699,8725,16110,934,4374,2567,7432,478,0,0,5868,1467,27,12070,631,165.0,31.0
2024,8,149,2651,9171,39988,5258,9503,402,2911,2047,3937,276,0,0,2410,494,21,8252,268,110.0,20.0
2024,8,149,2652,5634,2653,3417,822,202,109,49,2530,0,0,0,0,0,,1609,48,55.0,
2024,8,149,2653,310,417,285,68,0,,0,277,0,0,0,0,0,0,68,,,
2024,8,149,2654,,,,0,0,0,0,0,0,0,0,0,0,0,0,,,
2024,8,149,2655,2930,1508,1582,624,106,29,49,1155,0,0,0,0,0,0,990,12,28.0,
2024,8,149,2656,7512,6152,4435,1474,125,236,64,3666,0,0,0,0,,20,2018,139,70.0,12.0
2024,8,149,2657,113,707,62,148,0,,,55,0,0,0,0,0,,139,13,,
2024,8,149,2658,142,219,92,49,,0,0,79,0,0,0,0,0,0,62,0,,
2024,8,149,2659,551,452,320,134,0,26,0,235,0,0,0,0,0,,210,,,
2024,8,149,2660,11722,6072,6404,2166,282,166,74,4977,0,0,0,,21,19,3380,97,89.0,14.0
2024,8,149,2661,801,860,493,172,30,,,445,0,0,0,0,0,,198,18,,
2024,8,149,2662,,,,,,,,,,,,,,,,,,
2024,8,149,2663,,,,,,,,,,,,,,,,,,
2024,8,149,2664,,,,,,,,,,,,,,,,,,
2024,8,149,2665,,,,,,,,,,,,,,,,,,
2024,8,149,2666,,,,,,,,,,,,,,,,,,
2024,8,149,2667,,,,,,,,,,,,,,,,,,
2024,20,150,2668,3782,65316,2502,12033,195,4400,1792,2027,188,0,0,3691,286,59,9188,232,123.0,18.0
2024,20,150,2669,208,3942,153,792,11,332,78,100,13,0,0,169,,,664,40,,
2024,20,150,2670,1766,56648,1249,11237,48,4457,1483,1034,160,0,0,3298,127,45,8635,255,72.0,
2024,20,150,2671,3175,59513,2233,12006,102,4532,701,1796,40,0,,1130,43,101,10732,468,106.0,12.0
2024,20,150,2672,1545,28600,979,5725,56,2221,195,663,,,0,,0,38,5611,184,69.0,11.0
2024,20,150,2673,1933,29841,1086,6157,53,2593,1000,654,148,0,0,1964,45,23,4588,340,29.0,
2024,20,150,2674,1650,45840,1261,9474,81,3844,1474,933,159,0,0,2789,67,45,7290,289,36.0,
2024,20,150,2675,1438,22370,900,4822,51,1579,1342,607,81,0,0,1357,35,22,3355,225,21.0,
2024,20,150,2676,1989,17284,1231,3113,73,1220,127,858,0,0,0,,0,31,3237,89,68.0,11.0
2024,20,150,2677,2001,50583,1286,10867,115,4144,2064,992,301,,0,2953,178,51,8285,169,67.0,
2024,20,150,2678,574,17693,394,3624,,1713,645,312,95,0,0,1139,46,14,2655,57,23.0,
2024,20,150,2679,,,,,,,,,,,,,,,,,,
2024,20,150,2680,,,,,,,,,,,,,,,,,,
2024,20,150,2681,,,,,,,,,,,,,,,,,,
2024,20,150,2682,,,,,,,,,,,,,,,,,,
2024,20,150,2683,,,,,,,,,,,,,,,,,,
2024,20,150,2684,,,,,,,,,,,,,,,,,,
2024,7,151,2685,0,174,0,,0,0,0,0,,0,,0,0,0,0,0,,
2024,7,151,2686,242,5587,76,413,,58,0,0,225,0,,98,15,0,0,151,96.0,
2024,7,151,2687,208,4612,83,281,,35,0,0,139,,,58,43,0,0,118,90.0,11.0
2024,2,152,2688,595,640,321,223,62,24,0,0,188,0,,82,102,0,172,0,23.0,
2024,2,152,2689,336,653,156,274,32,94,0,0,127,0,,24,67,0,212,0,25.0,
2024,2,152,2690,2549,3164,1139,1208,218,187,0,0,895,,,187,267,0,991,0,173.0,44.0
2024,2,152,2691,5911,4448,2530,1652,646,277,0,0,1582,,,283,577,0,1730,0,340.0,88.0
2024,2,153,2692,0,0,0,0,0,0,0,0,0,0,0,0,0,0,0,0,,
2024,2,153,2693,0,0,0,0,0,0,0,0,0,0,0,0,0,0,0,0,,
2024,2,153,2694,5981,318798,5259,57036,1116,23618,9585,6383,17756,756,68,12503,13360,,19855,49,412.0,55.0
2024,2,153,2695,0,0,0,0,0,0,0,0,0,0,0,0,0,0,0,0,,
2024,2,153,2696,26976,1522371,24815,272417,5976,114744,32866,30231,82833,4058,131,57804,70764,29,91365,311,2216.0,251.0
2024,2,153,2697,0,0,0,0,0,0,0,0,0,0,0,0,0,0,0,0,,
2024,2,153,2698,5761,254316,5384,47649,1020,17598,4544,6394,15379,732,86,9395,13934,,14877,43,646.0,67.0
2024,2,153,2699,1827,37759,1783,12173,404,5175,772,2229,2124,170,14,1208,8920,0,2270,,100.0,24.0
2024,2,153,2700,0,101067,0,18553,0,7931,0,1669,7469,0,,1773,4060,0,3353,229,2147.0,326.0
2024,2,153,2701,8335,328639,7886,63013,1540,23970,5723,9483,19695,1166,21,12603,18945,13,19517,79,802.0,92.0
2024,2,153,2702,4289,212848,4029,39379,779,15471,7270,4719,12352,604,11,7391,9912,,11356,23,327.0,42.0
2024,2,153,2703,71386,4077042,66070,791158,15379,320721,104490,79104,251678,11874,323,153556,202288,52,241344,947,6560.0,794.0
2024,2,153,2704,2320,499765,961,29198,201,51049,1063,1429,12224,2225,55,4908,49,14,7890,302,,
2024,2,153,2705,167,38681,54,2353,13,3386,67,161,1186,133,,302,0,,552,,,
2024,2,153,2706,17326,363656,15015,76977,2752,30417,8134,9245,27417,991,21,13817,22174,12,24088,3253,678.0,112.0
2024,2,153,2707,647,36360,599,7479,144,2846,1125,707,2504,101,,1283,1949,0,2273,,56.0,12.0
2024,2,153,2708,32218,1975536,26183,413699,7137,170986,53657,32255,144620,5472,161,77126,91772,24,129171,1592,3280.0,516.0
2024,2,153,2709,16232,343411,13474,73338,2530,33377,8226,6100,28799,1093,30,13841,18496,0,23601,3255,547.0,107.0
2024,2,153,2710,10734,593798,10049,134056,1997,48495,19915,12510,53551,1825,57,21302,27877,16,35273,119,1722.0,225.0
2024,2,153,2711,0,125,0,125,0,48,0,0,,0,0,0,114,0,,0,,
2024,2,153,2712,,,,,,,,,,,,,,,,,,
2024,2,153,2713,,,,,,,,,,,,,,,,,,
2024,27,154,2714,,118,,118,0,0,0,0,0,0,,0,126,0,0,126,182.0,32.0
2024,27,154,2715,,,,,,,,,,,,,,,,,,
2024,26,155,2716,,,,,,,,,,,,,,,,,,
2024,26,155,2717,,,,,,,,,,,,,,,,,,
2024,26,155,2718,,,,,,,,,,,,,,,,,,
2024,26,155,2719,,,,,,,,,,,,,,,,,,
2024,26,155,2720,,,,,,,,,,,,,,,,,,
2024,26,155,2721,,,,,,,,,,,,,,,,,,
2024,26,155,2722,,,,,,,,,,,,,,,,,,
2024,26,155,2723,,,,,,,,,,,,,,,,,,
2024,26,155,2724,,,,,,,,,,,,,,,,,,
2024,26,155,2725,,,,,,,,,,,,,,,,,,
2024,26,155,2726,,,,,,,,,,,,,,,,,,
2024,26,155,2727,,,,,,,,,,,,,,,,,,
2024,26,155,2728,,,,,,,,,,,,,,,,,,
2024,26,155,2729,,,,,,,,,,,,,,,,,,
2024,26,155,2730,,,,,,,,,,,,,,,,,,
2024,26,155,2731,,,,,,,,,,,,,,,,,,
2024,26,155,2732,,,,,,,,,,,,,,,,,,
2024,26,155,2733,,,,,,,,,,,,,,,,,,
2024,26,155,2734,,,,,,,,,,,,,,,,,,
2024,26,155,2735,,,,,,,,,,,,,,,,,,
2024,26,155,2736,,,,,,,,,,,,,,,,,,
2024,20,156,2737,,0,,0,0,0,0,0,0,0,,0,,0,0,0,,
2024,20,156,2738,,0,,0,0,0,0,0,,0,,0,0,0,0,0,,
2024,20,156,2739,0,0,0,0,0,0,0,0,0,0,,0,0,0,0,0,,
2024,20,156,2740,0,0,0,0,0,0,0,0,0,0,,0,0,0,0,0,,
2024,26,157,2741,17,73,13,43,,,0,0,33,0,,0,11,0,0,12,49.0,
2024,26,157,2742,,18,,,0,0,0,0,,,,0,,0,0,,49.0,
2024,26,157,2743,14,19,,12,0,,0,0,12,,,0,0,0,0,,22.0,
2024,26,157,2744,,43,,24,0,,0,0,25,0,,0,,0,0,,29.0,
2024,30,158,2745,32,,18,,,,0,0,18,0,,0,,0,0,,19.0,
2024,30,158,2746,,,,0,0,0,0,0,,0,,0,0,0,0,,15.0,
2024,30,158,2747,,,,0,0,0,0,0,,0,,0,0,0,0,0,,
2024,30,158,2748,12,,,,0,0,0,0,,0,,0,,0,0,,,
2024,13,159,2749,,427,,155,0,78,,,26,0,0,0,117,0,,43,,
2024,13,159,2750,50,2962,50,717,0,858,52,13,65,0,0,0,37,0,494,379,,
2024,13,159,2751,113,2999,107,611,31,798,107,16,134,0,0,0,121,0,197,536,,
2024,13,159,2752,130,3760,124,720,86,958,81,25,101,0,0,0,267,0,248,351,12.0,
2024,13,159,2753,,,,,,,,,,,,,,,,,,
2024,13,159,2754,,,,,,,,,,,,,,,,,,
2024,13,159,2755,,,,,,,,,,,,,,,,,,
2024,13,159,2756,,,,,,,,,,,,,,,,,,
2024,13,159,2757,,,,,,,,,,,,,,,,,,
2024,13,159,2758,,,,,,,,,,,,,,,,,,
2024,23,160,2759,632,421,328,204,33,24,0,0,153,,,28,73,0,277,0,21.0,
2024,23,160,2760,676,956,372,445,26,121,0,0,305,,,45,75,0,391,0,39.0,
2024,23,160,2761,1561,1822,805,717,129,116,0,0,497,,,84,150,0,790,0,88.0,21.0
2024,23,160,2762,7305,5418,3750,2435,681,485,0,0,1924,19,,325,627,0,3290,0,339.0,82.0
2024,6,161,2763,93,220,15,38,0,,0,0,34,0,,,,0,0,,,
2024,6,161,2764,9279,29588,2692,10341,385,1406,0,0,9149,0,,2694,611,15,494,70,661.0,103.0
2024,6,161,2765,32892,1114265,29244,222284,1124,36508,1211,29244,1205,32057,10391,0,2758,0,64856,109806,1885.0,252.0
2024,6,161,2766,24275,821564,21649,180547,706,26599,1345,21649,947,23071,7000,0,923,0,53121,94140,1563.0,224.0
2024,6,161,2767,3264,94360,2964,16483,150,4090,135,2964,118,2822,781,0,53,0,5824,6750,151.0,15.0
2024,6,161,2768,7678,225747,7058,42894,400,8164,252,7058,261,5327,3095,0,177,0,13049,20733,617.0,90.0
2024,6,161,2769,5097,134297,4589,23471,159,4309,85,4589,147,4712,914,0,117,0,7371,10125,226.0,29.0
2024,6,161,2770,1949,65430,1754,9791,83,2196,136,1754,95,1610,578,0,30,0,3070,4272,104.0,13.0
2024,6,161,2771,5581,127616,5022,23110,212,4904,119,5022,215,2648,1280,0,451,0,8343,10054,206.0,31.0
2024,6,161,2772,3376,86774,3074,17103,133,2647,54,3074,105,2538,1518,0,65,0,5665,7158,263.0,39.0
2024,6,161,2773,19398,562059,17759,108298,759,21693,626,17759,688,15256,4830,0,748,0,33400,52750,1655.0,251.0
2024,6,161,2774,10464,261389,9634,57029,286,10530,336,9634,396,8031,5347,0,323,0,18243,24353,848.0,164.0
2024,6,161,2775,,,,,,,,,,,,,,,,,,
2024,6,161,2776,,,,,,,,,,,,,,,,,,
2024,6,161,2777,,,,,,,,,,,,,,,,,,
2024,6,161,2778,,,,,,,,,,,,,,,,,,
2024,6,161,2779,,,,,,,,,,,,,,,,,,
2024,6,161,2780,,,,,,,,,,,,,,,,,,
2024,6,161,2781,,,,,,,,,,,,,,,,,,
2024,6,161,2782,,,,,,,,,,,,,,,,,,
2024,6,161,2783,,,,,,,,,,,,,,,,,,
2024,6,161,2784,,,,,,,,,,,,,,,,,,
2024,6,161,2785,,,,,,,,,,,,,,,,,,
2024,6,161,2786,,,,,,,,,,,,,,,,,,
2024,6,161,2787,,,,,,,,,,,,,,,,,,
2024,6,161,2788,,,,,,,,,,,,,,,,,,
2024,6,161,2789,,,,,,,,,,,,,,,,,,
2024,6,161,2790,,,,,,,,,,,,,,,,,,
2024,6,162,2791,1184,3803,577,1187,110,294,0,856,431,,,147,67,,166,754,89.0,12.0
2024,6,162,2792,761,3454,331,1058,59,202,0,501,352,,,97,124,0,111,705,87.0,12.0
2024,6,162,2793,0,20,0,,0,0,0,0,,0,,0,0,0,0,0,,
2024,6,162,2794,0,21,0,0,0,0,0,0,0,0,,0,0,0,0,0,,
2024,6,162,2795,929,3442,366,1024,93,266,0,544,640,0,,44,131,0,128,384,101.0,16.0
2024,18,163,2796,364,576,52,83,,,0,0,0,0,,0,51,0,0,162,21.0,
2024,18,163,2797,277,593,51,116,,11,0,0,0,0,,0,46,0,0,164,16.0,
2024,18,163,2798,,,,,,,,,,,,,,,,,,
2024,8,164,2799,,,,,,,,,,,,,,,,,,
2024,8,164,2800,,,,,,,,,,,,,,,,,,
2024,8,164,2801,,,,,,,,,,,,,,,,,,
2024,8,164,2802,,,,,,,,,,,,,,,,,,
2024,8,164,2803,,,,,,,,,,,,,,,,,,
2024,8,164,2804,,,,,,,,,,,,,,,,,,
2024,8,164,2805,,,,,,,,,,,,,,,,,,
2024,8,164,2806,,,,,,,,,,,,,,,,,,
2024,8,164,2807,,,,,,,,,,,,,,,,,,
2024,8,164,2808,,,,,,,,,,,,,,,,,,
2024,8,164,2809,,,,,,,,,,,,,,,,,,
2024,8,164,2810,,,,,,,,,,,,,,,,,,
2024,8,164,2811,,,,,,,,,,,,,,,,,,
2024,8,164,2812,,,,,,,,,,,,,,,,,,
2024,8,164,2813,,,,,,,,,,,,,,,,,,
2024,8,164,2814,,,,,,,,,,,,,,,,,,
2024,8,164,2815,,,,,,,,,,,,,,,,,,
2024,3,165,2816,357,35514,143,5917,0,1125,514,143,52,0,0,2332,433,0,1413,3477,40.0,
2024,3,165,2817,6487,519004,2665,83189,30,13586,5434,2636,280,20,0,28465,8466,,22503,47738,619.0,79.0
2024,3,165,2818,179,15014,45,2641,0,336,121,45,,0,0,693,85,0,863,1669,15.0,
2024,3,165,2819,1262,171654,372,27496,12,5201,1841,365,160,11,0,10091,3329,,6827,15753,339.0,49.0
2024,3,165,2820,400,24960,120,3875,0,565,167,120,,,0,1293,319,,1010,2341,45.0,
2024,3,165,2821,,,,,,,,,,,,,,,,,,
2024,13,166,2822,,,,,,,,,,,,,,,,,,
2024,13,166,2823,,,,,,,,,,,,,,,,,,
2024,13,166,2824,,,,,,,,,,,,,,,,,,
2024,14,167,2825,1226,4063,369,1009,,0,0,25,990,55,,13,281,0,0,336,143.0,36.0
2024,14,167,2826,1385,4725,430,1584,0,0,0,40,1177,12,,70,316,0,0,880,71.0,25.0
2024,6,168,2827,,,,,,,,,,,,,,,,,,
2024,6,168,2828,,,,,,,,,,,,,,,,,,
2024,6,168,2829,,,,,,,,,,,,,,,,,,
2024,6,168,2830,,,,,,,,,,,,,,,,,,
2024,6,168,2831,,,,,,,,,,,,,,,,,,
2024,6,168,2832,,,,,,,,,,,,,,,,,,
2024,6,168,2833,,,,,,,,,,,,,,,,,,
2024,6,168,2834,,,,,,,,,,,,,,,,,,
2024,6,168,2835,,,,,,,,,,,,,,,,,,
2024,6,168,2836,,,,,,,,,,,,,,,,,,
2024,6,168,2837,,,,,,,,,,,,,,,,,,
2024,6,168,2838,,,,,,,,,,,,,,,,,,
2024,6,168,2839,,,,,,,,,,,,,,,,,,
2024,6,168,2840,,,,,,,,,,,,,,,,,,
2024,6,168,2841,,,,,,,,,,,,,,,,,,
2024,6,168,2842,,,,,,,,,,,,,,,,,,
2024,6,168,2843,,,,,,,,,,,,,,,,,,
2024,6,168,2844,,,,,,,,,,,,,,,,,,
2024,6,168,2845,,,,,,,,,,,,,,,,,,
2024,6,168,2846,,,,,,,,,,,,,,,,,,
2024,6,168,2847,,,,,,,,,,,,,,,,,,
2024,6,168,2848,,,,,,,,,,,,,,,,,,
2024,6,168,2849,,,,,,,,,,,,,,,,,,
2024,6,168,2850,,,,,,,,,,,,,,,,,,
2024,6,168,2851,,,,,,,,,,,,,,,,,,
2024,6,168,2852,,,,,,,,,,,,,,,,,,
2024,6,168,2853,,,,,,,,,,,,,,,,,,
2024,6,168,2854,,,,,,,,,,,,,,,,,,
2024,6,168,2855,,,,,,,,,,,,,,,,,,
2024,6,168,2856,,,,,,,,,,,,,,,,,,
2024,6,168,2857,,,,,,,,,,,,,,,,,,
2024,6,168,2858,,,,,,,,,,,,,,,,,,
2024,6,168,2859,,,,,,,,,,,,,,,,,,
2024,6,168,2860,,,,,,,,,,,,,,,,,,
2024,6,168,2861,,,,,,,,,,,,,,,,,,
2024,6,168,2862,,,,,,,,,,,,,,,,,,
2024,6,168,2863,,,,,,,,,,,,,,,,,,
2024,6,168,2864,,,,,,,,,,,,,,,,,,
2024,14,169,2865,,,,,,,,,,,,,,,,,,
2024,14,169,2866,,,,,,,,,,,,,,,,,,
2024,14,169,2867,,,,,,,,,,,,,,,,,,
2024,14,170,2868,500,3143,175,738,,37,,0,0,0,,127,147,0,73,556,49.0,11.0
2024,14,170,2869,595,4323,245,1167,20,25,12,0,638,0,,68,232,0,74,388,86.0,21.0
2024,30,171,2870,,,,,,,,,,,,,,,,,,
2024,30,171,2871,,,,,,,,,,,,,,,,,,
2024,30,171,2872,,,,,,,,,,,,,,,,,,
2024,30,171,2873,,,,,,,,,,,,,,,,,,
2024,30,171,2874,,,,,,,,,,,,,,,,,,
2024,30,171,2875,,,,,,,,,,,,,,,,,,
2024,30,171,2876,,,,,,,,,,,,,,,,,,
2024,30,171,2877,,,,,,,,,,,,,,,,,,
2024,30,171,2878,,,,,,,,,,,,,,,,,,
2024,30,171,2879,,,,,,,,,,,,,,,,,,
2024,30,171,2880,,,,,,,,,,,,,,,,,,
2024,30,171,2881,,,,,,,,,,,,,,,,,,
2024,18,172,2882,42,123,17,32,,0,0,0,20,,,0,12,0,0,13,34.0,
2024,18,172,2883,75,201,27,62,,,0,0,28,,,0,22,0,0,30,65.0,12.0
2024,18,172,2884,28,77,15,27,,,0,0,22,,,0,,0,0,,31.0,
2024,18,172,2885,57,135,21,26,,,0,0,20,,,0,,0,0,18,44.0,
2024,24,173,2886,1731,20660,1076,3551,21,945,420,1010,163,297,27,681,45,21,967,2636,82.0,
2024,24,173,2887,2436,39080,1563,6351,63,1710,1024,1695,126,707,37,1273,34,76,1549,4271,115.0,
2024,24,173,2888,2656,69226,1999,11694,216,3599,1246,2209,510,1555,86,1910,102,125,3455,8372,142.0,17.0
2024,24,173,2889,1718,33141,1021,4638,32,1293,466,818,172,404,47,846,51,54,1387,3234,71.0,
2024,24,173,2890,4260,77018,1793,11356,73,2627,1374,1654,387,894,67,2525,196,124,3434,6569,243.0,25.0
2024,24,173,2891,2776,69522,2086,11392,159,3012,1249,1824,356,1347,228,1859,105,153,2878,8589,140.0,17.0
2024,24,173,2892,3686,83511,1975,12106,103,3252,1415,1793,318,1324,199,2046,142,142,3511,8044,178.0,20.0
2024,24,173,2893,150,1315,107,162,14,32,15,120,,64,0,38,,0,27,102,,
2024,24,173,2894,335,4467,132,655,,136,51,114,27,65,,158,16,16,140,364,14.0,
2024,24,173,2895,27,996,14,119,,55,,11,,64,0,31,,,31,82,,
2024,24,173,2896,209,3744,114,485,0,136,71,159,83,50,13,83,,0,168,243,,
2024,24,173,2897,505,7160,221,861,,189,87,232,23,72,0,199,42,,321,477,25.0,
2024,24,173,2898,345,7826,258,1096,13,537,263,308,57,332,,241,,,285,832,13.0,
2024,24,173,2899,345,7548,185,963,,296,176,120,21,109,,193,36,,307,600,17.0,
2024,29,174,2900,18192,112819,15728,26365,4158,12238,2870,4388,3822,,0,1584,19868,,7364,5763,152.0,32.0
2024,29,174,2901,166,2761,139,684,16,494,54,60,61,0,0,31,87,0,514,159,,
2024,29,174,2902,38061,271615,28644,61320,7033,34929,10880,19349,15640,,,3003,13078,,21834,19414,730.0,94.0
2024,29,174,2903,50361,286397,41935,77231,11132,37558,11492,27139,17694,11,,3048,18804,12,20099,32996,1112.0,152.0
2024,29,174,2904,516,5749,448,1038,126,802,129,103,160,0,0,102,485,0,395,339,,
2024,29,174,2905,42,1525,15,316,,220,72,25,51,0,0,32,79,0,61,69,,
2024,29,174,2906,29,340,19,41,,34,,11,15,0,0,,,0,14,12,,
2024,29,174,2907,,,,,,,,,,,,,,,,,,
2024,29,174,2908,,,,,,,,,,,,,,,,,,
2024,29,174,2909,,,,,,,,,,,,,,,,,,
2024,29,174,2910,,,,,,,,,,,,,,,,,,
2024,29,174,2911,4091,62465,2668,12274,316,6133,1313,2195,2017,,0,909,3039,0,4327,2879,97.0,15.0
2024,29,174,2912,160,2811,141,382,23,173,60,124,42,0,0,15,92,0,148,90,,
2024,29,174,2913,2223,37792,1460,7306,270,3741,1094,1173,1373,0,0,490,1118,0,2701,2007,66.0,
2024,29,174,2914,2348,35051,1562,6716,169,3811,904,1328,1102,0,0,493,1521,0,2868,1367,83.0,15.0
2024,29,174,2915,635,9270,400,1802,50,1187,285,376,286,0,0,144,326,0,638,539,13.0,
2024,29,174,2916,330,4725,218,1170,31,624,230,108,261,0,0,92,188,0,410,244,,
2024,29,174,2917,83,316,64,76,11,28,23,55,,0,0,,,0,48,,,
2024,29,174,2918,,,,,,,,,,,,,,,,,,
2024,29,174,2919,,,,,,,,,,,,,,,,,,
2024,29,174,2920,,,,,,,,,,,,,,,,,,
2024,29,174,2921,,,,,,,,,,,,,,,,,,
2024,8,175,2922,,,,,,,,,,,,,,,,,,
2024,8,175,2923,,,,,,,,,,,,,,,,,,
2024,8,175,2924,,,,,,,,,,,,,,,,,,
2024,8,175,2925,,,,,,,,,,,,,,,,,,
2024,20,176,2926,1705,23821,1331,6106,733,733,1974,0,134,396,35,,563,11,251,4499,75.0,11.0
2024,20,176,2927,1954,17827,1232,4253,748,748,1512,0,140,197,14,16,403,,214,3195,55.0,
2024,20,176,2928,1360,16440,907,4359,385,385,1478,0,147,275,39,,220,,209,3192,32.0,
2024,20,176,2929,696,12800,427,3689,533,533,1028,0,75,248,21,,369,,228,2391,16.0,
2024,20,176,2930,6081,57937,3338,15041,1420,1420,5315,0,541,989,97,13,857,12,1107,10497,136.0,20.0
2024,20,176,2931,2427,26208,1571,6416,798,798,2593,0,131,591,29,,403,,390,4458,68.0,
2024,20,176,2932,3376,36404,1832,9974,849,849,4072,0,403,751,38,,792,13,307,6187,57.0,
2024,20,176,2933,257,6330,210,1753,138,138,774,0,128,168,28,0,64,,54,942,,
2024,20,176,2934,,,,,,,,,,,,,,,,,,
2024,20,176,2935,,,,,,,,,,,,,,,,,,
2024,20,176,2936,,,,,,,,,,,,,,,,,,
2024,20,176,2937,,,,,,,,,,,,,,,,,,
2024,20,176,2938,,,,,,,,,,,,,,,,,,
2024,20,176,2939,,,,,,,,,,,,,,,,,,
2024,20,176,2940,,,,,,,,,,,,,,,,,,
2024,20,176,2941,,,,,,,,,,,,,,,,,,
2024,20,176,2942,,,,,,,,,,,,,,,,,,
2024,20,176,2943,,,,,,,,,,,,,,,,,,
2024,13,177,2944,48,1221,44,295,33,106,27,0,26,0,0,,97,0,221,,,
2024,13,177,2945,179,5892,123,1380,43,418,82,0,157,0,0,62,194,0,1205,75,15.0,
2024,13,177,2946,491,17241,380,3778,121,1687,182,,433,0,0,152,786,0,3156,271,45.0,
2024,13,177,2947,237,6329,154,1434,40,549,77,,257,0,0,58,254,0,1131,100,,
2024,13,177,2948,223,3055,213,531,43,240,45,,78,0,0,40,135,0,565,45,,
2024,13,177,2949,,1010,,242,0,69,12,,20,0,0,,18,0,211,18,,
2024,13,177,2950,240,3702,217,909,112,431,70,0,115,0,0,67,254,0,700,44,,
2024,13,177,2951,274,4641,258,1130,87,631,84,,194,0,0,74,309,0,957,110,14.0,
2024,13,177,2952,,,,,,,,,,,,,,,,,,
2024,13,177,2953,,,,,,,,,,,,,,,,,,
2024,13,177,2954,,170,,16,0,,0,0,0,0,0,0,13,0,25,,,
2024,13,177,2955,555,14923,419,3291,65,1471,190,23,553,0,0,148,666,0,2940,350,54.0,
2024,13,177,2956,200,4169,197,1175,36,384,38,,39,0,0,143,398,0,905,139,,
2024,13,177,2957,78,2814,62,615,15,368,118,0,36,0,0,19,86,0,506,62,,
2024,13,177,2958,651,15221,523,3393,48,1476,206,30,471,0,0,149,737,0,2841,264,47.0,
2024,13,177,2959,23,753,12,295,,51,78,0,,0,0,,33,0,186,,,
2024,13,177,2960,24,1247,17,164,,90,,0,16,0,0,11,29,0,148,,,
2024,13,177,2961,421,8784,386,1947,95,966,76,17,243,0,0,74,679,0,1451,141,28.0,
2024,13,177,2962,,,,,,,,,,,,,,,,,,
2024,13,177,2963,,,,,,,,,,,,,,,,,,
2024,13,177,2964,77,1481,35,335,11,85,,,22,0,0,,110,0,296,17,,
2024,13,177,2965,4282,103980,3483,24075,664,9932,1436,263,2828,0,0,1867,4652,,19355,2471,336.0,43.0
2024,13,177,2966,370,10539,215,2371,58,1090,110,,223,0,0,175,345,0,2182,232,14.0,
2024,13,177,2967,723,11159,613,3000,170,1239,192,,343,0,0,255,864,0,2692,298,17.0,
2024,13,177,2968,2126,69018,1572,16569,488,6242,1218,203,1927,0,0,1092,3272,,11367,1305,221.0,31.0
2024,13,177,2969,88,3546,51,1022,,323,54,0,109,0,0,38,151,0,855,48,,
2024,13,177,2970,713,10319,648,2914,122,1178,313,,233,0,0,156,814,0,2411,229,12.0,
2024,13,177,2971,1009,33368,760,7230,156,3029,550,,992,0,0,634,1563,0,5135,696,120.0,16.0
2024,13,177,2972,,,,,,,,,,,,,,,,,,
2024,13,177,2973,,,,,,,,,,,,,,,,,,
2024,4,178,2974,1204,2950,396,1146,71,209,0,0,734,35,,131,138,0,504,0,72.0,12.0
2024,4,178,2975,1601,2629,496,898,197,213,0,0,600,,,128,115,0,549,0,71.0,11.0
2024,4,178,2976,749,1070,331,413,56,36,0,0,385,,,110,27,0,218,0,28.0,
2024,4,178,2977,215,522,53,207,,64,0,0,108,0,,24,45,0,83,0,,
2024,4,178,2978,5098,8424,1766,3184,348,500,0,0,2831,,,261,453,0,1395,0,294.0,64.0
2024,4,179,2979,,457,,65,0,51,74,,0,0,0,0,0,0,0,0,,
2024,4,179,2980,14,425,14,171,0,109,185,14,0,0,0,0,0,0,0,0,,
2024,4,179,2981,0,76,0,0,0,21,0,0,0,0,0,0,0,0,0,0,,
2024,4,179,2982,30,3004,30,297,0,337,323,30,,0,0,0,,0,0,,,
2024,4,179,2983,11,620,11,128,,36,139,11,0,0,0,0,0,0,0,0,,
2024,4,179,2984,84,4012,84,847,,461,931,84,0,0,0,0,0,0,0,0,,
2024,4,179,2985,28,577,28,136,,21,138,28,26,0,0,0,26,0,0,26,,
2024,4,179,2986,105,2803,105,486,,380,591,105,0,0,0,0,0,0,0,0,,
2024,4,179,2987,1371,40888,1349,5234,145,4785,6456,1349,124,0,0,0,124,0,0,124,170.0,20.0
2024,4,179,2988,432,13941,432,3253,55,1887,3655,432,30,0,0,0,30,0,0,30,46.0,
2024,4,179,2989,68,1381,68,313,,192,376,68,,0,0,0,,0,0,,,
2024,4,179,2990,12,572,12,97,0,68,109,12,0,0,0,0,0,0,0,0,,
2024,4,179,2991,12,497,12,98,0,62,110,12,0,0,0,0,0,0,0,0,,
2024,4,179,2992,460,13612,439,1777,23,1641,2171,439,45,0,0,0,45,0,0,45,74.0,
2024,4,179,2993,94,3929,93,744,,508,837,93,0,0,0,0,0,0,0,0,12.0,
2024,4,179,2994,13,529,13,75,0,57,86,13,,0,0,0,,0,0,,,
2024,4,179,2995,78,1147,78,137,,200,215,78,0,0,0,0,0,0,0,0,,
2024,4,179,2996,0,649,0,157,0,56,157,0,0,0,0,0,0,0,0,0,,
2024,4,179,2997,,431,,143,0,54,152,,0,0,0,0,0,0,0,0,,
2024,4,179,2998,23,1026,23,137,,132,156,23,,0,0,0,,0,0,,,
2024,4,179,2999,634,6627,626,800,17,794,1405,626,21,0,0,0,21,0,0,21,21.0,
2024,4,179,3000,116,3091,112,314,16,331,409,112,17,0,0,0,17,0,0,17,13.0,
2024,4,179,3001,1493,29957,1493,4465,100,3347,5932,1493,26,0,0,0,26,0,0,26,77.0,11.0
2024,4,179,3002,112,2943,112,550,25,451,626,112,36,0,0,0,36,0,0,36,,
2024,4,179,3003,687,14012,679,3488,25,1433,4125,679,42,0,0,0,42,0,0,42,60.0,
2024,4,179,3004,367,10013,363,1717,,1135,2072,363,,0,0,0,,0,0,,26.0,
2024,4,179,3005,1676,30322,1673,4207,102,3404,5858,1673,19,0,0,0,19,0,0,19,145.0,18.0
2024,4,179,3006,270,3313,270,389,13,359,628,270,31,0,0,0,31,0,0,31,13.0,
2024,4,179,3007,438,8835,434,1046,,1077,1474,434,,0,0,0,,0,0,,28.0,
2024,4,179,3008,92,705,92,133,,153,225,92,0,0,0,0,0,0,0,0,,
2024,4,179,3009,551,5449,496,1318,17,540,1810,496,,0,0,0,,0,0,,28.0,
2024,4,179,3010,201,3711,201,629,23,404,813,201,17,0,0,0,17,0,0,17,,
2024,4,179,3011,237,5208,236,595,,600,830,236,,0,0,0,,0,0,,31.0,
2024,4,179,3012,1160,8182,1151,1524,135,983,2675,1151,0,0,0,0,0,0,0,0,18.0,
2024,4,179,3013,3917,37691,3880,6686,263,4682,10473,3880,93,0,0,0,93,0,0,93,157.0,22.0
2024,4,179,3014,3098,29721,3034,5317,384,3696,8328,3034,23,0,0,0,23,0,0,23,89.0,12.0
2024,4,179,3015,1242,18215,1239,2522,57,2158,3733,1239,28,0,0,0,28,0,0,28,63.0,
2024,4,179,3016,662,5433,654,910,30,635,1564,654,0,0,0,0,0,0,0,0,27.0,
2024,4,179,3017,350,2855,328,550,,229,854,328,24,0,0,0,24,0,0,24,,
2024,4,179,3018,81,597,81,96,,90,117,81,60,0,0,0,60,0,0,60,,
2024,4,179,3019,18,584,17,73,0,54,90,17,0,0,0,0,0,0,0,0,,
2024,4,179,3020,1321,39992,1294,5200,67,4341,6361,1294,133,0,0,0,133,0,0,133,196.0,21.0
2024,4,179,3021,573,10436,571,2128,,1283,2691,571,,0,0,0,,0,0,,39.0,
2024,4,179,3022,486,8912,486,1032,33,956,1411,486,107,0,0,0,107,0,0,107,37.0,
2024,4,179,3023,781,20426,779,2601,28,2119,3339,779,38,0,0,0,38,0,0,38,87.0,
2024,4,179,3024,56,1138,56,219,0,71,272,56,,0,0,0,,0,0,,,
2024,4,179,3025,522,9956,492,2674,28,970,3165,492,,0,0,0,,0,0,,54.0,
2024,4,179,3026,185,7355,185,1288,17,930,1462,185,11,0,0,0,11,0,0,11,38.0,
2024,4,179,3027,1917,23531,1900,3222,173,2534,5059,1900,64,0,0,0,64,0,0,64,129.0,18.0
2024,4,179,3028,49,2745,49,601,0,421,650,49,0,0,0,0,0,0,0,0,,
2024,4,179,3029,19,843,19,201,,72,215,19,,0,0,0,,0,0,,,
2024,4,179,3030,287,2234,287,303,15,241,590,287,0,0,0,0,0,0,0,0,11.0,
2024,4,179,3031,1362,47752,1360,5780,67,5413,7118,1360,19,0,0,0,19,0,0,19,140.0,16.0
2024,4,179,3032,599,17022,598,3658,20,2007,4218,598,38,0,0,0,38,0,0,38,42.0,
2024,4,179,3033,110,3198,110,400,12,343,481,110,29,0,0,0,29,0,0,29,,
2024,4,179,3034,1328,26193,1328,3851,73,3153,5161,1328,18,0,0,0,18,0,0,18,51.0,
2024,4,179,3035,21,605,21,104,0,35,115,21,,0,0,0,,0,0,,,
2024,4,179,3036,1657,16939,1542,4278,120,2098,5808,1542,12,0,0,0,12,0,0,12,70.0,11.0
2024,4,179,3037,73,5834,73,1031,,484,1088,73,16,0,0,0,16,0,0,16,15.0,
2024,4,179,3038,4741,24952,4672,4269,202,2956,8845,4672,96,0,0,0,96,0,0,96,108.0,16.0
2024,4,179,3039,17,301,17,76,0,121,93,17,0,0,0,0,0,0,0,0,,
2024,4,179,3040,0,0,0,0,0,0,0,0,0,0,0,0,0,0,0,0,,
2024,4,179,3041,,15,,0,0,,,,0,0,0,0,0,0,0,0,,
2024,4,179,3042,119,1585,117,219,,112,335,117,,0,0,0,,0,0,,,
2024,4,179,3043,,491,,115,,49,117,,,0,0,0,,0,0,,,
2024,4,179,3044,,301,,43,0,15,48,,0,0,0,0,0,0,0,0,,
2024,4,179,3045,21,750,21,67,,80,88,21,0,0,0,0,0,0,0,0,,
2024,4,179,3046,86,292,86,84,0,51,170,86,0,0,0,0,0,0,0,0,,
2024,4,179,3047,234,882,234,210,17,93,444,234,0,0,0,0,0,0,0,0,,
2024,4,179,3048,,227,,40,0,,42,,0,0,0,0,0,0,0,0,,
2024,4,179,3049,116,2716,115,453,,343,568,115,0,0,0,0,0,0,0,0,,
2024,4,179,3050,775,7806,767,1480,48,911,2239,767,,0,0,0,,0,0,,15.0,
2024,4,179,3051,,499,,64,0,53,73,,0,0,0,0,0,0,0,0,,
2024,4,179,3052,,314,,53,0,32,59,,0,0,0,0,0,0,0,0,,
2024,4,179,3053,,362,,69,0,79,74,,0,0,0,0,0,0,0,0,,
2024,4,179,3054,0,0,0,0,0,0,0,0,0,0,0,0,0,0,0,0,,
2024,4,179,3055,,188,,33,0,27,35,,0,0,0,0,0,0,0,0,,
2024,4,179,3056,,405,,120,0,65,125,,0,0,0,0,0,0,0,0,,
2024,4,179,3057,31,251,31,18,,49,49,31,0,0,0,0,0,0,0,0,,
2024,4,179,3058,1335,5619,1334,1263,115,709,2583,1334,14,0,0,0,14,0,0,14,34.0,
2024,4,179,3059,56,1134,56,170,,145,226,56,0,0,0,0,0,0,0,0,,
2024,4,179,3060,39,1550,39,169,,167,208,39,0,0,0,0,0,0,0,0,,
2024,4,179,3061,1466,40866,1461,5131,96,3847,6541,1461,48,0,0,0,48,0,0,48,198.0,25.0
2024,4,179,3062,796,27734,795,3900,40,3139,4614,795,81,0,0,0,81,0,0,81,160.0,18.0
2024,4,179,3063,,344,,61,0,67,69,,0,0,0,0,0,0,0,0,,
2024,4,179,3064,4531,38105,4529,10875,470,4476,15382,4529,22,0,0,0,22,0,0,22,141.0,23.0
2024,4,179,3065,319,8118,319,1818,,1127,2135,319,,0,0,0,,0,0,,42.0,
2024,4,179,3066,,316,,28,0,53,30,,0,0,0,0,0,0,0,0,,
2024,4,179,3067,91,983,91,70,19,145,161,91,0,0,0,0,0,0,0,0,,
2024,4,179,3068,35,1248,35,79,0,144,114,35,0,0,0,0,0,0,0,0,,
2024,4,179,3069,12,589,12,57,0,71,69,12,0,0,0,0,0,0,0,0,,
2024,4,179,3070,2733,17223,2726,2561,151,2043,5281,2726,,0,0,0,,0,0,,35.0,11.0
2024,4,179,3071,310,10662,308,1502,24,1283,1795,308,15,0,0,0,15,0,0,15,61.0,
2024,4,179,3072,0,69,0,30,0,,30,0,0,0,0,0,0,0,0,0,,
2024,4,179,3073,16,300,16,69,0,28,85,16,0,0,0,0,0,0,0,0,,
2024,4,179,3074,,717,,133,0,91,134,,,0,0,0,,0,0,,,
2024,4,179,3075,0,216,0,11,0,14,11,0,0,0,0,0,0,0,0,0,,
2024,4,179,3076,4088,32037,4076,6882,466,3894,10908,4076,50,0,0,0,50,0,0,50,232.0,32.0
2024,4,179,3077,444,9047,444,2395,26,1029,2810,444,29,0,0,0,29,0,0,29,54.0,
2024,4,179,3078,,100,,,0,32,12,,0,0,0,0,0,0,0,0,,
2024,4,179,3079,122,2012,122,371,,229,493,122,0,0,0,0,0,0,0,0,,
2024,4,179,3080,87,3067,87,718,,314,805,87,0,0,0,0,0,0,0,0,18.0,
2024,4,179,3081,209,2598,208,330,54,335,538,208,0,0,0,0,0,0,0,0,,
2024,4,179,3082,235,3902,235,546,,458,779,235,,0,0,0,,0,0,,13.0,
2024,4,179,3083,387,2908,384,452,19,428,828,384,,0,0,0,,0,0,,16.0,
2024,4,179,3084,1067,6562,1051,934,46,877,1965,1051,20,0,0,0,20,0,0,20,20.0,
2024,4,179,3085,2246,15185,2227,2431,238,2300,4658,2227,0,0,0,0,0,0,0,0,57.0,
2024,4,179,3086,508,3797,504,513,79,554,994,504,23,0,0,0,23,0,0,23,29.0,
2024,4,179,3087,66,10035,66,57,0,2266,85,66,38,0,0,0,38,0,0,38,294.0,48.0
2024,4,179,3088,52,1390,52,70,12,242,89,52,33,0,0,0,33,0,0,33,35.0,
2024,4,179,3089,590,5032,589,132,34,832,396,589,325,0,0,0,325,0,0,325,172.0,22.0
2024,4,179,3090,,,,,,,,,,,,,,,,,,
2024,4,179,3091,35,2333,35,78,0,384,89,35,24,0,0,0,24,0,0,24,70.0,
2024,4,179,3092,285,15251,285,129,41,3389,281,285,133,0,0,0,133,0,0,133,495.0,76.0
2024,4,179,3093,1120,58745,1115,814,61,13559,1708,1115,221,0,0,0,221,0,0,221,1949.0,324.0
2024,2,180,3094,27407,81922,3457,19294,159,8903,3803,2092,3663,3059,71,1917,3364,0,7298,1841,485.0,100.0
2024,2,180,3095,13879,50802,2349,10731,67,4292,2790,1832,2190,2407,80,966,1380,0,2596,1645,129.0,32.0
2024,2,180,3096,9942,29677,1434,6888,66,3502,1507,809,1157,1258,73,678,1380,0,2489,677,179.0,40.0
2024,2,180,3097,389427,1142024,61130,235133,1905,130994,50726,40130,45620,44333,891,22952,32607,0,81237,33791,3657.0,641.0
2024,2,180,3098,285,1652,59,344,,14,114,27,49,91,,25,23,0,143,31,,
2024,2,180,3099,43396,113759,6609,30543,252,18643,5496,3873,5475,4671,146,2439,7074,0,12623,2628,677.0,161.0
2024,2,180,3100,,,,,,,,,,,,,,,,,,
2024,2,180,3101,,,,,,,,,,,,,,,,,,
2024,2,180,3102,,,,,,,,,,,,,,,,,,
2024,2,180,3103,,,,,,,,,,,,,,,,,,
2024,2,180,3104,3817,15128,694,3269,18,800,836,581,781,672,89,253,449,0,603,478,39.0,11.0
2024,2,180,3105,9151,33117,1750,7640,42,3270,2276,1348,1608,1907,105,871,787,0,1734,1009,63.0,18.0
2024,2,180,3106,,,,,,,,,,,,,,,,,,
2024,2,180,3107,1901,4874,382,947,,181,211,288,213,199,,89,95,0,323,120,16.0,
2024,2,180,3108,131,887,16,231,0,,85,25,34,85,0,,50,0,28,34,,
2024,2,180,3109,1705,5435,346,1185,,436,312,259,269,295,12,60,159,0,376,150,16.0,
2024,2,180,3110,,,,,,,,,,,,,,,,,,
2024,2,180,3111,,,,,,,,,,,,,,,,,,
2024,2,180,3112,,,,,,,,,,,,,,,,,,
2024,6,181,3113,368,5401,189,1146,48,690,217,113,72,589,60,391,160,57,327,243,12.0,
2024,6,181,3114,28622,291529,12553,67487,3451,47752,20068,6821,2374,40986,4253,19658,6594,3560,24526,15567,937.0,155.0
2024,6,181,3115,198,1501,94,484,21,236,142,72,19,209,34,203,38,15,112,56,,
2024,6,181,3116,2195,24053,1001,5842,279,3923,1894,544,266,3766,260,1719,411,260,2037,1102,59.0,
2024,6,181,3117,13211,94213,6153,23544,1781,16377,5875,3701,927,13470,1409,5959,3573,1437,9370,5066,981.0,161.0
2024,6,181,3118,23874,136009,9214,32503,2445,25347,12629,4922,1176,21637,2652,8895,2670,1544,12255,7995,782.0,166.0
2024,6,181,3119,,,,,,,,,,,,,,,,,,
2024,6,181,3120,,,,,,,,,,,,,,,,,,
2024,6,181,3121,,,,,,,,,,,,,,,,,,
2024,6,181,3122,157,1829,47,456,16,306,72,32,,228,52,125,92,24,135,62,,
2024,6,181,3123,9236,123081,4445,27939,1192,19637,7357,2624,953,18590,1332,8250,2273,1695,9762,5825,335.0,57.0
2024,6,181,3124,,,,,,,,,,,,,,,,,,
2024,6,181,3125,,,,,,,,,,,,,,,,,,
2024,6,181,3126,,,,,,,,,,,,,,,,,,
2024,6,181,3127,39362,551386,19670,121216,5071,84126,27162,11864,4190,72334,3990,38743,10095,8156,40480,25621,1696.0,271.0
2024,6,181,3128,,,,,,,,,,,,,,,,,,
2024,6,181,3129,,,,,,,,,,,,,,,,,,
2024,6,181,3130,,,,,,,,,,,,,,,,,,
2024,6,181,3131,,,,,,,,,,,,,,,,,,
2024,6,181,3132,,,,,,,,,,,,,,,,,,
2024,6,181,3133,,,,,,,,,,,,,,,,,,
2024,6,181,3134,,,,,,,,,,,,,,,,,,
2024,9,182,3135,7943,127853,5924,21552,917,11163,4097,3800,4857,,,1689,3912,0,7615,5093,360.0,33.0
2024,9,182,3136,44279,600441,35398,111948,6006,61057,16279,13042,21314,14,0,,39030,,29157,31437,1013.0,146.0
2024,9,182,3137,1313,21407,1061,4184,122,2632,593,527,163,0,0,393,1035,0,1484,1234,27.0,
2024,9,182,3138,38560,600533,28485,118769,6628,25122,19993,14935,26340,12,,11335,22312,,33514,35308,1170.0,160.0
2024,9,182,3139,56302,661777,42578,119646,7496,60372,18959,23886,26169,26,0,9783,31365,0,33472,33815,2158.0,319.0
2024,9,182,3140,12933,127858,9902,23467,1708,11499,3866,5116,5328,,0,1682,7656,0,6360,6510,490.0,77.0
2024,9,182,3141,3664,82329,2456,17398,669,10946,3121,1338,2771,,0,2978,1924,0,3628,5134,99.0,12.0
2024,9,182,3142,244,5649,172,962,47,464,174,115,163,0,0,129,81,0,356,217,,
2024,9,182,3143,,,,,,,,,,,,,,,,,,
2024,9,182,3144,,,,,,,,,,,,,,,,,,
2024,9,182,3145,,,,,,,,,,,,,,,,,,
2024,9,182,3146,,,,,,,,,,,,,,,,,,
2024,9,182,3147,12746,357230,8054,59455,1299,32505,8758,6282,12099,27,0,5754,9351,,16990,15839,666.0,84.0
2024,9,182,3148,498,12602,313,2657,33,1213,383,262,843,0,0,191,461,0,768,510,18.0,
2024,9,182,3149,12862,275320,8013,49112,1488,27013,7796,6466,10225,14,0,4552,7325,,15570,12018,521.0,72.0
2024,9,182,3150,13806,278956,8617,48319,1350,24911,7599,6913,9719,,,3794,8630,0,16171,11092,889.0,124.0
2024,9,182,3151,2897,67463,1914,11178,281,5708,1942,1502,2143,,,795,2223,0,3952,2179,215.0,31.0
2024,9,182,3152,3204,72004,2049,13863,526,8352,2595,1406,3106,,0,1827,1319,0,3318,3780,109.0,14.0
2024,9,182,3153,499,5716,175,1293,58,605,197,118,299,0,0,171,218,0,358,244,,
2024,9,182,3154,,,,,,,,,,,,,,,,,,
2024,9,182,3155,,,,,,,,,,,,,,,,,,
2024,9,182,3156,,,,,,,,,,,,,,,,,,
2024,16,183,3157,5800,52844,4806,10742,293,6222,2208,5056,2618,,,0,4303,0,1421,4139,63.0,14.0
2024,16,183,3158,672,9236,538,2040,36,1233,526,611,593,,0,0,641,0,258,901,11.0,
2024,16,183,3159,,,,,,,,,,,,,,,,,,
2024,16,183,3160,5241,60255,4088,12102,242,6749,2449,4398,2992,0,0,0,4353,,1784,5020,68.0,14.0
2024,16,183,3161,15649,103385,10937,21571,871,12080,4885,12279,5152,,0,0,4868,0,5131,10725,297.0,59.0
2024,16,183,3162,99131,489810,61876,105068,6048,62128,21011,68610,24327,16,,0,14556,,25693,58556,1860.0,457.0
2024,16,183,3163,1302,10969,1034,1823,36,1529,601,1090,919,0,0,0,257,0,405,751,19.0,
2024,16,183,3164,,,,,,,,,,,,,,,,,,
2024,16,183,3165,,,,,,,,,,,,,,,,,,
2024,16,183,3166,,,,,,,,,,,,,,,,,,
2024,16,183,3167,,,,,,,,,,,,,,,,,,
2024,16,183,3168,,,,,,,,,,,,,,,,,,
2024,16,183,3169,,,,,,,,,,,,,,,,,,
2024,16,184,3170,,,,,,,,,,,,,,,,,,
2024,16,184,3171,,,,,,,,,,,,,,,,,,
2024,16,184,3172,,,,,,,,,,,,,,,,,,
2024,16,184,3173,,,,,,,,,,,,,,,,,,
2024,6,185,3174,97,3458,65,592,0,242,12,12,,0,0,,0,0,217,409,,
2024,6,185,3175,1036,45482,737,8247,,2745,185,334,19,0,0,93,,0,2648,5698,53.0,
2024,6,185,3176,582,20227,430,3639,,1126,127,316,,0,0,26,,0,859,2728,42.0,
2024,6,185,3177,6352,389350,4532,69069,,12495,1423,1983,750,,0,802,95,0,18867,49680,436.0,48.0
2024,6,185,3178,1085,28070,758,5582,0,301,125,173,77,0,0,62,,0,1649,4250,26.0,
2024,6,185,3179,32721,1588300,24295,268278,117,10650,6601,11851,2946,11,0,3729,458,,89957,177017,1502.0,169.0
2024,6,185,3180,951,31476,744,5254,0,177,131,236,87,0,0,64,0,0,2354,3126,44.0,
2024,6,185,3181,2030,106279,1549,18562,,6624,449,663,85,,0,246,13,0,5387,13267,134.0,16.0
2024,6,185,3182,839,24332,532,4338,0,1374,78,122,33,0,0,60,,0,1478,3097,29.0,
2024,6,185,3183,5038,183652,4131,34106,,11824,667,2600,222,,0,388,77,0,8999,25283,395.0,49.0
2024,6,185,3184,2953,66238,2545,12730,,4477,488,1699,124,,0,123,11,0,3466,9363,247.0,29.0
2024,6,185,3185,472,21407,340,3668,0,1211,152,273,11,0,0,50,0,0,952,2570,50.0,
2024,6,185,3186,1245,33268,1062,6052,,2190,160,400,47,0,0,83,,0,1860,4557,42.0,
2024,6,185,3187,13499,384555,10541,63046,19,2602,2154,6001,809,,0,1082,72,,23554,39907,1141.0,148.0
2024,6,185,3188,1328,53156,1008,7690,,684,279,459,119,0,0,128,,0,3105,4599,83.0,
2024,6,185,3189,714,19016,626,3175,0,263,39,333,58,0,0,50,,0,1267,2051,49.0,
2024,6,185,3190,11005,307584,8140,50795,12,1715,1746,2730,681,,0,897,128,0,22834,29912,393.0,74.0
2024,6,185,3191,637,23751,544,3512,12,216,82,274,35,0,0,71,,0,1629,1961,41.0,
2024,6,185,3192,107,3278,70,636,0,16,11,66,,0,0,28,0,0,178,414,,
2024,6,185,3193,329,7811,174,1398,,18,25,134,47,0,0,30,,0,592,739,,
2024,6,185,3194,271,5123,238,709,0,32,57,159,,0,0,11,,0,280,436,,
2024,6,185,3195,294,10583,175,2231,0,90,45,97,17,0,0,36,,0,500,1707,18.0,
2024,6,185,3196,213,5685,184,1119,0,187,96,66,,0,0,23,0,0,428,685,,
2024,8,186,3197,,,,,,,,,,,,,,,,,,
2024,8,186,3198,,,,,,,,,,,,,,,,,,
2024,8,186,3199,,,,,,,,,,,,,,,,,,
2024,8,186,3200,,,,,,,,,,,,,,,,,,
2024,8,186,3201,,,,,,,,,,,,,,,,,,
2024,8,186,3202,,,,,,,,,,,,,,,,,,
2024,8,186,3203,,,,,,,,,,,,,,,,,,
2024,8,186,3204,,,,,,,,,,,,,,,,,,
2024,8,186,3205,,,,,,,,,,,,,,,,,,
2024,8,186,3206,,,,,,,,,,,,,,,,,,
2024,8,186,3207,,,,,,,,,,,,,,,,,,
2024,8,186,3208,,,,,,,,,,,,,,,,,,
2024,22,187,3209,2009,27160,1283,1359,158,663,0,0,,0,0,0,,0,,2638,188.0,21.0
2024,22,187,3210,5166,77124,3775,3480,241,1872,123,,1090,255,20,0,1827,0,1515,2415,409.0,45.0
2024,22,187,3211,800,9705,513,607,40,295,,0,63,12,0,,81,0,80,871,19.0,
2024,22,187,3212,753,9083,459,466,41,211,17,0,149,71,0,0,186,0,246,256,68.0,
2024,22,187,3213,4306,51141,2414,1779,419,1101,52,0,734,165,26,0,667,0,957,1592,254.0,30.0
2024,22,187,3214,,,,,,,,,,,,,,,,,,
2024,22,187,3215,,,,,,,,,,,,,,,,,,
2024,22,187,3216,704,11107,508,476,39,234,,0,15,,0,0,40,0,28,892,390.0,54.0
2024,22,187,3217,707,8116,471,376,23,247,16,0,134,19,0,0,162,0,148,368,64.0,
2024,22,187,3218,2188,31256,1516,1632,112,798,74,40,372,56,0,,519,0,504,1581,204.0,20.0
2024,22,187,3219,466,5008,268,291,17,157,,0,45,,0,0,90,0,96,310,25.0,
2024,20,188,3220,115,392,99,98,0,0,0,69,119,,,,0,0,0,0,33.0,
2024,14,189,3221,4742,67991,4409,19797,58,3180,149,4409,172,1097,1089,0,154,0,4579,12557,230.0,50.0
2024,14,189,3222,3083,38406,2892,12254,58,1245,73,2892,93,1616,609,0,1159,0,2829,5875,115.0,25.0
2024,14,189,3223,11714,257130,10616,71187,414,8641,346,10616,256,7559,2350,0,219,0,14257,46200,447.0,63.0
2024,14,189,3224,28750,665783,26655,188995,1145,22483,1007,26655,792,15337,7291,0,1337,0,35811,127420,1376.0,197.0
2024,14,189,3225,1843,53077,1711,11251,86,1255,58,1711,40,1154,334,0,21,0,2147,7497,82.0,12.0
2024,14,189,3226,51662,1218798,46973,337029,1574,44041,1901,46973,2071,23728,15595,0,1723,0,70936,221075,2441.0,307.0
2024,14,189,3227,715,10830,696,2439,17,405,22,696,,113,104,0,60,0,754,1379,36.0,
2024,14,189,3228,,638,,95,0,,,,0,,0,0,0,0,12,79,,
2024,14,189,3229,5425,92118,5022,25298,217,4256,125,5022,240,1659,1235,0,546,0,6195,15298,291.0,65.0
2024,14,189,3230,2073,28361,1922,8757,30,1220,15,1922,86,553,378,0,47,0,1981,5697,108.0,24.0
2024,16,190,3231,8435,55067,2752,10248,666,3205,0,4137,4519,18,,46,1023,,1884,5716,1457.0,246.0
2024,16,190,3232,6965,43322,2405,8202,585,2401,0,3822,2601,20,,946,867,,1636,5585,945.0,130.0
2024,16,190,3233,5971,41864,2344,9387,507,2134,0,3797,3059,,,2118,740,,1417,6321,833.0,111.0
2024,18,191,3234,137,2405,133,508,,129,52,137,17,0,0,135,80,,343,14,,
2024,18,191,3235,165,4698,148,1005,,304,210,144,15,0,0,327,55,,649,87,11.0,
2024,18,191,3236,147,2420,144,652,12,177,121,146,,0,0,160,99,,398,58,,
2024,18,191,3237,49,293,38,105,,20,11,44,0,0,0,47,29,0,45,,,
2024,18,191,3238,221,3629,177,774,0,117,,136,0,0,0,0,,,660,140,,
2024,18,191,3239,413,8081,371,1761,15,480,373,320,20,0,0,406,15,0,1179,196,,
2024,18,191,3240,168,2792,156,632,,146,236,160,,0,0,228,18,,334,24,,
2024,18,191,3241,67,1975,63,454,0,56,25,51,0,0,0,,0,,422,14,,
2024,18,191,3242,362,8787,315,2005,14,564,499,297,38,0,0,527,49,,1319,114,11.0,
2024,18,191,3243,239,6888,209,1326,19,398,569,211,45,0,0,363,,0,789,58,11.0,
2024,18,191,3244,,,,,,,,,,,,,,,,,,
2024,18,191,3245,,,,,,,,,,,,,,,,,,
2024,18,191,3246,,,,,,,,,,,,,,,,,,
2024,18,191,3247,,,,,,,,,,,,,,,,,,
2024,18,191,3248,,,,,,,,,,,,,,,,,,
2024,18,191,3249,,,,,,,,,,,,,,,,,,
2024,18,191,3250,,,,,,,,,,,,,,,,,,
2024,18,191,3251,,,,,,,,,,,,,,,,,,
2024,18,191,3252,,,,,,,,,,,,,,,,,,
2024,18,191,3253,,,,,,,,,,,,,,,,,,
2024,18,191,3254,,,,,,,,,,,,,,,,,,
2024,18,191,3255,,,,,,,,,,,,,,,,,,
2024,18,191,3256,,,,,,,,,,,,,,,,,,
2024,19,192,3257,73,332,21,,0,,,0,,0,0,0,0,0,0,21,,
2024,19,192,3258,0,0,0,0,0,0,0,0,0,0,0,0,0,0,0,0,,
2024,19,192,3259,33,1061,,185,,45,50,0,27,0,0,0,0,0,0,110,,
2024,19,192,3260,46,2294,18,153,,120,55,,71,0,,0,0,0,0,36,,
2024,19,192,3261,,420,,47,0,14,32,0,,0,0,0,0,0,0,17,,
2024,19,192,3262,42,1633,15,113,12,105,62,,38,0,0,0,0,0,,21,,
2024,19,192,3263,18,2339,,149,0,179,77,,51,0,0,0,0,0,,17,,
2024,19,192,3264,,668,0,91,0,75,18,0,33,0,0,0,0,0,0,40,,
2024,19,192,3265,38,2279,,137,0,155,40,0,70,0,0,,0,0,0,27,,
2024,19,192,3266,36,1147,24,73,,49,27,,26,0,0,,0,0,0,27,,
2024,19,192,3267,15,497,,16,,,,,,0,0,0,0,0,0,,,
2024,19,192,3268,115,3306,87,401,,134,123,,191,,0,0,0,0,0,169,,
2024,19,192,3269,23,962,13,87,0,42,69,0,15,0,0,0,0,0,0,16,,
2024,19,192,3270,14,1642,,72,,96,42,0,20,0,0,0,0,0,0,14,,
2024,19,192,3271,46,838,0,51,0,22,17,0,32,0,0,0,0,0,0,,,
2024,19,192,3272,,189,0,,0,25,,0,0,0,0,0,0,0,0,,,
2024,19,192,3273,16,422,,75,0,42,23,0,28,0,0,0,0,0,0,30,,
2024,19,192,3274,0,0,0,0,0,0,0,0,0,0,0,0,0,0,0,0,,
2024,19,192,3275,,128,0,,0,,,0,0,0,0,0,0,0,0,0,,
2024,19,192,3276,0,0,0,0,0,0,0,0,0,0,0,0,0,0,0,0,,
2024,19,192,3277,0,37,0,0,0,0,0,0,0,0,0,0,0,0,0,0,,
2024,19,192,3278,0,0,0,0,0,0,0,0,0,0,0,0,0,0,0,0,,
2024,19,192,3279,,329,,93,0,55,52,0,37,0,0,0,0,0,0,,,
2024,19,192,3280,50,166,,18,14,,19,0,,0,0,0,0,0,0,,,
2024,19,192,3281,,,,,,,,,,,,,,,,,,
2024,19,192,3282,,,,,,,,,,,,,,,,,,
2024,19,192,3283,972,2270,112,195,11,80,,0,124,0,,0,0,0,0,182,79.0,12.0
2024,19,192,3284,1093,1731,144,164,,12,,0,100,0,,0,0,0,0,204,66.0,
2024,19,192,3285,1024,1796,122,129,11,13,,0,182,0,,0,0,0,0,68,74.0,12.0
2024,19,192,3286,1021,1477,164,213,,45,,0,333,0,,0,0,0,0,43,84.0,15.0
2024,28,193,3287,353,21153,189,3079,26,1658,243,,354,0,0,121,520,0,2545,116,42.0,
2024,28,193,3288,300,11262,251,1881,141,949,108,,226,0,0,135,502,,1424,166,20.0,
2024,28,193,3289,788,27746,463,4232,112,2489,246,15,629,,0,306,727,0,3367,277,80.0,
2024,28,193,3290,401,15965,237,2938,61,1379,272,,319,,0,167,600,0,2277,150,21.0,
2024,28,193,3291,2049,72271,1654,13592,702,7615,945,39,1895,0,0,654,2385,16,12001,1052,139.0,16.0
2024,28,193,3292,512,24850,382,4169,55,2317,222,,528,0,0,286,754,0,3516,306,61.0,
2024,28,193,3293,,,,,,,,,,,,,,,,,,
2024,28,193,3294,,,,,,,,,,,,,,,,,,
2024,28,193,3295,,,,,,,,,,,,,,,,,,
2024,28,193,3296,468,19000,194,1955,24,1029,121,,271,0,0,135,487,0,1703,210,44.0,
2024,28,193,3297,407,13274,282,2105,99,1305,95,,328,0,0,151,610,0,1621,217,27.0,
2024,28,193,3298,985,28011,670,3651,211,1712,279,12,613,0,0,235,1104,0,2964,352,86.0,11.0
2024,28,193,3299,191,10272,82,1729,21,1076,97,,149,0,0,135,572,0,1298,135,12.0,
2024,28,193,3300,2501,81289,1819,15388,474,6745,945,39,2770,0,0,846,5078,24,11432,1357,182.0,25.0
2024,28,193,3301,318,16270,225,2858,45,1409,102,33,449,0,0,213,992,0,1872,238,52.0,
2024,28,193,3302,,,,,,,,,,,,,,,,,,
2024,28,193,3303,,,,,,,,,,,,,,,,,,
2024,28,193,3304,,,,,,,,,,,,,,,,,,
2024,28,193,3305,76,4410,70,743,0,385,140,0,66,0,0,34,184,0,422,27,11.0,
2024,28,193,3306,301,7884,227,1599,165,846,160,0,221,0,0,109,486,0,1076,113,16.0,
2024,28,193,3307,196,11963,94,2179,29,1173,151,0,210,0,0,70,533,0,1514,106,39.0,
2024,28,193,3308,54,4348,20,909,,405,89,0,127,0,0,35,193,0,604,37,,
2024,28,193,3309,750,31997,617,7007,89,3468,524,21,1077,0,0,473,1628,0,5351,554,74.0,
2024,28,193,3310,245,12440,220,2836,69,1290,192,,279,0,0,84,931,0,1901,130,40.0,
2024,28,193,3311,,,,,,,,,,,,,,,,,,
2024,28,193,3312,,,,,,,,,,,,,,,,,,
2024,28,193,3313,,,,,,,,,,,,,,,,,,
2024,28,194,3314,511,14035,103,1502,38,3006,151,61,430,0,0,0,121,0,190,2202,25.0,
2024,28,194,3315,302,29309,121,2309,,5622,305,27,527,0,0,0,136,0,247,4319,42.0,
2024,28,194,3316,748,24817,356,2236,,4691,340,13,472,,0,0,119,0,249,3670,24.0,
2024,28,194,3317,1653,62273,687,6160,66,13743,726,179,1552,0,0,0,381,0,747,10511,105.0,11.0
2024,28,194,3318,686,42331,258,3934,27,9700,644,130,1028,0,0,0,258,0,518,7030,64.0,
2024,28,194,3319,975,23199,328,2020,165,4668,207,66,508,0,0,0,124,0,315,3296,58.0,
2024,28,194,3320,297,12682,118,944,,2406,102,55,210,0,0,0,78,0,102,1766,39.0,
2024,12,195,3321,224569,983950,36511,307736,1582,96012,56566,24362,102937,46632,1945,23078,42369,0,59970,43633,3148.0,501.0
2024,12,195,3322,10608,43039,1564,8564,54,3898,1969,1193,2039,1723,12,922,974,0,1995,1594,102.0,15.0
2024,12,195,3323,8210,30922,1047,6250,79,2475,1702,720,1481,1491,19,621,711,0,1465,960,64.0,12.0
2024,12,195,3324,120323,603215,15014,153860,799,65626,24062,17170,52294,20533,514,12031,18852,0,25895,32079,1388.0,259.0
2024,12,195,3325,2482,11902,300,2692,,1077,913,215,523,810,29,248,226,0,513,471,23.0,
2024,12,195,3326,5623,22585,674,5110,31,2138,1370,482,1273,1101,21,488,573,0,1096,826,50.0,
2024,12,195,3327,7134,28383,810,6406,50,2848,1967,755,1577,1581,67,658,596,0,1115,986,51.0,
2024,12,195,3328,18305,89032,2131,22033,109,5842,4759,1985,6985,3972,205,1802,1502,0,2618,5139,155.0,28.0
2024,12,195,3329,1128,3924,130,941,,245,266,81,218,211,23,80,163,0,152,171,,
2024,26,196,3330,62,124,43,74,0,0,0,0,85,0,,,0,0,0,31,15.0,
2024,26,196,3331,1032,1586,621,977,,,0,0,903,,,23,0,0,,654,159.0,34.0
2024,26,196,3332,5485,7485,3183,4833,,21,0,0,4322,30,,208,0,0,16,3440,287.0,75.0
2024,26,196,3333,,,,,,,,,,,,,,,,,,
2024,13,197,3334,,,,,0,0,0,0,,0,,0,0,0,0,,,
2024,13,197,3335,281,189,131,70,0,0,0,0,96,,,,0,0,,89,36.0,
2024,13,197,3336,307,271,148,83,0,0,0,0,103,,,,0,0,,108,50.0,11.0
2024,21,198,3337,84,2916,82,230,0,0,0,121,,,0,,35,0,140,0,16.0,
2024,21,198,3338,45,417,45,27,0,0,0,43,0,0,0,0,,0,23,0,,
2024,21,198,3339,77,4231,72,385,0,0,0,161,25,0,0,,70,0,197,0,12.0,
2024,21,198,3340,0,0,0,0,0,0,0,0,0,0,0,0,0,0,0,0,,
2024,21,198,3341,0,0,0,0,0,0,0,0,0,0,0,0,0,0,0,0,,
2024,21,198,3342,0,0,0,0,0,0,0,0,0,0,0,0,0,0,0,0,,
2024,19,199,3343,,,,,,,,,,,,,,,,,,
2024,19,199,3344,,,,,,,,,,,,,,,,,,
2024,19,199,3345,,,,,,,,,,,,,,,,,,
2024,19,199,3346,,,,,,,,,,,,,,,,,,
2024,19,199,3347,,,,,,,,,,,,,,,,,,
2024,19,199,3348,,,,,,,,,,,,,,,,,,
2024,19,199,3349,,,,,,,,,,,,,,,,,,
2024,19,199,3350,,,,,,,,,,,,,,,,,,
2024,19,199,3351,,,,,,,,,,,,,,,,,,
2024,9,200,3352,,,,,,,,,,,,,,,,,,
2024,9,200,3353,,,,,,,,,,,,,,,,,,
2024,9,200,3354,,,,,,,,,,,,,,,,,,
2024,9,200,3355,,,,,,,,,,,,,,,,,,
2024,6,201,3356,13,299,,250,0,,0,39,197,,,,0,0,0,20,30.0,
2024,6,201,3357,50,1796,43,1041,0,0,0,105,726,,,15,0,0,,228,161.0,50.0
2024,6,201,3358,74,2364,66,1496,0,,0,199,1044,,,21,0,0,12,281,242.0,81.0
2024,2,202,3359,17,66,,23,0,0,0,0,0,0,,0,,0,0,31,,
2024,2,202,3360,506,1399,125,503,,17,0,0,0,0,,14,99,0,0,741,33.0,
2024,2,202,3361,,,,,,,,,,,,,,,,,,
2024,24,203,3362,93,21036,57,516,,,11,,35,0,0,,,,516,0,59.0,
2024,24,203,3363,11,998,,34,0,,0,,,0,0,,0,0,36,0,,
2024,24,203,3364,456,48012,312,974,19,,19,26,106,0,0,,,,1133,0,188.0,16.0
2024,24,203,3365,274,37555,150,1033,12,,18,20,106,0,0,,,18,1024,0,167.0,13.0
2024,24,203,3366,85,693,71,45,17,,,0,,0,0,0,0,0,109,0,,
2024,24,203,3367,198,5882,81,325,,,,,52,0,0,0,0,,347,0,18.0,
2024,24,203,3368,48,2012,30,86,0,0,,0,11,0,0,0,,0,104,0,,
2024,24,203,3369,,86,,,0,0,0,0,0,0,0,0,0,0,,0,,
2024,24,203,3370,117,7198,20,136,0,,0,,,0,0,0,0,,142,0,18.0,
2024,24,203,3371,506,81496,330,2186,,20,25,52,224,0,0,,17,12,2203,0,307.0,34.0
2024,24,203,3372,,827,,,0,0,0,0,0,0,0,0,0,0,,0,,
2024,24,203,3373,27,2044,19,74,0,0,0,,11,0,0,0,0,,79,0,,
2024,24,203,3374,324,44052,185,1186,,,16,19,186,0,0,,,,1162,0,239.0,18.0
2024,24,203,3375,92,2947,79,122,,,,,,0,0,0,0,,189,0,14.0,
2024,24,203,3376,,,,,,,,,,,,,,,,,,
2024,24,203,3377,,,,,,,,,,,,,,,,,,
2024,24,203,3378,,,,,,,,,,,,,,,,,,
2024,24,203,3379,,,,,,,,,,,,,,,,,,
2024,24,203,3380,,,,,,,,,,,,,,,,,,
2024,24,203,3381,,,,,,,,,,,,,,,,,,
2024,24,203,3382,,,,,,,,,,,,,,,,,,
2024,24,203,3383,,,,,,,,,,,,,,,,,,
2024,24,203,3384,,,,,,,,,,,,,,,,,,
2024,24,203,3385,,,,,,,,,,,,,,,,,,
2024,24,203,3386,227,14983,227,387,,,,196,39,0,0,,,,375,0,57.0,
2024,24,203,3387,167,8072,166,279,,,,134,,0,0,0,0,,302,0,35.0,
2024,24,203,3388,94,4915,94,154,,,,83,14,0,0,0,0,0,152,0,11.0,
2024,24,203,3389,396,25097,395,638,,,,304,81,0,0,0,,,653,0,83.0,14.0
2024,24,203,3390,592,27769,590,746,,,,480,74,0,0,,,,810,0,141.0,17.0
2024,24,203,3391,47,1546,47,35,,0,0,43,,0,0,0,0,0,39,0,,
2024,24,203,3392,,,,,,,,,,,,,,,,,,
2024,24,203,3393,,,,,,,,,,,,,,,,,,
2024,24,203,3394,,,,,,,,,,,,,,,,,,
2024,24,203,3395,,,,,,,,,,,,,,,,,,
2024,24,203,3396,,,,,,,,,,,,,,,,,,
2024,7,204,3397,54,1358,,58,0,,25,0,,0,0,0,0,0,25,14,46.0,
2024,7,204,3398,89,520,,14,0,,,0,0,0,0,0,,0,,,55.0,
2024,7,204,3399,193,1810,23,91,,20,48,0,,0,0,0,0,0,30,35,95.0,12.0
2024,7,204,3400,120,926,26,43,,,38,0,0,0,0,0,0,0,20,12,60.0,
2024,7,204,3401,174,1972,50,90,0,14,38,0,,0,0,0,,0,61,39,38.0,
2024,7,204,3402,584,2962,181,202,,14,116,0,0,0,0,0,0,0,128,139,101.0,
2024,7,204,3403,91,342,24,22,,,19,0,0,0,0,0,0,0,16,12,23.0,
2024,7,204,3404,25,145,,,0,,,0,0,0,0,0,0,0,,,36.0,
2024,7,204,3405,26,311,,14,0,,,0,0,0,0,0,0,0,,,161.0,24.0
2024,7,204,3406,34,259,,12,0,,11,0,0,0,0,0,0,0,,,144.0,21.0
2024,24,205,3407,27,18,13,11,,0,0,0,14,0,,0,,0,0,,89.0,15.0
2024,24,205,3408,40,16,16,,0,0,0,0,14,0,,0,0,0,0,,90.0,16.0
2024,24,205,3409,26,,16,,,,0,0,13,0,,0,,0,0,,48.0,
2024,24,205,3410,19,,,,,0,0,0,,0,,0,0,0,0,,54.0,13.0
2024,26,206,3411,116,408,46,93,,,0,0,0,0,,0,12,0,0,155,,
2024,26,206,3412,1039,1400,390,436,33,26,0,0,0,0,,13,180,0,0,789,36.0,
2024,26,206,3413,,,,,,,,,,,,,,,,,,
2024,10,207,3414,,,,,,,,,,,,,,,,,,
2024,10,207,3415,,,,,,,,,,,,,,,,,,
2024,10,207,3416,,,,,,,,,,,,,,,,,,
2024,10,207,3417,,,,,,,,,,,,,,,,,,
2024,3,208,3418,213867,2815435,18654,448966,2108,322951,109461,5823,75304,53052,2272,37625,74603,0,128986,76245,26.0,
2024,3,208,3419,4285,52398,610,8058,61,4828,1736,70,1977,1164,36,661,852,0,2741,1136,56.0,
2024,3,208,3420,14794,233421,1116,37058,168,20529,7586,462,7943,5035,180,3782,5453,0,9830,5662,471.0,88.0
2024,3,208,3421,1506,27589,70,3993,,2356,701,23,890,452,32,284,606,0,1256,570,48.0,
2024,3,208,3422,14328,168021,1344,26458,183,15438,5523,317,5540,3934,153,2440,4299,0,7557,3908,380.0,79.0
2024,3,208,3423,148434,2063568,12694,334838,1135,143631,88186,4237,67670,49248,1743,30773,29453,0,81865,53503,2970.0,487.0
2024,3,208,3424,2146,15820,707,2741,27,1487,1400,39,587,840,,255,198,0,675,375,21.0,
2024,3,208,3425,905,20599,70,3435,,2024,949,21,720,570,35,346,266,0,828,499,22.0,
2024,3,208,3426,1749,29633,120,4547,20,2589,1154,37,1100,838,34,472,448,0,958,675,30.0,
2024,3,208,3427,6971,105383,802,17281,73,10829,3526,156,3647,2431,71,1782,2559,0,4839,2883,197.0,38.0
2024,3,208,3428,1247,16805,130,2883,,1917,575,11,716,402,,320,378,0,756,453,29.0,
2024,3,208,3429,2294,35361,198,5535,,2380,1173,44,1528,964,26,576,608,0,1307,769,81.0,15.0
2024,3,208,3430,11727,195918,897,33102,84,13084,9151,210,7547,5854,267,3327,2495,0,6584,5213,245.0,44.0
2024,3,208,3431,372,5794,35,1022,,182,289,,230,211,25,51,53,0,323,110,,
2024,12,209,3432,1052,4925,273,885,0,15,0,29,931,14,,,127,0,0,245,134.0,23.0
2024,21,210,3433,66927,200271,8261,54598,430,27185,10849,615,11641,8056,306,5086,9942,0,21287,5270,1064.0,208.0
2024,21,210,3434,2242,9495,276,2285,18,1581,614,20,272,521,0,183,685,0,880,191,29.0,
2024,21,210,3435,39073,202206,4071,42186,272,21977,9919,598,9364,8296,205,5311,6026,0,11942,6170,540.0,99.0
2024,21,210,3436,2767,12338,295,2055,18,989,562,12,518,469,,201,224,0,677,224,18.0,
2024,21,210,3437,1252,8039,91,1806,,696,305,,397,257,0,198,194,0,700,201,13.0,
2024,21,210,3438,62174,175110,8371,47928,383,21417,9756,657,9825,7307,190,4438,9260,0,19991,4077,886.0,180.0
2024,21,210,3439,69015,337232,7484,70884,507,31110,17570,1573,15563,14664,587,8944,9174,0,18807,10439,871.0,188.0
2024,21,210,3440,348,1820,46,431,0,173,118,,95,101,12,58,66,0,112,57,,
2024,21,210,3441,,,,,,,,,,,,,,,,,,
2024,21,210,3442,,,,,,,,,,,,,,,,,,
2024,21,210,3443,,,,,,,,,,,,,,,,,,
2024,21,210,3444,6378,28543,686,5758,61,2810,1230,74,1339,917,47,775,945,0,1822,725,74.0,15.0
2024,21,210,3445,677,3312,80,614,,351,70,,134,62,,110,124,0,213,83,,
2024,21,210,3446,11060,58658,1223,12639,72,6141,2978,208,2774,2517,90,1662,1531,0,3450,2121,124.0,24.0
2024,21,210,3447,1067,4995,115,1146,,540,256,47,279,221,14,141,138,0,386,150,,
2024,21,210,3448,679,3928,50,839,,283,241,,167,228,0,125,65,0,153,132,,
2024,21,210,3449,4683,11048,748,2624,25,785,553,39,563,430,13,317,492,0,1254,311,44.0,
2024,21,210,3450,280,830,21,165,12,51,47,,43,45,0,16,17,0,34,16,,
2024,21,210,3451,,,,,,,,,,,,,,,,,,
2024,21,210,3452,,,,,,,,,,,,,,,,,,
2024,21,210,3453,,,,,,,,,,,,,,,,,,
2024,15,211,3454,,,,,,,,,,,,,,,,,,
2024,15,211,3455,,,,,,,,,,,,,,,,,,
2024,15,211,3456,,,,,,,,,,,,,,,,,,
2024,26,212,3457,2727,15115,658,2785,,37,0,90,2821,61,,,635,0,0,648,328.0,59.0
2024,26,212,3458,4414,23309,984,4647,27,85,0,147,4345,153,,377,1388,,0,1434,362.0,65.0
2024,26,212,3459,3796,15756,1249,4532,,27,0,131,4988,38,,0,1158,0,0,882,372.0,99.0
2024,26,213,3460,326,3800,228,1344,21,64,,0,,0,0,132,0,0,13,1412,,
2024,26,213,3461,,651,,159,0,0,0,0,0,0,0,0,0,0,0,162,,
2024,26,213,3462,5900,103030,3581,31237,287,457,793,0,75,0,0,6073,0,0,69,27808,153.0,11.0
2024,26,213,3463,579,4901,464,1679,43,18,18,0,,0,0,184,0,0,,1922,,
2024,8,214,3464,111,13342,60,2198,0,33,0,,1244,0,,462,87,0,292,992,273.0,38.0
2024,8,214,3465,162,16759,125,3269,0,38,0,,2786,,,501,125,0,192,601,420.0,66.0
2024,8,214,3466,79,3849,49,693,0,14,0,,420,0,,156,18,0,111,307,75.0,
2024,22,215,3467,98,2790,24,292,0,0,0,0,16,0,0,0,0,0,,296,,
2024,22,215,3468,112,6382,100,622,,0,,0,,0,0,0,0,0,,706,17.0,
2024,22,215,3469,54,3174,50,380,0,0,,0,0,0,0,0,0,0,44,384,,
2024,12,216,3470,157,870,157,95,0,0,0,157,80,,,0,13,0,0,0,130.0,26.0
2024,12,216,3471,144,494,22,73,0,0,0,0,30,0,,0,65,0,0,0,30.0,
2024,10,217,3472,23,102,,26,0,,0,0,19,,,0,,0,0,,69.0,13.0
2024,10,217,3473,20,81,,21,0,,0,0,,,,0,,0,0,13,64.0,12.0
2024,10,217,3474,14,90,,35,0,,0,0,23,0,,0,,0,0,,41.0,
2024,10,217,3475,39,118,19,38,,,0,0,46,0,,0,,0,0,,81.0,16.0
2024,5,218,3476,217,3285,69,1264,0,,199,27,442,195,,120,100,0,284,113,30.0,
2024,5,218,3477,439,5271,117,1771,,57,423,98,502,403,0,140,240,0,251,238,24.0,
2024,5,218,3478,274,2728,86,826,,123,144,44,229,133,0,76,98,0,179,100,19.0,
2024,5,218,3479,49,406,,154,,,42,,58,42,0,14,23,0,,11,,
2024,5,218,3480,331,2033,86,512,,12,135,53,131,129,0,92,12,0,86,74,,
2024,5,218,3481,0,0,0,0,0,0,0,0,0,0,0,0,0,0,0,0,,
2024,5,218,3482,14,52,0,22,0,0,0,0,,0,0,12,0,0,0,,,
2024,5,218,3483,0,38,0,,0,0,0,0,,0,0,0,,0,0,0,,
2024,5,218,3484,,,,,,,,,,,,,,,,,,
2024,5,218,3485,,24,0,,0,,0,0,,0,0,0,0,0,,0,,
2024,5,218,3486,122,1449,17,316,0,18,65,,48,61,0,45,58,0,37,67,,
2024,5,218,3487,125,1029,29,188,,38,36,25,30,13,,36,28,0,11,37,,
2024,5,218,3488,222,1671,56,345,,,67,45,98,56,0,39,27,0,57,64,,
2024,5,218,3489,,96,,33,0,0,,,22,,0,,0,0,,0,,
2024,5,218,3490,13,141,,44,0,,,0,21,,0,,,0,,14,,
2024,5,218,3491,0,0,0,0,0,0,0,0,0,0,0,0,0,0,0,0,,
2024,5,218,3492,,,,,,,,,,,,,,,,,,
2024,20,219,3493,4669,84244,2161,16258,554,12277,5161,1422,595,10585,1367,5160,1442,392,6643,2397,138.0,19.0
2024,20,219,3494,35305,520396,16430,108622,4736,77365,24603,10621,3405,64678,8128,33873,24409,2397,52875,14130,1122.0,223.0
2024,20,219,3495,1102,20097,537,4646,164,3134,1705,368,169,3084,339,1437,225,97,1680,631,30.0,
2024,20,219,3496,157612,1046257,63128,234627,18591,167453,75466,38505,7773,159560,23236,60723,16159,9301,113007,34164,4920.0,712.0
2024,20,219,3497,13950,131311,5859,30264,1796,22534,8770,3550,1017,19997,2964,7667,4819,831,13800,3530,387.0,73.0
2024,20,219,3498,,,,,,,,,,,,,,,,,,
2024,20,219,3499,,,,,,,,,,,,,,,,,,
2024,20,219,3500,,,,,,,,,,,,,,,,,,
2024,20,219,3501,,,,,,,,,,,,,,,,,,
2024,20,219,3502,1894,31569,905,6134,252,4717,2068,619,287,4086,631,1865,446,147,2746,922,54.0,
2024,20,219,3503,8648,141339,3922,28255,1188,21602,6813,2601,921,19219,2441,9397,3715,643,12137,3572,278.0,42.0
2024,20,219,3504,,,,,,,,,,,,,,,,,,
2024,20,219,3505,,,,,,,,,,,,,,,,,,
2024,20,219,3506,,,,,,,,,,,,,,,,,,
2024,20,219,3507,,,,,,,,,,,,,,,,,,
2024,20,219,3508,,,,,,,,,,,,,,,,,,
2024,20,219,3509,,,,,,,,,,,,,,,,,,
2024,20,219,3510,,,,,,,,,,,,,,,,,,
2024,20,219,3511,,,,,,,,,,,,,,,,,,
2024,20,219,3512,,,,,,,,,,,,,,,,,,
2024,20,219,3513,,,,,,,,,,,,,,,,,,
2024,20,219,3514,,,,,,,,,,,,,,,,,,
2024,28,220,3515,126,354,50,99,0,0,0,,47,,,0,,0,34,50,,
2024,28,220,3516,25,172,,34,0,0,0,0,,0,,0,,0,,22,,
2024,28,220,3517,200,658,83,151,0,,0,0,86,,,0,,0,55,90,20.0,
2024,28,220,3518,193,702,62,141,,,0,0,181,0,,0,0,0,22,0,33.0,
2024,28,220,3519,12,,0,0,0,0,0,0,0,0,,0,0,0,0,0,,
2024,28,220,3520,0,19,0,0,0,0,0,0,0,0,,0,0,0,0,0,,
2024,4,221,3521,438,5978,133,1728,0,14,0,21,1663,,,11,500,0,0,225,116.0,20.0
2024,4,221,3522,838,9850,210,2531,0,21,0,23,2356,,,124,660,0,0,436,151.0,24.0
2024,26,222,3523,,,,,,,,,,,,,,,,,,
2024,26,222,3524,,,,,,,,,,,,,,,,,,
2024,26,222,3525,,,,,,,,,,,,,,,,,,
2024,26,222,3526,,,,,,,,,,,,,,,,,,
2024,26,222,3527,,,,,,,,,,,,,,,,,,
2024,26,222,3528,,,,,,,,,,,,,,,,,,
2024,26,222,3529,,,,,,,,,,,,,,,,,,
2024,26,222,3530,,,,,,,,,,,,,,,,,,
2024,26,222,3531,,,,,,,,,,,,,,,,,,
2024,26,222,3532,,,,,,,,,,,,,,,,,,
2024,26,222,3533,,,,,,,,,,,,,,,,,,
2024,26,222,3534,,,,,,,,,,,,,,,,,,
2024,26,222,3535,,,,,,,,,,,,,,,,,,
2024,26,222,3536,,,,,,,,,,,,,,,,,,
2024,26,222,3537,,,,,,,,,,,,,,,,,,
2024,26,222,3538,,,,,,,,,,,,,,,,,,
2024,26,222,3539,,,,,,,,,,,,,,,,,,
2024,26,222,3540,,,,,,,,,,,,,,,,,,
2024,12,223,3541,,,,,,,,,,,,,,,,,,
2024,12,223,3542,,,,,,,,,,,,,,,,,,
2024,12,223,3543,,,,,,,,,,,,,,,,,,
2024,16,224,3544,498,1027,183,258,0,,0,42,126,23,,0,0,0,72,178,25.0,
2024,16,224,3545,332,557,83,108,0,15,0,0,67,,,0,,0,46,68,12.0,
2024,16,224,3546,574,1017,180,208,0,26,0,0,144,,,0,0,0,92,142,31.0,
2024,16,224,3547,1893,3212,625,629,49,59,0,0,1016,0,,0,0,0,235,,159.0,52.0
2024,16,224,3548,23,54,,,0,0,0,0,0,0,,0,0,0,,0,,
2024,16,224,3549,20,39,0,0,0,0,0,0,0,0,,0,0,0,0,0,,
2024,6,225,3550,5092,121183,882,7397,240,4696,700,266,1751,0,0,1025,26,,3574,933,176.0,30.0
2024,6,225,3551,4767,150030,982,9267,102,4174,1060,399,1979,0,0,1086,29,,4692,1000,244.0,30.0
2024,6,225,3552,1793,54460,464,3853,175,1632,580,140,740,0,0,466,0,0,2033,358,164.0,24.0
2024,6,225,3553,6638,174032,1609,12549,363,6017,1506,631,2515,0,0,1586,78,0,6493,1349,263.0,43.0
2024,6,225,3554,684,28715,193,1531,13,613,185,103,413,0,0,234,,0,613,171,53.0,
2024,6,225,3555,693,11684,226,658,85,355,135,51,123,0,0,85,0,0,408,82,11.0,
2024,6,225,3556,,,,,,,,,,,,,,,,,,
2024,6,225,3557,,,,,,,,,,,,,,,,,,
2024,5,226,3558,0,41,0,,0,0,0,0,,0,,0,0,0,0,0,,
2024,5,226,3559,0,415,0,50,0,,0,,42,0,,0,0,0,0,,18.0,
2024,5,226,3560,0,32,0,,0,0,0,0,,0,,0,0,0,0,0,,
2024,5,226,3561,0,262,0,37,0,0,0,,31,0,,0,0,0,0,0,,
2024,5,226,3562,22,15,,,0,0,0,0,,,,0,0,0,0,,,
2024,5,226,3563,207,307,60,89,0,,0,,32,,,0,0,0,36,67,,
2024,5,226,3564,28,20,,,0,0,0,0,,0,,0,0,0,,,,
2024,5,226,3565,362,707,104,148,0,24,0,0,76,16,,0,0,0,31,129,17.0,
2024,5,226,3566,339,512,66,122,11,0,0,0,98,17,,0,0,0,15,58,18.0,
2024,5,226,3567,415,565,103,132,,,0,0,199,0,,0,0,0,26,,33.0,11.0
2024,6,227,3568,3028,9983,2001,2905,1368,1807,329,2012,592,0,0,485,238,0,489,761,74.0,19.0
2024,6,227,3569,698,2925,509,816,369,588,43,509,219,0,0,156,36,0,102,260,18.0,
2024,6,227,3570,7600,57440,4401,14110,2534,9436,1343,4444,2732,0,0,2710,706,0,2453,4123,272.0,104.0
2024,6,227,3571,171,928,129,402,85,173,101,129,81,0,0,67,28,0,73,52,,
2024,6,227,3572,775,5789,399,1386,313,1068,156,407,320,0,0,273,27,0,199,403,52.0,13.0
2024,6,227,3573,299,2386,145,822,119,535,253,146,142,0,0,114,32,0,116,164,,
2024,6,227,3574,,,,,,,,,,,,,,,,,,
2024,6,227,3575,,,,,,,,,,,,,,,,,,
2024,20,228,3576,,,,,,,,,,,,,,,,,,
2024,20,228,3577,,,,,,,,,,,,,,,,,,
2024,20,228,3578,,,,,,,,,,,,,,,,,,
2024,20,228,3579,,,,,,,,,,,,,,,,,,
2024,6,229,3580,12727,99359,6730,19155,999,12535,4557,8283,4493,,0,0,3167,0,5429,8165,174.0,24.0
2024,6,229,3581,1915,14305,1134,2867,181,1676,707,1339,651,0,0,0,382,0,873,1267,22.0,
2024,6,229,3582,237965,1011386,115404,181894,22429,115001,43564,138525,45714,24,13,0,18824,,52395,91401,3139.0,487.0
2024,6,229,3583,49088,176738,23576,38616,3265,20532,7695,27432,6984,,0,0,8178,0,11963,16070,865.0,191.0
2024,6,229,3584,256303,541200,111612,116002,19070,65435,25240,132841,19725,,29,,20685,,32260,55197,4142.0,877.0
2024,6,229,3585,65303,339129,33037,60455,4971,38586,14592,38690,14552,13,0,0,8521,0,16145,30029,1058.0,165.0
2024,6,229,3586,13849,104797,7410,19476,1235,12745,4621,8824,4982,,0,0,3042,0,5533,8948,201.0,25.0
2024,6,229,3587,,,,,,,,,,,,,,,,,,
2024,6,229,3588,,,,,,,,,,,,,,,,,,
2024,6,229,3589,7036,56491,4061,11367,395,6471,2767,4678,2316,,0,,779,0,3772,5447,106.0,15.0
2024,6,229,3590,16304,127072,8146,25685,1045,13555,5338,9537,5366,,0,31,2513,0,7228,12589,256.0,35.0
2024,6,229,3591,,,,,,,,,,,,,,,,,,
2024,6,229,3592,,,,,,,,,,,,,,,,,,
2024,6,229,3593,,,,,,,,,,,,,,,,,,
2024,6,229,3594,,,,,,,,,,,,,,,,,,
2024,6,229,3595,,,,,,,,,,,,,,,,,,
2024,6,229,3596,,,,,,,,,,,,,,,,,,
2024,22,230,3597,1003,2155,511,957,0,,,0,608,0,,58,83,0,73,645,44.0,11.0
2024,22,230,3598,530,1068,206,410,36,0,0,0,247,0,,37,29,0,13,290,19.0,
2024,4,231,3599,,,,,,,,,,,,,,,,,,
2024,4,231,3600,,,,,,,,,,,,,,,,,,
2024,4,231,3601,,,,,,,,,,,,,,,,,,
2024,4,231,3602,,,,,,,,,,,,,,,,,,
2024,4,231,3603,,,,,,,,,,,,,,,,,,
2024,4,231,3604,,,,,,,,,,,,,,,,,,
2024,4,231,3605,,,,,,,,,,,,,,,,,,
2024,4,231,3606,,,,,,,,,,,,,,,,,,
2024,4,231,3607,,,,,,,,,,,,,,,,,,
2024,4,231,3608,,,,,,,,,,,,,,,,,,
2024,4,231,3609,,,,,,,,,,,,,,,,,,
2024,4,231,3610,,,,,,,,,,,,,,,,,,
2024,4,231,3611,,,,,,,,,,,,,,,,,,
2024,4,231,3612,,,,,,,,,,,,,,,,,,
2024,4,231,3613,,,,,,,,,,,,,,,,,,
2024,4,231,3614,,,,,,,,,,,,,,,,,,
2024,27,232,3615,895,44398,575,7214,86,3100,572,476,1733,23,0,198,452,34,1295,6456,75.0,
2024,27,232,3616,976,62149,685,11242,102,4537,584,657,2404,67,0,195,661,81,1916,10498,114.0,12.0
2024,27,232,3617,18922,862426,10740,166628,2309,60354,8975,10229,34965,504,,3253,9722,763,26299,153209,1904.0,167.0
2024,27,232,3618,10191,472471,5615,93099,1164,31110,5509,5326,18839,182,,1641,8170,428,14266,85539,1636.0,165.0
2024,27,232,3619,55064,2157613,28568,418720,6584,160108,20179,27896,77847,809,21,7206,28913,2322,76480,385844,6292.0,678.0
2024,27,232,3620,34686,1382207,20010,269705,3799,93019,14412,18084,49123,535,20,5205,22117,1513,46425,246527,5300.0,584.0
2024,27,232,3621,16121,629710,9872,89389,1642,41829,5751,8140,21016,377,,1713,9515,724,20427,76480,2288.0,233.0
2024,27,232,3622,65071,1197098,34344,262879,8769,99197,13275,34149,42694,435,,4049,16375,1249,50962,252917,4633.0,774.0
2024,27,232,3623,38,3402,15,571,,219,57,30,202,,0,11,38,0,81,462,,
2024,27,232,3624,1392,43683,874,5826,59,3084,556,524,1520,47,0,79,363,26,1310,5207,122.0,11.0
2024,27,232,3625,283,12612,162,1850,,992,117,110,421,18,0,43,191,,556,1484,32.0,
2024,27,232,3626,41,2414,37,479,,164,19,45,74,0,0,,101,0,57,415,,
2024,27,232,3627,292,20084,195,4320,55,1759,245,298,709,13,0,35,341,,716,3921,27.0,
2024,27,232,3628,37,959,,298,0,90,23,,49,0,0,,67,,39,228,,
2024,27,232,3629,464,14433,280,3250,43,913,114,289,567,,,57,178,,326,3049,21.0,
2024,27,232,3630,736,19383,300,4186,140,1265,261,338,772,,0,41,277,,539,4020,39.0,
2024,27,232,3631,79,8320,34,1533,,560,122,40,333,,0,23,109,,153,1317,11.0,
2024,27,232,3632,58,2910,53,348,,198,33,46,70,0,0,,101,,94,313,,
2024,27,232,3633,303,10893,239,2065,13,971,171,203,424,,0,58,113,,236,2087,11.0,
2024,27,232,3634,321,19514,168,3710,38,1456,207,205,789,,0,51,266,15,531,3451,23.0,
2024,27,232,3635,,,,,,,,,,,,,,,,,,
2024,28,233,3636,189,266,97,140,,,0,0,111,0,,17,29,0,80,0,12.0,
2024,28,233,3637,210,302,142,172,12,41,0,0,111,0,,25,26,0,152,0,14.0,
2024,28,233,3638,529,778,314,384,67,24,0,0,269,,,30,30,0,368,0,29.0,
2024,28,233,3639,1368,874,755,349,108,63,0,0,341,,,32,63,0,658,0,77.0,19.0
2024,25,234,3640,307,3238,187,575,,364,185,215,121,0,0,0,134,0,159,204,,
2024,25,234,3641,7854,98850,4650,17166,643,10762,3776,5738,4123,0,0,0,2777,0,4076,8429,150.0,26.0
2024,25,234,3642,4755,58203,2770,11357,243,6426,2556,3403,2920,,0,0,1651,0,2190,5836,64.0,12.0
2024,25,234,3643,17252,103286,10337,21154,1800,11025,3775,12558,4271,,,0,4384,0,5795,9829,278.0,54.0
2024,25,234,3644,220968,805728,118121,175130,17841,83136,34758,140316,31958,28,,0,28188,,50554,82005,2837.0,551.0
2024,25,234,3645,5192,51918,2681,7701,372,5728,2200,3521,2349,,0,0,778,0,1969,3886,66.0,
2024,25,234,3646,1436,13882,754,2468,94,1536,586,866,358,,0,0,473,0,386,1593,,
2024,25,234,3647,,,,,,,,,,,,,,,,,,
2024,25,234,3648,,,,,,,,,,,,,,,,,,
2024,25,234,3649,8618,117310,5376,21132,583,12765,4884,6868,5059,,0,,2231,,5115,10776,197.0,33.0
2024,25,234,3650,932,12527,592,2511,36,1414,757,741,579,,0,0,205,,497,1218,16.0,
2024,25,234,3651,,,,,,,,,,,,,,,,,,
2024,25,234,3652,,,,,,,,,,,,,,,,,,
2024,25,234,3653,,,,,,,,,,,,,,,,,,
2024,2,235,3654,109096,493931,59474,86593,9531,55625,21138,68252,21085,,,0,10491,,27645,43106,1295.0,212.0
2024,2,235,3655,682,7959,553,2216,18,1080,388,581,444,0,0,0,255,0,605,1128,,
2024,2,235,3656,25834,212937,17863,35834,1558,23331,9207,19622,9509,,,0,4117,0,11003,17732,385.0,63.0
2024,2,235,3657,936763,3621722,517451,629087,81913,409359,151593,592801,140408,98,67,0,59035,11,212204,328499,9644.0,1288.0
2024,2,235,3658,34358,122691,22878,24131,3064,14962,4946,25513,4818,,0,0,5978,0,8587,9952,484.0,98.0
2024,2,235,3659,130604,589629,73405,115234,9585,71879,26199,82518,24716,,27,0,16030,0,42136,50157,2336.0,373.0
2024,2,235,3660,3754,29663,2725,5124,239,3511,1453,2957,1445,,0,0,625,0,1187,2990,44.0,
2024,2,235,3661,,,,,,,,,,,,,,,,,,
2024,2,235,3662,,,,,,,,,,,,,,,,,,
2024,2,235,3663,4162,46191,2940,9197,199,5085,2369,3116,2652,0,0,,1236,0,2398,4205,73.0,16.0
2024,2,235,3664,,,,,,,,,,,,,,,,,,
2024,2,235,3665,,,,,,,,,,,,,,,,,,
2024,2,235,3666,,,,,,,,,,,,,,,,,,
2024,13,236,3667,2716,18647,1399,4403,231,1103,734,918,136,15,0,995,185,11,3845,177,60.0,11.0
2024,13,236,3668,29,378,29,109,0,20,16,24,0,0,0,48,,0,69,,,
2024,13,236,3669,2358,10497,1250,2559,246,674,398,1098,56,0,0,740,207,,2034,85,57.0,
2024,13,236,3670,34185,100897,14125,25451,835,2335,1606,7296,,0,0,67,84,156,29690,676,578.0,113.0
2024,13,236,3671,1759,21953,1096,5053,76,1132,1488,725,58,0,,1416,118,20,4086,120,43.0,
2024,13,236,3672,1113,11947,585,3193,27,776,1396,250,93,0,0,916,64,,2384,118,29.0,
2024,13,236,3673,2348,7835,1221,2037,105,115,101,583,0,0,0,14,,,2484,67,52.0,
2024,13,236,3674,71961,321864,32374,78561,7655,21087,18723,25981,1602,,0,20142,3403,263,68638,3192,1131.0,204.0
2024,13,236,3675,659,6166,377,1445,42,354,432,246,71,0,0,361,55,,1168,111,,
2024,13,236,3676,,,,,,,,,,,,,,,,,,
2024,13,236,3677,,,,,,,,,,,,,,,,,,
2024,13,236,3678,,,,,,,,,,,,,,,,,,
2024,28,237,3679,,,,,,,,,,,,,,,,,,
2024,28,237,3680,,,,,,,,,,,,,,,,,,
2024,28,237,3681,,,,,,,,,,,,,,,,,,
2024,28,237,3682,,,,,,,,,,,,,,,,,,
2024,16,238,3683,5949,6140,3119,1079,52,301,67,2401,,0,0,0,,,1473,240,104.0,24.0
2024,16,238,3684,641,2246,442,327,,40,,375,0,0,0,,0,11,350,28,12.0,
2024,16,238,3685,0,,0,0,0,0,0,0,0,0,0,0,0,0,0,0,,
2024,16,238,3686,7183,19094,4048,4826,241,1632,1882,3326,175,0,0,2170,717,,3245,519,136.0,36.0
2024,16,238,3687,937,3187,526,393,18,106,,394,0,0,0,,0,,472,41,17.0,
2024,16,238,3688,236,1298,153,337,11,111,324,132,,0,0,166,38,0,139,,,
2024,16,238,3689,1220,1987,746,301,60,30,,604,0,0,0,0,0,,373,57,30.0,
2024,16,238,3690,5593,31585,3953,6499,161,2365,2950,3458,322,0,0,2975,437,36,3748,413,87.0,18.0
2024,16,238,3691,325,1576,245,386,,185,213,170,31,0,0,144,14,0,265,22,,
2024,16,238,3692,,,,,,,,,,,,,,,,,,
2024,16,238,3693,,,,,,,,,,,,,,,,,,
2024,16,238,3694,,,,,,,,,,,,,,,,,,
2024,16,238,3695,,,,,,,,,,,,,,,,,,
2024,16,238,3696,,,,,,,,,,,,,,,,,,
2024,16,238,3697,,,,,,,,,,,,,,,,,,
2024,16,238,3698,,,,,,,,,,,,,,,,,,
2024,16,238,3699,,,,,,,,,,,,,,,,,,
2024,16,238,3700,,,,,,,,,,,,,,,,,,
2024,16,238,3701,,,,,,,,,,,,,,,,,,
2024,16,238,3702,,,,,,,,,,,,,,,,,,
2024,16,238,3703,,,,,,,,,,,,,,,,,,
2024,16,238,3704,,,,,,,,,,,,,,,,,,
2024,16,238,3705,,,,,,,,,,,,,,,,,,
2024,16,238,3706,,,,,,,,,,,,,,,,,,
2024,16,238,3707,,,,,,,,,,,,,,,,,,
2024,16,238,3708,,,,,,,,,,,,,,,,,,
2024,11,239,3709,612,4722,428,783,45,549,155,551,239,0,0,0,137,0,163,378,,
2024,11,239,3710,39969,85727,22307,22864,2283,8762,4393,25304,6123,,0,0,2549,0,5825,10692,294.0,43.0
2024,11,239,3711,2093,8640,1191,1938,147,842,434,1327,569,0,0,0,698,0,309,609,13.0,
2024,11,239,3712,51268,104675,31169,27907,2558,11109,5486,34041,6041,,,0,5517,0,8771,10042,500.0,105.0
2024,11,239,3713,2299,10880,1443,1726,74,1195,561,1544,517,0,0,0,393,0,325,693,19.0,
2024,11,239,3714,1924,9803,1292,1744,86,1170,524,1430,705,0,0,0,236,0,459,611,15.0,
2024,11,239,3715,223942,349796,124455,85141,10291,39859,15977,136237,19047,,14,0,13820,0,30145,36028,2023.0,297.0
2024,11,239,3716,,,,,,,,,,,,,,,,,,
2024,11,239,3717,,,,,,,,,,,,,,,,,,
2024,11,239,3718,2617,12232,1670,2381,155,1280,523,1858,912,0,0,,346,0,518,794,21.0,
2024,11,239,3719,,,,,,,,,,,,,,,,,,
2024,11,239,3720,,,,,,,,,,,,,,,,,,
2024,11,239,3721,,,,,,,,,,,,,,,,,,
2024,25,240,3722,,,,,,,,,,,,,,,,,,
2024,25,240,3723,,,,,,,,,,,,,,,,,,
2024,25,240,3724,,,,,,,,,,,,,,,,,,
2024,25,240,3725,88096,603569,13764,115587,961,68666,20730,8522,23184,16035,669,11430,20135,0,36299,16162,2614.0,472.0
2024,25,240,3726,151903,938801,26327,187596,1170,120860,31279,16256,35671,22706,850,15794,38656,0,63167,25879,3913.0,1096.0
2024,25,240,3727,13689,168289,2300,31326,105,17977,8079,1902,6574,7124,288,3364,3710,0,6159,5504,274.0,48.0
2024,25,240,3728,5586,69682,836,12298,55,6253,3017,780,2603,2530,129,1396,1233,0,2528,2163,92.0,18.0
2024,25,240,3729,40223,275883,8915,50008,356,33309,9557,5940,10327,8031,248,4823,9429,0,15491,7024,1203.0,221.0
2024,25,240,3730,279065,2665691,44448,470191,1756,244287,93253,33385,92176,71854,2461,51598,57596,0,119910,85901,6523.0,1517.0
2024,25,240,3731,2732,36348,331,7101,28,4526,1937,283,1458,1768,66,673,943,0,1297,1242,52.0,
2024,25,240,3732,,,,,,,,,,,,,,,,,,
2024,25,240,3733,,,,,,,,,,,,,,,,,,
2024,25,240,3734,11385,128170,2338,23594,140,12493,4779,1806,5770,4164,129,2600,3206,0,5599,3769,345.0,67.0
2024,25,240,3735,6527,72336,1095,12888,63,7246,2427,783,3291,2065,161,1217,2009,0,3518,2029,186.0,33.0
2024,25,240,3736,6561,88196,1235,17165,64,8465,3821,1036,4597,3220,201,1607,1913,0,3219,3139,155.0,26.0
2024,25,240,3737,4626,59584,890,11609,50,4978,2963,601,3270,2501,78,1049,923,0,2227,1983,83.0,14.0
2024,25,240,3738,4116,42962,943,7277,33,2603,1498,713,2178,1284,75,790,835,0,1546,1026,147.0,31.0
2024,25,240,3739,18401,234720,3416,45357,112,20394,10438,2881,10669,8650,362,4948,4323,0,8415,8632,341.0,71.0
2024,25,240,3740,665,9220,138,1927,,522,594,110,493,565,,194,110,0,279,300,16.0,
2024,20,241,3741,54,140,,25,0,0,0,0,15,,,0,0,0,,12,,
2024,20,241,3742,221,555,96,108,47,11,0,0,83,,,0,,0,66,51,14.0,
2024,20,241,3743,534,1665,198,395,,28,0,0,428,0,,0,11,0,151,,83.0,28.0
2024,20,241,3744,14,30,,,0,0,0,0,0,0,,0,,0,0,,,
2024,20,241,3745,0,,0,,0,0,0,0,,0,,0,0,0,0,0,,
2024,3,242,3746,,,,,,,,,,,,,,,,,,
2024,3,242,3747,116055,1504981,10557,232724,1242,169292,56591,3194,40048,28057,1133,20041,39547,0,68639,37430,,
2024,3,242,3748,481,5640,30,801,,531,150,,111,92,12,94,85,0,244,176,,
2024,3,242,3749,2063,30458,263,4938,19,2120,1134,25,1170,689,31,578,396,0,1370,651,55.0,
2024,3,242,3750,65,918,,120,0,67,15,,34,,,18,22,0,23,21,,
2024,3,242,3751,789,11467,99,1736,15,655,500,148,377,177,,187,139,0,347,298,13.0,
2024,3,242,3752,,244,,74,0,0,46,0,,42,0,,0,0,16,,,
2024,3,242,3753,,,,,,,,,,,,,,,,,,
2024,3,242,3754,,,,,,,,,,,,,,,,,,
2024,3,242,3755,,,,,,,,,,,,,,,,,,
2024,3,242,3756,,,,,,,,,,,,,,,,,,
2024,26,243,3757,,,,,,,,,,,,,,,,,,
2024,26,243,3758,,,,,,,,,,,,,,,,,,
2024,26,243,3759,,,,,,,,,,,,,,,,,,
2024,26,243,3760,,,,,,,,,,,,,,,,,,
2024,26,243,3761,,,,,,,,,,,,,,,,,,
2024,26,243,3762,,,,,,,,,,,,,,,,,,
2024,26,243,3763,,,,,,,,,,,,,,,,,,
2024,26,243,3764,,,,,,,,,,,,,,,,,,
2024,26,243,3765,,,,,,,,,,,,,,,,,,
2024,26,243,3766,,,,,,,,,,,,,,,,,,
2024,26,243,3767,,,,,,,,,,,,,,,,,,
2024,8,244,3768,59,42,18,13,0,,0,0,17,0,,0,,0,0,,63.0,
2024,8,244,3769,89,77,41,22,,,0,0,33,0,,0,26,0,0,,136.0,25.0
2024,8,244,3770,23,26,,,0,0,0,0,12,0,,0,,0,0,,37.0,
2024,8,244,3771,93,75,35,30,,,0,0,47,,,0,11,0,0,,118.0,24.0
2024,27,245,3772,388,13600,167,3521,,105,0,0,0,0,,309,542,0,190,2647,201.0,40.0
2024,27,245,3773,144,4828,61,1185,0,44,0,0,679,0,,196,149,0,36,186,60.0,
2024,22,246,3774,,47,,,0,0,0,0,0,0,0,0,0,0,,,355.0,58.0
2024,22,246,3775,0,0,0,0,0,0,0,0,0,0,0,0,0,0,0,0,32.0,
2024,22,246,3776,320,1335,53,82,,,61,0,,0,0,0,,0,34,38,72.0,13.0
2024,22,246,3777,39,57,,,0,0,,0,0,0,0,0,0,0,,,527.0,80.0
2024,22,246,3778,,,,0,0,0,0,0,0,0,0,0,0,0,0,,199.0,32.0
2024,22,246,3779,671,2649,131,214,,18,127,0,,0,0,0,,0,109,101,293.0,32.0
2024,22,246,3780,1309,5680,207,405,,34,235,0,,0,0,0,,0,175,196,586.0,102.0
2024,22,246,3781,,12,,,0,0,,0,0,0,0,0,0,0,0,,150.0,23.0
2024,22,246,3782,12,40,,,0,,,0,0,0,0,0,0,0,,,213.0,24.0
2024,22,246,3783,0,0,0,0,0,0,0,0,0,0,,0,0,0,0,0,159.0,32.0
2024,22,246,3784,0,0,0,0,0,0,0,0,0,0,,0,0,0,0,0,171.0,42.0
2024,22,246,3785,0,0,0,0,0,0,0,0,0,0,,0,0,0,0,0,66.0,12.0
2024,12,247,3786,608,4069,414,893,68,541,242,593,208,0,0,0,128,0,198,433,,
2024,12,247,3787,3492,19232,1961,4456,488,2443,904,2594,1463,,0,0,681,0,1268,2065,39.0,
2024,12,247,3788,20952,38224,12181,11021,2381,5596,1948,15131,3124,,0,0,3622,0,2697,3939,166.0,36.0
2024,12,247,3789,2764,18927,1830,4318,307,2391,954,2160,1103,0,0,0,1207,0,990,1841,42.0,
2024,12,247,3790,56159,89530,31953,24577,4485,12860,5199,37331,8222,,,0,7071,0,7240,7934,429.0,84.0
2024,12,247,3791,11222,47585,6728,10487,723,5986,2433,7800,2769,,0,0,1798,0,3125,4616,124.0,21.0
2024,12,247,3792,1299,7715,892,1818,114,850,384,1065,440,0,0,0,238,0,655,645,17.0,
2024,12,247,3793,,,,,,,,,,,,,,,,,,
2024,12,247,3794,,,,,,,,,,,,,,,,,,
2024,12,247,3795,5538,32489,4006,7045,513,3509,1632,4758,1852,,0,0,975,0,1755,3197,79.0,17.0
2024,12,247,3796,,,,,,,,,,,,,,,,,,
2024,12,247,3797,,,,,,,,,,,,,,,,,,
2024,12,247,3798,,,,,,,,,,,,,,,,,,
2024,15,248,3799,851,2436,254,638,,42,,0,276,0,,158,115,0,30,312,37.0,
2024,15,248,3800,3317,8994,945,2035,52,18,29,0,1041,0,,154,546,0,44,1166,178.0,34.0
2024,26,249,3801,3710,73557,1527,15710,229,12943,1495,860,1780,,0,18,1265,188,11027,5702,130.0,11.0
2024,26,249,3802,884,26827,371,6154,36,5074,732,244,957,,0,,302,53,4118,2495,50.0,
2024,26,249,3803,1641,34187,685,7730,75,5347,631,423,851,0,0,,439,97,5978,1868,100.0,11.0
2024,26,249,3804,5147,97630,2270,20540,196,15647,2184,1543,2545,0,0,13,865,178,14160,7948,167.0,20.0
2024,26,249,3805,1414,35798,711,8193,79,6281,920,429,953,,0,53,353,85,5999,2400,81.0,11.0
2024,26,249,3806,1355,28766,673,6370,73,4493,459,422,675,11,0,,194,56,4983,1762,109.0,15.0
2024,26,249,3807,3923,76328,1441,15042,196,8882,1158,859,1231,,0,23,577,132,12767,3285,165.0,12.0
2024,5,250,3808,1118,7555,646,1882,344,1569,293,652,502,0,0,379,87,0,249,366,35.0,
2024,5,250,3809,773,7017,404,1872,348,1482,300,404,513,0,0,373,110,0,272,304,23.0,
2024,5,250,3810,4988,59027,2480,17068,1701,12393,2743,2503,4939,0,0,4149,365,,2812,2035,155.0,23.0
2024,5,250,3811,961,11036,518,3314,450,2183,570,523,739,0,0,800,234,0,660,306,21.0,
2024,5,250,3812,1345,13509,678,3540,391,2663,565,681,1004,0,0,736,140,0,578,514,54.0,
2024,5,250,3813,7260,67494,2780,18670,2545,13318,3592,2806,5063,0,0,4172,323,0,2824,2670,237.0,36.0
2024,5,250,3814,,,,,,,,,,,,,,,,,,
2024,5,250,3815,,,,,,,,,,,,,,,,,,
2024,9,251,3816,,,,,,,,,,,,,,,,,,
2024,9,251,3817,,,,,,,,,,,,,,,,,,
2024,9,251,3818,,,,,,,,,,,,,,,,,,
2024,9,251,3819,,,,,,,,,,,,,,,,,,
2024,9,251,3820,,,,,,,,,,,,,,,,,,
2024,9,251,3821,,,,,,,,,,,,,,,,,,
2024,9,251,3822,,,,,,,,,,,,,,,,,,
2024,9,251,3823,,,,,,,,,,,,,,,,,,
2024,9,251,3824,,,,,,,,,,,,,,,,,,
2024,9,251,3825,,,,,,,,,,,,,,,,,,
2024,9,251,3826,,,,,,,,,,,,,,,,,,
2024,9,251,3827,,,,,,,,,,,,,,,,,,
2024,9,251,3828,,,,,,,,,,,,,,,,,,
2024,9,251,3829,,,,,,,,,,,,,,,,,,
2024,9,251,3830,,,,,,,,,,,,,,,,,,
2024,19,252,3831,813,827,341,328,69,85,0,549,84,0,,17,48,0,46,244,42.0,
2024,19,252,3832,1563,1600,622,659,124,94,0,980,176,0,,28,29,0,120,143,82.0,13.0
2024,19,252,3833,0,0,0,0,0,0,0,0,0,0,,0,0,0,0,0,,
2024,19,252,3834,11,0,,0,0,0,0,,,0,,0,0,0,0,0,,
2024,18,253,3835,,,,,,,,,,,,,,,,,,
2024,18,253,3836,,,,,,,,,,,,,,,,,,
2024,18,253,3837,,,,,,,,,,,,,,,,,,
2024,18,253,3838,,,,,,,,,,,,,,,,,,
2024,18,253,3839,,,,,,,,,,,,,,,,,,
2024,18,253,3840,,,,,,,,,,,,,,,,,,
2024,18,253,3841,,,,,,,,,,,,,,,,,,
2024,18,253,3842,,,,,,,,,,,,,,,,,,
2024,18,253,3843,,,,,,,,,,,,,,,,,,
2024,18,253,3844,,,,,,,,,,,,,,,,,,
2024,18,253,3845,,,,,,,,,,,,,,,,,,
2024,18,253,3846,,,,,,,,,,,,,,,,,,
2024,18,253,3847,,,,,,,,,,,,,,,,,,
2024,18,253,3848,,,,,,,,,,,,,,,,,,
2024,23,254,3849,3428,13286,2169,4482,1105,3622,491,2170,922,0,0,1189,224,0,589,1066,62.0,13.0
2024,23,254,3850,1233,5221,707,1855,426,1410,405,710,283,0,0,489,73,0,226,376,16.0,
2024,23,254,3851,11069,69724,6884,22572,4200,16642,3006,6899,3850,0,0,4733,2953,0,4276,3739,118.0,28.0
2024,23,254,3852,538,5423,354,1656,238,1425,335,354,305,0,0,325,110,0,262,319,,
2024,23,254,3853,2700,15532,1294,5134,872,4077,618,1295,1247,0,0,1453,175,0,742,898,51.0,11.0
2024,23,254,3854,1477,11853,722,3821,449,2954,658,722,641,0,0,682,284,0,817,739,23.0,
2024,23,254,3855,,,,,,,,,,,,,,,,,,
2024,23,254,3856,,,,,,,,,,,,,,,,,,
2024,17,255,3857,21,1493,17,232,0,118,22,,17,0,0,18,40,0,145,39,,
2024,17,255,3858,72,2199,70,318,19,228,,,27,0,0,15,85,0,369,49,,
2024,17,255,3859,30,1786,,305,0,199,22,,26,0,0,26,28,0,301,43,,
2024,17,255,3860,206,7644,189,1530,50,673,51,,143,0,0,115,516,0,1077,169,18.0,
2024,17,255,3861,15,219,15,56,,44,0,0,,0,0,,36,0,56,,,
2024,17,255,3862,142,2851,142,717,94,477,,,63,0,0,20,287,0,512,38,,
2024,17,255,3863,43,860,35,169,27,58,,0,17,0,0,12,75,0,101,16,,
2024,17,255,3864,,,,,,,,,,,,,,,,,,
2024,17,255,3865,,,,,,,,,,,,,,,,,,
2024,17,255,3866,81,2258,79,409,,188,36,0,48,0,0,14,85,0,343,39,,
2024,17,255,3867,143,8614,121,1874,18,765,106,136,298,0,0,83,159,0,1285,180,24.0,
2024,17,255,3868,32,1145,32,190,14,139,34,0,33,0,0,26,16,0,128,57,,
2024,17,255,3869,33,595,33,107,33,49,,0,12,0,0,,41,0,117,,,
2024,17,255,3870,18,760,,114,,53,48,0,,0,0,,30,0,36,,,
2024,17,255,3871,50,2076,35,340,,288,36,0,35,0,0,17,25,0,381,13,,
2024,17,255,3872,128,2125,126,467,,204,,0,48,0,0,13,142,0,398,22,,
2024,17,255,3873,,,,,,,,,,,,,,,,,,
2024,17,255,3874,,,,,,,,,,,,,,,,,,
2024,17,255,3875,108,4353,100,1075,12,392,32,84,83,0,0,16,344,0,681,43,,
2024,17,255,3876,172,4271,161,849,,381,45,,139,0,0,38,285,0,658,62,14.0,
2024,17,255,3877,149,5166,143,907,32,594,33,0,118,0,0,58,260,0,801,97,,
2024,17,255,3878,267,12164,263,2969,37,1237,102,168,297,,0,112,959,0,1922,214,24.0,
2024,17,255,3879,150,2146,104,371,37,279,23,0,52,0,0,27,198,0,211,37,,
2024,17,255,3880,561,3749,546,915,247,353,34,14,112,0,0,65,680,0,777,58,,
2024,17,255,3881,97,2122,95,441,16,251,,,60,0,0,22,128,0,325,47,,
2024,17,255,3882,,,,,,,,,,,,,,,,,,
2024,17,255,3883,,,,,,,,,,,,,,,,,,
2024,1,256,3884,11748,58867,2189,10314,519,5450,747,,5866,,0,29,105,29,5767,1065,201.0,24.0
2024,1,256,3885,7091,30031,1404,5027,432,2508,295,,2835,,,,41,13,2945,463,81.0,
2024,1,256,3886,3497,15372,657,2520,48,1424,93,,1676,,0,12,,21,1318,266,88.0,
2024,1,256,3887,1639,9080,299,1755,21,723,142,,1197,0,0,,,,1038,211,34.0,
2024,1,256,3888,5298,27711,962,4740,114,2049,209,,2649,15,0,35,39,,2689,598,91.0,12.0
2024,1,256,3889,4703,22662,954,4061,124,1627,417,,2100,,,,19,,2135,407,122.0,14.0
2024,1,256,3890,1398,4961,206,814,32,308,119,15,483,,0,,14,0,355,43,23.0,
2024,16,257,3891,16728,210117,15433,36677,467,8080,239,15433,545,3922,2208,0,368,0,17420,11975,556.0,116.0
2024,16,257,3892,8975,125438,8281,21096,343,4560,129,8281,283,2225,1358,0,209,0,10010,6882,323.0,74.0
2024,16,257,3893,4434,82773,4241,12212,162,2569,109,4241,139,2371,880,0,269,0,4989,3455,135.0,29.0
2024,16,257,3894,6611,128066,6302,17223,205,5104,196,6302,187,2177,994,0,466,0,7416,5787,195.0,44.0
2024,16,257,3895,2074,31363,1951,5948,47,909,109,1951,35,767,412,0,76,0,2866,1683,74.0,16.0
2024,16,257,3896,7450,142732,7079,21870,286,5436,240,7079,144,3142,1152,0,881,0,9222,7089,189.0,56.0
2024,16,257,3897,260,6723,248,999,,218,28,248,13,244,54,0,37,0,423,200,,
2024,16,257,3898,,,,,,,,,,,,,,,,,,
2024,16,257,3899,,,,,,,,,,,,,,,,,,
2024,16,257,3900,,,,,,,,,,,,,,,,,,
2024,16,257,3901,,,,,,,,,,,,,,,,,,
2024,16,257,3902,,,,,,,,,,,,,,,,,,
2024,16,257,3903,,,,,,,,,,,,,,,,,,
2024,16,257,3904,,,,,,,,,,,,,,,,,,
2024,16,257,3905,,,,,,,,,,,,,,,,,,
2024,16,257,3906,,,,,,,,,,,,,,,,,,
2024,16,257,3907,,,,,,,,,,,,,,,,,,
2024,6,258,3908,299,1762,130,553,0,73,0,34,295,75,,0,,0,85,190,27.0,
2024,6,258,3909,225,923,75,287,0,33,0,0,170,23,,0,,0,29,139,16.0,
2024,6,258,3910,687,3147,305,1078,48,342,0,0,798,77,,0,0,0,216,292,63.0,19.0
2024,6,258,3911,437,2697,187,751,28,444,0,0,742,0,,0,,0,185,,82.0,31.0
2024,6,258,3912,24,320,,44,0,0,0,0,22,0,,0,,0,,,,
2024,6,258,3913,0,0,0,0,0,0,0,0,0,0,,0,0,0,0,0,,
2024,20,259,3914,438,16143,205,1962,36,830,351,228,311,,0,1520,32,,597,350,19.0,
2024,20,259,3915,324,5453,168,965,47,454,226,213,0,0,0,667,59,,282,274,,
2024,20,259,3916,1153,30227,697,4088,88,1715,493,771,855,18,0,2529,192,34,1240,969,66.0,
2024,20,259,3917,450,9912,245,1683,98,701,255,340,377,0,0,1001,201,,496,435,14.0,
2024,20,259,3918,,206,0,27,0,11,0,0,0,0,0,23,0,0,17,,,
2024,20,259,3919,103,1406,23,224,,101,21,29,85,0,0,79,17,,71,43,,
2024,20,259,3920,30,1143,11,177,,88,16,14,52,0,0,133,,,38,53,,
2024,20,259,3921,232,3979,143,641,22,283,83,173,100,0,0,498,21,0,166,157,,
2024,20,259,3922,,326,,22,0,,,,,0,0,,0,0,,,,
2024,20,259,3923,417,9380,149,1349,46,629,220,169,362,0,0,937,57,12,369,378,17.0,
2024,20,259,3924,38,591,28,109,0,26,11,35,28,0,0,65,12,0,22,,,
2024,20,259,3925,523,15846,221,2448,47,1095,229,249,396,,0,1729,97,17,588,564,32.0,
2024,20,259,3926,69,1008,,137,0,54,,,25,,0,60,22,0,50,42,,
2024,20,259,3927,0,93,0,33,0,,0,0,0,0,0,29,0,0,,,,
2024,20,259,3928,,,,,,,,,,,,,,,,,,
2024,20,259,3929,,,,,,,,,,,,,,,,,,
2024,20,259,3930,,,,,,,,,,,,,,,,,,
2024,20,259,3931,,,,,,,,,,,,,,,,,,
2024,20,259,3932,,,,,,,,,,,,,,,,,,
2024,20,259,3933,,,,,,,,,,,,,,,,,,
2024,20,259,3934,,,,,,,,,,,,,,,,,,
2024,20,259,3935,,,,,,,,,,,,,,,,,,
2024,20,259,3936,,,,,,,,,,,,,,,,,,
2024,20,259,3937,,,,,,,,,,,,,,,,,,
2024,20,259,3938,573,10719,348,1563,107,682,149,400,329,,0,1017,117,,475,329,25.0,
2024,20,259,3939,,,,,,,,,,,,,,,,,,
2024,1,260,3940,30,,15,,,0,0,0,,,,0,,0,0,,33.0,
2024,1,260,3941,20,,,,0,0,0,0,,0,,0,,0,0,,48.0,
2024,1,260,3942,,,,,,0,0,0,,0,,0,,0,0,,17.0,
2024,1,260,3943,21,14,,,0,0,0,0,,0,,0,,0,0,,54.0,11.0
2024,12,261,3944,56,198,55,31,,,,0,0,0,0,,21,0,0,60,,
2024,12,261,3945,557,5410,540,887,15,80,30,0,60,0,0,0,85,0,0,1252,11.0,
2024,12,261,3946,1806,24312,1596,4637,38,520,155,0,215,0,0,14,258,0,0,5591,53.0,
2024,12,261,3947,675,7566,645,1665,,106,32,0,136,0,0,,91,0,0,2049,26.0,
2024,12,261,3948,771,5988,608,952,23,88,34,0,126,0,0,0,,0,0,1396,23.0,
2024,12,261,3949,2135,26557,1969,5994,12,657,181,0,247,0,0,16,168,0,0,7351,54.0,12.0
2024,12,261,3950,353,4839,347,732,,99,17,0,64,0,0,0,14,0,0,984,,
2024,12,261,3951,55,899,55,167,0,13,,0,18,0,0,0,,0,0,195,,
2024,12,261,3952,983,7291,828,1495,,93,51,0,74,0,0,0,68,0,0,2130,27.0,
2024,8,262,3953,,,,,,,,,,,,,,,,,,
2024,8,262,3954,,,,,,,,,,,,,,,,,,
2024,8,262,3955,,,,,,,,,,,,,,,,,,
2024,8,262,3956,,,,,,,,,,,,,,,,,,
2024,8,262,3957,,,,,,,,,,,,,,,,,,
2024,8,262,3958,,,,,,,,,,,,,,,,,,
2024,8,262,3959,,,,,,,,,,,,,,,,,,
2024,8,262,3960,,,,,,,,,,,,,,,,,,
2024,8,262,3961,,,,,,,,,,,,,,,,,,
2024,8,262,3962,,,,,,,,,,,,,,,,,,
2024,8,262,3963,,,,,,,,,,,,,,,,,,
2024,8,262,3964,,,,,,,,,,,,,,,,,,
2024,3,263,3965,1251,2563697,484,382829,,133261,51906,486,107,18,12,305438,34360,,180119,12676,133.0,17.0
2024,3,263,3966,3384,277398,1252,48218,0,6045,2252,1228,124,74,0,15154,5448,,12499,28184,507.0,75.0
2024,3,263,3967,2388,187122,979,35438,,5011,2008,959,100,30,,13109,2137,,8151,20419,183.0,20.0
2024,3,263,3968,8054,534130,2770,87407,,6785,2564,2733,270,22,0,14342,11859,,18068,62055,899.0,129.0
2024,3,263,3969,2778,199422,1111,31983,,699,68,1103,187,36,0,991,1848,0,5564,29435,610.0,71.0
2024,3,263,3970,,,,,,,,,,,,,,,,,,
2024,3,263,3971,0,83,0,12,0,0,0,0,,0,,0,0,0,,0,,
2024,3,263,3972,457,8849,113,1817,0,0,0,0,1147,0,,74,13,0,165,531,205.0,38.0
2024,3,263,3973,98,2104,20,351,0,0,0,0,225,0,,97,,0,16,26,43.0,
2024,3,263,3974,122,3441,,547,0,0,0,0,308,0,,140,,0,83,24,72.0,11.0
2024,3,263,3975,48,989,,136,0,0,0,0,95,0,,18,0,0,30,0,15.0,
2024,3,263,3976,91,2360,12,394,0,0,0,0,264,0,,65,,0,75,,43.0,
2024,3,263,3977,,,,,,,,,,,,,,,,,,
2024,3,263,3978,,,,,,,,,,,,,,,,,,
2024,17,264,3979,,0,,0,0,0,0,0,,0,,0,,0,0,,17.0,
2024,17,264,3980,28,,14,,,,0,0,12,0,,0,,0,0,,46.0,
2024,17,264,3981,14,0,,0,,0,0,0,,0,,0,,0,0,,12.0,
2024,17,264,3982,17,16,,,0,,0,0,,0,,0,0,0,0,,21.0,
2024,19,265,3983,3050,72172,903,12390,30,537,3420,711,2377,2992,107,1191,1658,0,3209,2024,131.0,12.0
2024,19,265,3984,1543,39715,360,6893,16,479,1042,378,1438,824,13,731,1228,0,2433,943,119.0,13.0
2024,19,265,3985,4557,122148,1453,20365,50,1118,4618,1362,3819,4064,81,2172,3429,0,5829,3415,238.0,28.0
2024,19,265,3986,,,,,,,,,,,,,,,,,,
2024,19,265,3987,1133,39930,363,6156,23,428,1429,493,1069,1067,120,616,1276,0,1789,868,116.0,14.0
2024,19,265,3988,1647,54836,468,8301,16,471,1984,582,1682,1750,25,758,1250,0,2139,1360,102.0,14.0
2024,19,265,3989,3166,64565,926,13869,31,611,2495,795,2785,1885,54,1104,1812,0,5232,1782,183.0,26.0
2024,19,265,3990,2113,48756,641,9113,18,490,1836,647,1895,1572,29,868,1219,0,2750,1301,79.0,12.0
2024,19,265,3991,344,8198,95,1112,,57,265,79,210,235,,157,171,0,291,174,14.0,
2024,19,265,3992,591,10648,165,1576,,108,296,121,414,269,,211,253,0,449,175,34.0,
2024,19,265,3993,610,23833,225,4508,,210,1107,197,1033,929,29,425,507,0,1111,698,51.0,
2024,19,265,3994,,,,,,,,,,,,,,,,,,
2024,19,265,3995,1257,30936,321,5367,,236,1503,286,1058,1120,55,427,789,0,1208,979,56.0,
2024,19,265,3996,719,15576,241,2301,,145,392,227,580,335,0,226,434,0,742,308,47.0,
2024,19,265,3997,1328,40662,409,7817,18,371,2207,459,1821,1961,32,662,795,0,1794,1119,82.0,12.0
2024,19,265,3998,427,15554,130,2528,11,121,480,199,666,450,,232,308,0,555,423,51.0,
2024,19,265,3999,420,15466,122,2831,16,138,449,160,786,380,,218,242,0,800,420,32.0,
2024,19,265,4000,87,3364,18,547,0,26,212,33,133,182,11,24,44,0,75,72,,
2024,5,266,4001,2360,153769,792,29943,189,61,343,183,860,1884,24,208,1374,156,0,25703,388.0,40.0
2024,5,266,4002,7055,451926,1695,81871,477,290,1129,574,2932,4920,54,706,4991,475,0,67785,665.0,78.0
2024,5,266,4003,630,27677,243,5406,45,,28,34,177,407,,21,417,21,0,4542,79.0,
2024,5,266,4004,,,,,,,,,,,,,,,,,,
2024,5,266,4005,,,,,,,,,,,,,,,,,,
2024,5,266,4006,,,,,,,,,,,,,,,,,,
2024,5,266,4007,,,,,,,,,,,,,,,,,,
2024,5,266,4008,,,,,,,,,,,,,,,,,,
2024,5,266,4009,1044,63470,308,13235,188,24,112,88,459,854,53,100,1295,78,0,10504,161.0,26.0
2024,5,266,4010,2342,169233,571,30169,178,91,332,189,1141,1785,21,224,2572,161,0,24315,258.0,35.0
2024,5,266,4011,,,,,,,,,,,,,,,,,,
2024,5,266,4012,4229,47192,3408,10840,59,19,65,60,344,482,,175,2494,44,0,10577,53.0,
2024,5,266,4013,1892,113874,528,20839,110,63,191,146,923,1240,36,212,1655,138,0,16826,151.0,18.0
2024,5,266,4014,,,,,,,,,,,,,,,,,,
2024,5,266,4015,,,,,,,,,,,,,,,,,,
2024,29,267,4016,1336,7684,441,1835,,48,0,0,815,0,,378,341,0,137,605,148.0,30.0
2024,29,267,4017,1236,6496,390,1734,28,41,,0,0,0,,132,287,0,141,1563,161.0,35.0
2024,26,268,4018,9884,188194,9057,39002,411,6548,140,9057,736,5643,3441,0,1039,0,12448,15555,771.0,161.0
2024,26,268,4019,9891,228782,9264,47632,414,7946,411,9264,1289,7178,3690,0,940,0,14205,19919,824.0,164.0
2024,26,268,4020,4862,117600,4621,26332,217,3267,77,4621,494,3695,2922,0,752,0,7602,10790,426.0,79.0
2024,26,268,4021,37437,1373399,34889,296778,2164,51029,2283,34889,4168,48029,18040,0,21657,0,79102,123499,3017.0,548.0
2024,26,268,4022,15585,551178,14724,121135,609,19427,655,14724,1730,20397,4939,0,11875,0,31041,50498,1217.0,247.0
2024,26,268,4023,6610,187761,6151,37927,341,6618,220,6151,403,5305,2082,0,833,0,11373,17711,448.0,70.0
2024,26,268,4024,16140,429181,14888,100805,650,15636,779,14888,1305,15331,7232,0,3513,0,29193,43452,981.0,195.0
2024,26,268,4025,3510,81704,3346,15960,161,2520,94,3346,348,2604,977,0,196,0,4347,7394,297.0,57.0
2024,26,268,4026,7767,246248,7171,47022,393,8119,461,7171,447,7532,3297,0,1253,0,14220,19812,479.0,86.0
2024,26,268,4027,13324,361831,12319,82301,605,13913,629,12319,1314,11986,7901,0,1543,0,24724,34204,949.0,183.0
2024,26,268,4028,,,,,,,,,,,,,,,,,,
2024,26,268,4029,,,,,,,,,,,,,,,,,,
2024,26,268,4030,,,,,,,,,,,,,,,,,,
2024,26,268,4031,,,,,,,,,,,,,,,,,,
2024,26,268,4032,,,,,,,,,,,,,,,,,,
2024,26,268,4033,,,,,,,,,,,,,,,,,,
2024,26,268,4034,,,,,,,,,,,,,,,,,,
2024,26,268,4035,,,,,,,,,,,,,,,,,,
2024,26,268,4036,,,,,,,,,,,,,,,,,,
2024,26,268,4037,,,,,,,,,,,,,,,,,,
2024,26,268,4038,,,,,,,,,,,,,,,,,,
2024,26,268,4039,,,,,,,,,,,,,,,,,,
2024,16,269,4040,3198,40067,606,7860,60,5020,2268,570,1867,2025,68,907,553,0,1158,1407,57.0,
2024,16,269,4041,,,,,,,,,,,,,,,,,,
2024,16,269,4042,,,,,,,,,,,,,,,,,,
2024,16,269,4043,,,,,,,,,,,,,,,,,,
2024,16,269,4044,38213,191852,7650,43495,622,21893,9018,6130,9217,7921,156,4338,6505,0,13010,5372,790.0,164.0
2024,16,269,4045,29952,158040,5828,34192,477,18318,6815,4797,7120,5660,119,2966,6098,0,10773,3534,641.0,165.0
2024,16,269,4046,5823,67455,1119,13385,116,9109,3071,1001,2949,2525,120,1364,1286,0,3133,2570,74.0,13.0
2024,16,269,4047,19883,95712,4232,21335,284,10500,4509,3187,4625,3880,79,2294,3281,0,6303,2393,477.0,110.0
2024,16,269,4048,366433,1803751,75878,383575,6113,171647,88271,57320,86378,73052,2421,39582,42365,0,103821,53946,5273.0,1153.0
2024,16,269,4049,2832,27045,498,5312,101,2954,1505,447,1197,1350,36,485,525,0,911,925,41.0,
2024,16,269,4050,81719,241275,14112,55394,629,35779,11560,9654,12485,9934,221,5602,9553,0,18193,6492,1111.0,236.0
2024,16,269,4051,87361,259973,11969,60372,785,42274,11129,8011,12337,9505,234,5386,13700,0,19920,6641,1264.0,456.0
2024,16,269,4052,9904,68813,861,12686,46,9913,3087,708,2431,2753,43,1509,2348,0,2527,1953,152.0,42.0
2024,16,269,4053,3825,34545,651,7078,56,4994,2210,541,1400,1997,31,759,659,0,1250,1206,56.0,
2024,16,269,4054,26274,88545,4046,20458,284,13424,4424,2616,5015,3901,76,1931,3662,0,6247,2053,434.0,94.0
2024,16,269,4055,33145,209096,3771,50082,403,42282,11511,2335,8830,10343,120,4899,12338,0,11460,7068,383.0,159.0
2024,16,269,4056,3170,19401,385,3772,61,2195,1126,257,841,957,40,412,320,0,615,763,37.0,
2024,16,269,4057,,,,,,,,,,,,,,,,,,
2024,16,269,4058,,,,,,,,,,,,,,,,,,
2024,16,269,4059,2306,29294,483,6185,80,3717,1763,387,1476,1627,49,557,501,0,983,1160,43.0,
2024,16,269,4060,,,,,,,,,,,,,,,,,,
2024,16,269,4061,6227,46252,1213,10242,147,5865,2489,1111,2304,2188,46,1160,1434,0,2457,1292,120.0,27.0
2024,16,269,4062,2985,18223,429,3281,44,2100,735,296,873,717,0,292,487,0,835,384,50.0,12.0
2024,16,269,4063,4745,34970,750,6819,60,3961,1661,529,1793,1494,44,723,954,0,1335,983,110.0,25.0
2024,16,269,4064,1720,17168,364,3505,25,2328,946,242,803,873,,281,585,0,761,522,57.0,13.0
2024,16,269,4065,4588,40277,729,8059,51,5958,1962,426,1902,1766,59,1002,1095,0,1587,1370,84.0,19.0
2024,16,269,4066,2660,28394,344,6163,68,4230,1669,304,1340,1461,52,699,492,0,1074,1195,50.0,
2024,16,269,4067,2337,15490,374,3257,35,1288,900,251,775,799,68,313,259,0,660,468,53.0,11.0
2024,16,269,4068,7513,57579,1540,11602,185,4577,2900,1443,2809,2527,76,1351,1047,0,2110,1859,100.0,23.0
2024,16,269,4069,1069,10451,304,2281,,888,799,251,646,725,32,171,169,0,338,242,17.0,
2024,16,269,4070,1769,10908,223,1815,27,703,500,176,453,483,,268,216,0,339,188,40.0,
2024,16,269,4071,2656,21867,561,4483,24,2505,1373,474,1041,1270,0,439,420,0,796,646,48.0,14.0
2024,16,269,4072,896,6210,114,1238,,694,428,78,315,402,0,111,113,0,138,186,12.0,
2024,4,270,4073,,24,,,,,0,0,,0,,0,0,0,0,,,
2024,4,270,4074,12,,,,,0,0,0,,0,,0,0,0,0,,,
2024,4,270,4075,,,0,,0,,0,0,,0,,0,0,0,0,,,
2024,4,270,4076,0,0,0,0,0,0,0,0,0,0,,0,0,0,0,0,,
2024,20,271,4077,22371,282604,15370,56662,2667,34085,7372,8507,11106,32,,5251,13841,0,19852,15688,402.0,57.0
2024,20,271,4078,1598,22003,2332,5070,165,3202,655,542,825,0,0,453,1363,0,2285,1279,22.0,
2024,20,271,4079,32175,304063,19662,63937,4422,38249,10380,16312,15460,16,0,5878,10630,,23613,15915,599.0,91.0
2024,20,271,4080,139999,1090396,78284,216402,24583,117474,33357,59321,48827,89,0,16224,46629,,90158,48874,3418.0,521.0
2024,20,271,4081,2480,50116,1603,10781,356,7476,1871,1188,2368,0,0,1611,873,0,2965,3168,61.0,
2024,20,271,4082,156,4636,97,893,20,627,160,43,161,0,0,81,137,0,415,182,,
2024,20,271,4083,486,9457,292,1648,85,1088,446,219,344,,0,138,138,0,855,353,,
2024,20,271,4084,,,,,,,,,,,,,,,,,,
2024,20,271,4085,,,,,,,,,,,,,,,,,,
2024,20,271,4086,,,,,,,,,,,,,,,,,,
2024,20,271,4087,,,,,,,,,,,,,,,,,,
2024,20,271,4088,12251,221341,7113,42818,1741,24534,5904,5916,9088,,,4007,5620,0,14919,11309,378.0,54.0
2024,20,271,4089,637,14520,412,2867,99,1926,302,401,603,0,0,271,362,0,984,924,21.0,
2024,20,271,4090,16540,224261,9897,46881,2033,25932,5989,8640,10148,13,,4130,7509,0,16736,11307,406.0,71.0
2024,20,271,4091,32885,430340,19131,80381,4880,42995,10484,15257,16989,28,,6252,15186,0,33953,16553,1247.0,194.0
2024,20,271,4092,3322,52081,2059,11045,520,6727,1811,1643,2531,,0,1443,1174,0,3134,2884,75.0,
2024,20,271,4093,399,7127,259,2045,66,1303,687,176,583,0,0,164,65,0,1006,365,,
2024,20,271,4094,528,7717,333,1559,126,1025,235,345,395,0,0,135,65,0,743,372,11.0,
2024,20,271,4095,,,,,,,,,,,,,,,,,,
2024,20,271,4096,,,,,,,,,,,,,,,,,,
2024,20,271,4097,,,,,,,,,,,,,,,,,,
2024,12,272,4098,2001,8380,937,2778,105,288,24,772,,0,0,18,,14,2866,31,56.0,
2024,12,272,4099,464,5660,335,1310,12,249,222,322,28,0,0,373,31,,1009,13,12.0,
2024,12,272,4100,57,350,48,95,,11,,49,0,0,0,16,,,73,0,,
2024,12,272,4101,2064,12752,1349,3305,131,794,574,1273,67,0,0,1057,353,,2514,91,58.0,
2024,12,272,4102,631,3004,405,800,51,49,13,337,,0,0,,,,814,21,17.0,
2024,12,272,4103,332,2366,258,630,,64,27,225,,0,0,,,,604,23,,
2024,12,272,4104,813,3147,424,893,25,49,14,300,0,0,0,0,0,11,988,,33.0,
2024,12,272,4105,429,2099,210,600,36,233,146,186,23,0,0,216,49,,425,,,
2024,12,272,4106,178,2162,126,565,,106,226,114,15,0,0,130,,,407,,,
2024,22,273,4107,698,31894,551,2802,42,0,28,0,389,,0,,0,,99,2823,136.0,12.0
2024,22,273,4108,1107,35599,873,3731,57,14,74,0,435,0,0,,0,0,29,4064,193.0,27.0
2024,22,273,4109,4980,202640,3955,21693,88,,384,0,2106,14,0,30,0,15,347,22752,633.0,96.0
2024,22,273,4110,11366,65430,7791,5819,60,0,139,0,628,,0,,0,0,83,12752,296.0,55.0
2024,22,273,4111,2021,64547,1665,5892,33,0,118,0,530,,0,,0,,81,6822,173.0,23.0
2024,22,273,4112,3426,22582,2675,2201,,0,43,0,238,,0,0,0,,24,4563,73.0,
2024,22,273,4113,2808,113664,2136,13106,20,0,300,0,1178,66,0,,0,,246,13438,137.0,15.0
2024,22,273,4114,7782,225466,6330,22075,104,,521,0,2623,258,0,14,0,20,175,24794,440.0,62.0
2024,22,273,4115,5211,133256,3976,13567,25,0,272,0,1388,14,0,0,0,,206,15659,85.0,12.0
2024,22,273,4116,3270,28020,2528,2084,,0,46,0,402,0,0,0,0,0,38,4126,34.0,
2024,22,273,4117,2450,20098,1542,1918,0,0,98,0,286,0,0,0,0,0,,3068,30.0,
2024,22,273,4118,10176,70180,7214,5610,48,0,130,0,870,0,0,,0,12,46,11756,196.0,32.0
2024,22,273,4119,,,,,,,,,,,,,,,,,,
2024,22,273,4120,,,,,,,,,,,,,,,,,,
2024,11,274,4121,,0,0,0,0,0,0,0,0,0,,0,0,0,0,0,14.0,
2024,11,274,4122,0,0,0,0,0,0,0,0,0,0,,0,0,0,0,0,11.0,
2024,11,274,4123,0,,0,0,0,0,0,0,0,0,,0,0,0,0,0,,
2024,11,274,4124,0,,0,0,0,0,0,0,0,0,,0,0,0,0,0,,
2024,23,275,4125,87602,547682,10996,97491,459,3328,19662,5317,20073,17085,307,9307,13175,0,32202,11465,2542.0,476.0
2024,23,275,4126,,,,,,,,,,,,,,,,,,
2024,23,275,4127,140980,888957,17334,164341,810,5458,30644,8233,32630,25171,498,15004,26643,0,55760,18573,3749.0,1048.0
2024,23,275,4128,41235,437897,4877,77161,260,2739,18081,3333,15663,16000,408,8133,7844,0,18053,14065,1023.0,209.0
2024,23,275,4129,4841,52735,637,9737,23,373,2433,475,2094,2176,32,1095,898,0,2117,1623,94.0,15.0
2024,23,275,4130,2097,27287,319,5888,,185,1906,210,1299,1690,83,577,395,0,1219,779,37.0,
2024,23,275,4131,33921,205283,4167,37348,196,1380,7527,2012,7689,6554,94,3545,5356,0,12850,4353,936.0,176.0
2024,23,275,4132,183450,1828829,22427,334126,1138,11108,76702,13628,66318,66455,2064,34220,39276,0,80710,59099,3979.0,1059.0
2024,23,275,4133,1564,17204,203,3548,16,100,1043,120,786,906,34,316,407,0,628,517,26.0,
2024,23,275,4134,6346,66972,832,12030,36,399,2471,524,2947,2173,76,1251,1699,0,2811,1865,169.0,34.0
2024,23,275,4135,3404,33243,356,5720,13,214,1318,243,1326,1135,59,520,760,0,1469,754,85.0,16.0
2024,23,275,4136,20061,217282,2693,40197,137,1458,10851,1743,8665,9601,301,4327,3523,0,8852,6605,376.0,75.0
2024,23,275,4137,2953,32831,369,6602,13,200,1575,282,1582,1435,34,633,696,0,1401,1035,58.0,
2024,23,275,4138,1701,22849,306,4282,,128,1284,225,889,1150,48,436,345,0,821,738,35.0,
2024,23,275,4139,2608,23470,267,4340,,138,1006,133,1030,916,13,480,412,0,1105,571,72.0,15.0
2024,23,275,4140,25205,261973,3337,49060,183,1437,12007,2034,11656,10543,388,5060,4208,0,10134,8452,426.0,91.0
2024,23,275,4141,718,7612,113,1496,,52,518,80,309,492,0,106,72,0,281,212,12.0,
2024,28,276,4142,,,,,,,,,,,,,,,,,,
2024,28,276,4143,,,,,,,,,,,,,,,,,,
2024,28,276,4144,,,,,,,,,,,,,,,,,,
2024,28,276,4145,,,,,,,,,,,,,,,,,,
2024,28,276,4146,,,,,,,,,,,,,,,,,,
2024,28,276,4147,,,,,,,,,,,,,,,,,,
2024,28,276,4148,,,,,,,,,,,,,,,,,,
2024,28,276,4149,,,,,,,,,,,,,,,,,,
2024,28,276,4150,,,,,,,,,,,,,,,,,,
2024,28,276,4151,,,,,,,,,,,,,,,,,,
2024,28,276,4152,,,,,,,,,,,,,,,,,,
2024,28,276,4153,,,,,,,,,,,,,,,,,,
2024,28,276,4154,,,,,,,,,,,,,,,,,,
2024,28,276,4155,,,,,,,,,,,,,,,,,,
2024,28,276,4156,,,,,,,,,,,,,,,,,,
2024,28,276,4157,,,,,,,,,,,,,,,,,,
2024,28,276,4158,,,,,,,,,,,,,,,,,,
2024,28,276,4159,,,,,,,,,,,,,,,,,,
2024,28,276,4160,,,,,,,,,,,,,,,,,,
2024,28,276,4161,,,,,,,,,,,,,,,,,,
2024,28,276,4162,,,,,,,,,,,,,,,,,,
2024,28,276,4163,,,,,,,,,,,,,,,,,,
2024,28,276,4164,,,,,,,,,,,,,,,,,,
2024,28,276,4165,,,,,,,,,,,,,,,,,,
2024,28,276,4166,,,,,,,,,,,,,,,,,,
2024,28,276,4167,,,,,,,,,,,,,,,,,,
2024,28,276,4168,,,,,,,,,,,,,,,,,,
2024,28,276,4169,,,,,,,,,,,,,,,,,,
2024,28,276,4170,,,,,,,,,,,,,,,,,,
2024,28,276,4171,,,,,,,,,,,,,,,,,,
2024,28,276,4172,,,,,,,,,,,,,,,,,,
2024,28,276,4173,,,,,,,,,,,,,,,,,,
2024,28,276,4174,,,,,,,,,,,,,,,,,,
2024,28,276,4175,,,,,,,,,,,,,,,,,,
2024,28,276,4176,,,,,,,,,,,,,,,,,,
2024,28,276,4177,,,,,,,,,,,,,,,,,,
2024,28,276,4178,,,,,,,,,,,,,,,,,,
2024,28,276,4179,,,,,,,,,,,,,,,,,,
2024,28,276,4180,,,,,,,,,,,,,,,,,,
2024,28,276,4181,,,,,,,,,,,,,,,,,,
2024,28,276,4182,,,,,,,,,,,,,,,,,,
2024,28,276,4183,,,,,,,,,,,,,,,,,,
2024,28,276,4184,,,,,,,,,,,,,,,,,,
2024,28,276,4185,,,,,,,,,,,,,,,,,,
2024,28,276,4186,,,,,,,,,,,,,,,,,,
2024,28,276,4187,,,,,,,,,,,,,,,,,,
2024,28,276,4188,,,,,,,,,,,,,,,,,,
2024,28,276,4189,,,,,,,,,,,,,,,,,,
2024,28,276,4190,,,,,,,,,,,,,,,,,,
2024,28,276,4191,,,,,,,,,,,,,,,,,,
2024,28,276,4192,,,,,,,,,,,,,,,,,,
2024,28,276,4193,,,,,,,,,,,,,,,,,,
2024,28,276,4194,,,,,,,,,,,,,,,,,,
2024,28,276,4195,,,,,,,,,,,,,,,,,,
2024,28,277,4196,464,9844,66,1209,22,463,31,0,910,0,,0,283,0,481,576,184.0,20.0
2024,28,277,4197,600,17373,91,1946,57,775,21,0,1157,32,,0,466,0,804,1045,341.0,34.0
2024,28,277,4198,1607,44558,294,5088,94,1884,18,0,4413,,,0,1298,0,1885,1104,1114.0,142.0
2024,28,277,4199,0,0,0,0,0,0,0,0,0,0,,0,0,0,0,0,,
2024,28,277,4200,0,0,0,0,0,0,0,0,0,0,,0,0,0,0,0,,
2024,6,278,4201,,,,,,,,,,,,,,,,,,
2024,6,278,4202,,,,,,,,,,,,,,,,,,
2024,6,278,4203,,,,,,,,,,,,,,,,,,
2024,6,278,4204,,,,,,,,,,,,,,,,,,
2024,6,278,4205,,,,,,,,,,,,,,,,,,
2024,14,279,4206,124,3534,90,690,22,515,191,95,33,549,64,146,76,,347,52,,
2024,14,279,4207,567,12361,298,2522,58,1823,930,252,121,1845,207,696,205,57,1288,216,22.0,
2024,30,280,4208,1475,1406,415,277,81,43,0,589,113,0,,33,13,0,34,164,76.0,
2024,30,280,4209,2611,2417,730,528,161,120,0,1104,166,0,,77,78,0,56,362,129.0,16.0
2024,30,280,4210,26,0,17,0,,0,0,26,0,0,,0,0,0,0,0,,
2024,30,280,4211,,,,0,,0,0,,0,0,,0,0,0,0,0,,
2024,28,281,4212,8489,40346,6339,6673,617,4051,1639,7400,1765,,0,0,1059,0,702,4335,161.0,25.0
2024,28,281,4213,,,,,,,,,,,,,,,,,,
2024,28,281,4214,3973,29036,3212,5318,204,3263,1725,3498,1890,,0,0,623,0,326,3265,51.0,
2024,28,281,4215,12342,76429,8732,13289,764,8204,3820,9714,3923,,0,0,1397,0,1785,8629,186.0,24.0
2024,28,281,4216,1432,7326,1154,1079,180,867,384,1359,300,0,0,0,142,0,109,682,13.0,
2024,28,281,4217,2766,25503,2164,3539,93,2816,1289,2323,1170,0,0,0,419,0,230,2367,52.0,
2024,28,281,4218,,,,,,,,,,,,,,,,,,
2024,28,281,4219,,,,,,,,,,,,,,,,,,
2024,28,281,4220,,,,,,,,,,,,,,,,,,
2024,28,281,4221,3379,24442,2744,4481,100,2747,1557,2902,1325,0,0,0,434,0,285,2850,52.0,
2024,28,281,4222,,,,,,,,,,,,,,,,,,
2024,28,281,4223,,,,,,,,,,,,,,,,,,
2024,28,281,4224,,,,,,,,,,,,,,,,,,
2024,28,282,4225,1554,23150,795,3230,15,720,212,93,188,87,0,410,476,0,58,2501,95.0,11.0
2024,28,282,4226,185,6856,116,1302,13,286,95,26,48,27,0,220,88,0,15,899,,
2024,28,282,4227,340,10956,164,1745,62,359,227,56,112,28,0,189,156,0,15,1126,19.0,
2024,28,282,4228,244,7072,117,1258,0,613,179,32,93,11,0,254,133,0,16,657,,
2024,28,282,4229,4374,97721,2722,16020,69,3193,2076,794,1030,250,0,2044,1699,,313,10535,225.0,27.0
2024,28,282,4230,1018,28204,606,4323,18,499,475,99,255,96,0,237,515,,87,3161,70.0,
2024,28,282,4231,317,9914,251,1887,,402,261,52,223,17,0,59,451,,60,1014,,
2024,28,282,4232,434,15862,251,2226,,282,432,74,261,62,0,123,222,,47,1253,17.0,
2024,28,282,4233,200,11708,145,2001,,284,184,56,83,17,0,115,101,,32,1557,,
2024,28,282,4234,2053,58529,1175,9328,,762,1199,402,590,164,0,654,1199,,227,6062,135.0,15.0
2024,28,282,4235,550,5446,400,1000,0,70,237,111,56,,0,171,151,0,29,636,13.0,
2024,28,282,4236,185,1749,100,348,0,0,,,12,11,0,66,37,0,0,311,,
2024,28,282,4237,222,4151,79,1011,0,,,,40,20,0,280,48,0,,681,,
2024,28,282,4238,,,,,,,,,,,,,,,,,,
2024,28,282,4239,,,,,,,,,,,,,,,,,,
2024,28,282,4240,,,,,,,,,,,,,,,,,,
2024,28,282,4241,,,,,,,,,,,,,,,,,,
2024,28,282,4242,,,,,,,,,,,,,,,,,,
2024,28,282,4243,2520,3085,2161,564,0,15,85,33,34,19,0,28,68,,,2449,,
2024,28,282,4244,,579,,87,0,,24,,15,,0,,15,0,,27,,
2024,28,282,4245,121,1916,22,265,0,,26,,27,19,0,31,56,0,,120,,
2024,28,282,4246,,,,,,,,,,,,,,,,,,
2024,28,282,4247,,,,,,,,,,,,,,,,,,
2024,28,282,4248,,,,,,,,,,,,,,,,,,
2024,28,282,4249,,,,,,,,,,,,,,,,,,
2024,28,282,4250,,,,,,,,,,,,,,,,,,
2024,21,283,4251,,,,,,,,,,,,,,,,,,
2024,21,283,4252,,,,,,,,,,,,,,,,,,
2024,21,283,4253,,,,,,,,,,,,,,,,,,
2024,21,283,4254,,,,,,,,,,,,,,,,,,
2024,4,284,4255,1796,4031,1557,1001,0,0,0,1313,629,154,,462,0,0,0,0,102.0,14.0
2024,25,285,4256,944,7009,223,1559,23,,0,27,1662,18,,31,412,0,0,166,186.0,29.0
2024,25,285,4257,2773,19103,713,4537,0,51,0,130,4110,122,,275,1413,0,0,1259,350.0,58.0
2024,25,285,4258,1495,8648,516,2804,,11,0,45,3096,14,,0,674,0,0,297,253.0,57.0
2024,2,286,4259,802,8965,318,2632,51,190,,0,1101,0,,536,375,0,366,565,141.0,34.0
2024,2,286,4260,565,7703,225,1789,,60,,0,1096,0,,128,291,0,116,382,162.0,34.0
2024,2,286,4261,572,6549,254,2199,,70,0,0,1540,0,,63,258,0,127,465,159.0,48.0
2024,16,287,4262,2690,3790,581,1256,28,81,0,0,0,0,,21,0,0,0,1858,111.0,20.0
2024,16,287,4263,2291,2255,577,675,52,17,0,0,0,0,,52,,0,0,1314,63.0,14.0
2024,16,287,4264,,,,,,,,,,,,,,,,,,
2024,13,288,4265,59,336,,78,0,,0,0,0,0,,0,25,0,0,170,,
2024,13,288,4266,292,702,99,239,,18,0,0,0,0,,21,116,0,0,228,17.0,
2024,13,288,4267,,,,,,,,,,,,,,,,,,
2024,9,289,4268,0,,0,0,0,0,0,0,0,0,,0,0,0,0,0,,
2024,9,289,4269,0,0,0,0,0,0,0,0,0,0,,0,0,0,0,0,,
2024,9,289,4270,0,0,0,0,0,0,0,0,0,0,,0,0,0,0,0,,
2024,9,289,4271,0,,0,0,0,0,0,0,0,0,,0,0,0,0,0,,
2024,14,290,4272,316,568,110,148,16,32,0,146,31,0,,13,,0,17,117,21.0,
2024,14,290,4273,0,0,0,0,0,0,0,0,0,0,,0,0,0,0,0,,
2024,14,290,4274,189,547,64,137,,42,0,94,40,0,,,24,0,28,97,24.0,
2024,23,291,4275,,,,,,,,,,,,,,,,,,
2024,23,291,4276,,,,,,,,,,,,,,,,,,
2024,23,291,4277,,,,,,,,,,,,,,,,,,
2024,23,291,4278,,,,,,,,,,,,,,,,,,
2024,4,292,4279,433,779,208,290,,,72,44,0,0,0,0,30,0,0,356,14.0,
2024,4,292,4280,298,658,139,185,,,34,41,0,0,0,0,15,0,0,236,,
2024,4,292,4281,167,314,71,117,0,0,20,28,0,0,0,0,,0,0,133,,
2024,4,292,4282,364,486,162,174,,,42,39,0,0,0,0,23,0,0,234,,
2024,4,292,4283,62,156,23,27,,,,,0,0,0,0,,0,0,38,,
2024,6,293,4284,23407,44324,4607,10212,62,212,3864,2732,1545,823,,893,3437,0,3012,1227,608.0,183.0
2024,6,293,4285,47362,112627,6721,23446,112,472,9942,2921,2759,2457,60,1993,4004,0,6572,4715,320.0,107.0
2024,6,293,4286,17816,40581,3126,8325,80,141,3540,1635,1250,1019,24,755,1273,0,2132,1461,122.0,32.0
2024,6,293,4287,,,,,,,,,,,,,,,,,,
2024,6,293,4288,42755,79558,9137,17987,93,380,7307,5438,2710,1872,48,1430,3818,0,5949,2569,761.0,217.0
2024,6,293,4289,187224,445401,29185,97077,442,1868,36207,14479,13171,9414,171,8284,20539,0,26948,18131,1745.0,645.0
2024,6,293,4290,63168,133483,13251,29653,164,647,11611,7770,4556,3129,87,2224,7803,0,8861,4173,895.0,283.0
2024,28,294,4291,325,26626,122,3076,33,4303,234,,577,0,0,60,367,16,1178,2496,47.0,
2024,28,294,4292,515,33594,190,3935,52,5441,335,,658,19,0,112,455,,1421,2906,57.0,
2024,28,294,4293,44,519,,73,0,86,0,0,,0,0,,13,0,42,51,,
2024,28,294,4294,1571,82847,795,10088,114,12081,463,125,1429,0,0,374,965,21,5087,5556,194.0,16.0
2024,28,294,4295,898,36312,280,4679,69,5557,337,,794,0,0,192,508,,2064,2463,95.0,11.0
2024,28,294,4296,669,30203,253,3740,68,5513,291,,661,,,99,474,,1576,2783,52.0,
2024,28,294,4297,999,54694,371,6241,95,8691,583,15,1103,,0,157,347,36,2506,4752,76.0,
2024,28,294,4298,285,17091,157,2173,,2702,203,,358,0,0,53,412,,981,1490,26.0,
2024,28,294,4299,755,50232,431,6103,41,9541,523,32,1001,,0,226,526,,2756,3989,132.0,13.0
2024,28,294,4300,103,2574,,570,,580,,0,26,0,0,,46,0,500,76,,
2024,28,294,4301,107,5968,16,702,24,985,79,17,170,0,0,,139,0,189,554,14.0,
2024,28,294,4302,,815,0,86,0,150,11,0,42,0,0,,30,0,12,34,,
2024,20,295,4303,926,14985,362,3304,67,873,0,598,913,23,,676,290,,294,2372,247.0,26.0
2024,20,295,4304,1402,31191,599,5744,81,2134,0,1002,1589,,,982,785,0,852,4148,581.0,64.0
2024,20,295,4305,121,3102,68,609,,173,0,94,130,,,32,56,0,56,477,58.0,
2024,20,295,4306,,92,0,,0,,0,0,,0,,0,,0,23,,,
2024,20,295,4307,0,143,0,11,0,,0,0,,0,,0,0,0,0,,,
2024,4,296,4308,13,99,0,30,0,,0,0,25,0,,,0,0,0,0,,
2024,4,296,4309,1695,7043,575,2414,77,450,0,0,2034,0,,668,167,,107,,125.0,16.0
2024,27,297,4310,439,3537,188,1024,33,355,0,277,303,0,,129,178,0,113,721,57.0,
2024,27,297,4311,414,3668,113,1079,49,392,0,169,305,774,,0,86,189,0,148,58.0,
2024,27,297,4312,101,410,60,60,28,107,0,91,26,0,,0,12,0,25,34,,
2024,27,297,4313,,83,0,13,0,23,0,0,,0,,0,,0,0,,,
2024,27,297,4314,,,,,,,,,,,,,,,,,,
2024,27,297,4315,,,,,,,,,,,,,,,,,,
2024,26,298,4316,75071,242173,13967,49726,1883,35579,16237,8596,10397,12339,199,5369,6623,,11132,8537,1155.0,295.0
2024,26,298,4317,748436,1098950,123548,234741,11316,97407,71782,78453,55919,54105,1532,28098,30125,,68555,34871,6573.0,1513.0
2024,26,298,4318,30239,48464,5864,14787,1570,11111,3869,3844,2979,3059,58,1240,4323,0,4635,1642,281.0,93.0
2024,26,298,4319,,,,,,,,,,,,,,,,,,
2024,26,298,4320,,,,,,,,,,,,,,,,,,
2024,26,298,4321,1102,4501,357,993,53,838,444,195,127,313,,102,159,0,219,208,,
2024,26,298,4322,813,3603,181,799,24,550,379,78,107,300,0,52,135,0,181,122,,
2024,26,298,4323,522,2590,194,718,42,468,219,123,161,149,0,45,105,0,103,221,,
2024,26,298,4324,,,,,,,,,,,,,,,,,,
2024,26,298,4325,,,,,,,,,,,,,,,,,,
2024,26,298,4326,366136,968139,39169,216905,12178,183091,59098,24422,42017,50330,771,20434,40633,17,53820,38336,2609.0,771.0
2024,26,298,4327,727305,1568278,81354,335695,18771,231360,95686,51706,73014,79673,1475,34739,43640,17,78147,60009,5116.0,1076.0
2024,26,298,4328,121853,138939,16229,36792,5637,28845,10175,10476,7507,8179,262,3011,7659,,14341,4599,965.0,226.0
2024,26,298,4329,,,,,,,,,,,,,,,,,,
2024,26,298,4330,,,,,,,,,,,,,,,,,,
2024,26,298,4331,,,,,,,,,,,,,,,,,,
2024,26,298,4332,,,,,,,,,,,,,,,,,,
2024,26,298,4333,,,,,,,,,,,,,,,,,,
2024,26,298,4334,,,,,,,,,,,,,,,,,,
2024,26,298,4335,,,,,,,,,,,,,,,,,,
2024,26,298,4336,,,,,,,,,,,,,,,,,,
2024,11,299,4337,,,,,,,,,,,,,,,,,,
2024,11,299,4338,,,,,,,,,,,,,,,,,,
2024,11,299,4339,,,,,,,,,,,,,,,,,,
2024,28,300,4340,4922,347290,4631,28454,163,12895,4575,4991,4049,561,0,876,413,0,22106,62,1346.0,161.0
2024,28,300,4341,72,4533,70,342,0,252,72,71,41,0,0,,,0,293,,13.0,
2024,28,300,4342,104,9827,104,788,,345,92,106,86,18,0,14,,0,665,0,25.0,
2024,28,300,4343,1567,101318,1477,10227,65,4386,1471,1602,1015,66,,391,153,0,8438,,332.0,40.0
2024,28,300,4344,167,5182,162,525,,257,52,165,44,0,0,19,,0,500,0,48.0,
2024,28,300,4345,2134,75356,2012,7285,39,2927,852,2138,843,117,0,134,53,0,6232,14,359.0,43.0
2024,28,300,4346,399,31465,385,2531,,1066,374,418,341,33,0,36,44,0,2091,24,147.0,19.0
2024,28,300,4347,1138,62789,936,6801,188,2473,1113,1041,491,62,0,253,146,0,5573,53,143.0,18.0
2024,28,300,4348,242,20212,238,1967,,803,186,259,223,19,0,104,26,0,1698,0,53.0,
2024,28,300,4349,13822,542231,12625,53593,1042,23448,6695,13587,5500,598,33,1811,1146,0,46254,109,1577.0,191.0
2024,28,300,4350,,,,,,,,,,,,,,,,,,
2024,28,300,4351,,,,,,,,,,,,,,,,,,
2024,28,300,4352,,,,,,,,,,,,,,,,,,
2024,28,300,4353,18,2415,18,280,0,84,,18,32,0,0,,0,0,240,,,
2024,28,300,4354,452,34356,430,3498,,1258,572,485,487,25,0,179,107,0,2571,,91.0,
2024,28,300,4355,320,20045,274,2033,101,961,327,303,246,0,,65,45,0,1847,,66.0,
2024,28,300,4356,88,6674,88,491,0,155,28,88,124,0,0,,,0,340,0,29.0,
2024,28,300,4357,553,41338,531,4234,21,1352,372,594,610,28,,123,51,0,3482,,160.0,18.0
2024,28,300,4358,,3082,,194,,90,39,,44,0,0,,15,0,145,0,,
2024,9,301,4359,128,490,27,84,,,0,0,0,0,,0,30,0,0,125,12.0,
2024,9,301,4360,209,331,50,109,,,0,0,0,0,,0,73,0,0,122,,
2024,9,301,4361,,,,,,,,,,,,,,,,,,
2024,21,302,4362,3038,21389,984,3378,119,409,86,,649,93,,0,998,14,1105,1684,30.0,
2024,21,302,4363,1304,31802,614,6976,63,577,82,,830,104,,0,3809,12,737,2463,32.0,
2024,21,302,4364,3928,98918,1571,14323,145,1717,417,,4449,520,21,,2342,71,2531,6981,157.0,13.0
2024,21,302,4365,57,4779,15,611,,58,16,,126,40,,0,42,,82,363,,
2024,21,302,4366,3314,87216,1113,12293,78,1450,515,25,2760,378,34,23,1193,33,2838,6540,175.0,19.0
2024,21,302,4367,2548,57147,920,10000,111,1155,198,52,1586,393,,50,1354,12,1774,6115,89.0,12.0
2024,21,302,4368,15774,157999,5397,23726,497,3237,689,56,5403,807,71,48,3731,83,7340,13050,330.0,51.0
2024,21,302,4369,653,20708,243,2582,24,287,44,,506,89,,0,284,11,561,1480,28.0,
2024,21,302,4370,10287,117387,2059,14065,195,1576,486,,3570,514,57,0,1799,77,3438,7351,152.0,19.0
2024,21,302,4371,5533,146933,1983,22478,179,1921,549,163,3862,584,71,161,1596,33,3686,15134,179.0,19.0
2024,21,302,4372,69027,603830,21099,85358,2316,11472,2058,186,17595,2639,241,155,12229,220,29657,47559,983.0,130.0
2024,21,302,4373,7552,35001,2445,5749,96,842,141,,1423,141,20,,730,19,2741,3463,75.0,
2024,21,302,4374,83240,599870,25688,83023,2241,10377,2606,311,24560,2484,502,308,7886,303,30071,47424,1123.0,129.0
2024,21,302,4375,63187,714341,17831,109607,1486,11759,3472,319,24614,3312,508,302,7022,212,25877,69499,1064.0,103.0
2024,21,302,4376,99251,796486,30463,117915,2446,15023,3779,372,32157,4291,533,347,12900,400,38271,66507,1350.0,139.0
2024,21,302,4377,669,32187,261,5647,11,574,148,,795,140,17,,1709,13,702,2747,42.0,
2024,21,302,4378,226,11694,94,1334,,195,80,,397,63,,0,108,,323,639,17.0,
2024,21,302,4379,5044,185941,1386,23606,184,2976,1030,60,6009,838,53,57,1848,120,4110,13004,301.0,33.0
2024,21,302,4380,2895,85435,626,13007,87,1323,326,19,2395,424,31,16,833,39,1949,8398,125.0,15.0
2024,21,302,4381,29747,315288,10091,43759,1125,6204,1429,112,9825,1404,100,101,5661,121,14356,24431,629.0,82.0
2024,21,302,4382,36185,312163,8486,41658,724,5344,1339,336,9756,1362,168,334,4155,257,12519,23576,415.0,58.0
2024,21,302,4383,368,17149,130,2404,,279,36,,408,53,,0,605,,353,1235,24.0,
2024,21,302,4384,101,7499,24,820,0,140,25,,268,25,,0,125,,128,360,14.0,
2024,21,302,4385,8433,132353,1761,17258,222,1985,630,77,4049,1138,67,75,2199,64,3348,9008,218.0,29.0
2024,21,302,4386,1281,60462,459,9193,126,1143,286,49,1829,223,24,47,781,,1387,5672,98.0,13.0
2024,21,302,4387,19808,292067,6329,40330,539,5867,1504,200,8959,1417,85,64,7652,173,10983,19620,537.0,75.0
2024,21,302,4388,,18,,,0,,,,,,,0,,0,,,,
2024,21,302,4389,,254,,33,0,,,,,,,0,,0,,24,,
2024,21,302,4390,32,1752,,102,0,12,,,27,,,0,26,,18,35,,
2024,21,302,4391,30,1503,26,400,0,41,,,73,12,,0,294,,31,57,,
2024,21,302,4392,4039,76042,1403,12176,213,1683,284,,2223,412,55,,2309,28,2805,6407,143.0,18.0
2024,21,302,4393,839,17797,348,2562,18,258,98,23,424,38,,21,336,,584,1576,21.0,
2024,21,302,4394,44,767,33,113,0,,,,45,,,0,,0,20,83,,
2024,21,302,4395,,20,,,0,,,,,,,0,,0,,,,
2024,21,302,4396,640,3908,192,512,,138,26,,177,12,,0,100,0,258,184,,
2024,21,302,4397,222,5314,62,909,,61,20,,198,26,41,0,111,,167,451,,
2024,21,302,4398,3269,42767,1128,6336,79,825,176,,1327,233,18,0,1812,14,1495,2942,93.0,15.0
2024,21,302,4399,28,1560,20,151,,52,,,28,,,0,24,0,73,46,,
2024,21,302,4400,222,12401,91,1752,27,249,93,,335,51,,0,192,0,317,1008,11.0,
2024,21,302,4401,135,4858,16,634,,61,29,,76,23,,0,31,0,80,457,,
2024,21,302,4402,374,18594,199,2182,13,299,60,,497,67,13,,158,25,550,1151,23.0,
2024,21,302,4403,0,0,0,0,0,0,0,0,0,0,0,0,0,0,0,0,,
2024,21,302,4404,,72,,17,0,,,,17,,,0,,0,,,,
2024,21,302,4405,127,139,65,28,27,,,,,,,0,40,0,35,17,,
2024,21,302,4406,45,363,27,38,,,,,11,,,0,,0,30,16,,
2024,21,302,4407,,75,,,0,,,,,,,0,,0,,,,
2024,21,302,4408,59,7791,25,1103,,123,40,,213,21,,0,136,,184,578,,
2024,21,302,4409,227,6609,126,996,,77,18,,111,17,,0,37,,269,719,,
2024,21,302,4410,1044,22738,379,3000,18,306,90,43,691,115,,41,219,41,716,1711,25.0,
2024,21,302,4411,2937,28201,922,4974,92,825,380,,913,149,27,0,746,17,1951,2198,63.0,
2024,21,302,4412,3035,107079,1240,14983,137,2245,665,20,3887,520,42,18,1989,59,3213,7230,232.0,30.0
2024,21,302,4413,18272,112470,4978,20439,409,2372,1165,20,4021,495,83,18,1714,20,6830,12576,212.0,28.0
2024,21,302,4414,45989,443304,14306,68718,1513,9889,2631,142,15160,2477,290,140,9037,218,21976,37576,1000.0,138.0
2024,21,302,4415,2665,9167,954,1276,90,170,22,,411,41,,,119,,1067,666,11.0,
2024,21,302,4416,49443,160505,13814,24940,834,3286,905,155,5993,710,150,145,2469,69,16604,13907,210.0,27.0
2024,21,302,4417,8816,54712,2740,9910,214,1084,306,54,1883,188,34,52,1189,16,3339,6176,65.0,12.0
2024,21,302,4418,115137,724561,36108,104892,3663,15811,3480,262,23706,3709,469,254,10198,323,49273,58476,1361.0,182.0
2024,21,302,4419,43,2126,35,247,0,23,,,74,,,0,34,0,37,139,,
2024,21,302,4420,446,32392,86,3683,25,535,206,23,1055,148,22,21,366,23,557,1849,45.0,
2024,21,302,4421,302,16963,110,2618,,334,107,,681,82,22,0,115,,430,1527,25.0,
2024,21,302,4422,1622,35877,599,4465,96,576,240,,1091,245,19,0,412,40,1094,2459,60.0,
2024,21,302,4423,,,,,,,,,,,,,,,,,,
2024,21,302,4424,,,,,,,,,,,,,,,,,,
2024,21,302,4425,,,,,,,,,,,,,,,,,,
2024,21,302,4426,,,,,,,,,,,,,,,,,,
2024,21,302,4427,7963,41940,2341,8298,327,1732,,0,2897,130,,71,45,,387,7106,774.0,115.0
2024,21,302,4428,5232,25432,1622,4630,149,1094,0,0,1845,83,,56,56,0,182,4030,537.0,71.0
2024,21,302,4429,998,3988,365,699,22,294,,0,422,,,19,0,0,25,587,75.0,
2024,21,302,4430,266,1320,33,173,,60,0,0,51,,,26,0,0,,114,25.0,
2024,21,302,4431,2711,14783,966,3384,89,526,0,0,912,29,,51,16,0,99,3243,336.0,59.0
2024,21,302,4432,,,,,,,,,,,,,,,,,,
2024,21,302,4433,8932,206851,5055,61652,539,4636,32311,2531,5580,773,46,23,5309,59,5436,18223,616.0,128.0
2024,21,302,4434,513,26924,320,7616,21,377,3982,147,804,70,,,446,,410,2405,68.0,
2024,21,302,4435,4195,105248,2961,33988,111,1820,15335,523,2935,410,28,,1773,,2078,15328,288.0,52.0
2024,21,302,4436,1374,36404,914,12962,111,710,5211,180,944,120,17,,928,,935,5975,87.0,18.0
2024,21,302,4437,208,9680,148,2443,,167,1484,72,278,63,,0,228,0,201,449,19.0,
2024,21,302,4438,885,40427,623,11047,34,773,5701,348,1162,171,,0,779,12,783,3305,76.0,13.0
2024,21,302,4439,367,10857,298,3818,22,160,1703,55,272,28,,0,181,0,183,1799,20.0,
2024,21,302,4440,31068,384436,22319,109289,1023,7977,51454,2033,11139,1123,105,30,7444,20,11825,51538,1102.0,223.0
2024,21,302,4441,683,30987,464,9563,14,394,5646,296,833,136,,0,622,,501,2468,71.0,11.0
2024,21,302,4442,289,9872,197,3041,,137,1817,74,254,38,,0,127,0,188,911,18.0,
2024,21,302,4443,5493,78979,4245,29607,83,1424,14979,408,2133,226,12,,1816,,2021,13223,217.0,40.0
2024,21,302,4444,257,11918,198,3864,,140,1852,67,259,34,,0,97,,140,1724,20.0,
2024,21,302,4445,,,,,,,,,,,,,,,,,,
2024,21,302,4446,,,,,,,,,,,,,,,,,,
2024,21,302,4447,,,,,,,,,,,,,,,,,,
2024,21,302,4448,,,,,,,,,,,,,,,,,,
2024,21,302,4449,,,,,,,,,,,,,,,,,,
2024,21,302,4450,,,,,,,,,,,,,,,,,,
2024,21,302,4451,,,,,,,,,,,,,,,,,,
2024,21,302,4452,,,,,,,,,,,,,,,,,,
2024,21,302,4453,,,,,,,,,,,,,,,,,,
2024,21,302,4454,,,,,,,,,,,,,,,,,,
2024,21,302,4455,,,,,,,,,,,,,,,,,,
2024,21,302,4456,,,,,,,,,,,,,,,,,,
2024,21,302,4457,,,,,,,,,,,,,,,,,,
2024,21,302,4458,,,,,,,,,,,,,,,,,,
2024,21,302,4459,,,,,,,,,,,,,,,,,,
2024,19,303,4460,433,8366,138,1392,0,0,0,0,916,0,,591,340,0,243,31,157.0,21.0
2024,19,303,4461,440,11409,102,1944,0,0,0,0,1124,0,,472,483,0,381,58,223.0,26.0
2024,19,303,4462,12,486,0,65,0,0,0,0,29,0,,0,16,0,15,,,
2024,19,303,4463,22,604,,74,0,0,0,0,22,0,,0,53,0,,0,,
2024,12,304,4464,513,543,229,179,22,19,0,0,93,0,,58,57,0,200,0,18.0,
2024,12,304,4465,1744,3300,702,979,104,249,0,0,395,0,,90,282,0,914,0,123.0,23.0
2024,12,304,4466,1042,2270,472,783,46,165,0,0,349,,,56,111,0,736,0,90.0,17.0
2024,12,304,4467,5545,6197,2363,1862,488,464,0,0,990,,,285,340,0,2602,0,350.0,77.0
2024,23,305,4468,79,74,27,29,,,0,0,27,,,0,17,0,0,11,84.0,14.0
2024,23,305,4469,155,219,63,62,,,0,0,72,,,0,26,0,0,26,115.0,19.0
2024,23,305,4470,78,43,24,13,,,0,0,21,0,,0,,0,0,12,38.0,
2024,23,305,4471,,,,0,0,0,0,0,0,0,,0,,0,0,0,48.0,
2024,17,306,4472,1269,23832,948,1029,111,588,384,515,122,13,,132,,,0,802,86.0,
2024,17,306,4473,237,5136,193,204,,110,,144,40,,,,,,0,186,13.0,
2024,17,306,4474,592,15500,374,532,14,356,,296,61,18,,35,0,0,0,485,51.0,
2024,17,306,4475,194,1231,145,52,,26,,119,,,0,0,0,0,0,72,,
2024,17,306,4476,1470,23692,805,1076,47,656,49,580,144,,,32,,,0,1059,58.0,
2024,17,306,4477,2792,75425,1693,2357,61,1733,47,1335,351,49,15,143,52,,0,2056,185.0,18.0
2024,17,306,4478,984,19329,555,775,,424,,457,115,11,,,13,0,0,723,68.0,
2024,17,306,4479,3642,64049,1996,2740,75,1798,70,1479,373,46,,217,0,14,0,2529,157.0,15.0
2024,17,306,4480,183,8795,80,280,0,199,,78,45,,0,,,,0,219,23.0,
2024,17,306,4481,1666,83159,811,3508,,1853,145,273,487,60,,510,11,,0,2815,198.0,17.0
2024,17,306,4482,103,3710,79,110,0,28,,43,,,0,,0,,0,119,,
2024,17,306,4483,1086,52184,527,2329,,1595,121,255,252,56,,149,15,,0,1993,120.0,14.0
2024,17,306,4484,952,36163,239,1884,30,643,99,146,337,27,,203,,,0,1305,118.0,
2024,17,306,4485,1634,54189,679,2707,23,1236,63,367,336,51,,113,15,28,0,2406,179.0,16.0
2024,17,306,4486,58,621,32,29,0,37,0,12,13,0,0,0,,,0,30,,
2024,17,306,4487,395,27074,291,1449,,555,36,226,165,23,,61,,,0,1213,92.0,12.0
2024,17,306,4488,1453,88449,573,4786,37,2374,184,262,390,58,18,185,63,50,0,4149,215.0,18.0
2024,17,306,4489,183,12393,79,518,,213,27,52,54,,0,14,,,0,439,29.0,
2024,20,307,4490,17,72,,22,0,0,0,0,0,0,,0,0,0,0,24,,
2024,20,307,4491,177,801,37,311,0,,0,0,0,0,,0,,0,0,349,12.0,
2024,20,307,4492,,,,,,,,,,,,,,,,,,
2024,28,308,4493,1714,3277,234,265,33,50,0,0,168,0,,0,0,0,0,331,139.0,23.0
2024,28,308,4494,1855,3709,357,389,65,134,,0,213,0,,0,0,0,0,530,132.0,23.0
2024,28,308,4495,1151,2131,179,156,11,,12,0,222,0,,0,0,0,0,101,101.0,18.0
2024,28,308,4496,1920,2130,477,294,15,17,0,0,625,0,,0,0,0,0,146,141.0,28.0
2024,25,309,4497,,,,,,,,,,,,,,,,,,
2024,25,309,4498,,,,,,,,,,,,,,,,,,
2024,25,309,4499,,,,,,,,,,,,,,,,,,
2024,25,309,4500,,,,,,,,,,,,,,,,,,
2024,14,310,4501,35840,409150,9680,65597,3153,43263,8629,8388,12029,7308,165,5644,14030,0,24640,7516,1354.0,292.0
2024,14,310,4502,758,15407,209,2731,19,1953,610,201,662,531,31,252,229,0,535,511,17.0,
2024,14,310,4503,,,,,,,,,,,,,,,,,,
2024,14,310,4504,,,,,,,,,,,,,,,,,,
2024,14,310,4505,2007,22631,689,3853,307,2770,580,669,706,505,40,386,678,0,1354,478,64.0,14.0
2024,14,310,4506,3290,50723,743,8014,100,4820,1642,669,1883,1355,44,871,946,0,1831,1402,69.0,12.0
2024,14,310,4507,55672,488016,12488,80266,4462,55250,11261,10870,14785,9126,138,6251,16800,0,31573,8554,1822.0,400.0
2024,14,310,4508,410097,5304017,94157,819581,17512,546609,131806,93229,171887,108361,2496,85378,110754,0,239725,146349,8635.0,1057.0
2024,14,310,4509,798,12152,157,2137,47,1396,601,149,491,519,,112,215,0,431,360,14.0,
2024,14,310,4510,,,,,,,,,,,,,,,,,,
2024,14,310,4511,2861,41463,763,6829,166,5213,849,651,1465,622,15,716,1417,0,2133,1213,72.0,15.0
2024,14,310,4512,2936,50219,652,7153,134,5258,1003,582,1463,858,14,549,1090,0,2239,1428,53.0,
2024,14,310,4513,,,,,,,,,,,,,,,,,,
2024,14,310,4514,180,3621,57,513,13,420,61,38,128,49,0,50,113,0,165,89,,
2024,14,310,4515,2843,26083,671,4462,126,2602,841,530,973,745,40,350,635,0,1284,771,36.0,
2024,14,310,4516,1353,17021,330,2939,83,1802,517,339,678,411,38,328,494,0,860,375,33.0,
2024,14,310,4517,188,1727,66,263,15,115,23,26,67,20,0,31,29,0,119,37,,
2024,11,311,4518,57612,179347,15213,36503,229,775,7753,10116,8386,6727,141,3845,4875,0,13840,4497,946.0,172.0
2024,11,311,4519,1375,7085,456,1047,18,42,125,344,192,116,0,111,165,0,441,168,14.0,
2024,11,311,4520,17774,113919,6189,20281,121,464,4741,4780,4338,4327,172,2097,2184,0,5254,3573,284.0,72.0
2024,11,311,4521,117,1058,40,193,,,64,20,29,64,0,14,19,0,45,45,,
2024,11,311,4522,342,3135,199,710,,14,124,156,208,91,19,59,45,0,210,113,,
2024,11,311,4523,58634,192139,15394,38600,183,889,8261,10009,8260,6650,159,3762,5075,0,15396,4363,1040.0,167.0
2024,11,311,4524,40276,275790,11524,51637,241,1121,11412,9635,11940,10343,253,5429,5601,0,11456,8661,793.0,196.0
2024,11,311,4525,532,3756,250,873,,17,378,221,134,329,46,94,67,0,125,125,,
2024,11,311,4526,,,,,,,,,,,,,,,,,,
2024,11,311,4527,4617,38393,1349,7209,34,174,1580,1123,1505,1496,16,650,1021,0,1607,1247,81.0,18.0
2024,11,311,4528,415,4205,115,663,,17,154,84,159,147,,71,77,0,172,81,,
2024,11,311,4529,9421,72818,3001,12682,50,375,2931,2438,2911,2672,87,1334,1213,0,2946,2180,111.0,24.0
2024,11,311,4530,319,2367,85,556,0,11,51,38,135,46,,49,36,0,177,167,,
2024,11,311,4531,474,4081,167,751,,,215,143,184,204,0,87,45,0,146,103,,
2024,11,311,4532,2187,15096,623,2131,15,62,413,492,552,379,,211,230,0,613,282,46.0,
2024,11,311,4533,88,1756,38,377,0,,115,38,83,114,0,19,40,0,77,44,,
2024,11,311,4534,,,,,,,,,,,,,,,,,,
2024,4,312,4535,16485,117451,4783,21385,1335,15278,4418,4600,5238,3782,83,1588,3282,0,6619,3251,353.0,53.0
2024,4,312,4536,41602,448839,9645,79987,2847,69865,19622,9108,16252,17902,398,7580,11749,0,21469,14672,751.0,65.0
2024,4,312,4537,8788,97464,2153,17478,585,15139,4418,1813,4064,4009,73,1538,2091,0,4296,3125,129.0,11.0
2024,4,312,4538,,,,,,,,,,,,,,,,,,
2024,4,312,4539,10353,94151,2505,15629,610,10363,4273,2390,3820,3818,137,1291,1565,0,3724,2381,131.0,16.0
2024,4,312,4540,27920,180026,8613,37540,2455,20711,6395,8917,9904,5267,99,2988,5970,0,12157,4829,735.0,138.0
2024,4,312,4541,15049,81539,4096,16938,984,10293,3052,4719,4045,2412,66,1333,2798,0,5804,2201,320.0,60.0
2024,4,312,4542,7783,61788,1626,11490,312,7395,2706,2004,3053,2466,60,1120,1295,0,2627,1920,141.0,29.0
2024,4,312,4543,962,10998,268,2141,51,1397,809,248,415,713,14,150,185,0,387,342,15.0,
2024,4,312,4544,2860,18509,705,3455,248,2549,593,586,983,555,27,283,499,0,909,617,48.0,
2024,4,312,4545,9188,91800,2214,17498,744,14341,4393,1772,4329,4000,93,1409,2468,0,4294,3051,165.0,18.0
2024,4,312,4546,4279,35383,1276,7326,267,5370,2209,1028,1674,1916,71,702,678,0,1724,1175,49.0,
2024,4,312,4547,2686,14932,876,2679,128,1298,630,798,810,569,,182,347,0,622,267,46.0,
2024,4,312,4548,3867,33610,851,5439,218,2899,1313,1377,1564,1239,,485,654,0,1103,813,57.0,
2024,4,312,4549,1077,6457,268,1271,30,546,368,178,255,337,0,124,137,0,324,243,,
2024,4,312,4550,8894,67877,2447,12539,632,7563,3153,2416,3334,2756,155,961,1182,0,2958,2204,94.0,14.0
2024,4,312,4551,7962,52864,2216,10229,553,7226,2387,1898,2883,2294,,894,1560,0,2428,1465,146.0,22.0
2024,26,313,4552,4502,4764,1702,1548,342,444,0,0,1373,,,214,204,0,1456,0,114.0,28.0
2024,26,313,4553,2844,2770,1128,918,177,230,0,0,740,22,,155,211,0,918,0,202.0,51.0
2024,26,313,4554,860,824,303,340,82,33,0,0,256,,,56,20,0,301,0,31.0,
2024,26,313,4555,36,184,16,77,,0,0,0,81,0,,,0,0,,0,,
2024,26,313,4556,9697,9143,3290,3072,703,699,0,0,2972,12,,332,441,0,2605,0,477.0,117.0
2024,28,314,4557,461,2368,123,483,0,0,0,11,510,12,,37,85,0,0,104,67.0,
2024,21,315,4558,34180,52471,10501,13666,1618,3594,3251,4385,529,0,0,3490,2240,42,14167,1013,344.0,100.0
2024,21,315,4559,12,37,,,0,,0,,0,0,0,18,0,0,,0,,
2024,21,315,4560,10466,50429,3747,10473,597,2712,2514,1233,652,,0,3038,2521,27,7654,555,123.0,35.0
2024,21,315,4561,2787,13531,714,2522,172,699,959,238,140,0,0,739,75,,2040,168,36.0,
2024,21,315,4562,803,4036,190,876,40,241,513,108,23,0,0,243,56,,518,47,,
2024,21,315,4563,8285,7466,2141,1470,206,250,185,444,0,0,0,,0,22,2730,228,102.0,22.0
2024,21,315,4564,12968,47864,4296,10891,446,2959,2926,1735,359,0,0,2950,2281,37,8546,484,141.0,41.0
2024,21,315,4565,2446,13991,889,2515,88,753,1296,387,95,0,0,934,177,,1919,84,36.0,
2024,21,315,4566,506,1477,122,212,11,75,,38,0,0,0,,,,265,,,
2024,21,315,4567,,,,,,,,,,,,,,,,,,
2024,21,315,4568,,,,,,,,,,,,,,,,,,
2024,21,315,4569,,,,,,,,,,,,,,,,,,
2024,21,315,4570,,,,,,,,,,,,,,,,,,
2024,21,315,4571,,,,,,,,,,,,,,,,,,
2024,21,315,4572,,,,,,,,,,,,,,,,,,
2024,8,316,4573,50,2463,47,672,20,222,36,0,67,0,0,12,141,0,536,55,,
2024,8,316,4574,276,4970,269,1239,116,406,31,0,173,0,0,37,479,0,961,129,,
2024,8,316,4575,12,1153,,213,,75,,0,29,0,0,13,64,0,150,12,,
2024,8,316,4576,54,594,54,172,,62,,0,,0,0,0,,0,224,,,
2024,8,316,4577,13,859,13,171,0,78,,0,,0,0,,71,,105,,,
2024,8,316,4578,432,6359,378,1408,155,783,64,30,207,0,0,47,602,0,959,108,,
2024,8,316,4579,179,7041,150,1966,50,860,88,,214,0,0,74,402,0,1590,122,13.0,
2024,8,316,4580,,,,,,,,,,,,,,,,,,
2024,8,316,4581,,,,,,,,,,,,,,,,,,
2024,8,316,4582,19,553,16,118,,104,,0,,0,0,,12,0,118,,,
2024,8,316,4583,603,10218,518,1643,166,890,57,,129,0,0,102,350,0,1636,116,22.0,
2024,8,316,4584,180,2890,169,513,23,305,49,0,58,0,0,19,179,0,506,119,,
2024,8,316,4585,443,9893,389,1762,43,922,73,29,255,0,0,98,502,0,1395,138,13.0,
2024,8,316,4586,44,500,44,141,34,83,,0,36,0,0,,25,0,130,,,
2024,8,316,4587,382,6993,342,1092,149,355,96,0,106,0,0,37,164,,1265,39,,
2024,8,316,4588,3335,42330,2999,8751,1152,5576,570,14,1143,0,0,315,2247,0,8457,871,64.0,
2024,8,316,4589,1934,25935,1703,4699,460,2591,393,31,729,,0,294,1120,0,4459,543,56.0,
2024,8,316,4590,,,,,,,,,,,,,,,,,,
2024,8,316,4591,249,1856,245,342,,230,,0,34,0,0,14,166,,429,31,,
2024,8,316,4592,2896,27413,2656,5596,494,2794,277,85,1011,0,0,351,2096,,5327,710,92.0,12.0
2024,8,316,4593,3203,17339,3115,2998,288,1940,118,,850,0,0,167,2557,0,3212,526,33.0,
2024,8,316,4594,468,3927,459,691,46,436,56,,118,0,0,39,368,0,959,89,,
2024,8,316,4595,250,3382,246,617,95,229,11,0,74,0,0,,244,0,672,32,,
2024,8,316,4596,9286,71772,8600,13513,2716,9000,806,27,2079,0,0,935,6916,0,14444,1746,129.0,27.0
2024,8,316,4597,1992,20313,1853,4330,406,2480,228,34,743,0,0,212,1484,0,4217,424,63.0,
2024,8,316,4598,,,,,,,,,,,,,,,,,,
2024,8,316,4599,,,,,,,,,,,,,,,,,,
2024,8,316,4600,132,4364,111,1241,11,538,203,0,82,0,0,40,131,0,923,145,,
2024,8,316,4601,125,5537,114,1544,66,718,45,0,130,0,0,57,232,0,1256,91,,
2024,8,316,4602,239,2776,207,641,70,332,24,0,104,0,0,28,157,0,745,30,,
2024,8,316,4603,0,42,0,,0,,0,0,0,0,0,0,0,0,,0,,
2024,8,316,4604,,122,0,48,0,21,,0,,0,0,0,,0,40,,,
2024,8,316,4605,739,12247,724,3391,278,1599,151,0,495,0,0,103,779,,2840,336,15.0,
2024,8,316,4606,702,6565,667,1597,48,657,147,,214,0,0,52,341,0,1694,159,19.0,
2024,8,316,4607,,,,,,,,,,,,,,,,,,
2024,8,316,4608,,,,,,,,,,,,,,,,,,
2024,8,316,4609,,,,,,,,,,,,,,,,,,
2024,8,316,4610,,,,,,,,,,,,,,,,,,
2024,8,316,4611,,,,,,,,,,,,,,,,,,
2024,8,316,4612,,,,,,,,,,,,,,,,,,
2024,8,316,4613,,,,,,,,,,,,,,,,,,
2024,8,316,4614,,,,,,,,,,,,,,,,,,
2024,8,316,4615,,,,,,,,,,,,,,,,,,
2024,8,316,4616,,,,,,,,,,,,,,,,,,
2024,8,316,4617,,,,,,,,,,,,,,,,,,
2024,16,317,4618,1254,1006,653,366,136,61,0,0,322,,,94,66,0,536,0,51.0,14.0
2024,16,317,4619,930,909,520,346,84,127,0,0,250,0,,69,64,0,483,0,41.0,
2024,16,317,4620,,,,,,,,,,,,,,,,,,
2024,16,317,4621,10679,9598,5339,2950,1025,789,0,0,2322,26,,524,523,0,4894,0,549.0,131.0
2024,15,318,4622,23,0,14,0,,0,0,0,,0,,0,,0,0,,13.0,
2024,15,318,4623,35,,12,,,0,0,0,,0,,0,,0,0,,47.0,
2024,15,318,4624,24,,15,,,0,0,0,,0,,0,,0,0,,14.0,
2024,15,318,4625,66,24,28,11,,0,0,0,27,,,0,,0,0,,74.0,16.0
2024,10,319,4626,181,12192,137,2419,24,687,225,246,470,133,61,,612,11,760,1966,20.0,
2024,10,319,4627,428,17799,369,3906,69,1342,233,549,893,199,23,,1257,,1636,3318,42.0,
2024,10,319,4628,0,65,0,29,0,,,13,,0,0,0,,0,,,,
2024,10,319,4629,51,4712,40,741,,265,130,133,190,87,,0,57,,251,661,,
2024,10,319,4630,329,7292,283,1430,51,632,295,448,378,271,19,0,106,11,865,1422,17.0,
2024,10,319,4631,,,,,,,,,,,,,,,,,,
2024,10,319,4632,,,,,,,,,,,,,,,,,,
2024,10,319,4633,,,,,,,,,,,,,,,,,,
2024,10,319,4634,,,,,,,,,,,,,,,,,,
2024,9,320,4635,2605,24283,2353,4714,43,761,40,2353,18,1241,366,0,51,0,1397,1601,82.0,16.0
2024,9,320,4636,8182,55395,7703,12267,153,1922,45,7703,66,2112,2186,0,66,0,4468,3324,188.0,41.0
2024,9,320,4637,6137,56913,5693,10007,61,1769,104,5693,31,2386,891,0,165,0,2771,3659,187.0,34.0
2024,9,320,4638,141,1562,119,168,,50,0,119,0,20,13,0,,0,52,81,,
2024,9,320,4639,3076,35260,2827,7162,67,921,261,2827,24,1178,1006,0,167,0,1998,2528,76.0,16.0
2024,9,320,4640,2361,31674,2266,5508,45,772,12,2266,18,1184,484,0,37,0,1369,2404,76.0,11.0
2024,9,320,4641,7450,59593,7287,12442,149,2554,99,7287,100,1982,1210,0,887,0,4228,3936,120.0,55.0
2024,9,320,4642,11078,65291,10400,13201,200,2042,96,10400,178,2172,1657,0,111,0,4975,4012,249.0,54.0
2024,9,320,4643,,,,,,,,,,,,,,,,,,
2024,9,320,4644,891,13659,858,2554,13,410,13,858,12,1048,203,0,,0,659,616,32.0,
2024,9,320,4645,,,,,,,,,,,,,,,,,,
2024,9,320,4646,,,,,,,,,,,,,,,,,,
2024,9,320,4647,,,,,,,,,,,,,,,,,,
2024,9,320,4648,,,,,,,,,,,,,,,,,,
2024,9,320,4649,,,,,,,,,,,,,,,,,,
2024,9,320,4650,,,,,,,,,,,,,,,,,,
2024,9,320,4651,,,,,,,,,,,,,,,,,,
2024,9,320,4652,,,,,,,,,,,,,,,,,,
2024,16,321,4653,65,38,27,16,,0,0,0,21,0,,0,16,0,0,,97.0,21.0
2024,16,321,4654,40,60,15,26,,,0,0,13,0,,0,16,0,0,13,140.0,26.0
2024,16,321,4655,35,18,14,,,0,0,0,14,0,,0,,0,0,,55.0,
2024,16,321,4656,,26,,13,0,,0,0,12,0,,0,,0,0,,39.0,
2024,28,322,4657,25,2293,,70,0,13,,,18,0,0,,0,0,40,,17.0,
2024,28,322,4658,,,,,,,,,,,,,,,,,,
2024,28,322,4659,,,,,,,,,,,,,,,,,,
2024,28,322,4660,,,,,,,,,,,,,,,,,,
2024,28,322,4661,,,,,,,,,,,,,,,,,,
2024,28,322,4662,,,,,,,,,,,,,,,,,,
2024,28,322,4663,,,,,,,,,,,,,,,,,,
2024,28,322,4664,,,,,,,,,,,,,,,,,,
2024,28,322,4665,544,21924,209,2047,24,3437,395,210,504,,,35,68,,412,2349,39.0,
2024,28,322,4666,,671,0,69,0,134,0,0,16,0,0,0,12,0,15,67,,
2024,28,322,4667,142,7189,30,534,14,1189,28,30,207,0,0,,14,0,60,777,13.0,
2024,28,322,4668,260,8253,94,913,18,1531,60,103,188,,,125,77,,211,1007,19.0,
2024,28,322,4669,400,12993,129,1185,36,1995,156,130,291,,,50,60,0,181,1503,27.0,
2024,28,322,4670,315,6626,75,784,,1145,50,75,216,,,30,49,0,304,703,12.0,
2024,28,322,4671,126,627,,39,27,138,,,15,0,0,0,,0,,63,,
2024,28,322,4672,82,1102,29,135,,231,14,29,35,,0,0,0,0,30,172,,
2024,28,322,4673,67,8461,,647,,1248,112,,316,,0,16,20,0,124,770,15.0,
2024,28,322,4674,115,5404,47,671,14,1015,85,47,168,0,0,0,,0,162,795,13.0,
2024,28,322,4675,158,5044,42,467,,949,58,43,99,,0,,33,0,,739,,
2024,28,322,4676,31,3802,20,363,,615,14,20,152,,0,15,43,0,20,324,13.0,
2024,28,322,4677,12,1688,11,117,,268,14,12,20,0,0,,,0,,192,,
2024,10,323,4678,578,5549,305,953,140,762,204,556,421,0,0,0,211,26,194,703,,
2024,10,323,4679,41642,216631,23388,34826,9141,28362,10712,30455,10280,,0,0,5537,,10402,20693,578.0,76.0
2024,10,323,4680,3524,26363,2181,3909,514,3185,1290,2774,1543,0,0,0,579,0,874,1924,50.0,
2024,10,323,4681,7848,43386,5486,8638,831,5145,2211,6540,2129,0,0,0,2595,,2298,3344,163.0,28.0
2024,10,323,4682,74505,215860,44525,43301,12711,28761,11929,53478,12877,,12,0,7741,,12822,23976,940.0,156.0
2024,10,323,4683,7747,55956,4796,11655,1455,6803,2742,6145,2978,,0,0,5256,0,1969,4107,99.0,22.0
2024,10,323,4684,2950,21231,2081,3175,265,2504,934,2419,947,0,0,0,257,0,1164,1796,45.0,
2024,10,323,4685,,,,,,,,,,,,,,,,,,
2024,10,323,4686,,,,,,,,,,,,,,,,,,
2024,10,323,4687,4468,42469,3020,6615,574,5651,1939,3675,2280,,0,0,838,0,2243,3854,81.0,13.0
2024,10,323,4688,5702,54620,3647,9076,795,6086,2422,4292,2843,,,0,1045,0,2354,4732,111.0,17.0
2024,10,323,4689,,,,,,,,,,,,,,,,,,
2024,10,323,4690,,,,,,,,,,,,,,,,,,
2024,10,323,4691,,,,,,,,,,,,,,,,,,
2024,10,323,4692,,,,,,,,,,,,,,,,,,
2024,10,324,4693,2045,4965,634,1323,156,311,0,954,426,0,,145,67,0,196,897,135.0,15.0
2024,10,324,4694,,32,0,0,0,0,0,0,0,0,,0,0,0,0,0,,
2024,10,324,4695,1964,4840,696,1285,155,337,0,1070,745,,,110,102,,180,538,187.0,32.0
2024,12,325,4696,25,242,21,116,,29,0,21,117,0,,0,,0,0,0,16.0,
2024,12,325,4697,16,464,16,152,0,32,0,16,99,0,,0,12,0,0,41,32.0,
2024,12,325,4698,60,989,60,328,0,86,0,60,218,0,,0,17,0,0,93,53.0,
2024,13,326,4699,10472,79824,7358,13438,615,10253,3057,8442,3344,,0,0,3389,0,2827,7788,173.0,29.0
2024,13,326,4700,4148,29336,2700,4822,484,3847,1551,3193,1712,,0,0,732,0,878,2617,47.0,
2024,13,326,4701,1813,14237,1448,2154,209,1991,839,1712,650,,0,0,479,0,312,1145,18.0,
2024,13,326,4702,16708,43095,10876,8424,1364,5072,1925,12502,2047,,0,0,2516,0,1774,3724,190.0,37.0
2024,13,326,4703,12201,105125,8576,17200,815,13724,4492,9994,4902,,,0,4055,37,3172,9325,196.0,33.0
2024,13,326,4704,2511,19860,2018,3312,142,2574,869,2327,1157,,0,0,465,18,770,1637,35.0,
2024,13,326,4705,171906,302791,101751,64434,13815,39894,15170,117391,16044,16,30,0,11588,61,19232,30680,1524.0,282.0
2024,13,326,4706,,,,,,,,,,,,,,,,,,
2024,13,326,4707,,,,,,,,,,,,,,,,,,
2024,13,326,4708,7486,69999,5242,12237,596,8823,3035,6253,3107,,,,1835,0,2203,7062,120.0,21.0
2024,13,326,4709,7972,69130,5421,11470,533,8260,2962,6375,3298,,0,,2129,0,2288,5775,155.0,27.0
2024,13,326,4710,,,,,,,,,,,,,,,,,,
2024,13,326,4711,,,,,,,,,,,,,,,,,,
2024,13,327,4712,749,23475,748,3505,,198,0,748,691,0,,,691,,0,3396,183.0,20.0
2024,13,327,4713,392,9691,391,1363,,68,0,391,310,0,0,0,310,,0,1318,109.0,12.0
2024,13,327,4714,2027,52484,2025,7574,,721,0,2025,1475,0,0,0,1475,,0,7343,498.0,45.0
2024,13,327,4715,216,3484,216,610,0,34,0,216,104,0,0,0,104,0,0,602,19.0,
2024,13,327,4716,64,1912,64,317,,17,0,64,56,0,0,0,56,0,0,312,19.0,
2024,13,327,4717,101,4312,101,572,0,51,0,101,154,0,0,0,154,,0,540,27.0,
2024,13,327,4718,55,1446,55,202,,29,0,55,38,0,0,0,38,0,0,197,,
2024,19,328,4719,1705,104021,1009,5633,135,5263,2246,68,2541,0,0,141,0,0,39,1607,325.0,28.0
2024,19,328,4720,1635,86584,796,4644,120,4557,1655,94,1856,0,,107,0,0,13,1709,285.0,32.0
2024,19,328,4721,1553,81160,697,5186,169,4433,1928,59,2170,,0,199,0,0,17,1509,166.0,18.0
2024,19,328,4722,126,6112,80,466,,320,103,,204,12,0,0,0,0,0,224,37.0,
2024,19,328,4723,2735,143584,1463,9165,352,6046,3384,132,4272,11,,118,0,0,34,2671,278.0,33.0
2024,19,328,4724,3772,200929,1885,13692,300,9394,4777,398,6026,31,0,419,0,0,41,3885,433.0,55.0
2024,19,328,4725,1227,61376,766,3911,160,3603,1508,56,1906,0,,96,0,0,,1106,132.0,17.0
2024,19,328,4726,4003,213548,2292,15273,359,10358,6301,264,6520,30,0,294,0,0,66,4090,425.0,56.0
2024,19,328,4727,2439,123074,1362,8666,163,6692,3317,153,3861,13,13,110,0,0,52,2509,414.0,68.0
2024,19,328,4728,17480,555815,9510,45515,1272,27942,18192,968,17330,73,,614,0,0,123,17719,1162.0,142.0
2024,19,328,4729,1163,61948,681,4266,154,3062,1522,25,2044,0,0,91,0,0,13,1252,130.0,16.0
2024,19,328,4730,,,,,,,,,,,,,,,,,,
2024,19,328,4731,99,5480,35,291,,444,108,,138,,0,0,0,0,0,68,,
2024,19,328,4732,94,4926,47,246,0,245,114,0,88,0,0,0,0,0,0,91,,
2024,19,328,4733,37,3192,19,202,0,159,101,,74,0,0,0,0,0,0,45,,
2024,19,328,4734,153,12136,69,758,18,708,357,13,230,0,0,0,0,0,,220,,
2024,19,328,4735,169,7357,49,608,17,353,273,,193,0,0,0,0,0,0,190,,
2024,19,328,4736,379,18813,239,1283,32,1106,612,41,439,0,0,12,0,0,,413,,
2024,19,328,4737,179,12751,78,914,16,695,298,15,316,13,0,12,0,0,0,338,,
2024,19,328,4738,1106,49540,400,3228,95,2594,1267,13,1075,16,0,,0,0,,1246,,
2024,19,328,4739,78,3952,30,255,0,211,90,0,95,0,0,0,0,0,0,100,,
2024,19,328,4740,444,24119,208,1264,61,1249,648,,389,0,0,30,0,0,0,402,,
2024,19,328,4741,,1396,,43,0,89,23,0,13,0,0,0,0,0,0,11,,
2024,19,328,4742,145,8174,92,575,12,344,338,,173,0,0,,0,0,,142,,
2024,19,328,4743,520,29911,222,1853,52,1635,901,,526,0,0,,0,0,,633,,
2024,19,328,4744,17,1711,,70,,48,35,,17,0,0,0,0,0,0,25,,
2024,19,328,4745,0,166,0,16,0,,,0,0,0,0,0,0,0,0,,,
2024,19,328,4746,22,1601,,164,0,54,66,,27,0,0,0,0,0,0,80,,
2024,19,328,4747,116,11229,69,829,,968,401,17,156,0,0,0,0,0,,320,,
2024,19,328,4748,,474,,,0,54,,0,,0,0,0,0,0,0,,,
2024,19,328,4749,200,7207,123,549,,312,261,12,197,0,0,0,0,0,0,202,,
2024,19,328,4750,186,14890,104,933,,904,506,,178,0,0,0,0,0,0,348,,
2024,19,328,4751,71,1325,57,65,0,58,43,0,31,0,0,0,0,0,0,48,,
2024,19,328,4752,56,3880,18,220,,119,98,,79,0,0,0,0,0,0,59,,
2024,19,328,4753,,1717,,179,0,143,112,0,25,20,0,0,0,0,0,27,,
2024,19,328,4754,45,5757,21,382,,338,255,0,74,0,0,0,0,0,0,74,,
2024,19,328,4755,364,31239,213,2370,14,1814,1109,31,515,,0,,0,0,0,920,,
2024,19,328,4756,118,9590,65,467,,390,281,,138,0,,0,0,0,,105,,
2024,19,328,4757,50,5276,25,408,0,293,165,0,185,0,0,0,0,0,0,83,,
2024,19,328,4758,397,20201,185,1188,51,997,489,,390,0,0,,0,0,,484,,
2024,19,328,4759,43,7136,31,345,,530,132,,137,,0,0,0,0,,101,,
2024,19,328,4760,24,5066,14,268,,202,157,0,53,0,0,,0,0,0,70,,
2024,19,328,4761,51,4626,35,281,,171,154,0,103,0,0,,0,0,,49,,
2024,19,328,4762,46,2354,31,293,0,62,157,0,16,0,0,0,0,0,0,151,,
2024,19,328,4763,126,4299,61,390,13,215,169,,128,0,0,0,0,0,0,149,,
2024,19,328,4764,18,2176,15,152,,85,83,0,21,0,0,0,0,0,0,63,,
2024,19,328,4765,,949,,76,,55,46,0,17,0,0,,0,0,0,14,,
2024,19,328,4766,,1138,,88,0,50,23,0,51,0,0,0,0,0,0,17,,
2024,19,328,4767,,994,,59,0,42,34,0,19,0,0,0,0,0,0,,,
2024,19,328,4768,,45,,,0,0,0,0,,0,0,0,0,0,0,,,
2024,19,328,4769,,1525,,85,,77,28,0,,0,0,0,0,0,0,51,,
2024,19,328,4770,45,5836,23,910,,397,159,,637,0,0,0,0,0,0,133,,
2024,19,328,4771,0,17,0,0,0,0,0,0,0,0,0,0,0,0,0,0,,
2024,19,328,4772,13,605,,58,0,43,21,0,18,0,0,0,0,0,0,25,,
2024,19,328,4773,,803,,58,,50,38,0,14,0,0,0,0,0,0,,,
2024,19,328,4774,24,1035,,83,,114,60,0,15,0,0,0,0,0,0,14,,
2024,19,328,4775,19,1389,19,205,0,153,88,0,83,0,0,0,0,0,0,53,,
2024,19,328,4776,59,6951,47,391,,506,223,0,117,0,0,0,0,0,0,98,,
2024,19,328,4777,,695,,76,0,53,43,,,0,0,0,0,0,0,27,,
2024,19,328,4778,12,160,,18,,,,0,,0,0,0,0,0,0,12,,
2024,19,328,4779,,,,,,,,,,,,,,,,,,
2024,19,328,4780,,,,,,,,,,,,,,,,,,
2024,19,328,4781,,,,,,,,,,,,,,,,,,
2024,19,328,4782,,,,,,,,,,,,,,,,,,
2024,11,329,4783,6619,129418,139,19305,,18,102,85,1440,,0,0,2345,30,2202,13235,117.0,11.0
2024,11,329,4784,2941,45120,306,5795,12,64,31,199,593,,0,0,598,15,669,3986,41.0,
2024,11,329,4785,17050,161272,2863,25281,41,,82,2604,1743,21,,0,2699,378,3060,17555,256.0,25.0
2024,11,329,4786,3948,54746,102,7922,34,35,25,52,500,30,0,0,1000,,1218,5194,63.0,
2024,11,329,4787,4324,69397,619,9221,17,,50,551,708,,0,0,1049,36,947,6493,67.0,
2024,11,329,4788,9242,126853,513,18637,38,13,107,263,1470,48,,0,1484,28,2102,13647,239.0,31.0
2024,11,329,4789,6702,163363,283,21730,13,103,94,188,1599,54,0,0,1638,40,3400,15000,143.0,
2024,11,329,4790,6814,63075,1596,10600,11,14,64,1449,829,20,,0,1344,165,1621,6702,107.0,
2024,11,329,4791,1347,2249,286,397,0,0,,0,418,0,,0,,0,,259,90.0,15.0
2024,11,329,4792,2656,5664,480,1086,0,0,,0,983,0,,0,,0,18,561,191.0,31.0
2024,11,329,4793,4237,9438,953,1906,0,0,,0,1923,0,,0,52,0,,880,366.0,57.0
2024,23,330,4794,2039,4538,611,1213,112,331,0,976,450,0,,222,138,0,201,763,132.0,12.0
2024,23,330,4795,2028,4145,672,1173,148,261,0,1045,437,,,88,127,,238,733,128.0,15.0
2024,23,330,4796,54,12,,0,,0,0,,0,0,,0,0,0,0,0,,
2024,23,330,4797,,,0,,0,0,0,0,,,,0,0,0,0,0,,
2024,23,330,4798,1726,3138,491,997,75,174,0,1045,178,,,30,99,0,140,305,136.0,22.0
2024,27,331,4799,,,,,,,,,,,,,,,,,,
2024,27,331,4800,,,,,,,,,,,,,,,,,,
2024,25,332,4801,557,811,261,417,54,83,0,0,345,0,,50,68,0,215,0,24.0,
2024,25,332,4802,297,960,97,345,14,61,0,0,208,0,,50,36,0,148,0,32.0,
2024,25,332,4803,1606,5327,718,2097,128,312,0,0,1383,,,161,236,0,1030,0,176.0,39.0
2024,25,332,4804,5660,9313,2497,3807,433,613,0,0,2922,13,,374,650,0,2345,0,462.0,111.0
2024,14,333,4805,192,1255,92,180,,113,49,103,70,0,0,0,64,0,14,50,,
2024,14,333,4806,3788,30327,2704,5104,176,3371,1266,2957,1633,,0,0,1243,0,771,2247,54.0,
2024,14,333,4807,3243,18464,2200,3197,222,2164,989,2603,1128,,0,0,597,0,525,1468,26.0,
2024,14,333,4808,2004,10163,1244,2417,44,1197,327,1364,391,0,0,0,991,0,419,907,32.0,
2024,14,333,4809,9877,54344,5318,11929,641,5477,2071,5910,1630,0,,0,2489,0,2919,5711,201.0,40.0
2024,14,333,4810,2935,18976,1636,3637,235,2179,955,2026,1259,,0,0,1017,0,620,1330,30.0,
2024,14,333,4811,216,1623,163,378,18,140,61,196,28,0,0,0,26,0,188,182,,
2024,14,333,4812,362,3348,247,699,13,417,196,281,283,0,0,0,232,0,95,302,,
2024,14,333,4813,,,,,,,,,,,,,,,,,,
2024,14,333,4814,3993,28282,2763,4802,211,3105,1348,3186,1212,,0,0,623,0,683,2618,51.0,
2024,14,333,4815,,,,,,,,,,,,,,,,,,
2024,14,333,4816,,,,,,,,,,,,,,,,,,
2024,14,333,4817,,,,,,,,,,,,,,,,,,
2024,14,333,4818,,,,,,,,,,,,,,,,,,
2024,14,333,4819,,,,,,,,,,,,,,,,,,
2024,20,334,4820,530,3317,118,565,0,,0,,537,12,,,102,0,0,153,81.0,11.0
2024,4,335,4821,794,13550,743,1867,39,304,16,743,19,352,102,0,,0,524,852,32.0,
2024,4,335,4822,1027,12006,919,2221,24,427,23,919,46,584,138,0,,0,733,689,25.0,
2024,4,335,4823,307,7582,292,1207,18,116,,292,48,195,151,0,,0,547,258,18.0,
2024,4,335,4824,1976,30912,1875,4843,47,716,41,1875,117,1146,276,0,92,0,1560,1611,58.0,
2024,4,335,4825,269,5802,269,1405,,157,,269,12,571,141,0,45,0,463,171,,
2024,4,335,4826,159,2272,159,368,,42,0,159,,58,,0,,0,131,167,,
2024,4,335,4827,1246,15662,1197,2521,46,740,42,1197,28,266,169,0,31,0,860,1125,27.0,
2024,4,335,4828,246,2419,241,407,,44,,241,,111,34,0,,0,163,86,,
2024,4,335,4829,,,,,,,,,,,,,,,,,,
2024,4,335,4830,,,,,,,,,,,,,,,,,,
2024,4,335,4831,,,,,,,,,,,,,,,,,,
2024,4,335,4832,,,,,,,,,,,,,,,,,,
2024,4,335,4833,,,,,,,,,,,,,,,,,,
2024,4,335,4834,,,,,,,,,,,,,,,,,,
2024,4,335,4835,,,,,,,,,,,,,,,,,,
2024,4,335,4836,,,,,,,,,,,,,,,,,,
2024,6,336,4837,5207,43582,1683,13441,134,611,45,0,0,,,2670,1359,,681,10367,572.0,87.0
2024,6,336,4838,3572,35062,1240,10345,33,420,31,0,7204,0,,879,1007,0,158,2306,535.0,81.0
2024,6,336,4839,3591,35493,1681,13138,33,211,23,0,9596,0,,743,1368,0,186,2903,640.0,131.0
2024,6,336,4840,507,10703,351,4641,22,210,706,1225,1754,0,,122,376,0,197,612,1386.0,279.0
2024,6,336,4841,928,12473,716,5525,,501,785,1922,1825,0,,60,513,0,201,935,2509.0,541.0
2024,18,337,4842,,,,,,,,,,,,,,,,,,
2024,18,337,4843,,,,,,,,,,,,,,,,,,
2024,18,337,4844,,,,,,,,,,,,,,,,,,
2024,18,337,4845,,,,,,,,,,,,,,,,,,
2024,27,338,4846,102,162,55,52,,,19,,0,0,0,0,14,0,0,67,,
2024,27,338,4847,144,80,73,29,,,22,,0,0,0,0,,0,0,74,,
2024,27,338,4848,,0,,0,0,0,0,0,0,0,0,0,,0,0,0,,
2024,27,338,4849,,14,0,,0,0,0,,0,0,0,0,0,0,0,,,
2024,27,338,4850,12,,,,,0,,0,0,0,0,0,0,0,0,,,
2024,12,339,4851,1081,28052,906,5456,85,2327,219,920,3008,,0,,1219,,2677,231,56.0,
2024,12,339,4852,4529,108326,3485,21200,160,9645,1144,3506,10919,25,0,18,4692,13,10767,957,187.0,18.0
2024,12,339,4853,15062,472676,11313,88673,531,43712,3783,11466,47326,80,,56,14048,86,48673,4069,1015.0,107.0
2024,12,339,4854,90,1854,76,365,,152,,77,138,0,0,0,108,0,216,,,
2024,12,339,4855,4725,97175,3853,20159,220,9823,3040,3875,9862,36,0,,4245,17,7961,1630,232.0,33.0
2024,12,339,4856,,,,,,,,,,,,,,,,,,
2024,12,339,4857,,,,,,,,,,,,,,,,,,
2024,12,339,4858,,,,,,,,,,,,,,,,,,
2024,12,339,4859,8310,253099,6675,43534,286,21062,1928,6741,19894,44,0,21,8159,55,21081,4776,603.0,59.0
2024,12,339,4860,,,,,,,,,,,,,,,,,,
2024,12,339,4861,,,,,,,,,,,,,,,,,,
2024,12,339,4862,,,,,,,,,,,,,,,,,,
2024,12,339,4863,,,,,,,,,,,,,,,,,,
2024,12,339,4864,3038,101292,2367,18199,143,8718,800,2416,10641,,0,14,3404,,8799,1468,127.0,14.0
2024,12,339,4865,3111,91675,2450,17600,83,8358,616,2489,9739,13,0,16,3246,,8778,1324,143.0,19.0
2024,12,339,4866,2039,52315,1741,10267,50,4756,421,1763,4877,,0,11,1412,,5851,872,71.0,
2024,12,339,4867,560,15062,466,3096,0,1376,393,466,1631,,0,0,845,,1354,186,26.0,
2024,12,339,4868,8757,256323,6590,47082,300,21919,2369,6639,23181,93,,18,9461,28,22986,4297,658.0,94.0
2024,12,339,4869,7560,206309,5473,38033,239,18224,1894,5511,19467,,0,33,7726,20,18644,3428,519.0,71.0
2024,12,339,4870,3928,79468,3053,15139,107,7360,2051,3119,6809,,0,,3271,,6191,1705,236.0,41.0
2024,11,340,4871,,,,,,,,,,,,,,,,,,
2024,11,340,4872,,,,,,,,,,,,,,,,,,
2024,11,340,4873,,,,,,,,,,,,,,,,,,
2024,11,340,4874,,,,,,,,,,,,,,,,,,
2024,11,340,4875,,,,,,,,,,,,,,,,,,
2024,11,340,4876,,,,,,,,,,,,,,,,,,
2024,11,340,4877,,,,,,,,,,,,,,,,,,
2024,11,340,4878,,,,,,,,,,,,,,,,,,
2024,11,340,4879,,,,,,,,,,,,,,,,,,
2024,11,340,4880,,,,,,,,,,,,,,,,,,
2024,11,340,4881,,,,,,,,,,,,,,,,,,
2024,11,340,4882,,,,,,,,,,,,,,,,,,
2024,11,340,4883,,,,,,,,,,,,,,,,,,
2024,11,340,4884,,,,,,,,,,,,,,,,,,
2024,11,340,4885,,,,,,,,,,,,,,,,,,
2024,26,341,4886,1796,4031,1557,999,0,0,0,0,4704,1157,,2169,0,0,0,0,339.0,61.0
2024,26,341,4887,,,,,,,,,,,,,,,,,,
2024,6,342,4888,4585,9552,1936,3823,520,996,0,0,2149,54,,381,595,0,2580,0,294.0,59.0
2024,6,342,4889,3562,6599,1618,2799,302,642,0,0,1745,13,,346,515,0,1798,0,215.0,42.0
2024,6,342,4890,3162,5293,1465,2327,236,559,0,0,1303,13,,513,333,0,1630,0,130.0,26.0
2024,6,342,4891,749,2103,382,785,60,145,0,0,410,12,,139,120,0,486,0,49.0,
2024,6,342,4892,5523,9256,2518,3666,576,828,0,0,2491,,,260,750,0,2679,0,355.0,77.0
2024,22,343,4893,1040,2345,441,704,126,195,0,0,504,61,,0,,0,211,361,49.0,11.0
2024,22,343,4894,1224,3102,437,946,80,333,0,0,680,76,,0,,0,207,417,54.0,13.0
2024,22,343,4895,23,140,,34,0,21,0,0,16,0,,0,,0,,,,
2024,22,343,4896,54,266,14,62,0,,0,0,33,0,,0,0,0,26,17,,
2024,22,343,4897,1320,5127,428,1415,229,578,0,0,966,73,,0,,0,333,470,98.0,23.0
2024,22,343,4898,1675,5056,515,1347,198,800,0,0,1535,0,,0,,0,292,31,154.0,44.0
2024,21,344,4899,62,1070,30,317,16,,,46,,0,0,0,194,0,41,84,12.0,
2024,21,344,4900,561,7595,246,1611,103,62,82,246,27,0,0,,365,0,405,779,20.0,
2024,21,344,4901,1639,13002,796,1927,47,162,38,808,24,0,0,0,398,0,536,985,24.0,
2024,21,344,4902,1546,16939,412,3218,74,487,214,421,46,,0,0,480,0,795,1966,40.0,
2024,21,344,4903,845,27219,289,4212,12,413,139,295,102,11,0,0,506,0,1108,2431,168.0,19.0
2024,21,344,4904,824,18622,387,3148,,354,72,387,106,,0,0,509,0,907,1690,67.0,
2024,21,344,4905,1257,30692,644,5285,21,682,140,663,101,,0,,636,0,1626,3130,78.0,11.0
2024,21,344,4906,5336,112133,1922,19792,24,1479,1107,1931,368,11,0,11,3247,,5384,10672,287.0,41.0
2024,21,344,4907,7457,155419,2684,25761,77,2253,1076,2722,516,21,0,37,2875,,6536,15726,662.0,90.0
2024,21,344,4908,3290,48356,925,8609,11,940,748,930,145,15,0,15,1101,0,2247,4821,109.0,14.0
2024,21,344,4909,,,,,,,,,,,,,,,,,,
2024,21,344,4910,,,,,,,,,,,,,,,,,,
2024,21,344,4911,,,,,,,,,,,,,,,,,,
2024,21,344,4912,,,,,,,,,,,,,,,,,,
2024,25,345,4913,27,145,,41,0,13,0,0,21,0,,19,,0,0,,,
2024,25,345,4914,9162,26377,2510,6956,277,880,,0,6112,0,,2321,517,,477,32,762.0,102.0
2024,25,345,4915,48651,1823610,45161,378518,1628,52789,2086,45161,3642,35410,21123,0,3855,0,80679,231723,3017.0,429.0
2024,25,345,4916,4894,138211,4486,30136,135,5455,217,4486,302,2994,1556,0,133,0,7380,17554,373.0,46.0
2024,25,345,4917,9399,443877,8795,77957,297,12851,613,8795,640,9624,3276,0,990,0,17266,45548,714.0,80.0
2024,25,345,4918,,,,,,,,,,,,,,,,,,
2024,25,345,4919,15091,338102,13511,71933,568,12940,574,13511,773,7338,5027,0,563,0,20364,37294,810.0,153.0
2024,25,345,4920,9362,226510,8599,49741,297,7508,293,8599,475,5255,2308,0,484,0,13650,27276,587.0,99.0
2024,25,345,4921,2627,72102,2418,13254,109,2420,93,2418,128,1714,481,0,67,0,3316,7455,192.0,31.0
2024,25,345,4922,14359,542140,12905,119773,561,20034,682,12905,1009,9134,7642,0,858,0,21197,79251,755.0,113.0
2024,25,345,4923,405,11501,394,2053,,549,,394,,289,63,0,,0,403,1268,14.0,
2024,25,345,4924,,,,,,,,,,,,,,,,,,
2024,13,346,4925,33547,513296,7195,90147,510,80244,18324,6606,17373,16310,539,9307,16004,0,25042,16536,840.0,103.0
2024,13,346,4926,1860,41192,321,7697,31,6093,2095,911,1578,1910,77,755,780,0,1546,1406,47.0,
2024,13,346,4927,68315,447711,14641,89826,618,56007,15108,10775,19829,13160,420,7570,13750,0,32000,10807,1789.0,296.0
2024,13,346,4928,,,,,,,,,,,,,,,,,,
2024,13,346,4929,69947,346091,13740,77552,681,34997,10633,9670,19225,9150,266,5726,12597,0,29040,6664,1420.0,325.0
2024,13,346,4930,4810,69756,1082,12069,46,6998,3364,1144,2417,3055,52,1412,1265,0,2459,1864,113.0,11.0
2024,13,346,4931,38197,286386,8564,53839,455,33869,9102,6555,11707,8174,139,4525,9062,0,18790,6293,1119.0,186.0
2024,13,346,4932,212924,1900028,58896,369808,2828,245393,63693,49260,88247,54701,2541,31926,53854,0,111794,53455,4695.0,710.0
2024,13,346,4933,3134,55166,458,11457,17,6016,2435,391,2229,2242,138,759,2038,0,1850,2223,58.0,13.0
2024,13,346,4934,6787,92590,1552,17204,112,10587,3284,1584,3685,2941,112,1792,2984,0,4466,2646,224.0,35.0
2024,13,346,4935,1494,23683,194,4464,14,3056,1213,197,931,1025,33,420,435,0,658,891,29.0,
2024,13,346,4936,9438,129400,1784,23578,125,19711,5121,1633,4762,4576,177,2498,3405,0,6067,4436,215.0,30.0
2024,13,346,4937,,,,,,,,,,,,,,,,,,
2024,13,346,4938,1806,30240,245,5059,24,2864,1005,236,1091,855,29,611,664,0,1397,756,69.0,13.0
2024,13,346,4939,2874,35232,908,6204,62,3648,1461,815,1386,1203,83,836,564,0,1310,1043,57.0,
2024,13,346,4940,3427,42402,735,7313,49,3577,1991,579,1567,1863,28,843,758,0,1580,1168,137.0,23.0
2024,13,346,4941,765,8797,160,1799,,739,601,121,434,548,,248,74,0,245,199,11.0,
2024,9,347,4942,137,607,52,116,0,0,0,,109,0,,0,23,0,0,56,,
2024,9,347,4943,334,790,110,173,0,12,0,,162,,,0,28,0,0,128,12.0,
2024,20,348,4944,760,22635,728,4146,263,6939,562,658,2588,21,0,0,96,0,,941,46.0,
2024,20,348,4945,1154,40254,1099,7162,351,11935,908,1287,4767,28,0,0,304,0,32,935,88.0,13.0
2024,20,348,4946,8141,301575,7655,41831,2536,75968,3895,7171,28080,311,0,0,1164,0,146,8719,1009.0,81.0
2024,20,348,4947,12304,342165,11860,51746,3668,94517,4966,11239,34620,224,0,0,1788,0,197,10572,1290.0,166.0
2024,20,348,4948,1504,34669,1466,5823,473,9330,514,1437,3945,17,0,0,181,0,32,1163,131.0,17.0
2024,20,348,4949,1169,16724,1143,3044,336,4296,236,1173,1989,23,0,0,136,0,25,605,136.0,25.0
2024,20,348,4950,,,,,,,,,,,,,,,,,,
2024,20,348,4951,,,,,,,,,,,,,,,,,,
2024,20,348,4952,,,,,,,,,,,,,,,,,,
2024,20,348,4953,,,,,,,,,,,,,,,,,,
2024,20,348,4954,,,,,,,,,,,,,,,,,,
2024,20,348,4955,,,,,,,,,,,,,,,,,,
2024,20,348,4956,,,,,,,,,,,,,,,,,,
